Date,Open,High,Low,Close,Volume,Dividends,Stock Splits
2004-06-08 00:00:00+07:00,98.29192040671768,101.10026098976674,98.29192040671768,99.6960906982422,499150000,0.0,0.0
2004-06-09 00:00:00+07:00,99.69607257843018,102.504412651062,98.29190254211426,101.1002426147461,294290000,0.0,0.0
2004-06-10 00:00:00+07:00,101.1002426147461,101.1002426147461,99.69607257843018,101.1002426147461,165590000,0.0,0.0
2004-06-11 00:00:00+07:00,99.69607257843018,101.1002426147461,99.69607257843018,101.1002426147461,135830000,0.0,0.0
2004-06-14 00:00:00+07:00,101.10026098976674,101.10026098976674,98.29192040671768,99.6960906982422,158540000,0.0,0.0
2004-06-15 00:00:00+07:00,98.29192906209867,102.5044403076172,98.29192906209867,102.5044403076172,297620000,0.0,0.0
2004-06-16 00:00:00+07:00,102.504412651062,102.504412651062,99.69607257843018,101.1002426147461,104270000,0.0,0.0
2004-06-17 00:00:00+07:00,99.6960906982422,99.6960906982422,98.29192040671768,99.6960906982422,350150000,0.0,0.0
2004-06-18 00:00:00+07:00,98.29192040671768,99.6960906982422,98.29192040671768,99.6960906982422,263260000,0.0,0.0
2004-06-21 00:00:00+07:00,99.6960906982422,99.6960906982422,98.29192040671768,99.6960906982422,331870000,0.0,0.0
2004-06-22 00:00:00+07:00,99.6960906982422,101.10026098976674,99.6960906982422,99.6960906982422,56870000,0.0,0.0
2004-06-23 00:00:00+07:00,101.1002426147461,101.1002426147461,99.69607257843018,101.1002426147461,469190000,0.0,0.0
2004-06-24 00:00:00+07:00,101.1002426147461,101.1002426147461,99.69607257843018,101.1002426147461,191310000,0.0,0.0
2004-06-25 00:00:00+07:00,101.10026989244436,102.5044403076172,101.10026989244436,102.5044403076172,154310000,0.0,0.0
2004-06-28 00:00:00+07:00,102.5044403076172,102.5044403076172,101.10026989244436,102.5044403076172,260860000,0.0,0.0
2004-06-29 00:00:00+07:00,102.5044596904033,103.90863037109376,102.5044596904033,103.90863037109376,123060000,0.0,0.0
2004-06-30 00:00:00+07:00,103.90860432942708,105.31277465820312,102.50443400065105,105.31277465820312,291260000,0.0,0.0
2004-07-01 00:00:00+07:00,114.88665599554356,114.88665599554356,111.69535999566736,113.29100799560548,203090000,22.5,0.0
2004-07-02 00:00:00+07:00,113.29100969102647,114.88665771484376,113.29100969102647,114.88665771484376,490800000,0.0,0.0
2004-07-05 00:00:00+07:00,114.88665771484376,114.88665771484376,114.88665771484376,114.88665771484376,0,0.0,0.0
2004-07-06 00:00:00+07:00,116.4823329671224,119.6736297607422,114.8866845703125,119.6736297607422,826610000,0.0,0.0
2004-07-07 00:00:00+07:00,118.0779813639323,121.26927815755208,116.4823329671224,119.6736297607422,382570000,0.0,0.0
2004-07-08 00:00:00+07:00,119.6736297607422,121.26927815755208,118.0779813639323,119.6736297607422,284740000,0.0,0.0
2004-07-09 00:00:00+07:00,118.07796779431794,121.2692642211914,118.07796779431794,121.2692642211914,381140000,0.0,0.0
2004-07-12 00:00:00+07:00,121.2692642211914,124.46056064806486,119.67361600775467,121.2692642211914,478410000,0.0,0.0
2004-07-13 00:00:00+07:00,121.26929582868304,122.8649444580078,119.67364719935826,122.8649444580078,133420000,0.0,0.0
2004-07-14 00:00:00+07:00,121.26927815755208,121.26927815755208,118.0779813639323,119.6736297607422,243420000,0.0,0.0
2004-07-15 00:00:00+07:00,118.0779813639323,119.6736297607422,116.4823329671224,119.6736297607422,134890000,0.0,0.0
2004-07-16 00:00:00+07:00,118.07796779431794,121.2692642211914,118.07796779431794,121.2692642211914,140620000,0.0,0.0
2004-07-19 00:00:00+07:00,119.67361600775467,121.2692642211914,119.67361600775467,121.2692642211914,43940000,0.0,0.0
2004-07-20 00:00:00+07:00,119.67361600775467,121.2692642211914,119.67361600775467,121.2692642211914,168890000,0.0,0.0
2004-07-21 00:00:00+07:00,119.67361600775467,121.2692642211914,119.67361600775467,121.2692642211914,162420000,0.0,0.0
2004-07-22 00:00:00+07:00,119.67361600775467,121.2692642211914,119.67361600775467,121.2692642211914,61730000,0.0,0.0
2004-07-23 00:00:00+07:00,119.67361600775467,121.2692642211914,119.67361600775467,121.2692642211914,15670000,0.0,0.0
2004-07-26 00:00:00+07:00,119.6736297607422,119.6736297607422,116.4823329671224,119.6736297607422,517650000,0.0,0.0
2004-07-27 00:00:00+07:00,118.0779813639323,119.6736297607422,116.4823329671224,119.6736297607422,254000000,0.0,0.0
2004-07-28 00:00:00+07:00,119.6736297607422,119.6736297607422,118.0779813639323,119.6736297607422,172520000,0.0,0.0
2004-07-29 00:00:00+07:00,119.6736297607422,119.6736297607422,118.0779813639323,119.6736297607422,57950000,0.0,0.0
2004-07-30 00:00:00+07:00,119.6736297607422,119.6736297607422,118.0779813639323,119.6736297607422,224110000,0.0,0.0
2004-08-02 00:00:00+07:00,118.07797241210938,119.6736206879487,118.07797241210938,118.07797241210938,27010000,0.0,0.0
2004-08-03 00:00:00+07:00,118.0779813639323,121.26927815755208,118.0779813639323,119.6736297607422,326000000,0.0,0.0
2004-08-04 00:00:00+07:00,119.67361600775467,121.2692642211914,119.67361600775467,121.2692642211914,254660000,0.0,0.0
2004-08-05 00:00:00+07:00,119.67361600775467,121.2692642211914,119.67361600775467,121.2692642211914,133330000,0.0,0.0
2004-08-06 00:00:00+07:00,119.6736297607422,121.26927815755208,119.6736297607422,119.6736297607422,126340000,0.0,0.0
2004-08-09 00:00:00+07:00,118.0779864167514,118.0779864167514,114.88668948656893,116.48233795166016,364660000,0.0,0.0
2004-08-10 00:00:00+07:00,116.48233795166016,116.48233795166016,116.48233795166016,116.48233795166016,108000000,0.0,0.0
2004-08-11 00:00:00+07:00,118.07797241210938,118.07797241210938,118.07797241210938,118.07797241210938,144040000,0.0,0.0
2004-08-12 00:00:00+07:00,118.0779864167514,118.0779864167514,116.48233795166016,116.48233795166016,13100000,0.0,0.0
2004-08-13 00:00:00+07:00,116.48233795166016,118.0779864167514,116.48233795166016,116.48233795166016,113270000,0.0,0.0
2004-08-16 00:00:00+07:00,116.48230573866104,116.48230573866104,114.88665771484376,114.88665771484376,143450000,0.0,0.0
2004-08-17 00:00:00+07:00,114.88665771484376,114.88665771484376,114.88665771484376,114.88665771484376,0,0.0,0.0
2004-08-18 00:00:00+07:00,116.48232413627008,118.07797241210938,116.48232413627008,118.07797241210938,236070000,0.0,0.0
2004-08-19 00:00:00+07:00,118.07797241210938,118.07797241210938,116.48232413627008,118.07797241210938,54470000,0.0,0.0
2004-08-20 00:00:00+07:00,116.48233795166016,118.0779864167514,116.48233795166016,116.48233795166016,6340000,0.0,0.0
2004-08-23 00:00:00+07:00,116.48233795166016,118.0779864167514,116.48233795166016,116.48233795166016,34770000,0.0,0.0
2004-08-24 00:00:00+07:00,116.48233795166016,116.48233795166016,114.88668948656893,116.48233795166016,343910000,0.0,0.0
2004-08-25 00:00:00+07:00,116.48230573866104,116.48230573866104,113.29100969102647,114.88665771484376,20510000,0.0,0.0
2004-08-26 00:00:00+07:00,113.29100969102647,114.88665771484376,113.29100969102647,114.88665771484376,26650000,0.0,0.0
2004-08-27 00:00:00+07:00,114.88668948656893,116.48233795166016,114.88668948656893,116.48233795166016,152960000,0.0,0.0
2004-08-30 00:00:00+07:00,114.88665599554356,114.88665599554356,113.29100799560548,113.29100799560548,217280000,0.0,0.0
2004-08-31 00:00:00+07:00,114.88665771484376,116.48230573866104,114.88665771484376,114.88665771484376,241830000,0.0,0.0
2004-09-01 00:00:00+07:00,114.8866845703125,119.6736297607422,114.8866845703125,119.6736297607422,785500000,0.0,0.0
2004-09-02 00:00:00+07:00,119.6736297607422,121.26927815755208,118.0779813639323,119.6736297607422,625450000,0.0,0.0
2004-09-03 00:00:00+07:00,119.67361600775467,122.86491243462812,119.67361600775467,121.2692642211914,380010000,0.0,0.0
2004-09-06 00:00:00+07:00,121.26927815755208,122.864926554362,119.6736297607422,119.6736297607422,300650000,0.0,0.0
2004-09-07 00:00:00+07:00,119.6736206879487,119.6736206879487,118.07797241210938,118.07797241210938,380160000,0.0,0.0
2004-09-08 00:00:00+07:00,118.07796779431794,121.2692642211914,118.07796779431794,121.2692642211914,148760000,0.0,0.0
2004-09-09 00:00:00+07:00,119.6736206879487,119.6736206879487,114.88667586043074,118.07797241210938,1124760000,0.0,0.0
2004-09-10 00:00:00+07:00,118.0779813639323,121.26927815755208,116.4823329671224,119.6736297607422,807590000,0.0,0.0
2004-09-13 00:00:00+07:00,119.6736297607422,119.6736297607422,119.6736297607422,119.6736297607422,0,0.0,0.0
2004-09-14 00:00:00+07:00,121.26925388770768,127.65184619758702,121.26925388770768,126.0561981201172,1532050000,0.0,0.0
2004-09-15 00:00:00+07:00,126.0562013225791,130.8431456766011,124.46055320457177,129.24749755859375,1588000000,0.0,0.0
2004-09-16 00:00:00+07:00,127.65186309814452,127.65186309814452,126.05621480941772,127.65186309814452,208620000,0.0,0.0
2004-09-17 00:00:00+07:00,126.05621480941772,127.65186309814452,122.86491823196413,127.65186309814452,302950000,0.0,0.0
2004-09-20 00:00:00+07:00,127.65186309814452,127.65186309814452,127.65186309814452,127.65186309814452,0,0.0,0.0
2004-09-21 00:00:00+07:00,129.2474709016731,134.03441426840172,129.2474709016731,132.4387664794922,1901600000,0.0,0.0
2004-09-22 00:00:00+07:00,132.43875680318692,132.43875680318692,129.24746145853183,130.84310913085938,210400000,0.0,0.0
2004-09-23 00:00:00+07:00,129.24746145853183,132.43875680318692,129.24746145853183,130.84310913085938,623640000,0.0,0.0
2004-09-24 00:00:00+07:00,129.24746145853183,130.84310913085938,129.24746145853183,130.84310913085938,10480000,0.0,0.0
2004-09-27 00:00:00+07:00,129.24751138687134,130.84315967559814,126.05621480941772,127.65186309814452,174580000,0.0,0.0
2004-09-28 00:00:00+07:00,127.65184619758702,127.65184619758702,126.0561981201172,126.0561981201172,331780000,0.0,0.0
2004-09-29 00:00:00+07:00,126.05621480941772,127.65186309814452,126.05621480941772,127.65186309814452,244270000,0.0,0.0
2004-09-30 00:00:00+07:00,127.65186309814452,129.24751138687134,126.05621480941772,127.65186309814452,270690000,0.0,0.0
2004-10-01 00:00:00+07:00,127.65184944058645,129.24749755859375,127.65184944058645,129.24749755859375,447560000,0.0,0.0
2004-10-04 00:00:00+07:00,129.24748912138097,135.6300811767578,129.24748912138097,135.6300811767578,1251590000,0.0,0.0
2004-10-05 00:00:00+07:00,134.03442316469938,146.7996063232422,134.03442316469938,146.7996063232422,1496600000,0.0,0.0
2004-10-06 00:00:00+07:00,146.79959676553915,146.79959676553915,142.01265339274983,145.20394897460938,270080000,0.0,0.0
2004-10-07 00:00:00+07:00,143.6083221435547,143.6083221435547,138.82137807210287,143.6083221435547,412060000,0.0,0.0
2004-10-08 00:00:00+07:00,142.01267411973743,145.20397016737198,142.01267411973743,143.6083221435547,288950000,0.0,0.0
2004-10-11 00:00:00+07:00,143.6083011836796,146.79959676553915,142.01265339274983,145.20394897460938,350120000,0.0,0.0
2004-10-12 00:00:00+07:00,145.20396063300998,145.20396063300998,140.4170168758778,142.01266479492188,322910000,0.0,0.0
2004-10-13 00:00:00+07:00,143.6083221435547,145.20397016737198,142.01267411973743,143.6083221435547,168000000,0.0,0.0
2004-10-14 00:00:00+07:00,143.6083221435547,145.20397016737198,142.01267411973743,143.6083221435547,305480000,0.0,0.0
2004-10-15 00:00:00+07:00,142.01265339274983,145.20394897460938,142.01265339274983,145.20394897460938,301950000,0.0,0.0
2004-10-18 00:00:00+07:00,145.20394897460938,145.20394897460938,143.6083011836796,145.20394897460938,137550000,0.0,0.0
2004-10-19 00:00:00+07:00,145.20396063300998,145.20396063300998,142.01266479492188,142.01266479492188,412170000,0.0,0.0
2004-10-20 00:00:00+07:00,142.01266479492188,143.60831271396594,138.82136895683374,142.01266479492188,273750000,0.0,0.0
2004-10-21 00:00:00+07:00,142.0126861225475,142.0126861225475,138.82138980518687,140.4170379638672,170980000,0.0,0.0
2004-10-22 00:00:00+07:00,140.41702609592014,145.20397016737198,140.41702609592014,143.6083221435547,219850000,0.0,0.0
2004-10-25 00:00:00+07:00,143.6083011836796,145.20394897460938,142.01265339274983,145.20394897460938,36080000,0.0,0.0
2004-10-26 00:00:00+07:00,145.20395842842433,146.7996063232422,143.6083105336065,146.7996063232422,95260000,0.0,0.0
2004-10-27 00:00:00+07:00,146.7996571858724,154.77789942423502,146.7996571858724,153.1822509765625,668340000,0.0,0.0
2004-10-28 00:00:00+07:00,154.77789942423502,154.77789942423502,149.99095408121744,153.1822509765625,277050000,0.0,0.0
2004-10-29 00:00:00+07:00,153.1822509765625,153.1822509765625,151.58660252888998,153.1822509765625,126340000,0.0,0.0
2004-11-01 00:00:00+07:00,153.1822176846591,159.56481008818653,153.1822176846591,157.9691619873047,224080000,0.0,0.0
2004-11-02 00:00:00+07:00,157.96914448457605,165.94738410500918,157.96914448457605,162.75608825683594,389430000,0.0,0.0
2004-11-03 00:00:00+07:00,162.75610628995028,162.75610628995028,157.9691619873047,157.9691619873047,438210000,0.0,0.0
2004-11-04 00:00:00+07:00,157.9691619873047,157.9691619873047,153.1822176846591,157.9691619873047,370720000,0.0,0.0
2004-11-05 00:00:00+07:00,157.96920135498047,161.16049835205078,157.96920135498047,159.56484985351562,114460000,0.0,0.0
2004-11-08 00:00:00+07:00,159.56484985351562,159.56484985351562,156.37355285644531,159.56484985351562,38090000,0.0,0.0
2004-11-09 00:00:00+07:00,159.56484985351562,161.16049835205078,159.56484985351562,159.56484985351562,65960000,0.0,0.0
2004-11-10 00:00:00+07:00,161.1604326356132,170.73431972287733,159.56478478773585,169.138671875,289020000,0.0,0.0
2004-11-11 00:00:00+07:00,170.73434184681284,180.3082301746715,170.73434184681284,175.5212860107422,278360000,0.0,0.0
2004-11-12 00:00:00+07:00,177.1169340653853,180.3082301746715,173.92563795609905,175.5212860107422,351860000,0.0,0.0
2004-11-15 00:00:00+07:00,175.52128601074216,175.52128601074216,175.52128601074216,175.5212860107422,0,0.0,0.0
2004-11-16 00:00:00+07:00,175.52128601074216,175.52128601074216,175.52128601074216,175.5212860107422,0,0.0,0.0
2004-11-17 00:00:00+07:00,175.52128601074216,175.52128601074216,175.52128601074216,175.5212860107422,0,0.0,0.0
2004-11-18 00:00:00+07:00,175.52128601074216,175.52128601074216,175.52128601074216,175.5212860107422,0,0.0,0.0
2004-11-19 00:00:00+07:00,175.52128601074216,175.52128601074216,175.52128601074216,175.5212860107422,0,0.0,0.0
2004-11-22 00:00:00+07:00,175.52128261990018,175.52128261990018,169.13869052463107,172.32998657226562,383340000,0.0,0.0
2004-11-23 00:00:00+07:00,175.58152854225852,183.71030301180755,175.58152854225852,178.83303833007812,361270000,5.0,0.0
2004-11-24 00:00:00+07:00,178.83303833007815,182.08454811789773,177.20728343616832,178.83303833007812,120080000,0.0,0.0
2004-11-25 00:00:00+07:00,177.20728993638653,177.20728993638653,173.95578002929688,173.95578002929688,128910000,0.0,0.0
2004-11-26 00:00:00+07:00,173.95570155552454,173.95570155552454,167.45268467494418,170.70419311523438,555880000,0.0,0.0
2004-11-29 00:00:00+07:00,170.70418261606758,177.2071990966797,170.70418261606758,177.2071990966797,284470000,0.0,0.0
2004-11-30 00:00:00+07:00,177.20728343616832,180.45879322398795,177.20728343616832,178.83303833007812,174800000,0.0,0.0
2004-12-01 00:00:00+07:00,178.8329532168327,178.8329532168327,173.95569085637362,177.2071990966797,335200000,0.0,0.0
2004-12-02 00:00:00+07:00,178.8329532168327,182.0844614571388,177.2071990966797,177.2071990966797,569090000,0.0,0.0
2004-12-03 00:00:00+07:00,178.8329532168327,180.45870733698573,177.2071990966797,177.2071990966797,508070000,0.0,0.0
2004-12-06 00:00:00+07:00,175.58144497652663,177.2071990966797,175.58144497652663,177.2071990966797,80250000,0.0,0.0
2004-12-07 00:00:00+07:00,177.20726719609013,177.20726719609013,173.9557577062536,175.58151245117188,144530000,0.0,0.0
2004-12-08 00:00:00+07:00,175.58151245117188,177.20726719609013,175.58151245117188,175.58151245117188,96460000,0.0,0.0
2004-12-09 00:00:00+07:00,175.5815349828417,177.20728993638653,173.95578002929688,173.95578002929688,281890000,0.0,0.0
2004-12-10 00:00:00+07:00,173.95578002929688,175.5815349828417,172.33002507575205,173.95578002929688,370970000,0.0,0.0
2004-12-13 00:00:00+07:00,172.32994733537944,172.32994733537944,167.45268467494418,170.70419311523438,303400000,0.0,0.0
2004-12-14 00:00:00+07:00,170.70419311523438,173.95570155552454,167.45268467494418,170.70419311523438,404780000,0.0,0.0
2004-12-15 00:00:00+07:00,170.7042133106905,170.7042133106905,162.57544124827666,165.8269500732422,475980000,0.0,0.0
2004-12-16 00:00:00+07:00,167.45276021511756,173.95578002929688,167.45276021511756,173.95578002929688,300610000,0.0,0.0
2004-12-17 00:00:00+07:00,173.95578205479984,185.3360668621232,173.95578205479984,183.71031188964844,968030000,0.0,0.0
2004-12-20 00:00:00+07:00,182.08448978892545,188.58750728138705,182.08448978892545,185.33599853515625,500500000,0.0,0.0
2004-12-21 00:00:00+07:00,185.336022153108,186.96177673339844,183.7102675728176,186.96177673339844,259150000,0.0,0.0
2004-12-22 00:00:00+07:00,186.9617850204994,191.8390489775559,186.9617850204994,188.5875396728516,385500000,0.0,0.0
2004-12-23 00:00:00+07:00,190.21322631835935,191.83898038945645,188.58747224726227,190.21322631835935,190420000,0.0,0.0
2004-12-24 00:00:00+07:00,190.21322631835935,190.21322631835935,190.21322631835935,190.21322631835935,0,0.0,0.0
2004-12-27 00:00:00+07:00,188.58751928505777,195.09053719143907,188.58751928505777,193.46478271484372,239760000,0.0,0.0
2004-12-28 00:00:00+07:00,193.46475434106245,198.342017055543,191.83900010290225,196.7162628173828,357530000,0.0,0.0
2004-12-29 00:00:00+07:00,198.3420461446297,198.3420461446297,193.46478271484372,193.46478271484372,112540000,0.0,0.0
2004-12-30 00:00:00+07:00,193.46478271484372,193.46478271484372,188.58751928505777,193.46478271484372,116110000,0.0,0.0
2004-12-31 00:00:00+07:00,193.46478271484372,193.46478271484372,193.46478271484372,193.46478271484372,0,0.0,0.0
2005-01-03 00:00:00+07:00,191.83901977539065,191.83901977539065,190.21326537051445,191.83901977539065,126180000,0.0,0.0
2005-01-04 00:00:00+07:00,191.83908157348637,196.71634635925292,191.83908157348637,195.0905914306641,291730000,0.0,0.0
2005-01-05 00:00:00+07:00,195.09054044397865,204.8450674661776,195.09054044397865,199.96780395507807,564730000,0.0,0.0
2005-01-06 00:00:00+07:00,201.59355845877795,201.59355845877795,196.71629494767848,199.96780395507807,161150000,0.0,0.0
2005-01-07 00:00:00+07:00,198.3420373948954,198.3420373948954,190.21326537051445,191.83901977539065,592910000,0.0,0.0
2005-01-10 00:00:00+07:00,191.83908675202227,191.83908675202227,177.20729199974937,183.71031188964844,1459290000,0.0,0.0
2005-01-11 00:00:00+07:00,183.71031188964844,185.3360668621232,180.4588019446989,183.71031188964844,763270000,0.0,0.0
2005-01-12 00:00:00+07:00,182.0844946509009,183.7102490674268,178.83298581784908,180.458740234375,346960000,0.0,0.0
2005-01-13 00:00:00+07:00,180.4587789263044,183.71028845650807,180.4587789263044,182.08453369140625,462640000,0.0,0.0
2005-01-14 00:00:00+07:00,182.08455691717367,185.3360668621232,182.08455691717367,183.71031188964844,425410000,0.0,0.0
2005-01-17 00:00:00+07:00,183.7102675728176,186.96177673339844,183.7102675728176,186.96177673339844,186470000,0.0,0.0
2005-01-18 00:00:00+07:00,186.96175290827165,186.96175290827165,182.08448978892545,185.33599853515625,185970000,0.0,0.0
2005-01-19 00:00:00+07:00,185.33599853515625,185.33599853515625,182.08448978892545,185.33599853515625,641200000,0.0,0.0
2005-01-20 00:00:00+07:00,183.7102675728176,186.96177673339844,182.08451299252715,186.96177673339844,343520000,0.0,0.0
2005-01-24 00:00:00+07:00,186.96177673339844,186.96177673339844,185.336022153108,186.96177673339844,162660000,0.0,0.0
2005-01-25 00:00:00+07:00,186.96175290827165,188.58750728138705,185.33599853515625,185.33599853515625,337900000,0.0,0.0
2005-01-26 00:00:00+07:00,186.9617181761652,190.21322631835935,186.9617181761652,190.21322631835935,374440000,0.0,0.0
2005-01-27 00:00:00+07:00,190.21326537051445,191.83901977539065,190.21326537051445,191.83901977539065,388630000,0.0,0.0
2005-01-28 00:00:00+07:00,191.83898038945645,191.83898038945645,188.58747224726227,190.21322631835935,271040000,0.0,0.0
2005-01-31 00:00:00+07:00,188.58753131368888,188.58753131368888,186.96177673339844,186.96177673339844,236080000,0.0,0.0
2005-02-01 00:00:00+07:00,186.9617181761652,190.21322631835935,186.9617181761652,190.21322631835935,170990000,0.0,0.0
2005-02-02 00:00:00+07:00,190.21322631835935,191.83898038945645,188.58747224726227,190.21322631835935,350620000,0.0,0.0
2005-02-03 00:00:00+07:00,190.21327376165308,193.46478271484372,188.58751928505777,193.46478271484372,371380000,0.0,0.0
2005-02-04 00:00:00+07:00,191.83908157348637,196.71634635925292,191.83908157348637,195.0905914306641,452960000,0.0,0.0
2005-02-07 00:00:00+07:00,195.0905914306641,196.71634635925292,193.4648365020752,195.0905914306641,306860000,0.0,0.0
2005-02-08 00:00:00+07:00,193.4648365020752,195.0905914306641,193.4648365020752,195.0905914306641,145560000,0.0,0.0
2005-02-11 00:00:00+07:00,193.4648365020752,196.71634635925292,193.4648365020752,195.0905914306641,285870000,0.0,0.0
2005-02-14 00:00:00+07:00,195.0905914306641,195.0905914306641,191.83908157348637,195.0905914306641,326000000,0.0,0.0
2005-02-15 00:00:00+07:00,195.09054044397865,199.96780395507807,195.09054044397865,199.96780395507807,429560000,0.0,0.0
2005-02-16 00:00:00+07:00,201.5935533311632,208.09657118055557,201.5935533311632,204.84506225585935,715460000,0.0,0.0
2005-02-17 00:00:00+07:00,208.0965989191729,219.4768816725652,208.0965989191729,216.22537231445312,920020000,0.0,0.0
2005-02-18 00:00:00+07:00,214.59961763539707,216.22537231445312,209.72235359822892,216.22537231445312,172390000,0.0,0.0
2005-02-21 00:00:00+07:00,216.22531786831945,216.22531786831945,212.9738093289462,214.5995635986328,93670000,0.0,0.0
2005-02-22 00:00:00+07:00,214.5995635986328,214.5995635986328,212.9738093289462,214.5995635986328,112470000,0.0,0.0
2005-02-23 00:00:00+07:00,212.9738093289462,219.47682640769267,211.3480550592596,214.5995635986328,169910000,0.0,0.0
2005-02-24 00:00:00+07:00,214.59965583459652,219.4769207399283,212.97390086615263,217.8511657714844,297770000,0.0,0.0
2005-02-25 00:00:00+07:00,216.22531786831945,216.22531786831945,214.5995635986328,214.5995635986328,499650000,0.0,0.0
2005-02-28 00:00:00+07:00,214.59960098849,214.59960098849,208.09658277671755,212.97384643554688,477690000,0.0,0.0
2005-03-01 00:00:00+07:00,211.34809188260377,216.2253555414331,211.34809188260377,212.97384643554688,287430000,0.0,0.0
2005-03-02 00:00:00+07:00,212.9738206863404,212.9738206863404,206.4708032608032,208.0965576171875,243910000,0.0,0.0
2005-03-03 00:00:00+07:00,208.0965989191729,216.22537231445312,208.0965989191729,216.22537231445312,331170000,0.0,0.0
2005-03-04 00:00:00+07:00,216.2254108030405,221.1026757083722,214.59965583459652,217.8511657714844,444930000,0.0,0.0
2005-03-07 00:00:00+07:00,217.85109961293912,225.97987198655625,217.85109961293912,222.72836303710935,893120000,0.0,0.0
2005-03-08 00:00:00+07:00,224.3541412353516,227.6056505286175,221.1026319420856,224.3541412353516,170600000,0.0,0.0
2005-03-09 00:00:00+07:00,225.97994061370397,225.97994061370397,217.8511657714844,217.8511657714844,476220000,0.0,0.0
2005-03-10 00:00:00+07:00,217.85112699350915,219.4768816725652,216.22537231445312,216.22537231445312,420230000,0.0,0.0
2005-03-14 00:00:00+07:00,217.8511657714844,219.4769207399283,212.97390086615263,217.8511657714844,409390000,0.0,0.0
2005-03-15 00:00:00+07:00,217.8510471157261,237.36009611116424,217.8510471157261,232.4828338623047,785300000,0.0,0.0
2005-03-16 00:00:00+07:00,234.1086264098717,247.1146612104201,234.1086264098717,245.4889068603516,750460000,0.0,0.0
2005-03-17 00:00:00+07:00,245.48900511458112,245.48900511458112,235.73447511002823,240.6117401123047,523960000,0.0,0.0
2005-03-18 00:00:00+07:00,243.8632501138223,243.8632501138223,238.98598511154583,240.6117401123047,272000000,0.0,0.0
2005-03-21 00:00:00+07:00,240.61170470792484,248.74047851562503,237.3601951848448,248.740478515625,364340000,0.0,0.0
2005-03-22 00:00:00+07:00,251.99192426062575,253.61767861069436,240.6116438101459,245.4889068603516,780220000,0.0,0.0
2005-03-23 00:00:00+07:00,245.4889068603516,245.4889068603516,245.4889068603516,245.4889068603516,0,0.0,0.0
2005-03-24 00:00:00+07:00,240.611691792806,240.611691792806,227.60565439860028,234.10867309570312,1949960000,0.0,0.0
2005-03-28 00:00:00+07:00,234.1087484920726,234.1087484920726,221.1027069091797,221.1027069091797,1046370000,0.0,0.0
2005-03-29 00:00:00+07:00,221.1025607638889,224.35406901041668,216.2252983940972,219.476806640625,606600000,0.0,0.0
2005-03-30 00:00:00+07:00,217.85112699350915,224.3541457097333,211.348108277285,216.22537231445312,1700220000,0.0,0.0
2005-03-31 00:00:00+07:00,217.85119651345644,222.72846210704128,217.85119651345644,221.1027069091797,1196590000,0.0,0.0
2005-04-01 00:00:00+07:00,221.1027069091797,224.3542173049029,219.4769517113181,221.1027069091797,516260000,0.0,0.0
2005-04-04 00:00:00+07:00,222.72838658871856,224.3541412353516,221.1026319420856,224.3541412353516,172170000,0.0,0.0
2005-04-05 00:00:00+07:00,224.3541175118328,224.3541175118328,221.102608562386,222.72836303710935,247030000,0.0,0.0
2005-04-06 00:00:00+07:00,221.1026319420856,224.3541412353516,219.4768772954526,224.3541412353516,417050000,0.0,0.0
2005-04-07 00:00:00+07:00,224.3541175118328,224.3541175118328,216.2253451382157,222.72836303710935,1321300000,0.0,0.0
2005-04-08 00:00:00+07:00,222.7283630371094,222.7283630371094,219.47685408766253,222.72836303710935,153890000,0.0,0.0
2005-04-11 00:00:00+07:00,221.1027069091797,221.1027069091797,217.85119651345644,221.1027069091797,191500000,0.0,0.0
2005-04-12 00:00:00+07:00,219.4769517113181,221.1027069091797,216.2254413155948,221.1027069091797,725470000,0.0,0.0
2005-04-13 00:00:00+07:00,219.476806640625,224.35406901041668,219.476806640625,219.476806640625,334880000,0.0,0.0
2005-04-14 00:00:00+07:00,221.1025607638889,222.7283148871528,216.2252983940972,219.476806640625,578080000,0.0,0.0
2005-04-15 00:00:00+07:00,216.2254413155948,221.1027069091797,216.2254413155948,221.1027069091797,318220000,0.0,0.0
2005-04-18 00:00:00+07:00,217.85112699350915,217.85112699350915,212.97386295634104,216.22537231445312,836510000,0.0,0.0
2005-04-19 00:00:00+07:00,216.2253555414331,216.2253555414331,211.34809188260377,212.97384643554688,527100000,0.0,0.0
2005-04-20 00:00:00+07:00,214.59968611773323,222.72846210704128,214.59968611773323,221.1027069091797,423160000,0.0,0.0
2005-04-21 00:00:00+07:00,219.4768816725652,219.4768816725652,214.59961763539707,216.22537231445312,379890000,0.0,0.0
2005-04-25 00:00:00+07:00,216.225343492296,216.225343492296,196.7162899441189,204.84506225585935,1681200000,0.0,0.0
2005-04-26 00:00:00+07:00,204.84504890441892,208.0965576171875,201.5935401916504,208.0965576171875,507660000,0.0,0.0
2005-04-27 00:00:00+07:00,208.0966566190945,211.34816687876784,204.84514635942116,206.4709014892578,807540000,0.0,0.0
2005-04-28 00:00:00+07:00,206.4708391113281,208.09659375,201.5935751953125,203.2193298339844,550650000,0.0,0.0
2005-04-29 00:00:00+07:00,201.59355845877795,201.59355845877795,193.46478594027883,199.96780395507807,1245090000,0.0,0.0
2005-05-02 00:00:00+07:00,201.5935821533203,204.84509154289,201.5935821533203,201.5935821533203,165560000,0.0,0.0
2005-05-03 00:00:00+07:00,201.5935751953125,204.84508447265625,199.96782055664065,203.2193298339844,200510000,0.0,0.0
2005-05-04 00:00:00+07:00,204.84504238394803,211.34805960248607,203.21928807931357,209.7223052978516,466600000,0.0,0.0
2005-05-06 00:00:00+07:00,209.72233732966063,214.59960098849,209.72233732966063,212.97384643554688,214880000,0.0,0.0
2005-05-09 00:00:00+07:00,212.97383798452523,212.97383798452523,208.0965745192308,211.34808349609372,324580000,0.0,0.0
2005-05-10 00:00:00+07:00,211.34808349609372,212.97383798452523,209.72232900766227,211.34808349609372,162970000,0.0,0.0
2005-05-11 00:00:00+07:00,208.0965745192308,212.97383798452523,206.47082003079927,211.34808349609372,115490000,0.0,0.0
2005-05-12 00:00:00+07:00,212.97383798452523,212.97383798452523,211.34808349609372,211.34808349609372,135610000,0.0,0.0
2005-05-13 00:00:00+07:00,209.72233732966063,212.97384643554688,209.72233732966063,212.97384643554688,87980000,0.0,0.0
2005-05-16 00:00:00+07:00,211.34805960248607,211.34805960248607,209.7223052978516,209.7223052978516,65160000,0.0,0.0
2005-05-17 00:00:00+07:00,211.3480550592596,214.5995635986328,209.72230078957296,214.5995635986328,160420000,0.0,0.0
2005-05-18 00:00:00+07:00,214.59960098849,214.59960098849,211.34809188260377,212.97384643554688,148410000,0.0,0.0
2005-05-19 00:00:00+07:00,212.9738093289462,214.5995635986328,212.9738093289462,214.5995635986328,113820000,0.0,0.0
2005-05-20 00:00:00+07:00,212.97384643554688,212.97384643554688,211.34809188260377,212.97384643554688,111580000,0.0,0.0
2005-05-23 00:00:00+07:00,211.34809188260377,212.97384643554688,211.34809188260377,212.97384643554688,29340000,0.0,0.0
2005-05-25 00:00:00+07:00,211.34809188260377,212.97384643554688,211.34809188260377,212.97384643554688,121100000,0.0,0.0
2005-05-26 00:00:00+07:00,211.3480550592596,216.22531786831945,211.3480550592596,214.5995635986328,222780000,0.0,0.0
2005-05-27 00:00:00+07:00,214.59960098849,214.59960098849,212.97384643554688,212.97384643554688,179860000,0.0,0.0
2005-05-30 00:00:00+07:00,212.97390086615263,217.8511657714844,212.97390086615263,217.8511657714844,197660000,0.0,0.0
2005-05-31 00:00:00+07:00,217.85114535324865,225.9799194335937,217.85114535324865,225.97991943359372,357220000,0.0,0.0
2005-06-01 00:00:00+07:00,224.3541412353516,225.97989588198453,222.72838658871856,224.3541412353516,189470000,0.0,0.0
2005-06-02 00:00:00+07:00,224.3541289853378,230.85714721679688,224.3541289853378,230.85714721679688,357880000,0.0,0.0
2005-06-03 00:00:00+07:00,230.85707977935152,234.10858794525788,227.6055716134452,232.4828338623047,319250000,0.0,0.0
2005-06-06 00:00:00+07:00,230.85713877576464,230.85713877576464,227.6056297789229,229.23138427734372,153440000,0.0,0.0
2005-06-07 00:00:00+07:00,229.23136040823803,232.4828690665109,227.6056060791016,227.6056060791016,158940000,0.0,0.0
2005-06-08 00:00:00+07:00,227.6056060791016,229.23136040823803,224.3540974208287,227.6056060791016,156300000,0.0,0.0
2005-06-09 00:00:00+07:00,227.6056297789229,229.23138427734372,225.979875280502,229.23138427734372,83980000,0.0,0.0
2005-06-10 00:00:00+07:00,229.23136040823803,229.23136040823803,225.97985174996515,227.6056060791016,62030000,0.0,0.0
2005-06-13 00:00:00+07:00,225.97985174996515,229.23136040823803,225.97985174996515,227.6056060791016,155870000,0.0,0.0
2005-06-14 00:00:00+07:00,229.2313926589321,230.85714721679688,227.6056381010673,230.85714721679688,150820000,0.0,0.0
2005-06-15 00:00:00+07:00,230.8571637471517,235.73442776997885,230.8571637471517,234.10867309570312,461550000,0.0,0.0
2005-06-16 00:00:00+07:00,234.10867309570312,238.98593711853027,230.8571637471517,234.10867309570312,305650000,0.0,0.0
2005-06-17 00:00:00+07:00,234.1086973852041,238.98596191406253,234.1086973852041,238.9859619140625,173220000,0.0,0.0
2005-06-20 00:00:00+07:00,238.98599985201065,238.98599985201065,235.73448964994247,237.36024475097656,99610000,0.0,0.0
2005-06-21 00:00:00+07:00,235.73448964994247,240.6117549530447,234.1087345489084,237.36024475097656,211940000,0.0,0.0
2005-06-22 00:00:00+07:00,237.36024475097653,237.36024475097653,232.4829794478743,237.36024475097656,185660000,0.0,0.0
2005-06-23 00:00:00+07:00,235.73442776997885,237.36018244425455,234.10867309570312,234.10867309570312,72680000,0.0,0.0
2005-06-24 00:00:00+07:00,234.10871161099135,235.7344665527344,232.4829566692484,235.7344665527344,112010000,0.0,0.0
2005-06-27 00:00:00+07:00,234.1086563325264,234.1086563325264,230.85714721679688,230.85714721679688,70670000,0.0,0.0
2005-06-28 00:00:00+07:00,232.48290177466163,234.1086563325264,230.85714721679688,230.85714721679688,142950000,0.0,0.0
2005-06-29 00:00:00+07:00,232.48290177466163,234.1086563325264,230.85714721679688,230.85714721679688,49340000,0.0,0.0
2005-06-30 00:00:00+07:00,232.48291842142743,234.10867309570312,230.8571637471517,234.10867309570312,229650000,0.0,0.0
2005-07-01 00:00:00+07:00,234.1087345489084,237.36024475097653,232.4829794478743,237.36024475097656,101220000,0.0,0.0
2005-07-04 00:00:00+07:00,235.73434202821105,235.73434202821105,230.85707977935152,232.4828338623047,152210000,0.0,0.0
2005-07-05 00:00:00+07:00,232.4828932741855,232.4828932741855,229.23138427734372,229.23138427734372,266870000,0.0,0.0
2005-07-06 00:00:00+07:00,230.85713877576464,230.85713877576464,227.6056297789229,229.23138427734372,120810000,0.0,0.0
2005-07-07 00:00:00+07:00,227.60567424966277,229.23142906573176,224.3541646175247,225.97991943359372,396080000,0.0,0.0
2005-07-08 00:00:00+07:00,224.3541207820811,229.23138427734372,224.3541207820811,229.23138427734372,101260000,0.0,0.0
2005-07-11 00:00:00+07:00,229.23138427734372,229.23138427734372,227.6056297789229,229.23138427734372,36510000,0.0,0.0
2005-07-12 00:00:00+07:00,229.23136040823803,229.23136040823803,227.6056060791016,227.6056060791016,99170000,0.0,0.0
2005-07-13 00:00:00+07:00,227.6056060791016,229.23136040823803,227.6056060791016,227.6056060791016,152770000,0.0,0.0
2005-07-14 00:00:00+07:00,229.23138427734372,230.85713877576464,229.23138427734372,229.23138427734372,78330000,0.0,0.0
2005-07-15 00:00:00+07:00,229.23138427734372,230.85713877576464,229.23138427734372,229.23138427734372,196430000,0.0,0.0
2005-07-18 00:00:00+07:00,230.85714721679688,230.85714721679688,230.85714721679688,230.85714721679688,124750000,0.0,0.0
2005-07-19 00:00:00+07:00,229.2313926589321,230.85714721679688,229.2313926589321,230.85714721679688,158950000,0.0,0.0
2005-07-20 00:00:00+07:00,232.85302008782236,237.8427276611328,231.18978423005217,237.8427276611328,201500000,8.0,0.0
2005-07-21 00:00:00+07:00,237.8427276611328,239.50596351890297,236.17949180336265,237.8427276611328,136330000,0.0,0.0
2005-07-22 00:00:00+07:00,237.8427974155971,237.8427974155971,232.85308837890625,232.85308837890625,183590000,0.0,0.0
2005-07-25 00:00:00+07:00,232.8530325016505,236.17950439453125,232.8530325016505,236.17950439453125,118040000,0.0,0.0
2005-07-26 00:00:00+07:00,236.17952691439928,241.16923522949224,236.17952691439928,241.1692352294922,292560000,0.0,0.0
2005-07-27 00:00:00+07:00,241.1692327923245,242.8324688805474,239.5059967041016,239.5059967041016,123170000,0.0,0.0
2005-07-28 00:00:00+07:00,241.16923522949224,242.8324713345232,239.50599912446123,241.1692352294922,42030000,0.0,0.0
2005-07-29 00:00:00+07:00,241.1692224789972,244.49569451319027,241.1692224789972,242.83245849609372,71420000,0.0,0.0
2005-08-01 00:00:00+07:00,242.8324713345232,244.49570743955417,241.16923522949224,241.1692352294922,147580000,0.0,0.0
2005-08-02 00:00:00+07:00,241.1692001035549,247.8221435546875,241.1692001035549,247.8221435546875,140120000,0.0,0.0
2005-08-03 00:00:00+07:00,247.82214880936985,254.47509240156768,247.82214880936985,251.14862060546875,249980000,0.0,0.0
2005-08-04 00:00:00+07:00,252.8119775390625,254.47521423339845,249.48550415039065,249.48550415039065,156730000,0.0,0.0
2005-08-05 00:00:00+07:00,249.4854051239637,249.4854051239637,242.83246098732465,244.4956970214844,67040000,0.0,0.0
2005-08-08 00:00:00+07:00,242.8324713345232,242.8324713345232,241.16923522949224,241.1692352294922,126220000,0.0,0.0
2005-08-09 00:00:00+07:00,241.16921223385236,241.16921223385236,234.5162684480909,236.17950439453125,333520000,0.0,0.0
2005-08-10 00:00:00+07:00,237.84276061587863,241.1692327923245,237.84276061587863,239.5059967041016,114420000,0.0,0.0
2005-08-11 00:00:00+07:00,239.50596351890297,239.50596351890297,236.17949180336265,237.8427276611328,96480000,0.0,0.0
2005-08-12 00:00:00+07:00,236.17956107003343,236.17956107003343,232.85308837890625,232.85308837890625,155300000,0.0,0.0
2005-08-15 00:00:00+07:00,232.85300373160925,232.85300373160925,222.87358928596885,227.86329650878903,1148470000,0.0,0.0
2005-08-16 00:00:00+07:00,227.86331442128056,229.52655029296875,227.86331442128056,229.52655029296875,122380000,0.0,0.0
2005-08-18 00:00:00+07:00,229.52655029296875,231.1897861646569,226.2000785495924,229.52655029296875,415680000,0.0,0.0
2005-08-19 00:00:00+07:00,227.8633007537153,227.8633007537153,217.88388612216576,221.2103576660156,853380000,0.0,0.0
2005-08-22 00:00:00+07:00,219.54710388183597,226.20004642370972,219.54710388183597,219.54710388183597,153560000,0.0,0.0
2005-08-23 00:00:00+07:00,221.2103395173044,232.8529889655836,219.54710388183597,219.54710388183597,421430000,0.0,0.0
2005-08-24 00:00:00+07:00,219.54712189409068,224.53682920986543,216.2206503502408,221.2103576660156,580810000,0.0,0.0
2005-08-25 00:00:00+07:00,221.21037093452784,231.1897861646569,219.5471350628397,229.52655029296875,188130000,0.0,0.0
2005-08-26 00:00:00+07:00,226.2001190185547,227.8633551878088,221.21041051079249,226.2001190185547,97660000,0.0,0.0
2005-08-29 00:00:00+07:00,224.5368107882413,224.5368107882413,216.22063261089903,219.54710388183597,562120000,0.0,0.0
2005-08-30 00:00:00+07:00,216.2205968786169,231.1897151240596,206.24118471498844,224.53677368164065,482700000,0.0,0.0
2005-08-31 00:00:00+07:00,229.52653224972912,231.1897679906692,226.20006076784895,227.86329650878903,179340000,0.0,0.0
2005-09-01 00:00:00+07:00,226.2000811460207,232.8530247091389,222.87360936446157,231.18978881835935,144910000,0.0,0.0
2005-09-05 00:00:00+07:00,229.5264797634549,229.5264797634549,224.53677368164065,224.53677368164065,159490000,0.0,0.0
2005-09-06 00:00:00+07:00,226.2001190185547,229.52659135706287,226.2001190185547,226.2001190185547,259390000,0.0,0.0
2005-09-07 00:00:00+07:00,227.86331442128056,231.1897861646569,227.86331442128056,229.52655029296875,218200000,0.0,0.0
2005-09-08 00:00:00+07:00,231.18978881835935,234.5162605999185,229.5265529275798,231.18978881835935,318950000,0.0,0.0
2005-09-09 00:00:00+07:00,231.18978423005217,239.50596351890297,231.18978423005217,237.8427276611328,440210000,0.0,0.0
2005-09-12 00:00:00+07:00,237.84276301943024,242.8324713345232,237.84276301943024,241.1692352294922,608990000,0.0,0.0
2005-09-13 00:00:00+07:00,241.16922527340287,241.16922527340287,232.8530450915614,234.5162811279297,532880000,0.0,0.0
2005-09-14 00:00:00+07:00,232.85306369557105,234.5162998648251,226.2001190185547,226.2001190185547,272480000,0.0,0.0
2005-09-15 00:00:00+07:00,226.2001190185547,229.52659135706287,226.2001190185547,226.2001190185547,106760000,0.0,0.0
2005-09-16 00:00:00+07:00,227.86329650878903,231.1897679906692,226.20006076784895,227.86329650878903,274620000,0.0,0.0
2005-09-19 00:00:00+07:00,232.8530220363451,232.8530220363451,227.86331442128056,229.52655029296875,361170000,0.0,0.0
2005-09-20 00:00:00+07:00,229.5265529275798,232.8530247091389,227.86331703680025,231.18978881835935,650380000,0.0,0.0
2005-09-21 00:00:00+07:00,231.18978881835935,231.18978881835935,231.18978881835935,231.18978881835935,0,0.0,0.0
2005-09-22 00:00:00+07:00,231.1897679906692,231.1897679906692,221.2103535450288,227.86329650878903,489040000,0.0,0.0
2005-09-23 00:00:00+07:00,224.53677368164065,226.20000904224537,222.87353832103588,224.53677368164065,63350000,0.0,0.0
2005-09-26 00:00:00+07:00,224.53682502690893,232.85300373160925,224.53682502690893,227.86329650878903,314210000,0.0,0.0
2005-09-27 00:00:00+07:00,224.5368828493006,227.8633551878088,224.5368828493006,226.2001190185547,184660000,0.0,0.0
2005-09-28 00:00:00+07:00,226.2000649817904,226.2000649817904,219.54712189409068,221.2103576660156,75250000,0.0,0.0
2005-09-29 00:00:00+07:00,226.2001190185547,227.8633551878088,217.8839381722843,226.2001190185547,284010000,0.0,0.0
2005-09-30 00:00:00+07:00,229.52655029296875,229.52655029296875,226.2000785495924,229.52655029296875,159610000,0.0,0.0
2005-10-03 00:00:00+07:00,229.52655029296875,229.52655029296875,224.5368426779042,229.52655029296875,192690000,0.0,0.0
2005-10-04 00:00:00+07:00,239.5059967041016,239.5059967041016,229.526580174764,239.5059967041016,556150000,0.0,0.0
2005-10-05 00:00:00+07:00,234.5162811279297,239.50598923703456,229.5265730188248,234.5162811279297,198820000,0.0,0.0
2005-10-06 00:00:00+07:00,234.5162811279297,234.5162811279297,229.5265730188248,234.5162811279297,137980000,0.0,0.0
2005-10-07 00:00:00+07:00,231.1419067382812,232.82907394075045,229.454739535812,231.14190673828125,153300000,5.0,0.0
2005-10-10 00:00:00+07:00,234.51626586914065,234.51626586914065,227.7675963477265,234.51626586914065,144080000,0.0,0.0
2005-10-11 00:00:00+07:00,231.1419067382812,232.82907394075045,229.454739535812,231.14190673828125,194160000,0.0,0.0
2005-10-12 00:00:00+07:00,229.45480346679688,231.14197113934685,227.7676357942469,229.45480346679688,66030000,0.0,0.0
2005-10-13 00:00:00+07:00,227.76751708984372,227.76751708984372,224.39318350332755,227.76751708984372,258860000,0.0,0.0
2005-10-14 00:00:00+07:00,227.76751708984372,227.76751708984372,224.39318350332755,227.76751708984372,127950000,0.0,0.0
2005-10-17 00:00:00+07:00,227.7675810856606,227.7675810856606,221.01891201645583,226.08041381835935,293810000,0.0,0.0
2005-10-18 00:00:00+07:00,226.0804138183594,226.0804138183594,224.3932465510582,226.08041381835935,43860000,0.0,0.0
2005-10-19 00:00:00+07:00,221.01892089843747,224.39325556864264,221.01892089843747,221.0189208984375,316580000,0.0,0.0
2005-10-20 00:00:00+07:00,222.70606994628903,222.70606994628903,219.33173555316347,222.70606994628903,259080000,0.0,0.0
2005-10-21 00:00:00+07:00,224.3932342529297,224.3932342529297,221.0188999032616,224.3932342529297,29050000,0.0,0.0
2005-10-24 00:00:00+07:00,224.3932342529297,229.45473577743184,224.3932342529297,224.3932342529297,141330000,0.0,0.0
2005-10-25 00:00:00+07:00,227.7675810856606,227.7675810856606,224.3932465510582,226.08041381835935,56170000,0.0,0.0
2005-10-26 00:00:00+07:00,224.3932342529297,226.08040142776372,222.70606707809563,224.3932342529297,685580000,0.0,0.0
2005-10-27 00:00:00+07:00,224.3932342529297,224.3932342529297,222.70606707809563,224.3932342529297,217930000,0.0,0.0
2005-10-28 00:00:00+07:00,217.64463806152344,222.70614127225653,214.27030258770137,217.64463806152344,221400000,0.0,0.0
2005-10-31 00:00:00+07:00,217.64463806152344,219.3318057984345,214.27030258770137,217.64463806152344,98050000,0.0,0.0
2005-11-01 00:00:00+07:00,210.8959197998047,219.33175659179688,204.14725036621093,210.8959197998047,616310000,0.0,0.0
2005-11-07 00:00:00+07:00,210.8959197998047,210.8959197998047,210.8959197998047,210.8959197998047,0,0.0,0.0
2005-11-08 00:00:00+07:00,210.8959197998047,210.8959197998047,210.8959197998047,210.8959197998047,0,0.0,0.0
2005-11-09 00:00:00+07:00,209.20879276463245,209.20879276463245,199.085786663118,205.8344573974609,656090000,0.0,0.0
2005-11-10 00:00:00+07:00,202.46011352539065,205.8344487508138,200.77294591267903,202.46011352539065,429730000,0.0,0.0
2005-11-11 00:00:00+07:00,202.46011352539065,205.8344487508138,197.39861068725588,202.46011352539065,373910000,0.0,0.0
2005-11-14 00:00:00+07:00,204.1471710205078,204.1471710205078,197.3985042099125,204.1471710205078,312610000,0.0,0.0
2005-11-15 00:00:00+07:00,209.2087554931641,209.2087554931641,202.4600859611265,209.2087554931641,126800000,0.0,0.0
2005-11-16 00:00:00+07:00,215.9573974609375,215.9573974609375,209.2087287902832,215.9573974609375,155400000,0.0,0.0
2005-11-17 00:00:00+07:00,215.9573974609375,215.9573974609375,212.58306312561035,215.9573974609375,175140000,0.0,0.0
2005-11-18 00:00:00+07:00,214.2703094482422,215.95747723917324,210.8959738663801,214.2703094482422,850040000,0.0,0.0
2005-11-21 00:00:00+07:00,212.58306884765625,219.3317376999628,210.8959016345796,212.58306884765625,441580000,0.0,0.0
2005-11-22 00:00:00+07:00,214.2703094482422,214.2703094482422,210.8959738663801,214.2703094482422,480310000,0.0,0.0
2005-11-23 00:00:00+07:00,217.64463806152344,217.64463806152344,212.58313485079037,217.64463806152344,290430000,0.0,0.0
2005-11-24 00:00:00+07:00,222.70606994628903,222.70606994628903,219.33173555316347,222.70606994628903,585550000,0.0,0.0
2005-11-25 00:00:00+07:00,222.70606994628903,224.39323714285183,221.0189027497263,222.70606994628903,137590000,0.0,0.0
2005-11-28 00:00:00+07:00,222.70606994628903,224.39323714285183,221.0189027497263,222.70606994628903,336540000,0.0,0.0
2005-11-29 00:00:00+07:00,222.70606994628903,222.70606994628903,221.0189027497263,222.70606994628903,105850000,0.0,0.0
2005-11-30 00:00:00+07:00,222.70606994628903,222.70606994628903,221.0189027497263,222.70606994628903,380880000,0.0,0.0
2005-12-01 00:00:00+07:00,222.70606994628903,222.70606994628903,221.0189027497263,222.70606994628903,169410000,0.0,0.0
2005-12-02 00:00:00+07:00,226.0804138183594,226.0804138183594,222.70607928375705,226.08041381835935,769850000,0.0,0.0
2005-12-05 00:00:00+07:00,226.0804138183594,227.7675810856606,224.3932465510582,226.08041381835935,174390000,0.0,0.0
2005-12-06 00:00:00+07:00,229.45480346679688,232.82913881189685,226.08046812169687,229.45480346679688,429050000,0.0,0.0
2005-12-07 00:00:00+07:00,236.20349121093756,236.20349121093756,231.141987827846,236.2034912109375,653040000,0.0,0.0
2005-12-08 00:00:00+07:00,237.890625,241.26496010638297,236.2034574468085,237.890625,521870000,0.0,0.0
2005-12-09 00:00:00+07:00,232.8291015625,237.89060377038044,229.4547667572464,232.8291015625,257400000,0.0,0.0
2005-12-12 00:00:00+07:00,232.8291015625,234.5162689651268,231.1419341598732,232.8291015625,121070000,0.0,0.0
2005-12-13 00:00:00+07:00,236.20349121093756,236.20349121093756,232.82915562220984,236.2034912109375,183230000,0.0,0.0
2005-12-14 00:00:00+07:00,229.45480346679688,236.2034741569968,227.7676357942469,229.45480346679688,228000000,0.0,0.0
2005-12-15 00:00:00+07:00,229.45480346679688,231.14197113934685,227.7676357942469,229.45480346679688,293870000,0.0,0.0
2005-12-16 00:00:00+07:00,229.45480346679688,231.14197113934685,227.7676357942469,229.45480346679688,192820000,0.0,0.0
2005-12-19 00:00:00+07:00,229.45480346679688,231.14197113934685,227.7676357942469,229.45480346679688,47610000,0.0,0.0
2005-12-20 00:00:00+07:00,229.45480346679688,229.45480346679688,227.7676357942469,229.45480346679688,124510000,0.0,0.0
2005-12-21 00:00:00+07:00,226.0804138183594,227.7675810856606,224.3932465510582,226.08041381835935,175910000,0.0,0.0
2005-12-22 00:00:00+07:00,229.45480346679688,229.45480346679688,226.08046812169687,229.45480346679688,80760000,0.0,0.0
2005-12-23 00:00:00+07:00,229.45468388310184,229.45468388310184,226.0803502965857,227.76751708984372,43350000,0.0,0.0
2005-12-26 00:00:00+07:00,227.76751708984372,227.76751708984372,227.76751708984372,227.76751708984372,0,0.0,0.0
2005-12-27 00:00:00+07:00,226.0804138183594,229.45474835296176,226.0804138183594,226.08041381835935,22730000,0.0,0.0
2005-12-28 00:00:00+07:00,227.76751708984372,227.76751708984372,224.39318350332755,227.76751708984372,28800000,0.0,0.0
2005-12-29 00:00:00+07:00,229.45480346679688,229.45480346679688,224.39330044914692,229.45480346679688,83770000,0.0,0.0
2005-12-30 00:00:00+07:00,229.45480346679688,229.45480346679688,229.45480346679688,229.45480346679688,0,0.0,0.0
2006-01-02 00:00:00+07:00,229.45480346679688,229.45480346679688,226.08046812169687,229.45480346679688,15680000,0.0,0.0
2006-01-03 00:00:00+07:00,234.51626586914065,234.51626586914065,227.7675963477265,234.51626586914065,171000000,0.0,0.0
2006-01-04 00:00:00+07:00,236.20343889508928,248.01361083984372,236.20343889508928,248.01361083984372,830650000,0.0,0.0
2006-01-05 00:00:00+07:00,248.0136359532674,249.70080354478625,241.2649655871921,242.9521331787109,195370000,0.0,0.0
2006-01-06 00:00:00+07:00,241.2649655871921,244.6393007702297,239.57779799567328,242.9521331787109,151170000,0.0,0.0
2006-01-09 00:00:00+07:00,242.9521266989512,246.3264617919922,242.9521266989512,246.3264617919922,274610000,0.0,0.0
2006-01-10 00:00:00+07:00,246.3264617919922,246.3264617919922,246.3264617919922,246.3264617919922,0,0.0,0.0
2006-01-11 00:00:00+07:00,246.32644969019395,246.32644969019395,241.2649472992996,244.6392822265625,253190000,0.0,0.0
2006-01-12 00:00:00+07:00,244.6393007702297,244.6393007702297,242.9521331787109,242.9521331787109,175940000,0.0,0.0
2006-01-13 00:00:00+07:00,242.9521331787109,244.6393007702297,242.9521331787109,242.9521331787109,113580000,0.0,0.0
2006-01-16 00:00:00+07:00,242.9521331787109,248.0136359532674,241.2649655871921,242.9521331787109,329880000,0.0,0.0
2006-01-17 00:00:00+07:00,242.95210575557255,242.95210575557255,239.57777095341183,241.2649383544922,200860000,0.0,0.0
2006-01-18 00:00:00+07:00,239.5778267996652,239.5778267996652,236.20349121093756,236.2034912109375,96290000,0.0,0.0
2006-01-19 00:00:00+07:00,237.89061237203663,244.63928222656247,237.89061237203663,244.6392822265625,72780000,0.0,0.0
2006-01-20 00:00:00+07:00,244.63928222656247,246.32644969019395,242.95211476293105,244.6392822265625,116510000,0.0,0.0
2006-01-23 00:00:00+07:00,242.95210575557255,242.95210575557255,239.57777095341183,241.2649383544922,56250000,0.0,0.0
2006-01-24 00:00:00+07:00,241.2649383544922,241.2649383544922,239.57777095341183,241.2649383544922,28660000,0.0,0.0
2006-01-25 00:00:00+07:00,241.2649472992996,244.63928222656247,241.2649472992996,244.6392822265625,83890000,0.0,0.0
2006-01-26 00:00:00+07:00,244.6393007702297,244.6393007702297,242.9521331787109,242.9521331787109,57970000,0.0,0.0
2006-01-27 00:00:00+07:00,246.3264617919922,246.3264617919922,242.9521266989512,246.3264617919922,88090000,0.0,0.0
2006-01-30 00:00:00+07:00,244.63928222656247,246.32644969019395,242.95211476293105,244.6392822265625,21300000,0.0,0.0
2006-01-31 00:00:00+07:00,244.63928222656247,244.63928222656247,244.63928222656247,244.6392822265625,0,0.0,0.0
2006-02-01 00:00:00+07:00,248.01361083984372,248.01361083984372,244.63927599848532,248.01361083984372,162360000,0.0,0.0
2006-02-02 00:00:00+07:00,246.3264617919922,246.3264617919922,244.6392942454717,246.3264617919922,60980000,0.0,0.0
2006-02-03 00:00:00+07:00,249.70079040527344,249.70079040527344,246.3264553997968,249.70079040527344,51120000,0.0,0.0
2006-02-06 00:00:00+07:00,249.70079040527344,249.70079040527344,248.0136229025351,249.70079040527344,47890000,0.0,0.0
2006-02-07 00:00:00+07:00,249.70077207424492,251.38793945312497,249.70077207424492,251.387939453125,52120000,0.0,0.0
2006-02-08 00:00:00+07:00,249.7007968850332,249.7007968850332,242.9521266989512,246.3264617919922,189590000,0.0,0.0
2006-02-09 00:00:00+07:00,246.3264617919922,246.3264617919922,244.6392942454717,246.3264617919922,117880000,0.0,0.0
2006-02-10 00:00:00+07:00,246.3264617919922,246.3264617919922,242.9521266989512,246.3264617919922,20630000,0.0,0.0
2006-02-13 00:00:00+07:00,244.63928222656247,248.0136171538254,242.95211476293105,244.6392822265625,52900000,0.0,0.0
2006-02-14 00:00:00+07:00,244.63928222656247,244.63928222656247,241.2649472992996,244.6392822265625,160090000,0.0,0.0
2006-02-15 00:00:00+07:00,242.9521331787109,244.6393007702297,241.2649655871921,242.9521331787109,85540000,0.0,0.0
2006-02-16 00:00:00+07:00,244.63928222656247,248.0136171538254,242.95211476293105,244.6392822265625,52440000,0.0,0.0
2006-02-17 00:00:00+07:00,244.63928222656247,246.32644969019395,244.63928222656247,244.6392822265625,43480000,0.0,0.0
2006-02-20 00:00:00+07:00,242.9521331787109,244.6393007702297,241.2649655871921,242.9521331787109,80230000,0.0,0.0
2006-02-21 00:00:00+07:00,242.95210889359595,242.95210889359595,239.5777740478516,239.5777740478516,102720000,0.0,0.0
2006-02-22 00:00:00+07:00,236.20349121093756,241.26499459402905,236.20349121093756,236.2034912109375,182990000,0.0,0.0
2006-02-23 00:00:00+07:00,234.51626586914065,239.57776801020125,234.51626586914065,234.51626586914065,132590000,0.0,0.0
2006-02-24 00:00:00+07:00,234.51626586914065,237.89060062984768,234.51626586914065,234.51626586914065,1300000,0.0,0.0
2006-02-27 00:00:00+07:00,239.5777740478516,244.63927631646817,236.2034392021072,239.5777740478516,101770000,0.0,0.0
2006-02-28 00:00:00+07:00,242.9521331787109,242.9521331787109,239.57779799567328,242.9521331787109,66570000,0.0,0.0
2006-03-01 00:00:00+07:00,242.9521266989512,248.0136293385127,241.2649591524307,246.3264617919922,151120000,0.0,0.0
2006-03-02 00:00:00+07:00,253.07521057128903,256.4495467122396,246.326538289388,253.07521057128903,395250000,0.0,0.0
2006-03-03 00:00:00+07:00,253.0751158859556,254.7622833251953,253.0751158859556,254.7622833251953,60190000,0.0,0.0
2006-03-06 00:00:00+07:00,253.07510683200505,254.76227421088504,251.38793945312497,251.387939453125,55660000,0.0,0.0
2006-03-07 00:00:00+07:00,246.3264617919922,254.76229952459465,246.3264617919922,246.3264617919922,78660000,0.0,0.0
2006-03-08 00:00:00+07:00,244.6393007702297,246.32646836174857,242.9521331787109,242.9521331787109,147920000,0.0,0.0
2006-03-09 00:00:00+07:00,244.6392942454717,246.3264617919922,242.9521266989512,246.3264617919922,83830000,0.0,0.0
2006-03-10 00:00:00+07:00,258.1366271972656,258.1366271972656,248.01362220913757,258.1366271972656,249050000,0.0,0.0
2006-03-13 00:00:00+07:00,258.13660896864513,259.82377634752515,251.38793945312497,251.387939453125,130360000,0.0,0.0
2006-03-14 00:00:00+07:00,251.38795790801177,256.4494604162268,249.70079040527344,249.70079040527344,80700000,0.0,0.0
2006-03-15 00:00:00+07:00,249.70077826052292,249.70077826052292,246.32644341916452,248.01361083984372,117390000,0.0,0.0
2006-03-16 00:00:00+07:00,256.4494934082031,261.51099656757555,249.70082252903987,256.4494934082031,359460000,0.0,0.0
2006-03-17 00:00:00+07:00,258.13660293484327,273.32110898983404,258.13660293484327,271.6339416503906,510420000,0.0,0.0
2006-03-20 00:00:00+07:00,281.7569274902344,281.7569274902344,269.94675687687123,281.7569274902344,523240000,0.0,0.0
2006-03-21 00:00:00+07:00,281.7569951837713,283.4441628196023,273.32115700461645,278.3826599121094,83610000,0.0,0.0
2006-03-22 00:00:00+07:00,266.5724792480469,276.695484789112,263.1981440676918,266.5724792480469,136370000,0.0,0.0
2006-03-23 00:00:00+07:00,266.5724211285828,275.0082572402468,264.88525390625,264.88525390625,187380000,0.0,0.0
2006-03-24 00:00:00+07:00,264.88525390625,266.5724211285828,263.19808668391715,264.88525390625,121970000,0.0,0.0
2006-03-27 00:00:00+07:00,269.94677734375,269.94677734375,266.57244262695315,269.94677734375,81430000,0.0,0.0
2006-03-28 00:00:00+07:00,278.3826599121094,281.7569951837713,269.94682173295456,278.3826599121094,143410000,0.0,0.0
2006-03-29 00:00:00+07:00,281.7569274902344,286.8184291816757,276.695425798793,281.7569274902344,293470000,0.0,0.0
2006-03-30 00:00:00+07:00,281.7569274902344,281.7569274902344,281.7569274902344,281.7569274902344,0,0.0,0.0
2006-03-31 00:00:00+07:00,281.7569274902344,281.7569274902344,281.7569274902344,281.7569274902344,0,0.0,0.0
2006-04-03 00:00:00+07:00,281.7569274902344,283.4440947207148,280.06976025975393,281.7569274902344,104770000,0.0,0.0
2006-04-04 00:00:00+07:00,281.7569274902344,283.4440947207148,275.00825856831256,281.7569274902344,110800000,0.0,0.0
2006-04-05 00:00:00+07:00,296.9414978027344,298.62866540388626,283.4441569935192,296.9414978027344,270320000,0.0,0.0
2006-04-06 00:00:00+07:00,303.690185546875,305.3773532443576,295.2543470594618,303.690185546875,298440000,0.0,0.0
2006-04-07 00:00:00+07:00,307.064453125,315.5002897493132,303.69011847527474,307.064453125,234400000,0.0,0.0
2006-04-10 00:00:00+07:00,307.064453125,307.064453125,307.064453125,307.064453125,0,0.0,0.0
2006-04-11 00:00:00+07:00,295.2542724609375,303.69010881696425,293.5671051897321,295.2542724609375,116980000,0.0,0.0
2006-04-12 00:00:00+07:00,286.8185119628906,295.2543505500345,285.13134424546183,286.8185119628906,365920000,0.0,0.0
2006-04-13 00:00:00+07:00,291.8798828125,298.62855062319363,285.1312150018064,291.8798828125,339500000,0.0,0.0
2006-04-14 00:00:00+07:00,291.8798828125,291.8798828125,291.8798828125,291.8798828125,0,0.0,0.0
2006-04-17 00:00:00+07:00,293.56707763671875,295.25424474957345,290.19274341100936,293.56707763671875,54320000,0.0,0.0
2006-04-18 00:00:00+07:00,305.37725830078125,308.7515926466462,293.5670880902538,305.37725830078125,317180000,0.0,0.0
2006-04-19 00:00:00+07:00,323.93609619140625,325.6232633590698,308.7515916824341,323.93609619140625,217470000,0.0,0.0
2006-04-20 00:00:00+07:00,325.62335205078125,332.3720225596057,313.8131786603384,325.62335205078125,231260000,0.0,0.0
2006-04-21 00:00:00+07:00,318.8746337890625,325.6233032872437,318.8746337890625,318.8746337890625,102360000,0.0,0.0
2006-04-24 00:00:00+07:00,318.87458685170054,315.5002525993016,305.37724984210473,310.4387512207031,231670000,0.0,0.0
2006-04-25 00:00:00+07:00,305.37725830078125,310.4387598195787,305.37725830078125,305.37725830078125,132380000,0.0,0.0
2006-04-26 00:00:00+07:00,308.751708984375,313.81321241034834,305.3773733670594,308.751708984375,331670000,0.0,0.0
2006-04-27 00:00:00+07:00,303.690185546875,312.1260240342882,302.00301784939234,303.690185546875,259060000,0.0,0.0
2006-04-28 00:00:00+07:00,303.69010881696425,307.064443359375,293.5671051897321,295.2542724609375,336480000,0.0,0.0
2006-05-01 00:00:00+07:00,296.9414978027344,300.3158330050382,293.5671626004306,296.9414978027344,114280000,0.0,0.0
2006-05-02 00:00:00+07:00,296.9414978027344,305.37733580849385,295.2543302015825,296.9414978027344,238080000,0.0,0.0
2006-05-03 00:00:00+07:00,298.628662109375,300.31582969191385,293.56715936175846,298.628662109375,177260000,0.0,0.0
2006-05-04 00:00:00+07:00,291.8798828125,300.31571757586704,288.5055489071532,291.8798828125,331710000,0.0,0.0
2006-05-05 00:00:00+07:00,291.87991052386405,295.25424474957345,288.50557629815466,293.56707763671875,231560000,0.0,0.0
2006-05-08 00:00:00+07:00,298.628662109375,300.31582969191385,291.87999177921967,298.628662109375,280810000,0.0,0.0
2006-05-09 00:00:00+07:00,303.690185546875,305.3773532443576,295.2543470594618,303.690185546875,289290000,0.0,0.0
2006-05-10 00:00:00+07:00,307.064453125,307.064453125,302.00295115041206,307.064453125,236200000,0.0,0.0
2006-05-11 00:00:00+07:00,315.5003356933594,317.1875032639121,307.0644978405958,315.5003356933594,426210000,0.0,0.0
2006-05-12 00:00:00+07:00,303.690185546875,312.1260240342882,300.31585015190973,303.690185546875,199440000,0.0,0.0
2006-05-15 00:00:00+07:00,288.5056457519531,296.9414833470395,286.81847823293583,288.5056457519531,320970000,0.0,0.0
2006-05-16 00:00:00+07:00,290.1928100585937,290.1928100585937,269.94680005450584,290.1928100585937,433800000,0.0,0.0
2006-05-17 00:00:00+07:00,296.9414978027344,300.3158330050382,293.5671626004306,296.9414978027344,385440000,0.0,0.0
2006-05-18 00:00:00+07:00,281.75697567588406,288.5056457519531,278.3826406378495,288.5056457519531,251980000,0.0,0.0
2006-05-19 00:00:00+07:00,288.50559641215614,288.50559641215614,280.06976025975393,281.7569274902344,71100000,0.0,0.0
2006-05-22 00:00:00+07:00,271.6339416503906,278.3826110081643,269.9467743109472,271.6339416503906,308900000,0.0,0.0
2006-05-23 00:00:00+07:00,275.0083312988281,275.0083312988281,261.5109898853887,275.0083312988281,242860000,0.0,0.0
2006-05-24 00:00:00+07:00,276.69549560546875,278.38266326159965,263.1981543564215,276.69549560546875,388830000,0.0,0.0
2006-05-25 00:00:00+07:00,276.69549560546875,276.69549560546875,276.69549560546875,276.69549560546875,0,0.0,0.0
2006-05-26 00:00:00+07:00,276.69549560546875,276.69549560546875,276.69549560546875,276.69549560546875,0,0.0,0.0
2006-05-29 00:00:00+07:00,280.0697126977238,286.8183804735725,269.94671103395063,273.321044921875,272530000,0.0,0.0
2006-05-30 00:00:00+07:00,283.4442443847656,285.1314125061035,273.3212356567383,283.4442443847656,171550000,0.0,0.0
2006-05-31 00:00:00+07:00,276.69549560546875,276.69549560546875,269.9468249809451,276.69549560546875,173050000,0.0,0.0
2006-06-01 00:00:00+07:00,273.321044921875,278.3825457537616,271.6338779779128,273.321044921875,66730000,0.0,0.0
2006-06-02 00:00:00+07:00,275.0083312988281,276.69549897550803,269.94682826878835,275.0083312988281,171970000,0.0,0.0
2006-06-05 00:00:00+07:00,280.06982421875,281.7569918345256,273.3211537556476,280.06982421875,51870000,0.0,0.0
2006-06-06 00:00:00+07:00,276.69549560546875,276.69549560546875,269.9468249809451,276.69549560546875,73560000,0.0,0.0
2006-06-07 00:00:00+07:00,279.4554748535156,279.4554748535156,276.00540726273147,279.4554748535156,122360000,9.0,0.0
2006-06-08 00:00:00+07:00,267.3803100585937,274.28044709236394,263.9302415417087,267.3803100585937,491020000,0.0,0.0
2006-06-09 00:00:00+07:00,274.2803955078125,274.2803955078125,269.1052937057783,274.2803955078125,479390000,0.0,0.0
2006-06-12 00:00:00+07:00,269.1053466796875,274.2804495004507,267.38031240609973,269.1053466796875,291020000,0.0,0.0
2006-06-13 00:00:00+07:00,263.9302673339844,265.65530176100384,260.48019847994533,263.9302673339844,498550000,0.0,0.0
2006-06-14 00:00:00+07:00,267.3803100585937,267.3803100585937,253.58003599105345,267.3803100585937,368740000,0.0,0.0
2006-06-15 00:00:00+07:00,267.3803100585937,274.28044709236394,267.3803100585937,267.3803100585937,136380000,0.0,0.0
2006-06-16 00:00:00+07:00,288.0806579589844,288.0806579589844,270.8303191590452,288.0806579589844,610130000,0.0,0.0
2006-06-19 00:00:00+07:00,282.9056091308594,288.08071173691167,279.4555407268245,282.9056091308594,75680000,0.0,0.0
2006-06-20 00:00:00+07:00,281.1805114746094,282.905545287337,277.730443849154,281.1805114746094,70600000,0.0,0.0
2006-06-21 00:00:00+07:00,279.4554748535156,282.9055424442997,279.4554748535156,279.4554748535156,39830000,0.0,0.0
2006-06-22 00:00:00+07:00,282.9056091308594,284.63064333287684,281.180574928842,282.9056091308594,169220000,0.0,0.0
2006-06-23 00:00:00+07:00,281.1805114746094,282.905545287337,279.45547766188173,281.1805114746094,31540000,0.0,0.0
2006-06-26 00:00:00+07:00,276.0054016113281,279.4554691314697,274.2803678512573,276.0054016113281,54400000,0.0,0.0
2006-06-27 00:00:00+07:00,277.7303466796875,281.1804130980687,276.0053134704969,277.7303466796875,40530000,0.0,0.0
2006-06-28 00:00:00+07:00,272.5552978515625,274.2803313822686,267.38019725944423,272.5552978515625,133550000,0.0,0.0
2006-06-29 00:00:00+07:00,272.5553340911865,277.7304353713989,274.2803678512573,276.0054016113281,87570000,0.0,0.0
2006-06-30 00:00:00+07:00,282.9056091308594,288.08071173691167,277.7305065248071,282.9056091308594,334620000,0.0,0.0
2006-07-03 00:00:00+07:00,294.9808044433594,294.9808044433594,282.90556683456686,294.9808044433594,298940000,0.0,0.0
2006-07-04 00:00:00+07:00,296.705810546875,300.1558781113735,294.9807767646257,296.705810546875,222200000,0.0,0.0
2006-07-05 00:00:00+07:00,294.9808044433594,303.6059741639254,294.9808044433594,294.9808044433594,150650000,0.0,0.0
2006-07-06 00:00:00+07:00,293.2558288574219,296.70589743221507,291.5307945700253,293.2558288574219,140510000,0.0,0.0
2006-07-07 00:00:00+07:00,303.60601806640625,303.60601806640625,296.7058812921697,303.60601806640625,151830000,0.0,0.0
2006-07-10 00:00:00+07:00,300.1558837890625,303.60595141882186,300.1558837890625,300.1558837890625,71180000,0.0,0.0
2006-07-11 00:00:00+07:00,300.1558837890625,300.1558837890625,298.4308499741828,300.1558837890625,22370000,0.0,0.0
2006-07-12 00:00:00+07:00,298.4307861328125,301.88085302452134,298.4307861328125,298.4307861328125,39200000,0.0,0.0
2006-07-13 00:00:00+07:00,294.9808044433594,298.43087233158576,293.2557704992461,294.9808044433594,88510000,0.0,0.0
2006-07-14 00:00:00+07:00,284.630615234375,289.8057173295455,281.18054717092804,284.630615234375,117110000,0.0,0.0
2006-07-17 00:00:00+07:00,284.6305991118809,279.4554973098467,272.55536157380106,274.2803955078125,127360000,0.0,0.0
2006-07-18 00:00:00+07:00,270.8302917480469,276.0053928642516,269.1052580426453,270.8302917480469,179680000,0.0,0.0
2006-07-19 00:00:00+07:00,274.28035915885,276.0053928642516,270.8302917480469,270.8302917480469,122050000,0.0,0.0
2006-07-20 00:00:00+07:00,274.2803955078125,277.7304633758353,272.55536157380106,274.2803955078125,322950000,0.0,0.0
2006-07-21 00:00:00+07:00,277.7303466796875,277.7303466796875,272.5552470521157,277.7303466796875,134530000,0.0,0.0
2006-07-24 00:00:00+07:00,272.5552978515625,276.0053649129747,272.5552978515625,272.5552978515625,143610000,0.0,0.0
2006-07-25 00:00:00+07:00,272.5552978515625,277.7303984436808,272.5552978515625,272.5552978515625,99630000,0.0,0.0
2006-07-26 00:00:00+07:00,272.555415226863,274.2804495004507,269.1053466796875,269.1053466796875,154460000,0.0,0.0
2006-07-27 00:00:00+07:00,270.83030587655526,281.1805086489077,270.83030587655526,279.4554748535156,438290000,0.0,0.0
2006-07-28 00:00:00+07:00,277.7303466796875,281.1804130980687,276.0053134704969,277.7303466796875,220860000,0.0,0.0
2006-07-31 00:00:00+07:00,288.0806579589844,289.8056918389783,281.1805224390087,288.0806579589844,338780000,0.0,0.0
2006-08-01 00:00:00+07:00,294.9808044433594,294.9808044433594,286.3556347227933,294.9808044433594,262800000,0.0,0.0
2006-08-02 00:00:00+07:00,298.4307861328125,300.1558195786669,289.80561890354045,298.4307861328125,427170000,0.0,0.0
2006-08-03 00:00:00+07:00,289.8057861328125,301.8810272216797,288.08075169154574,289.8057861328125,514210000,0.0,0.0
2006-08-04 00:00:00+07:00,289.8057861328125,293.255855015346,286.355717250279,289.8057861328125,205940000,0.0,0.0
2006-08-07 00:00:00+07:00,288.0806579589844,293.25575959896616,288.0806579589844,288.0806579589844,470810000,0.0,0.0
2006-08-08 00:00:00+07:00,284.630615234375,291.530751361269,284.630615234375,284.630615234375,175210000,0.0,0.0
2006-08-09 00:00:00+07:00,289.8057861328125,291.5308205740792,284.6306828090122,289.8057861328125,109080000,0.0,0.0
2006-08-10 00:00:00+07:00,282.9056091308594,291.53078014094655,281.180574928842,282.9056091308594,284400000,0.0,0.0
2006-08-11 00:00:00+07:00,282.9056091308594,288.08071173691167,282.9056091308594,282.9056091308594,129380000,0.0,0.0
2006-08-14 00:00:00+07:00,289.8057861328125,289.8057861328125,284.6306828090122,289.8057861328125,201750000,0.0,0.0
2006-08-15 00:00:00+07:00,293.2558288574219,293.2558288574219,288.08072599523206,293.2558288574219,251960000,0.0,0.0
2006-08-16 00:00:00+07:00,296.705810546875,300.1558781113735,294.9807767646257,296.705810546875,661720000,0.0,0.0
2006-08-17 00:00:00+07:00,296.705810546875,296.705810546875,296.705810546875,296.705810546875,0,0.0,0.0
2006-08-18 00:00:00+07:00,296.705810546875,296.705810546875,296.705810546875,296.705810546875,0,0.0,0.0
2006-08-21 00:00:00+07:00,296.705810546875,296.705810546875,296.705810546875,296.705810546875,0,0.0,0.0
2006-08-22 00:00:00+07:00,301.8809814453125,303.606015625,296.70587890625,301.8809814453125,317840000,0.0,0.0
2006-08-23 00:00:00+07:00,301.8809176039422,301.8809176039422,298.4308499741828,300.1558837890625,168050000,0.0,0.0
2006-08-24 00:00:00+07:00,303.60601806640625,307.05608645352453,294.98084709861064,303.60601806640625,728080000,0.0,0.0
2006-08-25 00:00:00+07:00,305.3309936523437,310.5060952396716,303.60595978990114,305.3309936523437,479570000,0.0,0.0
2006-08-28 00:00:00+07:00,308.7811279296875,312.2311963981756,303.6060252269553,308.7811279296875,402810000,0.0,0.0
2006-08-29 00:00:00+07:00,308.7811279296875,310.50616216393155,307.0560936954434,308.7811279296875,185280000,0.0,0.0
2006-08-30 00:00:00+07:00,310.50616455078125,312.2311987982856,307.05609605577257,310.50616455078125,213880000,0.0,0.0
2006-08-31 00:00:00+07:00,313.9562072753906,313.9562072753906,308.7811049576644,313.9562072753906,199170000,0.0,0.0
2006-09-01 00:00:00+07:00,312.2311706542969,313.9562047463096,310.5061365622842,312.2311706542969,210570000,0.0,0.0
2006-09-04 00:00:00+07:00,317.4062805175781,317.4062805175781,308.78110985133964,317.4062805175781,189850000,0.0,0.0
2006-09-05 00:00:00+07:00,315.6812744140625,317.4063087004781,312.2312058412312,315.6812744140625,368160000,0.0,0.0
2006-09-06 00:00:00+07:00,310.50616455078125,313.95623304579,307.05609605577257,310.50616455078125,562570000,0.0,0.0
2006-09-07 00:00:00+07:00,307.0560913085937,312.2311939710981,307.0560913085937,307.0560913085937,158290000,0.0,0.0
2006-09-08 00:00:00+07:00,308.7811279296875,310.50616216393155,307.0560936954434,308.7811279296875,58600000,0.0,0.0
2006-09-11 00:00:00+07:00,308.7811279296875,310.50616216393155,307.0560936954434,308.7811279296875,157680000,0.0,0.0
2006-09-12 00:00:00+07:00,307.0560913085937,308.7811255294285,303.6060228669241,307.0560913085937,310850000,0.0,0.0
2006-09-13 00:00:00+07:00,310.50616455078125,313.95623304579,308.78113030327694,310.50616455078125,157070000,0.0,0.0
2006-09-14 00:00:00+07:00,313.9562072753906,313.9562072753906,310.5061390635732,313.9562072753906,74090000,0.0,0.0
2006-09-15 00:00:00+07:00,313.9562072753906,313.9562072753906,312.23117316948185,313.9562072753906,53700000,0.0,0.0
2006-09-18 00:00:00+07:00,313.9562122510827,317.4062805175781,313.9562122510827,317.4062805175781,92050000,0.0,0.0
2006-09-19 00:00:00+07:00,319.1311950683594,320.8562285552153,317.4061615815034,319.1311950683594,290460000,0.0,0.0
2006-09-20 00:00:00+07:00,317.4062805175781,319.13131465082586,313.9562122510827,317.4062805175781,916460000,0.0,0.0
2006-09-21 00:00:00+07:00,322.58135986328125,324.3063938732453,317.4062578333891,322.58135986328125,1020760000,0.0,0.0
2006-09-22 00:00:00+07:00,334.6565856933594,334.6565856933594,320.85631411837545,334.6565856933594,641900000,0.0,0.0
2006-09-25 00:00:00+07:00,339.8316650390625,339.8316650390625,331.2064958756345,339.8316650390625,450900000,0.0,0.0
2006-09-26 00:00:00+07:00,331.2065734863281,339.8317446708679,329.48153924942017,331.2065734863281,180600000,0.0,0.0
2006-09-27 00:00:00+07:00,332.9314880371094,336.38155527065453,331.2064544203368,332.9314880371094,107290000,0.0,0.0
2006-09-28 00:00:00+07:00,332.9314880371094,334.65652165388195,331.2064544203368,332.9314880371094,25630000,0.0,0.0
2006-09-29 00:00:00+07:00,332.9314880371094,334.65652165388195,329.4814208035642,332.9314880371094,126880000,0.0,0.0
2006-10-02 00:00:00+07:00,327.7564697265625,332.9315718801398,326.03143567537006,327.7564697265625,114180000,0.0,0.0
2006-10-03 00:00:00+07:00,327.7564697265625,327.7564697265625,324.3064016241776,327.7564697265625,105060000,0.0,0.0
2006-10-04 00:00:00+07:00,326.0314025878906,331.2065042162698,324.3063687117642,326.0314025878906,139260000,0.0,0.0
2006-10-05 00:00:00+07:00,326.0314025878906,331.2065042162698,324.3063687117642,326.0314025878906,225860000,0.0,0.0
2006-10-06 00:00:00+07:00,326.0314025878906,327.756436464017,324.3063687117642,326.0314025878906,123460000,0.0,0.0
2006-10-09 00:00:00+07:00,320.85626220703125,326.03136321037044,319.1312285392515,320.85626220703125,256580000,0.0,0.0
2006-10-10 00:00:00+07:00,322.58135986328125,324.3063938732453,320.8563258533172,322.58135986328125,748900000,0.0,0.0
2006-10-11 00:00:00+07:00,322.93048095703125,324.6760511243665,321.18491078969595,322.93048095703125,142370000,5.5,0.0
2006-10-12 00:00:00+07:00,319.4393310546875,322.9304712847934,315.9481908245816,319.4393310546875,352110000,0.0,0.0
2006-10-13 00:00:00+07:00,326.4216003417969,328.16717039710056,319.43932012058195,326.4216003417969,438920000,0.0,0.0
2006-10-16 00:00:00+07:00,328.16717529296875,331.65831545566,324.6760351302776,328.16717529296875,233820000,0.0,0.0
2006-10-17 00:00:00+07:00,335.1495361328125,335.1495361328125,326.4216836293539,335.1495361328125,348930000,0.0,0.0
2006-10-18 00:00:00+07:00,336.8949279785156,338.64049755353386,331.65821925346097,336.8949279785156,288650000,0.0,0.0
2006-10-19 00:00:00+07:00,336.8949279785156,338.64049755353386,333.4037888284792,336.8949279785156,216070000,0.0,0.0
2006-10-20 00:00:00+07:00,329.91278076171875,336.89506183604084,328.1672104931382,329.91278076171875,231520000,0.0,0.0
2006-10-23 00:00:00+07:00,329.91278076171875,329.91278076171875,329.91278076171875,329.91278076171875,0,0.0,0.0
2006-10-24 00:00:00+07:00,329.91278076171875,329.91278076171875,329.91278076171875,329.91278076171875,0,0.0,0.0
2006-10-25 00:00:00+07:00,329.91278076171875,329.91278076171875,329.91278076171875,329.91278076171875,0,0.0,0.0
2006-10-26 00:00:00+07:00,329.91278076171875,329.91278076171875,329.91278076171875,329.91278076171875,0,0.0,0.0
2006-10-27 00:00:00+07:00,329.91278076171875,329.91278076171875,329.91278076171875,329.91278076171875,0,0.0,0.0
2006-10-30 00:00:00+07:00,324.6760559082031,331.65833668042256,322.9304857151483,324.6760559082031,206560000,0.0,0.0
2006-10-31 00:00:00+07:00,324.6760559082031,329.9127664873677,324.6760559082031,324.6760559082031,361330000,0.0,0.0
2006-11-01 00:00:00+07:00,328.16717529296875,329.91274537431434,324.6760351302776,328.16717529296875,119270000,0.0,0.0
2006-11-02 00:00:00+07:00,331.6583251953125,333.4038953279194,326.42161479749177,331.6583251953125,261490000,0.0,0.0
2006-11-03 00:00:00+07:00,329.91278076171875,335.1494915674603,329.91278076171875,329.91278076171875,160300000,0.0,0.0
2006-11-06 00:00:00+07:00,335.1495361328125,336.89510663350427,329.9128246307373,335.1495361328125,249450000,0.0,0.0
2006-11-07 00:00:00+07:00,338.6407165527344,342.13185796049453,336.8951458488543,338.6407165527344,526180000,0.0,0.0
2006-11-08 00:00:00+07:00,336.8949279785156,340.38606712855204,336.8949279785156,336.8949279785156,145590000,0.0,0.0
2006-11-09 00:00:00+07:00,349.1140441894531,349.1140441894531,336.8950526428223,349.1140441894531,278800000,0.0,0.0
2006-11-10 00:00:00+07:00,352.6051330566406,356.0962729878945,349.11399312538674,352.6051330566406,246720000,0.0,0.0
2006-11-13 00:00:00+07:00,335.1495361328125,352.60524113972986,335.1495361328125,335.1495361328125,197350000,0.0,0.0
2006-11-14 00:00:00+07:00,347.368408203125,349.11397809359295,338.64055875078515,347.368408203125,221250000,0.0,0.0
2006-11-15 00:00:00+07:00,349.1140441894531,350.8596144104004,345.6229037475586,349.1140441894531,284720000,0.0,0.0
2006-11-16 00:00:00+07:00,349.1140441894531,352.60518463134764,345.6229037475586,349.1140441894531,244120000,0.0,0.0
2006-11-17 00:00:00+07:00,349.1140441894531,356.0963250732422,349.1140441894531,349.1140441894531,99430000,0.0,0.0
2006-11-20 00:00:00+07:00,356.0962829589844,356.0962829589844,349.11400290096503,356.0962829589844,145280000,0.0,0.0
2006-11-21 00:00:00+07:00,356.0963531790428,359.5874938964844,352.6052124616012,359.5874938964844,146570000,0.0,0.0
2006-11-22 00:00:00+07:00,359.5874938964844,363.078634613926,356.0963531790428,359.5874938964844,237220000,0.0,0.0
2006-11-23 00:00:00+07:00,363.0785827636719,363.0785827636719,359.58744254479046,363.0785827636719,104390000,0.0,0.0
2006-11-24 00:00:00+07:00,359.5874017837944,387.51652036894353,359.5874017837944,380.53424072265625,315160000,0.0,0.0
2006-11-27 00:00:00+07:00,380.53424072265625,387.51652036894353,373.55196107636897,380.53424072265625,140070000,0.0,0.0
2006-11-28 00:00:00+07:00,359.5874938964844,373.5520567662508,359.5874938964844,359.5874938964844,206470000,0.0,0.0
2006-11-29 00:00:00+07:00,366.5696411132813,370.0607805524554,363.0785016741072,366.5696411132813,253550000,0.0,0.0
2006-11-30 00:00:00+07:00,370.0609436035156,377.04322555829896,370.0609436035156,370.0609436035156,199480000,0.0,0.0
2006-12-01 00:00:00+07:00,377.0431518554688,377.0431518554688,373.5520115605107,377.0431518554688,91450000,0.0,0.0
2006-12-04 00:00:00+07:00,370.0609436035156,377.04322555829896,363.0786616487323,370.0609436035156,84870000,0.0,0.0
2006-12-05 00:00:00+07:00,373.552001953125,373.552001953125,366.5697215427862,373.552001953125,101390000,0.0,0.0
2006-12-06 00:00:00+07:00,370.0609436035156,377.04322555829896,366.569802626124,370.0609436035156,128260000,0.0,0.0
2006-12-07 00:00:00+07:00,363.0785827636719,370.0608632014348,359.58744254479046,363.0785827636719,141050000,0.0,0.0
2006-12-08 00:00:00+07:00,359.5874938964844,363.078634613926,352.6052124616012,359.5874938964844,388020000,0.0,0.0
2006-12-11 00:00:00+07:00,356.0962829589844,363.07856301700366,356.0962829589844,356.0962829589844,301890000,0.0,0.0
2006-12-12 00:00:00+07:00,356.0962829589844,359.587422987994,349.11400290096503,356.0962829589844,164940000,0.0,0.0
2006-12-13 00:00:00+07:00,363.0785827636719,363.0785827636719,352.6051621070275,363.0785827636719,171960000,0.0,0.0
2006-12-14 00:00:00+07:00,363.0785827636719,366.5697229825533,359.58744254479046,363.0785827636719,173290000,0.0,0.0
2006-12-15 00:00:00+07:00,363.0785827636719,366.5697229825533,359.58744254479046,363.0785827636719,109870000,0.0,0.0
2006-12-18 00:00:00+07:00,359.5874938964844,363.078634613926,356.0963531790428,359.5874938964844,109490000,0.0,0.0
2006-12-19 00:00:00+07:00,349.1140441894531,359.5874655151367,342.1317633056641,349.1140441894531,281150000,0.0,0.0
2006-12-20 00:00:00+07:00,356.0962829589844,359.587422987994,352.6051429299747,356.0962829589844,191880000,0.0,0.0
2006-12-21 00:00:00+07:00,359.5874938964844,359.5874938964844,356.0963531790428,359.5874938964844,48940000,0.0,0.0
2006-12-22 00:00:00+07:00,359.5874938964844,363.078634613926,356.0963531790428,359.5874938964844,29700000,0.0,0.0
2006-12-26 00:00:00+07:00,356.0962829589844,359.587422987994,356.0962829589844,356.0962829589844,121210000,0.0,0.0
2006-12-27 00:00:00+07:00,356.0963531790428,359.5874938964844,356.0963531790428,359.5874938964844,38850000,0.0,0.0
2006-12-28 00:00:00+07:00,359.58744254479046,363.0785827636719,356.096302325909,363.0785827636719,103900000,0.0,0.0
2006-12-29 00:00:00+07:00,363.0785827636719,363.0785827636719,356.096302325909,363.0785827636719,0,0.0,0.0
2007-01-02 00:00:00+07:00,366.5696411132813,366.5696411132813,359.58736223493304,366.5696411132813,77000000,0.0,0.0
2007-01-03 00:00:00+07:00,359.5874938964844,366.5697753313676,359.5874938964844,359.5874938964844,117480000,0.0,0.0
2007-01-04 00:00:00+07:00,363.0785827636719,363.0785827636719,356.096302325909,363.0785827636719,134150000,0.0,0.0
2007-01-05 00:00:00+07:00,363.0785827636719,363.0785827636719,359.58744254479046,363.0785827636719,70200000,0.0,0.0
2007-01-08 00:00:00+07:00,366.5696411132813,366.5696411132813,359.58736223493304,366.5696411132813,136480000,0.0,0.0
2007-01-09 00:00:00+07:00,363.0785827636719,366.5697229825533,356.096302325909,363.0785827636719,171920000,0.0,0.0
2007-01-10 00:00:00+07:00,356.09633714325577,356.09633714325577,335.14949378188777,342.1317749023437,424290000,0.0,0.0
2007-01-11 00:00:00+07:00,336.8949279785156,347.36834542862493,333.4037888284792,336.8949279785156,221160000,0.0,0.0
2007-01-12 00:00:00+07:00,335.1495361328125,338.640677134196,321.1849721272787,335.1495361328125,197160000,0.0,0.0
2007-01-15 00:00:00+07:00,349.1140441894531,349.1140441894531,335.149482421875,349.1140441894531,165230000,0.0,0.0
2007-01-16 00:00:00+07:00,356.0962829589844,359.587422987994,349.11400290096503,356.0962829589844,131040000,0.0,0.0
2007-01-17 00:00:00+07:00,352.6051330566406,359.5874129191484,352.6051330566406,352.6051330566406,126200000,0.0,0.0
2007-01-18 00:00:00+07:00,363.0785827636719,363.0785827636719,352.6051621070275,363.0785827636719,93760000,0.0,0.0
2007-01-19 00:00:00+07:00,366.5696411132813,366.5696411132813,359.58736223493304,366.5696411132813,148170000,0.0,0.0
2007-01-22 00:00:00+07:00,377.0431518554688,377.0431518554688,363.0785906756366,377.0431518554688,435570000,0.0,0.0
2007-01-23 00:00:00+07:00,370.0609436035156,373.55208458090726,363.0786616487323,370.0609436035156,257520000,0.0,0.0
2007-01-24 00:00:00+07:00,370.0609436035156,373.55208458090726,359.58752067134066,370.0609436035156,206290000,0.0,0.0
2007-01-25 00:00:00+07:00,363.0785827636719,370.0608632014348,359.58744254479046,363.0785827636719,95520000,0.0,0.0
2007-01-26 00:00:00+07:00,359.5874938964844,359.5874938964844,349.1140717441596,359.5874938964844,132300000,0.0,0.0
2007-01-29 00:00:00+07:00,352.6051330566406,359.5874129191484,349.11399312538674,352.6051330566406,244130000,0.0,0.0
2007-01-30 00:00:00+07:00,359.5874938964844,363.078634613926,352.6052124616012,359.5874938964844,95730000,0.0,0.0
2007-01-31 00:00:00+07:00,356.0962829589844,359.587422987994,352.6051429299747,356.0962829589844,103310000,0.0,0.0
2007-02-01 00:00:00+07:00,366.5696411132813,366.5696411132813,356.09622279575893,366.5696411132813,178610000,0.0,0.0
2007-02-02 00:00:00+07:00,380.53424072265625,380.53424072265625,366.5696814300817,380.53424072265625,393720000,0.0,0.0
2007-02-05 00:00:00+07:00,370.0609436035156,377.04322555829896,366.569802626124,370.0609436035156,85780000,0.0,0.0
2007-02-06 00:00:00+07:00,359.5874938964844,370.0609160488092,359.5874938964844,359.5874938964844,65650000,0.0,0.0
2007-02-07 00:00:00+07:00,363.0785827636719,363.0785827636719,356.096302325909,363.0785827636719,136460000,0.0,0.0
2007-02-08 00:00:00+07:00,352.6051330566406,363.0785528504022,349.11399312538674,352.6051330566406,158670000,0.0,0.0
2007-02-09 00:00:00+07:00,349.1140441894531,352.60518463134764,342.1317633056641,349.1140441894531,220750000,0.0,0.0
2007-02-12 00:00:00+07:00,349.1140441894531,349.1140441894531,338.6406228637695,349.1140441894531,37590000,0.0,0.0
2007-02-13 00:00:00+07:00,349.1140441894531,349.1140441894531,345.6229037475586,349.1140441894531,48620000,0.0,0.0
2007-02-14 00:00:00+07:00,352.6051330566406,352.6051330566406,349.11399312538674,352.6051330566406,122840000,0.0,0.0
2007-02-15 00:00:00+07:00,363.0785827636719,363.0785827636719,356.096302325909,363.0785827636719,236410000,0.0,0.0
2007-02-16 00:00:00+07:00,366.5696411132813,366.5696411132813,359.58736223493304,366.5696411132813,190690000,0.0,0.0
2007-02-19 00:00:00+07:00,363.0785827636719,363.0785827636719,359.58744254479046,363.0785827636719,16680000,0.0,0.0
2007-02-20 00:00:00+07:00,363.0785827636719,363.0785827636719,359.58744254479046,363.0785827636719,6750000,0.0,0.0
2007-02-21 00:00:00+07:00,366.5696411132813,366.5696411132813,359.58736223493304,366.5696411132813,80560000,0.0,0.0
2007-02-22 00:00:00+07:00,359.5874938964844,366.5697753313676,356.0963531790428,359.5874938964844,72590000,0.0,0.0
2007-02-23 00:00:00+07:00,352.6051330566406,359.5874129191484,349.11399312538674,352.6051330566406,275790000,0.0,0.0
2007-02-26 00:00:00+07:00,345.62286376953125,352.6051438456834,345.62286376953125,345.62286376953125,83490000,0.0,0.0
2007-02-27 00:00:00+07:00,345.62286376953125,349.11400380760733,343.8772937504932,345.62286376953125,121760000,0.0,0.0
2007-02-28 00:00:00+07:00,343.8772888183594,343.8772888183594,328.1671588723429,343.8772888183594,339890000,0.0,0.0
2007-03-01 00:00:00+07:00,345.62286376953125,350.8595738266454,342.1317237314552,345.62286376953125,159400000,0.0,0.0
2007-03-02 00:00:00+07:00,338.6407165527344,345.6229993682547,338.6407165527344,338.6407165527344,423780000,0.0,0.0
2007-03-05 00:00:00+07:00,335.1495361328125,336.89510663350427,333.4039656321208,335.1495361328125,169810000,0.0,0.0
2007-03-06 00:00:00+07:00,343.8772888183594,343.8772888183594,338.64057883635394,343.8772888183594,102630000,0.0,0.0
2007-03-07 00:00:00+07:00,343.8772888183594,345.62285881236124,340.3861488303557,343.8772888183594,132480000,0.0,0.0
2007-03-08 00:00:00+07:00,347.368408203125,347.368408203125,342.1316985317211,347.368408203125,87560000,0.0,0.0
2007-03-09 00:00:00+07:00,345.62286376953125,349.11400380760733,345.62286376953125,345.62286376953125,35830000,0.0,0.0
2007-03-12 00:00:00+07:00,356.0962829589844,357.8418529734892,347.36843288646025,356.0962829589844,139700000,0.0,0.0
2007-03-13 00:00:00+07:00,366.5696411132813,366.5696411132813,356.09622279575893,366.5696411132813,251260000,0.0,0.0
2007-03-14 00:00:00+07:00,356.0962829589844,356.0962829589844,352.6051429299747,356.0962829589844,98770000,0.0,0.0
2007-03-15 00:00:00+07:00,352.6051330566406,359.5874129191484,352.6051330566406,352.6051330566406,71690000,0.0,0.0
2007-03-16 00:00:00+07:00,349.1140441894531,356.0963250732422,345.6229037475586,349.1140441894531,45910000,0.0,0.0
2007-03-20 00:00:00+07:00,349.1140441894531,352.60518463134764,342.1317633056641,349.1140441894531,30090000,0.0,0.0
2007-03-21 00:00:00+07:00,352.6051330566406,356.0962729878945,345.6228531941329,352.6051330566406,33090000,0.0,0.0
2007-03-22 00:00:00+07:00,363.0785827636719,366.5697229825533,356.096302325909,363.0785827636719,191630000,0.0,0.0
2007-03-23 00:00:00+07:00,359.5874938964844,363.078634613926,356.0963531790428,359.5874938964844,66520000,0.0,0.0
2007-03-26 00:00:00+07:00,359.5874938964844,359.5874938964844,356.0963531790428,359.5874938964844,18670000,0.0,0.0
2007-03-27 00:00:00+07:00,359.5874938964844,363.078634613926,356.0963531790428,359.5874938964844,121400000,0.0,0.0
2007-03-28 00:00:00+07:00,359.5874938964844,359.5874938964844,356.0963531790428,359.5874938964844,56460000,0.0,0.0
2007-03-29 00:00:00+07:00,356.0962829589844,359.587422987994,352.6051429299747,356.0962829589844,97860000,0.0,0.0
2007-03-30 00:00:00+07:00,356.0962829589844,359.587422987994,356.0962829589844,356.0962829589844,175860000,0.0,0.0
2007-04-02 00:00:00+07:00,366.5696411132813,366.5696411132813,359.58736223493304,366.5696411132813,125690000,0.0,0.0
2007-04-03 00:00:00+07:00,380.53424072265625,380.53424072265625,366.5696814300817,380.53424072265625,330880000,0.0,0.0
2007-04-04 00:00:00+07:00,380.53424072265625,387.51652036894353,377.0431008995126,380.53424072265625,246640000,0.0,0.0
2007-04-05 00:00:00+07:00,370.0609436035156,384.02550751308223,366.569802626124,370.0609436035156,182980000,0.0,0.0
2007-04-09 00:00:00+07:00,373.552001953125,377.0431421582944,366.5697215427862,373.552001953125,129870000,0.0,0.0
2007-04-10 00:00:00+07:00,377.0431518554688,384.0254324453848,370.06087126555263,377.0431518554688,157620000,0.0,0.0
2007-04-11 00:00:00+07:00,373.552001953125,384.0254225686332,370.0608617479556,373.552001953125,177010000,0.0,0.0
2007-04-12 00:00:00+07:00,373.552001953125,377.0431421582944,366.5697215427862,373.552001953125,75520000,0.0,0.0
2007-04-13 00:00:00+07:00,370.0609436035156,373.55208458090726,366.569802626124,370.0609436035156,80170000,0.0,0.0
2007-04-16 00:00:00+07:00,370.0609436035156,373.55208458090726,370.0609436035156,370.0609436035156,156850000,0.0,0.0
2007-04-17 00:00:00+07:00,373.552001953125,373.552001953125,370.0608617479556,373.552001953125,116280000,0.0,0.0
2007-04-18 00:00:00+07:00,366.5696411132813,373.5519199916295,363.0785016741072,366.5696411132813,133120000,0.0,0.0
2007-04-19 00:00:00+07:00,359.5874938964844,370.0609160488092,356.0963531790428,359.5874938964844,115320000,0.0,0.0
2007-04-20 00:00:00+07:00,366.5697215427862,373.552001953125,363.0785813376168,373.552001953125,73070000,0.0,0.0
2007-04-23 00:00:00+07:00,373.552001953125,377.0431421582944,370.0608617479556,373.552001953125,171150000,0.0,0.0
2007-04-24 00:00:00+07:00,373.552001953125,373.552001953125,370.0608617479556,373.552001953125,88920000,0.0,0.0
2007-04-25 00:00:00+07:00,377.0431518554688,377.0431518554688,373.5520115605107,377.0431518554688,59190000,0.0,0.0
2007-04-26 00:00:00+07:00,373.552001953125,380.5342823634638,373.552001953125,373.552001953125,167980000,0.0,0.0
2007-04-27 00:00:00+07:00,380.53424072265625,384.0253805457999,373.55196107636897,380.53424072265625,224650000,0.0,0.0
2007-04-30 00:00:00+07:00,370.0609436035156,380.5343665356906,366.569802626124,370.0609436035156,192140000,0.0,0.0
2007-05-01 00:00:00+07:00,370.0609436035156,373.55208458090726,370.0609436035156,370.0609436035156,82300000,0.0,0.0
2007-05-02 00:00:00+07:00,370.0609436035156,373.55208458090726,370.0609436035156,370.0609436035156,120330000,0.0,0.0
2007-05-03 00:00:00+07:00,370.0609436035156,380.5343665356906,370.0609436035156,370.0609436035156,70310000,0.0,0.0
2007-05-04 00:00:00+07:00,373.5520115605107,377.0431518554688,370.06087126555263,377.0431518554688,91930000,0.0,0.0
2007-05-07 00:00:00+07:00,380.53424072265625,380.53424072265625,373.55196107636897,380.53424072265625,59890000,0.0,0.0
2007-05-08 00:00:00+07:00,377.0431518554688,380.5342921504268,373.5520115605107,377.0431518554688,71060000,0.0,0.0
2007-05-09 00:00:00+07:00,380.53424072265625,380.53424072265625,370.06082125322536,380.53424072265625,134050000,0.0,0.0
2007-05-10 00:00:00+07:00,377.0431518554688,380.5342921504268,373.5520115605107,377.0431518554688,165000000,0.0,0.0
2007-05-11 00:00:00+07:00,366.5696411132813,377.0430594308036,366.5696411132813,366.5696411132813,92330000,0.0,0.0
2007-05-14 00:00:00+07:00,380.53424072265625,384.0253805457999,370.06082125322536,380.53424072265625,213440000,0.0,0.0
2007-05-15 00:00:00+07:00,380.53424072265625,380.53424072265625,377.0431008995126,380.53424072265625,85380000,0.0,0.0
2007-05-16 00:00:00+07:00,387.5166320800781,387.5166320800781,380.5343504209776,387.5166320800781,199430000,0.0,0.0
2007-05-21 00:00:00+07:00,384.0255126953125,387.51665371981534,377.0432306463068,384.0255126953125,141570000,0.0,0.0
2007-05-22 00:00:00+07:00,384.0255126953125,387.51665371981534,380.53437167080966,384.0255126953125,123530000,0.0,0.0
2007-05-23 00:00:00+07:00,387.5166320800781,394.49891373917865,384.0254912505279,387.5166320800781,456490000,0.0,0.0
2007-05-24 00:00:00+07:00,384.0255126953125,384.0255126953125,377.0432306463068,384.0255126953125,147000000,0.0,0.0
2007-05-25 00:00:00+07:00,373.552001953125,377.0431421582944,370.0608617479556,373.552001953125,215520000,0.0,0.0
2007-05-28 00:00:00+07:00,384.0255126953125,384.0255126953125,373.55208962180393,384.0255126953125,96840000,0.0,0.0
2007-05-29 00:00:00+07:00,373.552001953125,384.0254225686332,373.552001953125,373.552001953125,53130000,0.0,0.0
2007-05-30 00:00:00+07:00,370.0609436035156,377.04322555829896,363.0786616487323,370.0609436035156,212350000,0.0,0.0
2007-05-31 00:00:00+07:00,373.5519199916295,373.5519199916295,359.58736223493304,366.5696411132813,405150000,0.0,0.0
2007-06-04 00:00:00+07:00,370.0609436035156,370.0609436035156,363.0786616487323,370.0609436035156,424280000,0.0,0.0
2007-06-05 00:00:00+07:00,377.0431518554688,377.0431518554688,366.5697309705946,377.0431518554688,310170000,0.0,0.0
2007-06-06 00:00:00+07:00,377.0431518554688,377.0431518554688,373.5520115605107,377.0431518554688,301230000,0.0,0.0
2007-06-07 00:00:00+07:00,384.0255126953125,384.0255126953125,373.55208962180393,384.0255126953125,332940000,0.0,0.0
2007-06-08 00:00:00+07:00,377.0431518554688,380.5342921504268,373.5520115605107,377.0431518554688,599000000,0.0,0.0
2007-06-11 00:00:00+07:00,378.1132507324219,385.2474630103921,370.97903845445165,378.1132507324219,309420000,11.5,0.0
2007-06-12 00:00:00+07:00,381.6804809570313,381.6804809570313,374.5462663597036,381.6804809570313,161110000,0.0,0.0
2007-06-13 00:00:00+07:00,381.6804809570313,381.6804809570313,374.5462663597036,381.6804809570313,112650000,0.0,0.0
2007-06-14 00:00:00+07:00,381.6804809570313,381.6804809570313,378.1133736583674,381.6804809570313,66460000,0.0,0.0
2007-06-15 00:00:00+07:00,381.6804809570313,381.6804809570313,378.1133736583674,381.6804809570313,296700000,0.0,0.0
2007-06-18 00:00:00+07:00,385.24749755859375,385.24749755859375,378.1132846408421,385.24749755859375,292620000,0.0,0.0
2007-06-19 00:00:00+07:00,381.6804809570313,385.2475882556951,378.1133736583674,381.6804809570313,157410000,0.0,0.0
2007-06-20 00:00:00+07:00,381.6804809570313,381.6804809570313,378.1133736583674,381.6804809570313,124290000,0.0,0.0
2007-06-21 00:00:00+07:00,381.6804809570313,381.6804809570313,374.5462663597036,381.6804809570313,271230000,0.0,0.0
2007-06-22 00:00:00+07:00,381.6804809570313,381.6804809570313,374.5462663597036,381.6804809570313,72600000,0.0,0.0
2007-06-25 00:00:00+07:00,381.6804809570313,381.6804809570313,374.5462663597036,381.6804809570313,123460000,0.0,0.0
2007-06-26 00:00:00+07:00,381.6804809570313,381.6804809570313,378.1133736583674,381.6804809570313,160440000,0.0,0.0
2007-06-27 00:00:00+07:00,381.6804809570313,381.6804809570313,374.5462663597036,381.6804809570313,148770000,0.0,0.0
2007-06-28 00:00:00+07:00,378.1132507324219,381.680356871407,378.1132507324219,378.1132507324219,219430000,0.0,0.0
2007-06-29 00:00:00+07:00,378.1132566119553,392.38168138976494,378.1132566119553,388.8145751953125,759090000,0.0,0.0
2007-07-02 00:00:00+07:00,392.38177490234375,395.9488819469105,388.814667857777,392.38177490234375,198660000,0.0,0.0
2007-07-03 00:00:00+07:00,392.3816075818292,413.78424072265625,392.3816075818292,413.78424072265625,1085570000,0.0,0.0
2007-07-04 00:00:00+07:00,410.2173767089844,417.35159195609714,406.650269085428,410.2173767089844,273410000,0.0,0.0
2007-07-05 00:00:00+07:00,410.2173767089844,413.7844843325408,406.650269085428,410.2173767089844,109180000,0.0,0.0
2007-07-06 00:00:00+07:00,406.6501770019531,406.6501770019531,395.9488565545333,406.6501770019531,318980000,0.0,0.0
2007-07-09 00:00:00+07:00,417.35150146484375,417.35150146484375,403.0830740643363,417.35150146484375,373960000,0.0,0.0
2007-07-10 00:00:00+07:00,420.9186401367187,420.9186401367187,410.2173187773106,420.9186401367188,280680000,0.0,0.0
2007-07-11 00:00:00+07:00,417.35150146484375,417.35150146484375,410.21728776459,417.35150146484375,142950000,0.0,0.0
2007-07-12 00:00:00+07:00,413.78424072265625,420.9184517695986,413.78424072265625,413.78424072265625,128580000,0.0,0.0
2007-07-13 00:00:00+07:00,417.35150146484375,420.9186083149706,410.21728776459,417.35150146484375,134830000,0.0,0.0
2007-07-16 00:00:00+07:00,410.2173767089844,420.9186995796536,410.2173767089844,410.2173767089844,60520000,0.0,0.0
2007-07-17 00:00:00+07:00,420.9186401367187,424.4857472565214,410.2173187773106,420.9186401367188,99710000,0.0,0.0
2007-07-18 00:00:00+07:00,420.9186401367187,420.9186401367187,417.351533016916,420.9186401367188,113990000,0.0,0.0
2007-07-19 00:00:00+07:00,424.4855651855469,428.05267077534137,417.3513540059578,424.4855651855469,82300000,0.0,0.0
2007-07-20 00:00:00+07:00,442.32125854492193,445.8883654686713,428.0528308499244,442.3212585449219,321640000,0.0,0.0
2007-07-23 00:00:00+07:00,438.7540927734375,449.455412109375,435.186986328125,445.8883056640625,225720000,0.0,0.0
2007-07-24 00:00:00+07:00,449.4552917480469,460.1566082182385,442.3210807679192,449.4552917480469,300160000,0.0,0.0
2007-07-25 00:00:00+07:00,445.8883404731751,467.29098081588745,442.3212337493897,456.5896606445313,426390000,0.0,0.0
2007-07-26 00:00:00+07:00,456.5896862399194,456.5896862399194,438.7541516211725,442.3212585449219,277470000,0.0,0.0
2007-07-27 00:00:00+07:00,428.0527403296494,438.7540588378906,420.91852799082193,438.7540588378906,261680000,0.0,0.0
2007-07-30 00:00:00+07:00,438.7542414430712,438.7542414430712,428.052918481045,435.1871337890625,240420000,0.0,0.0
2007-07-31 00:00:00+07:00,438.7539752778553,449.4552917480469,435.18686978779147,449.4552917480469,218630000,0.0,0.0
2007-08-01 00:00:00+07:00,428.0527648925781,442.32119038899737,424.4856585184733,428.0527648925781,364220000,0.0,0.0
2007-08-02 00:00:00+07:00,435.1871337890624,438.7542414430712,413.7844878650102,435.1871337890625,411970000,0.0,0.0
2007-08-03 00:00:00+07:00,438.7540588378906,442.3211650073044,428.0527403296494,438.7540588378906,305560000,0.0,0.0
2007-08-06 00:00:00+07:00,456.5896606445313,467.29098081588745,442.3212337493897,456.5896606445313,366600000,0.0,0.0
2007-08-07 00:00:00+07:00,417.35150146484375,428.0528220152244,417.35150146484375,417.35150146484375,199240000,0.0,0.0
2007-08-08 00:00:00+07:00,417.35142182140817,438.7540588378906,417.35142182140817,438.7540588378906,590770000,0.0,0.0
2007-08-09 00:00:00+07:00,438.7540588378906,442.3211650073044,428.0527403296494,438.7540588378906,127440000,0.0,0.0
2007-08-10 00:00:00+07:00,428.0527648925781,428.0527648925781,417.3514457702637,428.0527648925781,70780000,0.0,0.0
2007-08-13 00:00:00+07:00,431.6198425292969,431.6198425292969,420.9185241194796,431.6198425292969,30,0.0,0.0
2007-08-14 00:00:00+07:00,424.4855651855469,424.4855651855469,417.3513540059578,424.4855651855469,46050000,0.0,0.0
2007-08-15 00:00:00+07:00,395.9488525390625,420.9185999964809,395.9488525390625,395.9488525390625,293230000,0.0,0.0
2007-08-16 00:00:00+07:00,388.8145751953125,388.8145751953125,374.5461504175029,388.8145751953125,436690000,0.0,0.0
2007-08-20 00:00:00+07:00,399.5159301757813,417.3514627729143,392.381717136928,399.5159301757813,588010000,0.0,0.0
2007-08-21 00:00:00+07:00,395.9488525390625,406.6501728779561,395.9488525390625,395.9488525390625,219250000,0.0,0.0
2007-08-22 00:00:00+07:00,410.2173767089844,413.7844843325408,395.9489462147589,410.2173767089844,161410000,0.0,0.0
2007-08-23 00:00:00+07:00,420.9186401367187,420.9186401367187,410.2173187773106,420.9186401367188,300110000,0.0,0.0
2007-08-24 00:00:00+07:00,428.0527648925781,428.0527648925781,410.217233022054,428.0527648925781,169940000,0.0,0.0
2007-08-27 00:00:00+07:00,428.0527648925781,431.6198712666829,424.4856585184733,428.0527648925781,123490000,0.0,0.0
2007-08-28 00:00:00+07:00,431.6198425292969,431.6198425292969,424.48563025608536,431.6198425292969,110790000,0.0,0.0
2007-08-29 00:00:00+07:00,417.35150146484375,420.9186083149706,410.21728776459,417.35150146484375,347050000,0.0,0.0
2007-08-30 00:00:00+07:00,420.9186401367187,428.05285437632415,420.9186401367187,420.9186401367188,119020000,0.0,0.0
2007-08-31 00:00:00+07:00,428.0527648925781,431.6198712666829,420.9185521443685,428.0527648925781,176790000,0.0,0.0
2007-09-03 00:00:00+07:00,431.6198425292969,435.18694866590266,424.48563025608536,431.6198425292969,70450000,0.0,0.0
2007-09-04 00:00:00+07:00,431.6198425292969,431.6198425292969,424.48563025608536,431.6198425292969,51960000,0.0,0.0
2007-09-05 00:00:00+07:00,435.1871337890624,435.1871337890624,428.052918481045,435.1871337890625,123290000,0.0,0.0
2007-09-06 00:00:00+07:00,431.6198425292969,431.6198425292969,424.48563025608536,431.6198425292969,40740000,0.0,0.0
2007-09-07 00:00:00+07:00,431.6198425292969,431.6198425292969,428.0527363926912,431.6198425292969,50960000,0.0,0.0
2007-09-10 00:00:00+07:00,420.9186401367187,424.4857472565214,413.7844258971133,420.9186401367188,242330000,0.0,0.0
2007-09-11 00:00:00+07:00,417.35150146484375,420.9186083149706,413.7843946147169,417.35150146484375,116400000,0.0,0.0
2007-09-12 00:00:00+07:00,417.35150146484375,424.48571516509753,413.7843946147169,417.35150146484375,172750000,0.0,0.0
2007-09-13 00:00:00+07:00,424.4855651855469,428.05267077534137,417.3513540059578,424.4855651855469,100630000,0.0,0.0
2007-09-14 00:00:00+07:00,428.0527648925781,428.0527648925781,420.9185521443685,428.0527648925781,47970000,0.0,0.0
2007-09-17 00:00:00+07:00,424.4855651855469,431.6197763651359,417.3513540059578,424.4855651855469,83160000,0.0,0.0
2007-09-18 00:00:00+07:00,424.4855651855469,424.4855651855469,417.3513540059578,424.4855651855469,58910000,0.0,0.0
2007-09-19 00:00:00+07:00,438.7540588378906,438.7540588378906,431.6198464990632,438.7540588378906,227920000,0.0,0.0
2007-09-20 00:00:00+07:00,438.7540588378906,453.0224835155456,438.7540588378906,438.7540588378906,277020000,0.0,0.0
2007-09-21 00:00:00+07:00,449.4552917480469,449.4552917480469,438.7539752778553,449.4552917480469,100680000,0.0,0.0
2007-09-24 00:00:00+07:00,449.4554471969605,456.5896606445313,445.8883404731751,456.5896606445313,100360000,0.0,0.0
2007-09-25 00:00:00+07:00,456.58956692913387,463.7237789124016,453.0224609375,453.0224609375,91980000,0.0,0.0
2007-09-26 00:00:00+07:00,456.5896606445313,456.5896606445313,453.02255392074585,456.5896606445313,27370000,0.0,0.0
2007-09-27 00:00:00+07:00,456.5896606445313,463.7238740921021,456.5896606445313,456.5896606445313,73970000,0.0,0.0
2007-09-28 00:00:00+07:00,438.7540588378906,460.15669585437314,438.7540588378906,438.7540588378906,136150000,0.0,0.0
2007-10-01 00:00:00+07:00,449.4552917480469,449.4552917480469,442.3210807679192,449.4552917480469,41120000,0.0,0.0
2007-10-02 00:00:00+07:00,456.589722625969,463.72393704199976,453.0226154179536,460.1568298339844,201300000,0.0,0.0
2007-10-03 00:00:00+07:00,460.1568298339844,474.42525866604586,456.589722625969,460.1568298339844,377160000,0.0,0.0
2007-10-04 00:00:00+07:00,481.5594482421876,495.82787633825234,460.1568060980903,481.5594482421875,427230000,0.0,0.0
2007-10-05 00:00:00+07:00,488.6937255859375,492.2608330719663,481.55951061388,488.6937255859375,166420000,0.0,0.0
2007-10-08 00:00:00+07:00,492.2606506347656,495.8277567987857,485.1264383067256,492.2606506347656,204440000,0.0,0.0
2007-10-09 00:00:00+07:00,488.6937255859375,492.2608330719663,481.55951061388,488.6937255859375,97830000,0.0,0.0
2007-10-10 00:00:00+07:00,513.6632690429688,513.6632690429688,488.6935267978244,513.6632690429688,386390000,0.0,0.0
2007-10-11 00:00:00+07:00,517.2302856445312,517.2302856445312,506.5289693898168,517.2302856445312,104890000,0.0,0.0
2007-10-17 00:00:00+07:00,510.096074808055,517.2302856445312,506.5289693898168,517.2302856445312,155480000,0.0,0.0
2007-10-18 00:00:00+07:00,506.5289611816406,517.2302772629429,502.96185582120654,506.5289611816406,106570000,0.0,0.0
2007-10-19 00:00:00+07:00,506.5290752908458,506.5290752908458,485.1264383067256,492.2606506347656,104690000,0.0,0.0
2007-10-22 00:00:00+07:00,474.425169280081,481.559382351962,467.29095620820016,470.8580627441406,109120000,0.0,0.0
2007-10-23 00:00:00+07:00,488.6937255859375,488.6937255859375,481.55951061388,488.6937255859375,309830000,0.0,0.0
2007-10-24 00:00:00+07:00,492.260673864564,495.8277801969159,474.4251422028044,477.99224853515625,211300000,0.0,0.0
2007-10-25 00:00:00+07:00,499.39498901367193,502.96209607805525,481.55945369175504,499.3949890136719,168550000,0.0,0.0
2007-10-26 00:00:00+07:00,506.5289611816406,520.797382623377,506.5289611816406,506.5289611816406,142440000,0.0,0.0
2007-10-29 00:00:00+07:00,513.6632690429688,524.3645871480306,513.6632690429688,513.6632690429688,148270000,0.0,0.0
2007-10-30 00:00:00+07:00,513.6633936215753,527.9318212221747,513.6633936215753,520.797607421875,159540000,0.0,0.0
2007-10-31 00:00:00+07:00,520.797607421875,520.797607421875,513.6633936215753,520.797607421875,61460000,0.0,0.0
2007-11-01 00:00:00+07:00,527.9318552721267,538.6331766627778,524.3647481419096,531.4989624023438,273690000,0.0,0.0
2007-11-02 00:00:00+07:00,517.2305005217252,535.0660350224744,513.6633936215753,520.797607421875,132370000,0.0,0.0
2007-11-05 00:00:00+07:00,520.7975101070805,520.7975101070805,506.5290851726399,510.09619140625,86150000,0.0,0.0
2007-11-06 00:00:00+07:00,510.096074808055,520.7973910627694,506.5289693898168,517.2302856445312,65730000,0.0,0.0
2007-11-07 00:00:00+07:00,517.2302856445312,524.3644964810076,510.096074808055,517.2302856445312,108290000,0.0,0.0
2007-11-08 00:00:00+07:00,506.5292031424386,506.5292031424386,488.6936678205218,499.3949890136719,196100000,0.0,0.0
2007-11-09 00:00:00+07:00,499.39498901367193,499.39498901367193,488.6936678205218,499.3949890136719,122790000,0.0,0.0
2007-11-12 00:00:00+07:00,485.1264953613281,488.6936019448673,477.99228219424975,485.1264953613281,158460000,0.0,0.0
2007-11-13 00:00:00+07:00,485.1265607561384,510.096310206822,485.1265607561384,499.3949890136719,293080000,0.0,0.0
2007-11-14 00:00:00+07:00,513.6632690429688,517.2303750779894,510.0961630079481,513.6632690429688,189810000,0.0,0.0
2007-11-15 00:00:00+07:00,513.6631719025088,513.6631719025088,499.39475046077246,506.5289611816406,93360000,0.0,0.0
2007-11-16 00:00:00+07:00,499.3949264416592,499.3949264416592,488.6936065893379,495.8278198242188,172050000,0.0,0.0
2007-11-19 00:00:00+07:00,495.8276451003384,506.5289611816406,495.8276451003384,506.5289611816406,138110000,0.0,0.0
2007-11-20 00:00:00+07:00,506.5290752908458,499.3948629628057,481.5593321427055,492.2606506347656,621610000,0.0,0.0
2007-11-21 00:00:00+07:00,488.69366229022,488.69366229022,470.8581271701389,481.5594482421875,346350000,0.0,0.0
2007-11-22 00:00:00+07:00,477.99234662737166,499.39498901367193,474.42523956298834,499.3949890136719,176740000,0.0,0.0
2007-11-23 00:00:00+07:00,499.3949216954848,506.5291348625632,481.55938877778897,485.1264953613281,289710000,0.0,0.0
2007-11-26 00:00:00+07:00,492.2607132067783,495.8278198242188,488.6936065893379,495.8278198242188,143940000,0.0,0.0
2007-11-27 00:00:00+07:00,485.1264953613281,488.6936019448673,481.55938877778897,485.1264953613281,114640000,0.0,0.0
2007-11-28 00:00:00+07:00,492.2607132067783,495.8278198242188,488.6936065893379,495.8278198242188,183930000,0.0,0.0
2007-11-29 00:00:00+07:00,506.5290851726399,510.09619140625,499.3948727054196,510.09619140625,322750000,0.0,0.0
2007-11-30 00:00:00+07:00,514.050416113625,514.050416113625,499.6713834950621,510.4556579589844,340790000,5.5,0.0
2007-12-03 00:00:00+07:00,510.4557743467134,521.2400512695312,506.8610153724408,521.2400512695312,281730000,0.0,0.0
2007-12-04 00:00:00+07:00,521.2400512695312,521.2400512695312,514.050533320986,521.2400512695312,392810000,0.0,0.0
2007-12-05 00:00:00+07:00,521.2400512695312,521.2400512695312,514.050533320986,521.2400512695312,248850000,0.0,0.0
2007-12-06 00:00:00+07:00,524.834743013318,535.6190185546875,521.2399844995281,535.6190185546875,550860000,0.0,0.0
2007-12-07 00:00:00+07:00,535.6189868164063,542.8085034179687,532.024228515625,539.2137451171875,451380000,0.0,0.0
2007-12-10 00:00:00+07:00,546.4031982421875,546.4031982421875,535.6189245926706,546.4031982421875,135020000,0.0,0.0
2007-12-11 00:00:00+07:00,546.4031982421875,546.4031982421875,539.2136824758429,546.4031982421875,166780000,0.0,0.0
2007-12-12 00:00:00+07:00,528.4295332625105,539.2138094515414,528.4295332625105,532.0242919921875,211110000,0.0,0.0
2007-12-13 00:00:00+07:00,532.0242600408976,539.2137770684774,524.834743013318,535.6190185546875,254490000,0.0,0.0
2007-12-14 00:00:00+07:00,532.0242919921875,532.0242919921875,521.2400158031567,532.0242919921875,148890000,0.0,0.0
2007-12-17 00:00:00+07:00,524.83484310574,524.83484310574,506.8610471089681,517.6453247070312,137280000,0.0,0.0
2007-12-18 00:00:00+07:00,506.8611478533064,510.4559077671596,499.6716280255999,503.2663879394531,305740000,0.0,0.0
2007-12-19 00:00:00+07:00,506.8608998043436,510.4556579589843,499.6713834950621,510.4556579589844,212110000,0.0,0.0
2007-12-26 00:00:00+07:00,514.050410887011,528.429443359375,510.4556527689201,528.429443359375,214350000,0.0,0.0
2007-12-27 00:00:00+07:00,528.4295015271078,535.6190185546875,524.834743013318,535.6190185546875,194980000,0.0,0.0
2007-12-28 00:00:00+07:00,535.6189917995505,539.2137501337756,524.834716796875,524.834716796875,267210000,0.0,0.0
2007-12-31 00:00:00+07:00,524.834716796875,524.834716796875,524.834716796875,524.834716796875,0,0.0,0.0
2008-01-02 00:00:00+07:00,524.8348102438039,524.8348102438039,517.6452922952586,521.2400512695312,59000000,0.0,0.0
2008-01-03 00:00:00+07:00,514.050416113625,517.6451742682658,503.2661416497029,510.4556579589844,206640000,0.0,0.0
2008-01-04 00:00:00+07:00,514.0505655076769,517.6453247070312,506.8610471089681,517.6453247070312,563740000,0.0,0.0
2008-01-07 00:00:00+07:00,510.4556579589843,510.4556579589843,503.2661416497029,510.4556579589844,219390000,0.0,0.0
2008-01-08 00:00:00+07:00,510.4556897751828,514.0504481538812,506.8609313964843,506.8609313964844,204010000,0.0,0.0
2008-01-09 00:00:00+07:00,503.26625639816814,521.2400512695312,503.26625639816814,521.2400512695312,432790000,0.0,0.0
2008-01-14 00:00:00+07:00,517.6453247070312,521.2400839063856,506.8610471089681,517.6453247070312,257530000,0.0,0.0
2008-01-15 00:00:00+07:00,517.6451742682658,517.6451742682658,503.2661416497029,510.4556579589844,156320000,0.0,0.0
2008-01-16 00:00:00+07:00,499.6716337342193,503.26639368914175,485.2925939145296,496.0768737792969,197000000,0.0,0.0
2008-01-17 00:00:00+07:00,496.0768737792969,503.26639368914175,478.1030740046847,496.0768737792969,246910000,0.0,0.0
2008-01-18 00:00:00+07:00,485.2925939145296,496.0768737792969,474.5083140497623,496.0768737792969,206560000,0.0,0.0
2008-01-21 00:00:00+07:00,474.5083312988281,488.8873716412169,470.91357121323097,474.5083312988281,82860000,0.0,0.0
2008-01-22 00:00:00+07:00,460.1290612599206,460.1290612599206,424.1814783489893,452.9395446777344,418480000,0.0,0.0
2008-01-23 00:00:00+07:00,467.3185695562147,478.1028442382812,463.7238113288592,478.1028442382813,256240000,0.0,0.0
2008-01-24 00:00:00+07:00,478.1030740046847,496.0768737792969,478.1030740046847,496.0768737792969,252500000,0.0,0.0
2008-01-25 00:00:00+07:00,496.07676951090497,517.6453247070312,496.07676951090497,517.6453247070312,265830000,0.0,0.0
2008-01-28 00:00:00+07:00,503.2662879096137,521.2400839063856,499.67152871025934,517.6453247070312,46232500,0.0,2.0
2008-01-29 00:00:00+07:00,517.6451731861888,517.6451731861888,503.2661405976836,514.0504150390625,43155000,0.0,0.0
2008-01-30 00:00:00+07:00,514.0504481538812,514.0504481538812,496.0766562603889,506.8609313964844,63280000,0.0,0.0
2008-01-31 00:00:00+07:00,506.8608998043436,510.4556579589843,496.0766253404214,510.4556579589844,67277500,0.0,0.0
2008-02-01 00:00:00+07:00,514.050416113625,514.050416113625,503.2661416497029,510.4556579589844,70682500,0.0,0.0
2008-02-04 00:00:00+07:00,514.0505655076769,524.83484310574,514.0505655076769,517.6453247070312,160312500,0.0,0.0
2008-02-05 00:00:00+07:00,510.4556568919362,517.6451731861888,510.4556568919362,514.0504150390625,64340000,0.0,0.0
2008-02-06 00:00:00+07:00,514.0504481538812,506.8609313964843,499.6714146390874,506.8609313964844,21832500,0.0,0.0
2008-02-11 00:00:00+07:00,503.2662718835538,510.4557900533189,481.6977173742587,492.4819946289063,45520000,0.0,0.0
2008-02-12 00:00:00+07:00,492.482131726814,492.482131726814,470.91357121323097,474.5083312988281,79762500,0.0,0.0
2008-02-13 00:00:00+07:00,481.6976048127386,481.6976048127386,463.72381358838265,470.913330078125,164620000,0.0,0.0
2008-02-14 00:00:00+07:00,478.10295828937615,499.6715127986713,478.10295828937615,492.4819946289063,221150000,0.0,0.0
2008-02-15 00:00:00+07:00,481.6978339596071,496.0768737792969,481.6978339596071,496.0768737792969,114100000,0.0,0.0
2008-02-18 00:00:00+07:00,499.6713834950621,514.050416113625,496.0766253404214,510.4556579589844,254127500,0.0,0.0
2008-02-19 00:00:00+07:00,514.0504150390625,521.2399313333151,510.4556568919362,514.0504150390625,175582500,0.0,0.0
2008-02-20 00:00:00+07:00,517.6453247070312,517.6453247070312,510.4558063083225,517.6453247070312,142767500,0.0,0.0
2008-02-21 00:00:00+07:00,517.6452001284247,524.834716796875,514.0504417941994,524.834716796875,246070000,0.0,0.0
2008-02-22 00:00:00+07:00,517.6453247070312,524.83484310574,517.6453247070312,517.6453247070312,87932500,0.0,0.0
2008-02-25 00:00:00+07:00,521.2399271231931,528.429443359375,517.645169005102,528.429443359375,161785000,0.0,0.0
2008-02-26 00:00:00+07:00,528.4294751311002,528.4294751311002,521.2399584626498,524.834716796875,74787500,0.0,0.0
2008-02-27 00:00:00+07:00,524.8346894804414,528.4294476275678,510.4556568919362,514.0504150390625,98052500,0.0,0.0
2008-02-28 00:00:00+07:00,510.4556579589843,510.4556579589843,503.2661416497029,510.4556579589844,78697500,0.0,0.0
2008-02-29 00:00:00+07:00,506.8608987448099,514.0504150390625,503.2661405976836,514.0504150390625,239882500,0.0,0.0
2008-03-03 00:00:00+07:00,503.2661730177859,517.6452065325798,496.0766562603889,506.8609313964844,220445000,0.0,0.0
2008-03-04 00:00:00+07:00,510.4558063083225,517.6453247070312,499.67152871025934,517.6453247070312,99600000,0.0,0.0
2008-03-05 00:00:00+07:00,521.2400512695312,521.2400512695312,506.8610153724408,521.2400512695312,145715000,0.0,0.0
2008-03-06 00:00:00+07:00,521.2399324229066,521.2399324229066,506.8608998043436,510.4556579589844,47957500,0.0,0.0
2008-03-10 00:00:00+07:00,496.0768103290805,503.266329319357,478.1030128533892,499.6715698242188,104792500,0.0,0.0
2008-03-11 00:00:00+07:00,488.88720703125,492.4819659064798,478.10293040556064,488.88720703125,136135000,0.0,0.0
2008-03-12 00:00:00+07:00,503.2661730177859,506.8609313964843,496.0766562603889,506.8609313964844,84707500,0.0,0.0
2008-03-13 00:00:00+07:00,496.0767247817096,503.2662425321691,481.6976892807904,488.88720703125,169525000,0.0,0.0
2008-03-14 00:00:00+07:00,488.887121302481,488.887121302481,467.3185718332538,470.913330078125,94057500,0.0,0.0
2008-03-17 00:00:00+07:00,460.1291032037816,460.1291032037816,416.99199977842704,427.7762756347656,306787500,0.0,0.0
2008-03-18 00:00:00+07:00,431.3710342535452,434.9657928723248,406.2077239220884,427.7762756347656,135127500,0.0,0.0
2008-03-19 00:00:00+07:00,442.1552968025208,460.1290893554688,424.1815042495728,460.1290893554688,269415000,0.0,0.0
2008-03-24 00:00:00+07:00,445.7500280955481,452.9395446777343,434.9657532222687,452.9395446777344,54520000,0.0,0.0
2008-03-25 00:00:00+07:00,456.5343029688275,460.1290612599206,445.7500280955481,452.9395446777344,236615000,0.0,0.0
2008-03-26 00:00:00+07:00,449.3447863866412,456.5343029688275,445.7500280955481,452.9395446777344,112637500,0.0,0.0
2008-03-27 00:00:00+07:00,449.3448791503906,449.3448791503906,438.56060205078126,449.3448791503906,175682500,0.0,0.0
2008-03-28 00:00:00+07:00,445.7501690204327,467.31872558593744,445.7501690204327,467.3187255859375,141785000,0.0,0.0
2008-03-31 00:00:00+07:00,460.1292067307692,474.5082444411057,456.53444730318506,467.3187255859375,208330000,0.0,0.0
2008-04-01 00:00:00+07:00,467.318612375567,470.9133709323021,438.560543921686,445.75006103515625,182272500,0.0,0.0
2008-04-02 00:00:00+07:00,452.9395483993903,456.5343067200204,438.56051511687,442.1552734375,99405000,0.0,0.0
2008-04-03 00:00:00+07:00,445.7499717523244,445.7499717523244,424.1814247320506,434.9656982421875,175502500,0.0,0.0
2008-04-04 00:00:00+07:00,438.56045035428775,463.7237548828125,413.3971458257631,463.7237548828125,210140000,0.0,0.0
2008-04-07 00:00:00+07:00,452.9394583866514,452.9394583866514,413.3971247179755,416.9918823242188,366425000,0.0,0.0
2008-04-08 00:00:00+07:00,413.3973437283947,413.3973437283947,399.0183056856679,406.2078247070313,135675000,0.0,0.0
2008-04-09 00:00:00+07:00,402.6130415482954,406.20780084783377,388.234004350142,395.4235229492188,187262500,0.0,0.0
2008-04-10 00:00:00+07:00,388.23382147427264,420.586639930462,384.6390638680294,416.9918823242188,186030000,0.0,0.0
2008-04-11 00:00:00+07:00,424.1813975367053,427.7761551429485,413.3971247179755,416.9918823242188,225492500,0.0,0.0
2008-04-14 00:00:00+07:00,406.20770129822847,409.8024597167969,399.01818446109166,409.8024597167969,102550000,0.0,0.0
2008-04-15 00:00:00+07:00,413.39727240093686,424.1815490722656,409.8025135104939,424.1815490722656,81452500,0.0,0.0
2008-04-16 00:00:00+07:00,427.77624136502624,438.5605163574219,424.1814830342277,438.5605163574219,117947500,0.0,0.0
2008-04-17 00:00:00+07:00,445.7500280955481,452.9395446777343,438.5605115133618,452.9395446777344,205577500,0.0,0.0
2008-04-18 00:00:00+07:00,456.53444730318506,470.9134850135216,452.93968787560095,467.3187255859375,207367500,0.0,0.0
2008-04-21 00:00:00+07:00,474.5079980084277,478.1027555690976,445.7499375230684,456.5342102050781,155187500,0.0,0.0
2008-04-22 00:00:00+07:00,452.9395523071289,452.9395523071289,424.18148549397785,431.3710021972656,105810000,0.0,0.0
2008-04-23 00:00:00+07:00,431.3710342535452,434.9657928723248,420.58675839720655,427.7762756347656,88570000,0.0,0.0
2008-04-24 00:00:00+07:00,434.9657605489095,434.9657605489095,424.18148549397785,431.3710021972656,79300000,0.0,0.0
2008-04-25 00:00:00+07:00,427.7763079627085,427.7763079627085,416.99203129137976,424.1815490722656,68750000,0.0,0.0
2008-04-28 00:00:00+07:00,424.1814933910704,424.1814933910704,402.61294287966007,409.8024597167969,41755000,0.0,0.0
2008-04-29 00:00:00+07:00,416.99206334301545,427.7763408432658,413.3973041762653,420.5868225097656,57597500,0.0,0.0
2008-04-30 00:00:00+07:00,416.9919687906901,431.3710021972656,413.3972104390462,431.3710021972656,60267500,0.0,0.0
2008-05-05 00:00:00+07:00,452.9395446777343,460.1290612599206,449.3447863866412,452.9395446777344,105005000,0.0,0.0
2008-05-06 00:00:00+07:00,456.5343029688275,467.3185778421069,449.3447863866412,452.9395446777344,119735000,0.0,0.0
2008-05-07 00:00:00+07:00,452.9394526444082,456.5342102050781,445.7499375230684,456.5342102050781,42477500,0.0,0.0
2008-05-08 00:00:00+07:00,452.9394526444082,463.723725326418,449.3446950837383,456.5342102050781,102915000,0.0,0.0
2008-05-09 00:00:00+07:00,456.5343029688275,460.1290612599206,449.3447863866412,452.9395446777344,31062500,0.0,0.0
2008-05-12 00:00:00+07:00,445.7499375230684,456.5342102050781,445.7499375230684,456.5342102050781,37305000,0.0,0.0
2008-05-13 00:00:00+07:00,460.1290893554688,467.318606376648,456.5343308448792,460.1290893554688,99812500,0.0,0.0
2008-05-14 00:00:00+07:00,456.5343972167968,456.5343972167968,445.75012011718746,449.3448791503906,84685000,0.0,0.0
2008-05-15 00:00:00+07:00,460.128967765748,460.128967765748,452.9394526444082,456.5342102050781,19942500,0.0,0.0
2008-05-16 00:00:00+07:00,460.12915625,460.12915625,445.75012011718746,449.3448791503906,34087500,0.0,0.0
2008-05-21 00:00:00+07:00,442.1552746882204,442.1552746882204,431.3709996958248,438.5605163574219,128967500,0.0,0.0
2008-05-22 00:00:00+07:00,434.9656982421875,434.9656982421875,427.7761825687629,434.9656982421875,92730000,0.0,0.0
2008-05-23 00:00:00+07:00,434.9658591767661,438.5606183435162,416.99206334301545,420.5868225097656,85275000,0.0,0.0
2008-05-26 00:00:00+07:00,409.8024583899456,420.5867336107337,409.8024583899456,413.397216796875,113152500,0.0,0.0
2008-05-27 00:00:00+07:00,402.6129455566406,413.3972208840507,399.0181871141706,402.6129455566406,127025000,0.0,0.0
2008-05-28 00:00:00+07:00,402.6129455566406,406.20770399911066,395.4234286717006,402.6129455566406,117847500,0.0,0.0
2008-05-29 00:00:00+07:00,402.6129455566406,406.20770399911066,395.4234286717006,402.6129455566406,181555000,0.0,0.0
2008-05-30 00:00:00+07:00,406.2076121837169,406.2076121837169,399.0180969238281,399.0180969238281,60180000,0.0,0.0
2008-06-02 00:00:00+07:00,402.6129455566406,406.20770399911066,399.0181871141706,402.6129455566406,71402500,0.0,0.0
2008-06-03 00:00:00+07:00,391.8286437988281,399.0181601988066,388.23388559883887,391.8286437988281,146997500,0.0,0.0
2008-06-04 00:00:00+07:00,391.8286460805162,395.4234043014383,384.6391296386719,384.6391296386719,63477500,0.0,0.0
2008-06-05 00:00:00+07:00,384.6392192134151,391.8287373295536,381.04446015534575,388.2339782714844,166987500,0.0,0.0
2008-06-06 00:00:00+07:00,395.4234019988173,395.4234019988173,388.23388559883887,391.8286437988281,111212500,0.0,0.0
2008-06-09 00:00:00+07:00,373.85485497590537,384.6391296386719,373.85485497590537,384.6391296386719,77522500,0.0,0.0
2008-06-10 00:00:00+07:00,388.233920115345,388.233920115345,363.0706104782393,381.0444030761719,124242500,0.0,0.0
2008-06-11 00:00:00+07:00,381.0444661458333,384.6392252604167,373.8549479166667,377.44970703125,76855000,0.0,0.0
2008-06-12 00:00:00+07:00,366.6654296875,377.44970703125,366.6654296875,377.44970703125,112672500,0.0,0.0
2008-06-13 00:00:00+07:00,383.1229248046875,386.8067990816557,375.7551762507512,383.1229248046875,58812500,12.7,0.0
2008-06-16 00:00:00+07:00,375.7550964355469,390.4905904134115,375.7550964355469,375.7550964355469,53297500,0.0,0.0
2008-06-17 00:00:00+07:00,368.3873596191406,375.7551068115234,364.7034860229492,368.3873596191406,102620000,0.0,0.0
2008-06-18 00:00:00+07:00,368.3873596191406,368.3873596191406,361.01961242675776,368.3873596191406,66712500,0.0,0.0
2008-06-19 00:00:00+07:00,364.7034301757813,368.3873032078598,357.33568411162406,364.7034301757813,86967500,0.0,0.0
2008-06-20 00:00:00+07:00,364.7034301757813,368.3873032078598,361.0195571437026,364.7034301757813,71782500,0.0,0.0
2008-06-23 00:00:00+07:00,346.28399658203125,361.0194857982879,342.6001242779671,346.28399658203125,131415000,0.0,0.0
2008-06-24 00:00:00+07:00,342.60028076171875,346.28415474840386,335.23253278834846,342.60028076171875,191915000,0.0,0.0
2008-06-25 00:00:00+07:00,349.96783447265625,349.96783447265625,338.91621864720395,349.96783447265625,139435000,0.0,0.0
2008-06-26 00:00:00+07:00,357.335693359375,361.0195664867912,349.96794710454253,357.335693359375,253072500,0.0,0.0
2008-06-27 00:00:00+07:00,346.28399658203125,353.6517411901596,342.6001242779671,346.28399658203125,103580000,0.0,0.0
2008-06-30 00:00:00+07:00,364.7034301757813,364.7034301757813,349.9679380474669,364.7034301757813,119597500,0.0,0.0
2008-07-01 00:00:00+07:00,379.4389953613281,386.8067428440724,368.3873741372118,379.4389953613281,139017500,0.0,0.0
2008-07-02 00:00:00+07:00,379.4389953613281,397.85836406818873,379.4389953613281,379.4389953613281,161507500,0.0,0.0
2008-07-03 00:00:00+07:00,386.80670166015625,386.80670166015625,364.7034615652902,386.80670166015625,132317500,0.0,0.0
2008-07-04 00:00:00+07:00,383.1229248046875,394.174547635592,383.1229248046875,383.1229248046875,91017500,0.0,0.0
2008-07-07 00:00:00+07:00,383.1229248046875,386.8067990816557,368.3874276968149,383.1229248046875,23840000,0.0,0.0
2008-07-08 00:00:00+07:00,379.4390461314808,405.2261657714844,375.7551718971946,405.2261657714844,216222500,0.0,0.0
2008-07-09 00:00:00+07:00,419.96154785156256,419.96154785156256,405.22605494449016,419.9615478515625,163502500,0.0,0.0
2008-07-10 00:00:00+07:00,408.9098815917969,419.9615000131968,401.5421359775303,408.9098815917969,74302500,0.0,0.0
2008-07-11 00:00:00+07:00,412.5937805175781,412.5937805175781,401.5421613965716,412.5937805175781,33247500,0.0,0.0
2008-07-14 00:00:00+07:00,412.5937805175781,416.27765355791365,401.5421613965716,412.5937805175781,25897500,0.0,0.0
2008-07-15 00:00:00+07:00,386.80670166015625,405.226068405878,386.80670166015625,386.80670166015625,42710000,0.0,0.0
2008-07-16 00:00:00+07:00,390.4905395507813,405.2260316093013,383.12279352152126,390.4905395507813,99762500,0.0,0.0
2008-07-17 00:00:00+07:00,390.4905395507813,405.2260316093013,390.4905395507813,390.4905395507813,69755000,0.0,0.0
2008-07-18 00:00:00+07:00,394.1744689941406,405.2260896201445,390.4905954521393,394.1744689941406,54415000,0.0,0.0
2008-07-21 00:00:00+07:00,412.5937805175781,416.27765355791365,401.5421613965716,412.5937805175781,107580000,0.0,0.0
2008-07-22 00:00:00+07:00,416.2777404785156,416.2777404785156,405.22611904988247,416.2777404785156,23800000,0.0,0.0
2008-07-23 00:00:00+07:00,427.3292236328125,431.0130962503368,419.961478397764,427.3292236328125,192637500,0.0,0.0
2008-07-24 00:00:00+07:00,427.329315685835,456.8003029745133,427.329315685835,449.43255615234375,250862500,0.0,0.0
2008-07-25 00:00:00+07:00,434.697021484375,442.0647676112288,423.6454022940943,434.697021484375,80612500,0.0,0.0
2008-07-28 00:00:00+07:00,438.38092041015625,438.38092041015625,434.6970471293986,438.38092041015625,35960000,0.0,0.0
2008-07-29 00:00:00+07:00,442.0647277832031,445.7486005147298,427.3292368570964,442.0647277832031,66225000,0.0,0.0
2008-07-31 00:00:00+07:00,445.7485961914063,460.48408697459325,442.0647234956096,445.7485961914063,104527500,0.0,0.0
2008-08-01 00:00:00+07:00,431.01315307617193,445.74864548903247,431.01315307617193,431.0131530761719,49625000,0.0,0.0
2008-08-04 00:00:00+07:00,442.0647277832031,442.0647277832031,427.3292368570964,442.0647277832031,39932500,0.0,0.0
2008-08-05 00:00:00+07:00,442.0647277832031,449.4324732462565,434.69698232014974,442.0647277832031,60995000,0.0,0.0
2008-08-06 00:00:00+07:00,445.7485961914063,456.8002142787965,442.0647234956096,445.7485961914063,78732500,0.0,0.0
2008-08-07 00:00:00+07:00,445.7485961914063,456.8002142787965,442.0647234956096,445.7485961914063,94050000,0.0,0.0
2008-08-08 00:00:00+07:00,434.697021484375,445.74864067465575,431.0131484209481,434.697021484375,29585000,0.0,0.0
2008-08-11 00:00:00+07:00,438.38092041015625,445.7486669716715,434.6970471293986,438.38092041015625,34925000,0.0,0.0
2008-08-12 00:00:00+07:00,438.3808917999268,442.0647648402623,412.5937805175781,412.5937805175781,40422500,0.0,0.0
2008-08-13 00:00:00+07:00,412.5937459309896,442.0647277832031,412.5937459309896,442.0647277832031,44947500,0.0,0.0
2008-08-14 00:00:00+07:00,434.697021484375,449.4325137380826,427.3292753575212,434.697021484375,38817500,0.0,0.0
2008-08-15 00:00:00+07:00,431.0130391935023,453.11627197265625,431.0130391935023,453.11627197265625,124050000,0.0,0.0
2008-08-19 00:00:00+07:00,438.38092041015625,456.8002868139444,438.38092041015625,438.38092041015625,71922500,0.0,0.0
2008-08-20 00:00:00+07:00,438.38092041015625,445.7486669716715,438.38092041015625,438.38092041015625,51162500,0.0,0.0
2008-08-21 00:00:00+07:00,434.697021484375,445.74864067465575,434.697021484375,434.697021484375,46097500,0.0,0.0
2008-08-22 00:00:00+07:00,431.01315307617193,442.0647723858173,431.01315307617193,431.0131530761719,27120000,0.0,0.0
2008-08-25 00:00:00+07:00,449.43255615234375,449.43255615234375,434.6970625080046,449.43255615234375,20980000,0.0,0.0
2008-08-26 00:00:00+07:00,434.697021484375,442.0647676112288,434.697021484375,434.697021484375,17255000,0.0,0.0
2008-08-27 00:00:00+07:00,434.69711106823337,456.8003540039063,434.69711106823337,456.8003540039063,104745000,0.0,0.0
2008-08-28 00:00:00+07:00,464.16796875000006,471.53571428571433,456.8002232142857,464.16796875,151962500,0.0,0.0
2008-08-29 00:00:00+07:00,467.851806640625,478.9034241203248,464.16793414739175,467.851806640625,89802500,0.0,0.0
2008-09-01 00:00:00+07:00,471.5358173076924,486.2713115985577,471.5358173076924,478.903564453125,150390000,0.0,0.0
2008-09-02 00:00:00+07:00,497.3228759765625,497.3228759765625,478.9035101996528,497.3228759765625,179015000,0.0,0.0
2008-09-03 00:00:00+07:00,486.2713928222656,497.323015386408,486.2713928222656,486.2713928222656,133635000,0.0,0.0
2008-09-04 00:00:00+07:00,478.903564453125,493.6390587439904,471.5358173076924,478.903564453125,25277500,0.0,0.0
2008-09-05 00:00:00+07:00,478.903564453125,489.9551851712741,460.4841965895433,478.903564453125,138822500,0.0,0.0
2008-09-08 00:00:00+07:00,482.5873413085937,501.0067054806775,478.903468474177,482.58734130859375,157897500,0.0,0.0
2008-09-09 00:00:00+07:00,486.2711958451705,486.2711958451705,442.0647234956096,445.7485961914063,92522500,0.0,0.0
2008-09-10 00:00:00+07:00,442.0647277832031,442.0647277832031,427.3292368570964,442.0647277832031,133175000,0.0,0.0
2008-09-11 00:00:00+07:00,423.6454772949219,442.064845872962,412.5938561480978,423.6454772949219,85605000,0.0,0.0
2008-09-12 00:00:00+07:00,423.6453821024764,423.6453821024764,397.858271887543,401.5421447753906,64500000,0.0,0.0
2008-09-15 00:00:00+07:00,390.4905395507813,401.5421585946713,386.8066665361512,390.4905395507813,209690000,0.0,0.0
2008-09-16 00:00:00+07:00,372.07115352046384,416.2776272060635,368.38728071333054,408.9098815917969,124852500,0.0,0.0
2008-09-17 00:00:00+07:00,416.2777404785156,423.6454880976044,412.59386666897126,416.2777404785156,63472500,0.0,0.0
2008-09-18 00:00:00+07:00,397.8583283971568,456.8003029745133,394.174454986072,449.43255615234375,91932500,0.0,0.0
2008-09-19 00:00:00+07:00,467.851806640625,478.9034241203248,456.8001891609252,467.851806640625,102670000,0.0,0.0
2008-09-22 00:00:00+07:00,478.903564453125,489.9551851712741,471.5358173076924,478.903564453125,157812500,0.0,0.0
2008-09-23 00:00:00+07:00,464.16796875000006,478.9034598214286,464.16796875000006,464.16796875,142892500,0.0,0.0
2008-09-24 00:00:00+07:00,445.7486255168915,478.90348196029663,445.7486255168915,471.5357360839844,34525000,0.0,0.0
2008-09-25 00:00:00+07:00,475.2195129394531,482.58725732611134,471.5356407461241,475.2195129394531,31022500,0.0,0.0
2008-09-26 00:00:00+07:00,467.851806640625,475.2195516270916,464.16793414739175,467.851806640625,54060000,0.0,0.0
2008-10-06 00:00:00+07:00,427.329315685835,478.903543441022,423.6454422747503,449.43255615234375,124347500,0.0,0.0
2008-10-07 00:00:00+07:00,449.43255615234375,471.5357966188525,434.6970625080046,449.43255615234375,44155000,0.0,0.0
2008-10-08 00:00:00+07:00,423.6454772949219,449.432593304178,423.6454772949219,423.6454772949219,38597500,0.0,0.0
2008-10-09 00:00:00+07:00,423.6454772949219,423.6454772949219,423.6454772949219,423.6454772949219,0,0.0,0.0
2008-10-10 00:00:00+07:00,423.6454772949219,423.6454772949219,423.6454772949219,423.6454772949219,0,0.0,0.0
2008-10-13 00:00:00+07:00,427.3292236328125,431.0130962503368,383.1227522225216,427.3292236328125,192295000,0.0,0.0
2008-10-14 00:00:00+07:00,434.6969542015256,467.851806640625,434.6969542015256,467.851806640625,158782500,0.0,0.0
2008-10-15 00:00:00+07:00,449.43255615234375,478.903543441022,445.74868274125896,449.43255615234375,104467500,0.0,0.0
2008-10-16 00:00:00+07:00,405.2261657714844,423.6455369429155,405.2261657714844,405.2261657714844,181937500,0.0,0.0
2008-10-17 00:00:00+07:00,412.5939190204328,412.5939190204328,379.43905052771936,383.1229248046875,174940000,0.0,0.0
2008-10-20 00:00:00+07:00,394.1744689941406,408.90996316214586,383.1228483681367,394.1744689941406,72260000,0.0,0.0
2008-10-21 00:00:00+07:00,412.5937805175781,423.6453996385847,405.2260344369071,412.5937805175781,52875000,0.0,0.0
2008-10-22 00:00:00+07:00,449.4325077848615,449.4325077848615,390.4905395507813,390.4905395507813,120320000,0.0,0.0
2008-10-23 00:00:00+07:00,368.3873542001314,397.858342536142,353.65186003212614,394.1744689941406,61472500,0.0,0.0
2008-10-24 00:00:00+07:00,383.1228052512887,383.1228052512887,357.335693359375,357.335693359375,43322500,0.0,0.0
2008-10-27 00:00:00+07:00,324.18084716796875,338.91634022105825,324.18084716796875,324.18084716796875,61052500,0.0,0.0
2008-10-28 00:00:00+07:00,324.1809172453704,327.86479130497685,294.70992476851853,298.393798828125,165315000,0.0,0.0
2008-10-29 00:00:00+07:00,324.18084716796875,327.8647204312411,316.813100641424,324.18084716796875,168795000,0.0,0.0
2008-10-30 00:00:00+07:00,309.44537353515625,353.65185546875,309.44537353515625,353.65185546875,123590000,0.0,0.0
2008-10-31 00:00:00+07:00,375.755125257704,412.5938630280672,368.3873777036314,397.8583679199219,140230000,0.0,0.0
2008-11-03 00:00:00+07:00,416.2777404785156,434.6971095262376,401.5422452403381,416.2777404785156,160672500,0.0,0.0
2008-11-04 00:00:00+07:00,405.2261657714844,427.3294111772017,386.8067946000533,405.2261657714844,69542500,0.0,0.0
2008-11-05 00:00:00+07:00,419.96154785156256,434.6970407586349,412.5938013980264,419.9615478515625,145075000,0.0,0.0
2008-11-06 00:00:00+07:00,408.9098815917969,412.59375439893023,383.1227719418638,408.9098815917969,51927500,0.0,0.0
2008-11-07 00:00:00+07:00,423.6454772949219,431.01322472613793,397.85836128566575,423.6454772949219,53990000,0.0,0.0
2008-11-10 00:00:00+07:00,427.3292236328125,442.06471410290953,419.961478397764,427.3292236328125,30482500,0.0,0.0
2008-11-11 00:00:00+07:00,427.3292236328125,427.3292236328125,412.5937331627155,427.3292236328125,43417500,0.0,0.0
2008-11-12 00:00:00+07:00,423.6454772949219,427.32935101052993,419.9616035793139,423.6454772949219,39960000,0.0,0.0
2008-11-13 00:00:00+07:00,401.5421447753907,427.329254990324,394.1743989996954,401.5421447753906,56485000,0.0,0.0
2008-11-14 00:00:00+07:00,427.3292236328125,427.3292236328125,405.2259879276671,427.3292236328125,33582500,0.0,0.0
2008-11-17 00:00:00+07:00,401.5421447753907,423.6453821024764,390.49052611184777,401.5421447753906,58050000,0.0,0.0
2008-11-18 00:00:00+07:00,386.80670166015625,386.80670166015625,368.3873349144345,386.80670166015625,96530000,0.0,0.0
2008-11-19 00:00:00+07:00,405.2261657714844,405.2261657714844,372.0712976629084,405.2261657714844,93797500,0.0,0.0
2008-11-20 00:00:00+07:00,397.8583679199219,397.8583679199219,379.43899903474033,397.8583679199219,92990000,0.0,0.0
2008-11-21 00:00:00+07:00,379.4389953613281,379.4389953613281,361.0196266544676,379.4389953613281,186787500,0.0,0.0
2008-11-24 00:00:00+07:00,386.80670166015625,386.80670166015625,372.0712082635789,386.80670166015625,53637500,0.0,0.0
2008-11-25 00:00:00+07:00,390.4905395507813,397.8582855800413,383.12279352152126,390.4905395507813,50435000,0.0,0.0
2008-11-26 00:00:00+07:00,401.5421447753907,401.5421447753907,386.8066532240002,401.5421447753906,67052500,0.0,0.0
2008-11-27 00:00:00+07:00,397.8583679199219,412.5938630280672,386.806746588813,397.8583679199219,75300000,0.0,0.0
2008-11-28 00:00:00+07:00,412.5938630280672,412.5938630280672,386.806746588813,397.8583679199219,82652500,0.0,0.0
2008-12-01 00:00:00+07:00,397.8583679199219,412.5938630280672,383.12287281177663,397.8583679199219,79042500,0.0,0.0
2008-12-02 00:00:00+07:00,394.1744689941406,397.858342536142,372.0712277421328,394.1744689941406,52512500,0.0,0.0
2008-12-03 00:00:00+07:00,394.1744689941406,401.5422160781432,394.1744689941406,394.1744689941406,31577500,0.0,0.0
2008-12-04 00:00:00+07:00,405.2261657714844,419.9616627086293,397.858417302912,405.2261657714844,79845000,0.0,0.0
2008-12-05 00:00:00+07:00,412.5937805175781,412.5937805175781,397.8582883562361,412.5937805175781,56612500,0.0,0.0
2008-12-09 00:00:00+07:00,438.38092041015625,442.0647936909139,416.2776807256106,438.38092041015625,133162500,0.0,0.0
2008-12-10 00:00:00+07:00,431.01315307617193,445.74864548903247,431.01315307617193,431.0131530761719,82747500,0.0,0.0
2008-12-11 00:00:00+07:00,438.38092041015625,449.43254025242913,427.3293005678834,438.38092041015625,128255000,0.0,0.0
2008-12-12 00:00:00+07:00,434.69699124173,434.69699124173,408.9098815917969,408.9098815917969,37400000,0.0,0.0
2008-12-15 00:00:00+07:00,416.2776227678572,464.16796875000006,416.2776227678572,464.16796875,136477500,0.0,0.0
2008-12-16 00:00:00+07:00,456.8003540039063,460.4842278265184,445.7487325360698,456.8003540039063,55522500,0.0,0.0
2008-12-17 00:00:00+07:00,471.5357360839844,471.5357360839844,456.8002443313599,471.5357360839844,99505000,0.0,0.0
2008-12-18 00:00:00+07:00,471.5357360839844,475.2196090221405,464.1679902076721,471.5357360839844,26702500,0.0,0.0
2008-12-19 00:00:00+07:00,471.5357360839844,478.90348196029663,464.1679902076721,471.5357360839844,49090000,0.0,0.0
2008-12-22 00:00:00+07:00,471.5357360839844,478.90348196029663,460.484117269516,471.5357360839844,58557500,0.0,0.0
2008-12-23 00:00:00+07:00,471.5357360839844,475.2196090221405,467.85186314582825,471.5357360839844,20405000,0.0,0.0
2008-12-24 00:00:00+07:00,464.16796875000006,478.9034598214286,464.16796875000006,464.16796875,23512500,0.0,0.0
2008-12-30 00:00:00+07:00,478.903564453125,489.9551851712741,471.5358173076924,478.903564453125,34487500,0.0,0.0
2008-12-31 00:00:00+07:00,478.903564453125,478.903564453125,478.903564453125,478.903564453125,0,0.0,0.0
2009-01-05 00:00:00+07:00,515.742431640625,515.742431640625,478.9036865234375,515.742431640625,76682500,0.0,0.0
2009-01-06 00:00:00+07:00,515.742431640625,545.2134277343749,508.3746826171875,515.742431640625,86082500,0.0,0.0
2009-01-07 00:00:00+07:00,526.7938612196181,526.7938612196181,464.168017578125,497.3228759765625,65045000,0.0,0.0
2009-01-08 00:00:00+07:00,460.4841613769531,471.53578125,456.8002880859376,460.4841613769531,53797500,0.0,0.0
2009-01-09 00:00:00+07:00,442.0647277832031,464.16796417236327,438.38085505167646,442.0647277832031,59930000,0.0,0.0
2009-01-12 00:00:00+07:00,431.01315307617193,449.4325185922476,427.3292799729568,431.0131530761719,101640000,0.0,0.0
2009-01-13 00:00:00+07:00,434.697021484375,445.74864067465575,419.9615292306674,434.697021484375,136737500,0.0,0.0
2009-01-14 00:00:00+07:00,431.01315307617193,442.0647723858173,427.3292799729568,431.0131530761719,74107500,0.0,0.0
2009-01-15 00:00:00+07:00,408.9098815917969,419.9615000131968,401.5421359775303,408.9098815917969,85305000,0.0,0.0
2009-01-16 00:00:00+07:00,417.8641142003676,443.98062133789057,414.1331846092929,443.9806213378906,62925000,7.0,0.0
2009-01-19 00:00:00+07:00,436.518798828125,451.4425184461805,421.5950792100695,436.518798828125,76727500,0.0,0.0
2009-01-20 00:00:00+07:00,440.2496948242188,440.2496948242188,414.13318750413794,440.2496948242188,52827500,0.0,0.0
2009-01-21 00:00:00+07:00,410.40240478515625,432.78799050071024,406.671473832564,410.40240478515625,192397500,0.0,0.0
2009-01-22 00:00:00+07:00,410.40240478515625,421.5951976429332,402.9405428799716,410.40240478515625,79192500,0.0,0.0
2009-01-23 00:00:00+07:00,414.1331481933594,414.1331481933594,402.9403604043496,414.1331481933594,26167500,0.0,0.0
2009-01-27 00:00:00+07:00,421.59521484375,421.59521484375,410.40242152931415,421.59521484375,18065000,0.0,0.0
2009-01-28 00:00:00+07:00,410.40240478515625,425.3261285955256,410.40240478515625,410.40240478515625,33757500,0.0,0.0
2009-01-29 00:00:00+07:00,410.40240478515625,417.8642666903409,402.9405428799716,410.40240478515625,80987500,0.0,0.0
2009-01-30 00:00:00+07:00,410.40240478515625,414.13333573774855,402.9405428799716,410.40240478515625,27947500,0.0,0.0
2009-02-02 00:00:00+07:00,410.40240478515625,414.13333573774855,402.9405428799716,410.40240478515625,44225000,0.0,0.0
2009-02-03 00:00:00+07:00,414.1331481933594,414.1331481933594,406.6712896673529,414.1331481933594,28272500,0.0,0.0
2009-02-04 00:00:00+07:00,421.59521484375,421.59521484375,410.40242152931415,421.59521484375,38587500,0.0,0.0
2009-02-05 00:00:00+07:00,414.1331481933594,417.8640774563626,410.4022189303561,414.1331481933594,32047500,0.0,0.0
2009-02-06 00:00:00+07:00,414.1331481933594,425.32593598236906,406.6712896673529,414.1331481933594,71415000,0.0,0.0
2009-02-09 00:00:00+07:00,410.40240478515625,417.8642666903409,402.9405428799716,410.40240478515625,29632500,0.0,0.0
2009-02-10 00:00:00+07:00,395.4786071777344,406.6713979469156,391.7476769213407,395.4786071777344,54927500,0.0,0.0
2009-02-11 00:00:00+07:00,384.2858276367188,391.7476883675288,369.3621061750986,384.2858276367188,89625000,0.0,0.0
2009-02-12 00:00:00+07:00,391.7477416992188,399.2096034458705,380.55494907924106,391.7477416992188,67057500,0.0,0.0
2009-02-13 00:00:00+07:00,395.4786071777344,402.9404676905218,388.0167466649469,395.4786071777344,58085000,0.0,0.0
2009-02-16 00:00:00+07:00,399.2095642089844,399.2095642089844,391.7477031957324,399.2095642089844,23660000,0.0,0.0
2009-02-17 00:00:00+07:00,376.8240051269531,395.4786588461092,373.0930743831219,376.8240051269531,81940000,0.0,0.0
2009-02-18 00:00:00+07:00,380.554931640625,384.2858623429841,365.6312088311888,380.554931640625,92457500,0.0,0.0
2009-02-19 00:00:00+07:00,384.2858276367188,391.7476883675288,380.5548972713137,384.2858276367188,61772500,0.0,0.0
2009-02-20 00:00:00+07:00,365.6311950683594,384.2858478779696,365.6311950683594,365.6311950683594,86685000,0.0,0.0
2009-02-23 00:00:00+07:00,373.0930786132813,376.824009399414,369.3621478271484,373.0930786132813,46760000,0.0,0.0
2009-02-24 00:00:00+07:00,365.6311950683594,376.8239867541255,361.9002645064373,365.6311950683594,34192500,0.0,0.0
2009-02-25 00:00:00+07:00,373.09297602227394,376.82390578249664,350.7073974609375,350.7073974609375,134747500,0.0,0.0
2009-02-26 00:00:00+07:00,358.1693115234375,358.1693115234375,343.24559020996094,358.1693115234375,203025000,0.0,0.0
2009-02-27 00:00:00+07:00,350.7073974609375,358.16925698138294,346.97646770071475,350.7073974609375,109212500,0.0,0.0
2009-03-02 00:00:00+07:00,343.2455749511719,354.4383654387101,343.2455749511719,343.2455749511719,55142500,0.0,0.0
2009-03-03 00:00:00+07:00,339.5146598815918,361.9002418518066,339.5146598815918,358.1693115234375,70262500,0.0,0.0
2009-03-04 00:00:00+07:00,358.16931507888347,388.01675800212377,354.43838471347846,384.2858276367188,159980000,0.0,0.0
2009-03-05 00:00:00+07:00,388.016845703125,395.4787081204928,384.2859144944411,388.016845703125,148077500,0.0,0.0
2009-03-06 00:00:00+07:00,384.2858276367188,391.7476883675288,376.8239669059087,384.2858276367188,34262500,0.0,0.0
2009-03-10 00:00:00+07:00,402.9405517578125,402.9405517578125,384.2858965838397,402.9405517578125,116147500,0.0,0.0
2009-03-11 00:00:00+07:00,417.86419677734375,417.86419677734375,406.6714057922363,417.86419677734375,133940000,0.0,0.0
2009-03-12 00:00:00+07:00,410.40240478515625,417.8642666903409,402.9405428799716,410.40240478515625,47527500,0.0,0.0
2009-03-13 00:00:00+07:00,421.59521484375,425.326145948562,414.1333526341261,421.59521484375,105687500,0.0,0.0
2009-03-16 00:00:00+07:00,421.59521484375,429.0570770533739,417.86428373893807,421.59521484375,36767500,0.0,0.0
2009-03-17 00:00:00+07:00,425.3260498046875,425.3260498046875,410.402328758909,425.3260498046875,123345000,0.0,0.0
2009-03-18 00:00:00+07:00,417.86419677734375,429.0569877624512,410.4023361206055,417.86419677734375,63062500,0.0,0.0
2009-03-19 00:00:00+07:00,421.5950792100695,440.24972873263886,417.86414930555554,436.518798828125,130515000,0.0,0.0
2009-03-20 00:00:00+07:00,440.2496948242188,443.9806244413731,432.78783558991,440.2496948242188,48397500,0.0,0.0
2009-03-23 00:00:00+07:00,455.1734619140625,458.9043919297515,440.2497418513064,455.1734619140625,68005000,0.0,0.0
2009-03-24 00:00:00+07:00,466.3662414550782,470.0971713867188,458.9043815917969,466.3662414550781,147035000,0.0,0.0
2009-03-25 00:00:00+07:00,470.09716796875,477.55902777777777,462.63530815972223,470.09716796875,60182500,0.0,0.0
2009-03-27 00:00:00+07:00,473.8280334472656,485.0208216389333,470.097104050043,473.8280334472656,37627500,0.0,0.0
2009-03-30 00:00:00+07:00,458.90435791015625,477.559006605691,447.7115686928353,458.90435791015625,56115000,0.0,0.0
2009-03-31 00:00:00+07:00,462.6353759765625,477.5590977822581,458.9044455251386,462.6353759765625,109097500,0.0,0.0
2009-04-01 00:00:00+07:00,473.8280334472656,481.28989224171073,462.6352452555979,473.8280334472656,46275000,0.0,0.0
2009-04-02 00:00:00+07:00,488.7517700195313,488.7517700195313,473.8280518509959,488.7517700195313,157330000,0.0,0.0
2009-04-03 00:00:00+07:00,473.8280334472656,499.9445392278236,473.8280334472656,473.8280334472656,109970000,0.0,0.0
2009-04-06 00:00:00+07:00,481.2898559570312,492.4826433048692,470.0970686091933,481.2898559570313,75302500,0.0,0.0
2009-04-07 00:00:00+07:00,477.55902099609375,485.02088069915766,470.0971612930298,477.55902099609375,82950000,0.0,0.0
2009-04-08 00:00:00+07:00,455.1734619140625,481.28997202388575,451.44253189837343,455.1734619140625,84190000,0.0,0.0
2009-04-09 00:00:00+07:00,455.1734619140625,455.1734619140625,455.1734619140625,455.1734619140625,0,0.0,0.0
2009-04-13 00:00:00+07:00,481.2898559570312,481.2898559570312,466.3661394932473,481.2898559570313,47767500,0.0,0.0
2009-04-14 00:00:00+07:00,499.9445495605469,507.40640850921176,477.5589727145523,499.9445495605469,253475000,0.0,0.0
2009-04-15 00:00:00+07:00,503.6755676269531,511.1374278880932,488.75184710467306,503.6755676269531,84102500,0.0,0.0
2009-04-16 00:00:00+07:00,518.5994262695312,522.3303573937725,507.40663289680754,518.5994262695312,137757500,0.0,0.0
2009-04-17 00:00:00+07:00,518.5992896873635,540.9848705371777,518.5992896873635,533.5230102539062,132667500,0.0,0.0
2009-04-20 00:00:00+07:00,526.0611572265625,533.5230176127549,514.868366647274,526.0611572265625,55837500,0.0,0.0
2009-04-22 00:00:00+07:00,511.1374206542969,526.0611409653712,511.1374206542969,511.1374206542969,56322500,0.0,0.0
2009-04-23 00:00:00+07:00,499.9445495605469,507.40640850921176,496.21362008621446,499.9445495605469,28497500,0.0,0.0
2009-04-24 00:00:00+07:00,507.4065856933594,518.5993780248306,499.94472413904526,507.4065856933594,30782500,0.0,0.0
2009-04-27 00:00:00+07:00,481.2898559570312,499.9445015367611,477.5589268410852,481.2898559570313,22857500,0.0,0.0
2009-04-28 00:00:00+07:00,496.2136840820313,518.5992638150552,481.28996426001527,496.2136840820313,41195000,0.0,0.0
2009-04-29 00:00:00+07:00,496.2136840820313,507.4064739485432,496.2136840820313,496.2136840820313,40405000,0.0,0.0
2009-04-30 00:00:00+07:00,499.9445495605469,522.3301264065416,499.9445495605469,499.9445495605469,72955000,0.0,0.0
2009-05-01 00:00:00+07:00,518.5994262695312,522.3303573937725,507.40663289680754,518.5994262695312,40085000,0.0,0.0
2009-05-04 00:00:00+07:00,529.7919311523438,533.5228602449658,511.137285689233,529.7919311523438,96350000,0.0,0.0
2009-05-05 00:00:00+07:00,522.330322265625,537.2540457589286,503.6756678989955,522.330322265625,94617500,0.0,0.0
2009-05-06 00:00:00+07:00,507.4065856933594,522.3303088019876,507.4065856933594,507.4065856933594,79777500,0.0,0.0
2009-05-07 00:00:00+07:00,499.9445495605469,526.0610558808739,499.9445495605469,499.9445495605469,75292500,0.0,0.0
2009-05-08 00:00:00+07:00,499.9445495605469,507.40640850921176,496.21362008621446,499.9445495605469,50752500,0.0,0.0
2009-05-11 00:00:00+07:00,503.6755299568176,511.13738965988153,477.55902099609375,477.55902099609375,110172500,0.0,0.0
2009-05-12 00:00:00+07:00,481.2898559570312,485.0207850729772,466.3661394932473,481.2898559570313,134105000,0.0,0.0
2009-05-13 00:00:00+07:00,485.0209045410156,496.2136946458083,473.82811443622296,485.0209045410156,91475000,0.0,0.0
2009-05-14 00:00:00+07:00,485.0209045410156,485.0209045410156,470.09718440129205,485.0209045410156,30230000,0.0,0.0
2009-05-15 00:00:00+07:00,485.0209045410156,492.4827646108774,477.5590444711538,485.0209045410156,43685000,0.0,0.0
2009-05-18 00:00:00+07:00,499.9445495605469,511.1373379835442,473.8280432402198,499.9445495605469,62312500,0.0,0.0
2009-05-19 00:00:00+07:00,522.330322265625,522.330322265625,507.40659877232144,522.330322265625,66137500,0.0,0.0
2009-05-20 00:00:00+07:00,526.0611572265625,529.7920874196587,514.868366647274,526.0611572265625,91387500,0.0,0.0
2009-05-21 00:00:00+07:00,526.0611572265625,526.0611572265625,526.0611572265625,526.0611572265625,0,0.0,0.0
2009-05-22 00:00:00+07:00,518.5994262695312,522.3303573937725,507.40663289680754,518.5994262695312,33907500,0.0,0.0
2009-05-25 00:00:00+07:00,518.5994262695312,526.0612885180137,514.86849514529,518.5994262695312,13902500,0.0,0.0
2009-05-26 00:00:00+07:00,503.6755676269531,526.0611484103732,499.9446374963831,503.6755676269531,32370000,0.0,0.0
2009-05-27 00:00:00+07:00,514.8684692382812,518.5994001747906,507.4066073652627,514.8684692382812,35222500,0.0,0.0
2009-05-28 00:00:00+07:00,514.8684692382812,514.8684692382812,507.4066073652627,514.8684692382812,21730000,0.0,0.0
2009-05-29 00:00:00+07:00,503.6755676269531,522.3302182798033,492.4827772352431,503.6755676269531,124640000,0.0,0.0
2009-06-01 00:00:00+07:00,511.1374206542969,514.8683507320654,503.67556049875975,511.1374206542969,84995000,0.0,0.0
2009-06-02 00:00:00+07:00,529.7919311523438,540.9847184302101,514.8682147818552,529.7919311523438,177885000,0.0,0.0
2009-06-03 00:00:00+07:00,526.0611572265625,537.2539478058511,518.5992968403701,526.0611572265625,81915000,0.0,0.0
2009-06-04 00:00:00+07:00,533.5230102539062,537.253940395542,522.3302198289991,533.5230102539062,99930000,0.0,0.0
2009-06-05 00:00:00+07:00,555.9085083007812,563.3703674726038,529.7920011994022,555.9085083007812,243815000,0.0,0.0
2009-06-08 00:00:00+07:00,570.8322143554688,578.2940733666513,559.6394258386948,570.8322143554688,164275000,0.0,0.0
2009-06-09 00:00:00+07:00,593.2178955078125,593.2178955078125,570.8323145452536,593.2178955078125,174617500,0.0,0.0
2009-06-10 00:00:00+07:00,591.70068359375,610.6654490935497,568.9429649939904,591.70068359375,144150000,13.0,0.0
2009-06-11 00:00:00+07:00,587.9076538085938,591.7006064138105,580.3217485981603,587.9076538085938,58922500,0.0,0.0
2009-06-12 00:00:00+07:00,584.11474609375,587.9076989904627,572.7358874036121,584.11474609375,112405000,0.0,0.0
2009-06-15 00:00:00+07:00,584.11474609375,587.9076989904627,580.3217931970373,584.11474609375,105737500,0.0,0.0
2009-06-16 00:00:00+07:00,576.5287475585938,576.5287475585938,565.1498906988846,576.5287475585938,44185000,0.0,0.0
2009-06-17 00:00:00+07:00,572.7358966107134,572.7358966107134,542.3922729492188,542.3922729492188,119712500,0.0,0.0
2009-06-18 00:00:00+07:00,534.8062744140625,546.1851313164893,523.4274175116357,534.8062744140625,93282500,0.0,0.0
2009-06-19 00:00:00+07:00,534.8062744140625,542.3921790156804,527.2203698124446,534.8062744140625,39070000,0.0,0.0
2009-06-22 00:00:00+07:00,553.7711181640625,553.7711181640625,534.8063538433754,553.7711181640625,34227500,0.0,0.0
2009-06-23 00:00:00+07:00,542.3922729492188,546.1852259069055,527.2204611184713,542.3922729492188,55547500,0.0,0.0
2009-06-24 00:00:00+07:00,553.7711181640625,553.7711181640625,546.1852124357877,553.7711181640625,68552500,0.0,0.0
2009-06-25 00:00:00+07:00,580.3217163085938,580.3217163085938,553.771049549377,580.3217163085938,137437500,0.0,0.0
2009-06-26 00:00:00+07:00,538.5993041992188,561.3570212780589,527.2204456597987,538.5993041992188,304050000,0.0,0.0
2009-06-29 00:00:00+07:00,534.8062744140625,549.9780836172984,531.0133221132536,534.8062744140625,99202500,0.0,0.0
2009-06-30 00:00:00+07:00,534.8062744140625,542.3921790156804,527.2203698124446,534.8062744140625,71202500,0.0,0.0
2009-07-01 00:00:00+07:00,546.185302734375,549.9782562255859,531.0134887695312,546.185302734375,114495000,0.0,0.0
2009-07-02 00:00:00+07:00,549.9782116781146,572.7359307820365,549.9782116781146,565.1500244140625,330582500,0.0,0.0
2009-07-03 00:00:00+07:00,549.9782104492188,565.1500231512662,549.9782104492188,549.9782104492188,90715000,0.0,0.0
2009-07-06 00:00:00+07:00,538.5993041992188,553.7711155851122,534.8063513527453,538.5993041992188,43245000,0.0,0.0
2009-07-07 00:00:00+07:00,546.185302734375,549.9782562255859,538.5993957519531,546.185302734375,102945000,0.0,0.0
2009-07-08 00:00:00+07:00,546.185302734375,546.185302734375,546.185302734375,546.185302734375,0,0.0,0.0
2009-07-09 00:00:00+07:00,546.185302734375,561.3571166992188,542.3923492431641,546.185302734375,130030000,0.0,0.0
2009-07-10 00:00:00+07:00,546.1851313164893,549.9780836172984,534.8062744140625,534.8062744140625,50347500,0.0,0.0
2009-07-13 00:00:00+07:00,534.8062744140625,546.1851313164893,519.6344652108266,534.8062744140625,77227500,0.0,0.0
2009-07-14 00:00:00+07:00,534.8062744140625,546.1851313164893,531.0133221132536,534.8062744140625,50065000,0.0,0.0
2009-07-15 00:00:00+07:00,565.1500244140625,565.1500244140625,534.8063989421665,565.1500244140625,136127500,0.0,0.0
2009-07-16 00:00:00+07:00,576.5287475585938,584.1146521317331,568.9428429854544,576.5287475585938,149990000,0.0,0.0
2009-07-17 00:00:00+07:00,561.3570556640625,576.5288679793074,557.5641025852512,561.3570556640625,136840000,0.0,0.0
2009-07-20 00:00:00+07:00,561.3570556640625,561.3570556640625,561.3570556640625,561.3570556640625,0,0.0,0.0
2009-07-21 00:00:00+07:00,561.3570556640625,572.7359149004963,549.9781964276287,561.3570556640625,168640000,0.0,0.0
2009-07-22 00:00:00+07:00,546.185302734375,561.3571166992188,542.3923492431641,546.185302734375,101367500,0.0,0.0
2009-07-23 00:00:00+07:00,561.3570556640625,561.3570556640625,546.1852433488176,561.3570556640625,73280000,0.0,0.0
2009-07-24 00:00:00+07:00,561.3570556640625,568.942961821685,557.5641025852512,561.3570556640625,125932500,0.0,0.0
2009-07-27 00:00:00+07:00,561.3570556640625,568.942961821685,553.77114950644,561.3570556640625,69055000,0.0,0.0
2009-07-28 00:00:00+07:00,561.3570556640625,565.1500087428738,557.5641025852512,561.3570556640625,171927500,0.0,0.0
2009-07-29 00:00:00+07:00,553.7711181640625,565.1499767564748,549.9781652999251,553.7711181640625,45522500,0.0,0.0
2009-07-30 00:00:00+07:00,565.1500244140625,568.9429775980495,557.5641180460885,565.1500244140625,154247500,0.0,0.0
2009-07-31 00:00:00+07:00,572.73583984375,576.5287924254967,565.1499346802566,572.73583984375,190452500,0.0,0.0
2009-08-03 00:00:00+07:00,584.11474609375,587.9076989904627,572.7358874036121,584.11474609375,78417500,0.0,0.0
2009-08-04 00:00:00+07:00,595.4935913085938,599.2865441194765,584.1147328759455,595.4935913085938,117150000,0.0,0.0
2009-08-05 00:00:00+07:00,610.6654052734375,610.6654052734375,595.4935939622961,610.6654052734375,156017500,0.0,0.0
2009-08-06 00:00:00+07:00,633.4231567382812,633.4231567382812,610.6654385321154,633.4231567382812,126982500,0.0,0.0
2009-08-07 00:00:00+07:00,625.8373413085938,633.4232484759707,625.8373413085938,625.8373413085938,33302500,0.0,0.0
2009-08-10 00:00:00+07:00,641.0091552734375,641.0091552734375,625.837340947439,641.0091552734375,48535000,0.0,0.0
2009-08-11 00:00:00+07:00,667.559814453125,671.3527679443359,641.0091400146484,667.559814453125,89407500,0.0,0.0
2009-08-12 00:00:00+07:00,659.9738614297327,659.9738614297327,641.0090952966943,656.180908203125,83232500,0.0,0.0
2009-08-13 00:00:00+07:00,656.180908203125,671.3527211095555,652.3879549765173,656.180908203125,21430000,0.0,0.0
2009-08-14 00:00:00+07:00,659.973876953125,659.973876953125,648.5950170056574,659.973876953125,42775000,0.0,0.0
2009-08-18 00:00:00+07:00,633.4231567382812,637.2161097726422,625.8372506695594,633.4231567382812,70377500,0.0,0.0
2009-08-19 00:00:00+07:00,637.2160034179688,648.594860621861,629.6300986153739,637.2160034179688,82472500,0.0,0.0
2009-08-20 00:00:00+07:00,641.0091552734375,644.8021088549372,637.2162016919378,641.0091552734375,31722500,0.0,0.0
2009-08-21 00:00:00+07:00,656.180908203125,656.180908203125,644.802048523302,656.180908203125,26595000,0.0,0.0
2009-08-24 00:00:00+07:00,652.3880615234375,671.3528307537699,644.8021538313045,652.3880615234375,25527500,0.0,0.0
2009-08-25 00:00:00+07:00,648.59521484375,659.9740782620614,644.8022603709795,648.59521484375,37687500,0.0,0.0
2009-08-26 00:00:00+07:00,659.973876953125,659.973876953125,644.8020636898348,659.973876953125,44412500,0.0,0.0
2009-08-27 00:00:00+07:00,656.180908203125,659.9738614297327,644.802048523302,656.180908203125,47247500,0.0,0.0
2009-08-28 00:00:00+07:00,659.973876953125,659.973876953125,648.5950170056574,659.973876953125,23142500,0.0,0.0
2009-08-31 00:00:00+07:00,644.8020629882812,659.9738762350644,644.8020629882812,644.8020629882812,33407500,0.0,0.0
2009-09-01 00:00:00+07:00,663.7667236328125,671.3526290457589,648.5949128069196,663.7667236328125,63022500,0.0,0.0
2009-09-02 00:00:00+07:00,648.59521484375,659.9740782620614,637.2163514254386,648.59521484375,51055000,0.0,0.0
2009-09-03 00:00:00+07:00,648.59521484375,656.181123789291,637.2163514254386,648.59521484375,47240000,0.0,0.0
2009-09-04 00:00:00+07:00,648.59521484375,652.3881693165205,644.8022603709795,648.59521484375,9780000,0.0,0.0
2009-09-07 00:00:00+07:00,667.559814453125,671.3527679443359,652.3880004882812,667.559814453125,23210000,0.0,0.0
2009-09-08 00:00:00+07:00,667.559814453125,671.3527679443359,659.9739074707031,667.559814453125,27137500,0.0,0.0
2009-09-09 00:00:00+07:00,678.9385986328125,678.9385986328125,667.5597394378491,678.9385986328125,58807500,0.0,0.0
2009-09-10 00:00:00+07:00,682.7316284179688,686.5245819091797,678.9386749267578,682.7316284179688,26837500,0.0,0.0
2009-09-11 00:00:00+07:00,671.3526000976562,682.73145772643,663.766695011807,671.3526000976562,28032500,0.0,0.0
2009-09-14 00:00:00+07:00,652.3880615234375,663.7669230616369,648.595107677371,652.3880615234375,46397500,0.0,0.0
2009-09-15 00:00:00+07:00,659.973876953125,671.3527369005927,648.5950170056574,659.973876953125,52265000,0.0,0.0
2009-09-16 00:00:00+07:00,663.7667236328125,671.3526290457589,656.1808182198661,663.7667236328125,33842500,0.0,0.0
2009-09-17 00:00:00+07:00,667.559887035473,705.4894260715794,667.559887035473,701.6964721679688,96955000,0.0,0.0
2009-09-24 00:00:00+07:00,728.2470092773438,735.8329156239828,713.0751965840658,728.2470092773438,96397500,0.0,0.0
2009-09-25 00:00:00+07:00,694.1103515625,713.0751152663934,690.3173988217213,694.1103515625,57715000,0.0,0.0
2009-09-28 00:00:00+07:00,675.145751953125,705.4893812543891,675.145751953125,675.145751953125,33472500,0.0,0.0
2009-09-29 00:00:00+07:00,690.3172607421875,694.1102127242874,678.9384047958877,690.3172607421875,35802500,0.0,0.0
2009-09-30 00:00:00+07:00,701.6964721679688,705.4894260715794,686.5246565535261,701.6964721679688,55632500,0.0,0.0
2009-10-01 00:00:00+07:00,732.0397338867188,735.832685875769,705.4890699633662,732.0397338867188,93842500,0.0,0.0
2009-10-02 00:00:00+07:00,724.4542610999382,834.4499342512377,716.8683526067451,766.1767578125,53040000,0.0,0.0
2009-10-05 00:00:00+07:00,758.5906982421875,758.5906982421875,735.8329772949219,758.5906982421875,71345000,0.0,0.0
2009-10-06 00:00:00+07:00,788.9344482421875,811.6921727107122,758.590815617488,788.9344482421875,85385000,0.0,0.0
2009-10-07 00:00:00+07:00,796.520249420011,811.6920636946779,735.8329923213436,747.2118530273438,123442500,0.0,0.0
2009-10-08 00:00:00+07:00,713.0751342773438,743.4187570125499,709.282181435443,713.0751342773438,195182500,0.0,0.0
2009-10-09 00:00:00+07:00,720.6609497070312,724.4539020739104,709.2820926063939,720.6609497070312,213927500,0.0,0.0
2009-10-12 00:00:00+07:00,716.8681030273438,720.6610559534143,705.489244249132,716.8681030273438,44470000,0.0,0.0
2009-10-13 00:00:00+07:00,720.6609497070312,732.0398068076686,713.0750449732731,720.6609497070312,106370000,0.0,0.0
2009-10-14 00:00:00+07:00,728.2470092773438,735.8329156239828,724.4540561040243,728.2470092773438,146687500,0.0,0.0
2009-10-15 00:00:00+07:00,724.4540405273438,739.6258528944085,716.8681343438113,724.4540405273438,119725000,0.0,0.0
2009-10-16 00:00:00+07:00,713.0751342773438,720.6610399611453,709.282181435443,713.0751342773438,93432500,0.0,0.0
2009-10-19 00:00:00+07:00,728.2470092773438,728.2470092773438,709.2822434107462,728.2470092773438,61132500,0.0,0.0
2009-10-20 00:00:00+07:00,724.4540405273438,732.039946710876,716.8681343438113,724.4540405273438,59992500,0.0,0.0
2009-10-21 00:00:00+07:00,724.4540405273438,728.24699361911,713.0751812520451,724.4540405273438,36295000,0.0,0.0
2009-10-22 00:00:00+07:00,724.4540405273438,728.24699361911,713.0751812520451,724.4540405273438,73320000,0.0,0.0
2009-10-23 00:00:00+07:00,724.4540405273438,728.24699361911,716.8681343438113,724.4540405273438,91627500,0.0,0.0
2009-10-26 00:00:00+07:00,724.4540405273438,724.4540405273438,716.8681343438113,724.4540405273438,30062500,0.0,0.0
2009-10-27 00:00:00+07:00,713.0751342773438,720.6610399611453,705.4892285935422,713.0751342773438,50915000,0.0,0.0
2009-10-28 00:00:00+07:00,697.9033813476562,713.0751939856488,694.1104281881582,697.9033813476562,59547500,0.0,0.0
2009-10-29 00:00:00+07:00,694.1103515625,694.1103515625,637.2160604508197,694.1103515625,223947500,0.0,0.0
2009-10-30 00:00:00+07:00,694.1103515625,705.489209784836,690.3173988217213,694.1103515625,113667500,0.0,0.0
2009-11-02 00:00:00+07:00,697.9033813476562,701.6963345071545,678.9386155501657,697.9033813476562,45822500,0.0,0.0
2009-11-03 00:00:00+07:00,690.3172607421875,705.4890686705872,690.3172607421875,690.3172607421875,53547500,0.0,0.0
2009-11-04 00:00:00+07:00,697.9033813476562,701.6963345071545,686.5245218691618,697.9033813476562,30787500,0.0,0.0
2009-11-05 00:00:00+07:00,697.9033813476562,701.6963345071545,686.5245218691618,697.9033813476562,16727500,0.0,0.0
2009-11-06 00:00:00+07:00,716.8681030273438,716.8681030273438,701.6962913230614,716.8681030273438,37420000,0.0,0.0
2009-11-09 00:00:00+07:00,716.8681030273438,724.454008879485,713.0751501012732,716.8681030273438,24652500,0.0,0.0
2009-11-10 00:00:00+07:00,720.6609497070312,728.2468544407895,716.8679973401522,720.6609497070312,50455000,0.0,0.0
2009-11-11 00:00:00+07:00,713.0751342773438,724.453992803046,713.0751342773438,713.0751342773438,41377500,0.0,0.0
2009-11-12 00:00:00+07:00,728.2470092773438,728.2470092773438,716.8681497573853,728.2470092773438,24725000,0.0,0.0
2009-11-13 00:00:00+07:00,726.7171630859375,734.3668174342105,722.892335911801,726.7171630859375,15125000,8.0,0.0
2009-11-16 00:00:00+07:00,722.8922729492188,730.5419266312211,722.8922729492188,722.8922729492188,38250000,0.0,0.0
2009-11-17 00:00:00+07:00,730.5419311523438,734.3667580170157,722.8922774229999,730.5419311523438,52965000,0.0,0.0
2009-11-18 00:00:00+07:00,722.8922729492188,730.5419266312211,722.8922729492188,722.8922729492188,20322500,0.0,0.0
2009-11-19 00:00:00+07:00,719.0674438476562,726.71709750561,715.2426170186793,719.0674438476562,21455000,0.0,0.0
2009-11-20 00:00:00+07:00,719.0674438476562,726.71709750561,715.2426170186793,719.0674438476562,12230000,0.0,0.0
2009-11-23 00:00:00+07:00,711.4176635742188,722.8921420189643,707.5928374259703,711.4176635742188,36412500,0.0,0.0
2009-11-24 00:00:00+07:00,711.4176635742188,722.8921420189643,711.4176635742188,711.4176635742188,32052500,0.0,0.0
2009-11-25 00:00:00+07:00,719.0674438476562,719.0674438476562,711.4177901897025,719.0674438476562,26697500,0.0,0.0
2009-11-26 00:00:00+07:00,715.2425537109375,719.0673802013704,707.5929007300718,715.2425537109375,32130000,0.0,0.0
2009-11-30 00:00:00+07:00,734.3666381835938,738.1914644241333,696.1183757781982,734.3666381835938,107092500,0.0,0.0
2009-12-01 00:00:00+07:00,753.4908447265625,753.4908447265625,730.5418849886977,753.4908447265625,134247500,0.0,0.0
2009-12-02 00:00:00+07:00,761.1404979725174,761.1404979725174,753.4908447265625,753.4908447265625,57652500,0.0,0.0
2009-12-03 00:00:00+07:00,753.4909649284518,761.1406193947306,749.6661376953125,749.6661376953125,24360000,0.0,0.0
2009-12-04 00:00:00+07:00,749.6660229860238,764.9653295775754,745.841196338136,761.1405029296875,31647500,0.0,0.0
2009-12-07 00:00:00+07:00,761.1404277368919,761.1404277368919,742.0162963867188,742.0162963867188,20192500,0.0,0.0
2009-12-08 00:00:00+07:00,742.0164071542246,742.0164071542246,722.8922729492188,722.8922729492188,37017500,0.0,0.0
2009-12-09 00:00:00+07:00,719.0674438476562,730.541924334587,711.4177901897025,719.0674438476562,44022500,0.0,0.0
2009-12-10 00:00:00+07:00,726.7171630859375,738.191644608347,719.0675087376644,726.7171630859375,56725000,0.0,0.0
2009-12-11 00:00:00+07:00,738.1915283203125,742.0163548919203,734.3667017487046,738.1915283203125,42972500,0.0,0.0
2009-12-14 00:00:00+07:00,742.0162963867188,749.665948926788,730.5418175766148,742.0162963867188,28480000,0.0,0.0
2009-12-15 00:00:00+07:00,734.3666381835938,749.665943145752,734.3666381835938,734.3666381835938,35655000,0.0,0.0
2009-12-16 00:00:00+07:00,738.1915283203125,749.666008035136,734.3667017487046,738.1915283203125,20815000,0.0,0.0
2009-12-17 00:00:00+07:00,742.0162963867188,745.8411226567533,738.1914701166841,742.0162963867188,22095000,0.0,0.0
2009-12-21 00:00:00+07:00,707.5928955078125,730.5418542810389,707.5928955078125,707.5928955078125,41380000,0.0,0.0
2009-12-22 00:00:00+07:00,715.2425537109375,715.2425537109375,707.5929007300718,715.2425537109375,30935000,0.0,0.0
2009-12-23 00:00:00+07:00,722.8922729492188,722.8922729492188,711.4177924262153,722.8922729492188,9772500,0.0,0.0
2009-12-28 00:00:00+07:00,726.71709979022,726.71709979022,719.0674461082176,722.8922729492188,16760000,0.0,0.0
2009-12-29 00:00:00+07:00,722.8922729492188,726.71709979022,719.0674461082176,722.8922729492188,13180000,0.0,0.0
2009-12-30 00:00:00+07:00,742.0162963867188,742.0162963867188,722.8921650365455,742.0162963867188,37152500,0.0,0.0
2010-01-04 00:00:00+07:00,772.614990234375,772.614990234375,738.1915500754177,772.614990234375,77812500,0.0,0.0
2010-01-05 00:00:00+07:00,780.2645874023438,780.2645874023438,757.3156289493336,780.2645874023438,44442500,0.0,0.0
2010-01-06 00:00:00+07:00,757.3157348632812,780.2646965258049,757.3157348632812,757.3157348632812,27782500,0.0,0.0
2010-01-07 00:00:00+07:00,761.1405029296875,761.1405029296875,738.1915430423602,761.1405029296875,38632500,0.0,0.0
2010-01-08 00:00:00+07:00,742.0162963867188,761.1404277368919,742.0162963867188,742.0162963867188,27427500,0.0,0.0
2010-01-11 00:00:00+07:00,749.6661376953125,761.1406193947306,749.6661376953125,749.6661376953125,38505000,0.0,0.0
2010-01-12 00:00:00+07:00,787.9141845703125,787.9141845703125,749.6659231834041,787.9141845703125,53395000,0.0,0.0
2010-01-13 00:00:00+07:00,764.9654541015625,780.2647631835937,761.1406268310546,764.9654541015625,48905000,0.0,0.0
2010-01-14 00:00:00+07:00,757.3157348632812,787.9143504133128,757.3157348632812,757.3157348632812,28395000,0.0,0.0
2010-01-15 00:00:00+07:00,757.3157348632812,772.615042638297,757.3157348632812,757.3157348632812,25790000,0.0,0.0
2010-01-18 00:00:00+07:00,764.9653368657177,780.2646436030321,757.3156834970606,772.614990234375,12627500,0.0,0.0
2010-01-19 00:00:00+07:00,761.1405029296875,787.9142894649026,761.1405029296875,761.1405029296875,30875000,0.0,0.0
2010-01-20 00:00:00+07:00,772.614990234375,780.2646436030321,764.9653368657177,772.614990234375,49412500,0.0,0.0
2010-01-21 00:00:00+07:00,745.8412475585938,764.9653821113782,742.0164206480368,745.8412475585938,62377500,0.0,0.0
2010-01-22 00:00:00+07:00,738.1915283203125,742.0163548919203,726.7170486054889,738.1915283203125,63022500,0.0,0.0
2010-01-25 00:00:00+07:00,734.3666381835938,734.3666381835938,722.8921594619751,734.3666381835938,19035000,0.0,0.0
2010-01-26 00:00:00+07:00,738.1914644241333,742.0162906646729,730.5418119430542,734.3666381835938,87990000,0.0,0.0
2010-01-27 00:00:00+07:00,722.8922729492188,738.1915803132234,722.8922729492188,722.8922729492188,38155000,0.0,0.0
2010-01-28 00:00:00+07:00,745.8412475585938,745.8412475585938,722.8922860952524,745.8412475585938,33752500,0.0,0.0
2010-01-29 00:00:00+07:00,764.9654541015625,764.9654541015625,730.5420086669922,764.9654541015625,59592500,0.0,0.0
2010-02-01 00:00:00+07:00,742.0162963867188,753.4907751968226,738.1914701166841,742.0162963867188,38507500,0.0,0.0
2010-02-02 00:00:00+07:00,730.5419311523438,745.8412386110316,726.7171042876718,730.5419311523438,52677500,0.0,0.0
2010-02-03 00:00:00+07:00,730.5419311523438,738.1915848816877,726.7171042876718,730.5419311523438,31232500,0.0,0.0
2010-02-04 00:00:00+07:00,726.7171630859375,738.191644608347,722.892335911801,726.7171630859375,35072500,0.0,0.0
2010-02-05 00:00:00+07:00,696.1183471679688,711.4176515013307,696.1183471679688,696.1183471679688,144220000,0.0,0.0
2010-02-08 00:00:00+07:00,692.2935791015625,696.1184055054385,676.9942734860583,692.2935791015625,82680000,0.0,0.0
2010-02-09 00:00:00+07:00,703.7681884765625,703.7681884765625,680.8192258088485,703.7681884765625,87217500,0.0,0.0
2010-02-10 00:00:00+07:00,696.1183471679688,711.4176515013307,688.4686950012879,696.1183471679688,111352500,0.0,0.0
2010-02-11 00:00:00+07:00,707.5928955078125,707.5928955078125,692.293589658995,707.5928955078125,42910000,0.0,0.0
2010-02-12 00:00:00+07:00,707.5928955078125,711.4177219700169,703.7680690456082,707.5928955078125,32655000,0.0,0.0
2010-02-15 00:00:00+07:00,696.1183471679688,707.5928254179903,696.1183471679688,696.1183471679688,8075000,0.0,0.0
2010-02-16 00:00:00+07:00,715.2425537109375,719.0673802013704,699.9432477492063,715.2425537109375,25492500,0.0,0.0
2010-02-17 00:00:00+07:00,734.3666381835938,738.1914644241333,719.0673332214355,734.3666381835938,102187500,0.0,0.0
2010-02-18 00:00:00+07:00,738.1915283203125,742.0163548919203,726.7170486054889,738.1915283203125,44107500,0.0,0.0
2010-02-19 00:00:00+07:00,742.0162963867188,745.8411226567533,730.5418175766148,742.0162963867188,59805000,0.0,0.0
2010-02-22 00:00:00+07:00,764.9654541015625,780.2647631835937,742.0164904785156,764.9654541015625,126982500,0.0,0.0
2010-02-23 00:00:00+07:00,757.3157348632812,764.9653887507891,753.4909079195273,757.3157348632812,29417500,0.0,0.0
2010-02-24 00:00:00+07:00,772.614990234375,772.614990234375,749.6660301284035,772.614990234375,46500000,0.0,0.0
2010-02-25 00:00:00+07:00,745.8412475585938,764.9653821113782,742.0164206480368,745.8412475585938,43217500,0.0,0.0
2010-03-01 00:00:00+07:00,734.3666381835938,753.4907693862915,734.3666381835938,734.3666381835938,54977500,0.0,0.0
2010-03-02 00:00:00+07:00,749.6661376953125,753.4909649284518,742.0164832290338,749.6661376953125,59565000,0.0,0.0
2010-03-03 00:00:00+07:00,738.1915283203125,753.4908346067439,738.1915283203125,738.1915283203125,22262500,0.0,0.0
2010-03-04 00:00:00+07:00,757.3157348632812,764.9653887507891,738.1916001445115,757.3157348632812,80647500,0.0,0.0
2010-03-05 00:00:00+07:00,764.9654541015625,772.6151086425781,753.490972290039,764.9654541015625,27190000,0.0,0.0
2010-03-08 00:00:00+07:00,772.614990234375,780.2646436030321,764.9653368657177,772.614990234375,101510000,0.0,0.0
2010-03-09 00:00:00+07:00,795.5639038085938,795.5639038085938,764.9652921236478,795.5639038085938,68597500,0.0,0.0
2010-03-10 00:00:00+07:00,787.9141845703125,795.5638368476941,780.2645322929308,787.9141845703125,25587500,0.0,0.0
2010-03-11 00:00:00+07:00,795.5639038085938,810.8632096510667,787.9142508873573,795.5639038085938,97727500,0.0,0.0
2010-03-12 00:00:00+07:00,780.2645874023438,810.8631986730238,780.2645874023438,780.2645874023438,24825000,0.0,0.0
2010-03-15 00:00:00+07:00,795.5639038085938,818.5128625723032,780.2645979661208,795.5639038085938,83520000,0.0,0.0
2010-03-17 00:00:00+07:00,810.8632117962015,887.3597412109375,810.8632117962015,887.3597412109375,162297500,0.0,0.0
2010-03-18 00:00:00+07:00,879.7100494104789,887.3597020140483,833.8121337890626,833.8121337890625,86902500,0.0,0.0
2010-03-19 00:00:00+07:00,833.8121337890626,864.4107442033401,810.8631759783544,833.8121337890625,88387500,0.0,0.0
2010-03-22 00:00:00+07:00,833.8121337890626,856.7610915997707,826.1624811854932,833.8121337890625,25450000,0.0,0.0
2010-03-23 00:00:00+07:00,856.7612915039062,864.410945892334,833.812328338623,856.7612915039062,25870000,0.0,0.0
2010-03-24 00:00:00+07:00,872.0605468750001,872.0605468750001,856.7612390350878,872.060546875,49425000,0.0,0.0
2010-03-25 00:00:00+07:00,879.710205078125,879.710205078125,856.7612432065217,879.710205078125,49617500,0.0,0.0
2010-03-26 00:00:00+07:00,879.710205078125,895.0095129925272,872.060551120924,879.710205078125,49207500,0.0,0.0
2010-03-29 00:00:00+07:00,856.7612915039062,879.7102546691895,849.1116371154785,856.7612915039062,73050000,0.0,0.0
2010-03-30 00:00:00+07:00,849.1115112304689,879.710124247783,841.4618579761402,849.1115112304688,22600000,0.0,0.0
2010-03-31 00:00:00+07:00,841.4619140625,872.0605291193183,826.162606534091,841.4619140625,56682500,0.0,0.0
2010-04-01 00:00:00+07:00,833.8121337890626,864.4107442033401,833.8121337890626,833.8121337890625,30090000,0.0,0.0
2010-04-05 00:00:00+07:00,856.7612432065217,887.359859035326,856.7612432065217,879.710205078125,63510000,0.0,0.0
2010-04-06 00:00:00+07:00,872.0605468750001,948.5570860745614,872.0605468750001,872.060546875,70010000,0.0,0.0
2010-04-07 00:00:00+07:00,895.0094604492189,925.6080744816708,872.0604999248799,895.0094604492188,63040000,0.0,0.0
2010-04-08 00:00:00+07:00,910.3086834122648,910.3086834122648,856.7611137997787,864.4107666015625,52942500,0.0,0.0
2010-04-09 00:00:00+07:00,849.1115112304689,872.0604709934545,849.1115112304689,849.1115112304688,24150000,0.0,0.0
2010-04-12 00:00:00+07:00,849.1115394005409,895.0094604492189,849.1115394005409,895.0094604492188,34100000,0.0,0.0
2010-04-13 00:00:00+07:00,895.0095086348684,902.6591625548248,872.0605468750001,872.060546875,15842500,0.0,0.0
2010-04-14 00:00:00+07:00,887.3597412109375,895.0093941524111,879.7100882694639,887.3597412109375,21332500,0.0,0.0
2010-04-15 00:00:00+07:00,887.3597412109375,895.0093941524111,872.0604353279903,887.3597412109375,31015000,0.0,0.0
2010-04-16 00:00:00+07:00,879.710205078125,887.359859035326,849.1115892493207,879.710205078125,23242500,0.0,0.0
2010-04-19 00:00:00+07:00,864.4107666015624,872.0604194033461,849.111460997995,864.4107666015625,23337500,0.0,0.0
2010-04-20 00:00:00+07:00,895.0094604492189,895.0094604492189,864.4108464167668,895.0094604492188,84177500,0.0,0.0
2010-04-21 00:00:00+07:00,879.710205078125,902.6591669497284,879.710205078125,879.710205078125,34060000,0.0,0.0
2010-04-22 00:00:00+07:00,872.0605468750001,879.7102007949562,856.7612390350878,872.060546875,82577500,0.0,0.0
2010-04-23 00:00:00+07:00,872.0605468750001,872.0605468750001,856.7612390350878,872.060546875,21560000,0.0,0.0
2010-04-26 00:00:00+07:00,872.0605468750001,879.7102007949562,872.0605468750001,872.060546875,15572500,0.0,0.0
2010-04-27 00:00:00+07:00,872.0605468750001,879.7102007949562,856.7612390350878,872.060546875,43650000,0.0,0.0
2010-04-28 00:00:00+07:00,833.8121337890626,856.7610915997707,826.1624811854932,833.8121337890625,189310000,0.0,0.0
2010-04-29 00:00:00+07:00,833.8121337890626,856.7610915997707,826.1624811854932,833.8121337890625,105970000,0.0,0.0
2010-04-30 00:00:00+07:00,833.8121337890626,856.7610915997707,833.8121337890626,833.8121337890625,222497500,0.0,0.0
2010-05-03 00:00:00+07:00,841.4619140625,841.4619140625,826.162606534091,841.4619140625,73280000,0.0,0.0
2010-05-04 00:00:00+07:00,841.4619140625,849.1115678267046,826.162606534091,841.4619140625,68060000,0.0,0.0
2010-05-05 00:00:00+07:00,795.5639038085938,826.1625154935397,787.9142508873573,795.5639038085938,165802500,0.0,0.0
2010-05-06 00:00:00+07:00,780.2645874023438,803.2135458553538,757.3156289493336,780.2645874023438,168800000,0.0,0.0
2010-05-07 00:00:00+07:00,753.4908447265625,764.965324595495,738.1915382346526,753.4908447265625,166700000,0.0,0.0
2010-05-10 00:00:00+07:00,764.9652921236478,803.2135567298302,764.9652921236478,795.5639038085938,170602500,0.0,0.0
2010-05-11 00:00:00+07:00,803.2134891250759,810.8631414024575,780.2645322929308,787.9141845703125,149087500,0.0,0.0
2010-05-12 00:00:00+07:00,787.9141845703125,795.5638368476941,780.2645322929308,787.9141845703125,48815000,0.0,0.0
2010-05-14 00:00:00+07:00,803.2136840820312,810.8633382161458,787.914375813802,803.2136840820312,90022500,0.0,0.0
2010-05-17 00:00:00+07:00,818.5128784179688,818.5128784179688,772.6149600020078,818.5128784179688,57930000,0.0,0.0
2010-05-18 00:00:00+07:00,833.8121337890626,849.1114389962013,810.8631759783544,833.8121337890625,155627500,0.0,0.0
2010-05-19 00:00:00+07:00,803.2136840820312,833.8123006184895,795.5640299479167,803.2136840820312,83387500,0.0,0.0
2010-05-20 00:00:00+07:00,795.5639038085938,810.8632096510667,772.6149450448843,795.5639038085938,100820000,0.0,0.0
2010-05-21 00:00:00+07:00,780.2645874023438,787.9142402200138,761.1404553581687,780.2645874023438,97032500,0.0,0.0
2010-05-24 00:00:00+07:00,787.9141845703125,818.5127936798392,780.2645322929308,787.9141845703125,81047500,0.0,0.0
2010-05-25 00:00:00+07:00,764.9654541015625,772.6151086425781,757.3157995605468,764.9654541015625,97905000,0.0,0.0
2010-05-26 00:00:00+07:00,803.2136840820312,803.2136840820312,764.9654134114583,803.2136840820312,79927500,0.0,0.0
2010-05-27 00:00:00+07:00,810.8634643554688,810.8634643554688,772.6151877349278,810.8634643554688,91890000,0.0,0.0
2010-05-31 00:00:00+07:00,849.1115112304689,856.7611644847974,810.863244958826,849.1115112304688,176372500,0.0,0.0
2010-06-01 00:00:00+07:00,821.2211303710938,852.2106069888708,821.2211303710938,821.2211303710938,63780000,14.0,0.0
2010-06-02 00:00:00+07:00,844.463134765625,852.2105029744839,821.2210301390481,844.463134765625,38995000,0.0,0.0
2010-06-03 00:00:00+07:00,859.9579467773438,867.7053156672297,852.2105778874577,859.9579467773438,66697500,0.0,0.0
2010-06-04 00:00:00+07:00,875.4525146484375,875.4525146484375,859.9577798758987,875.4525146484375,97427500,0.0,0.0
2010-06-07 00:00:00+07:00,852.2105712890625,859.957940118963,813.4737271395596,852.2105712890625,53332500,0.0,0.0
2010-06-08 00:00:00+07:00,867.7053833007812,867.7053833007812,852.2106443132674,867.7053833007812,18865000,0.0,0.0
2010-06-09 00:00:00+07:00,867.7053833007812,867.7053833007812,844.4632748195104,867.7053833007812,14632500,0.0,0.0
2010-06-10 00:00:00+07:00,844.463134765625,875.4526076010608,828.968398347907,844.463134765625,25792500,0.0,0.0
2010-06-11 00:00:00+07:00,844.463134765625,867.7052393922017,844.463134765625,844.463134765625,23995000,0.0,0.0
2010-06-14 00:00:00+07:00,844.463134765625,852.2105029744839,844.463134765625,844.463134765625,7280000,0.0,0.0
2010-06-15 00:00:00+07:00,852.2105712890625,875.4526777787643,844.463202459162,852.2105712890625,48675000,0.0,0.0
2010-06-16 00:00:00+07:00,875.4525146484375,883.1998820347068,867.7051472621681,875.4525146484375,36692500,0.0,0.0
2010-06-17 00:00:00+07:00,867.7053833007812,890.9474917820522,859.9580138070244,867.7053833007812,140135000,0.0,0.0
2010-06-18 00:00:00+07:00,883.2000732421875,898.6948113692433,859.9579660516035,883.2000732421875,138940000,0.0,0.0
2010-06-21 00:00:00+07:00,898.694580078125,914.189314217403,883.1998459388469,898.694580078125,99095000,0.0,0.0
2010-06-22 00:00:00+07:00,906.4420166015624,921.9367519280848,898.6946489383013,906.4420166015624,74737500,0.0,0.0
2010-06-23 00:00:00+07:00,898.694580078125,906.441947147764,883.1998459388469,898.694580078125,22247500,0.0,0.0
2010-06-24 00:00:00+07:00,875.4525146484375,906.4419841935148,875.4525146484375,875.4525146484375,22237500,0.0,0.0
2010-06-25 00:00:00+07:00,890.947509765625,898.6948794157609,883.200140115489,890.947509765625,17182500,0.0,0.0
2010-06-28 00:00:00+07:00,898.694580078125,914.189314217403,898.694580078125,898.694580078125,23612500,0.0,0.0
2010-06-29 00:00:00+07:00,898.694580078125,914.189314217403,883.1998459388469,898.694580078125,29610000,0.0,0.0
2010-06-30 00:00:00+07:00,875.4526767249868,929.6842584690124,875.4526767249868,921.9368896484376,47522500,0.0,0.0
2010-07-01 00:00:00+07:00,883.2000732421875,921.9369185598272,875.4527041786595,883.2000732421875,45510000,0.0,0.0
2010-07-02 00:00:00+07:00,867.7053833007812,890.9474917820522,859.9580138070244,867.7053833007812,32860000,0.0,0.0
2010-07-05 00:00:00+07:00,867.7053833007812,875.4527527945382,859.9580138070244,867.7053833007812,13822500,0.0,0.0
2010-07-06 00:00:00+07:00,883.2000732421875,898.6948113692433,852.2105969880756,883.2000732421875,30530000,0.0,0.0
2010-07-07 00:00:00+07:00,898.694580078125,898.694580078125,883.1998459388469,898.694580078125,25077500,0.0,0.0
2010-07-08 00:00:00+07:00,890.947509765625,914.1896187160326,890.947509765625,890.947509765625,50300000,0.0,0.0
2010-07-09 00:00:00+07:00,906.4420166015624,921.9367519280848,898.6946489383013,906.4420166015624,37857500,0.0,0.0
2010-07-12 00:00:00+07:00,914.1895751953124,929.6843137579448,898.6948366326801,914.1895751953124,31345000,0.0,0.0
2010-07-13 00:00:00+07:00,914.1895751953124,929.6843137579448,914.1895751953124,914.1895751953124,20750000,0.0,0.0
2010-07-14 00:00:00+07:00,921.9368896484376,929.6842584690124,914.1895208278625,921.9368896484376,37702500,0.0,0.0
2010-07-15 00:00:00+07:00,914.1895751953124,921.9369444766288,914.1895751953124,914.1895751953124,10990000,0.0,0.0
2010-07-16 00:00:00+07:00,937.4317626953124,937.4317626953124,914.1896528764204,937.4317626953124,53175000,0.0,0.0
2010-07-19 00:00:00+07:00,921.9368896484376,929.6842584690124,914.1895208278625,921.9368896484376,24957500,0.0,0.0
2010-07-20 00:00:00+07:00,921.9368896484376,921.9368896484376,898.6947831867121,921.9368896484376,38907500,0.0,0.0
2010-07-21 00:00:00+07:00,921.9368896484376,929.6842584690124,914.1895208278625,921.9368896484376,44420000,0.0,0.0
2010-07-22 00:00:00+07:00,921.9368896484376,929.6842584690124,914.1895208278625,921.9368896484376,28990000,0.0,0.0
2010-07-23 00:00:00+07:00,929.6841430664062,937.431510925293,929.6841430664062,929.6841430664062,30435000,0.0,0.0
2010-07-26 00:00:00+07:00,921.9368896484376,945.1789961101628,921.9368896484376,921.9368896484376,18632500,0.0,0.0
2010-07-27 00:00:00+07:00,929.6841430664062,945.1788787841796,929.6841430664062,929.6841430664062,51112500,0.0,0.0
2010-07-28 00:00:00+07:00,929.6841430664062,952.9262466430664,929.6841430664062,929.6841430664062,34165000,0.0,0.0
2010-07-29 00:00:00+07:00,960.6737060546876,960.6737060546876,937.4316002630418,960.6737060546876,52437500,0.0,0.0
2010-07-30 00:00:00+07:00,921.9368896484376,976.1684713924632,921.9368896484376,921.9368896484376,51642500,0.0,0.0
2010-08-02 00:00:00+07:00,921.9368896484376,937.4316272895876,914.1895208278625,921.9368896484376,51620000,0.0,0.0
2010-08-03 00:00:00+07:00,890.947509765625,929.6843580163044,875.4527704653532,890.947509765625,110575000,0.0,0.0
2010-08-04 00:00:00+07:00,890.947509765625,914.1896187160326,875.4527704653532,890.947509765625,47535000,0.0,0.0
2010-08-05 00:00:00+07:00,921.9368896484376,937.4316272895876,906.4421520072872,921.9368896484376,45402500,0.0,0.0
2010-08-06 00:00:00+07:00,929.6841430664062,937.431510925293,914.1894073486328,929.6841430664062,23047500,0.0,0.0
2010-08-09 00:00:00+07:00,952.9263305664062,952.9263305664062,914.1894878604548,952.9263305664062,29055000,0.0,0.0
2010-08-10 00:00:00+07:00,929.6841430664062,945.1788787841796,921.9367752075196,929.6841430664062,31437500,0.0,0.0
2010-08-11 00:00:00+07:00,921.9368896484376,937.4316272895876,906.4421520072872,921.9368896484376,27060000,0.0,0.0
2010-08-12 00:00:00+07:00,914.1895751953124,921.9369444766288,898.6948366326801,914.1895751953124,14530000,0.0,0.0
2010-08-13 00:00:00+07:00,929.6841430664062,937.431510925293,914.1894073486328,929.6841430664062,24037500,0.0,0.0
2010-08-16 00:00:00+07:00,914.1895751953124,945.1790523205772,914.1895751953124,914.1895751953124,33652500,0.0,0.0
2010-08-18 00:00:00+07:00,929.6841430664062,929.6841430664062,914.1894073486328,929.6841430664062,54657500,0.0,0.0
2010-08-19 00:00:00+07:00,921.9368896484376,945.1789961101628,921.9368896484376,921.9368896484376,55960000,0.0,0.0
2010-08-20 00:00:00+07:00,929.6841430664062,945.1788787841796,921.9367752075196,929.6841430664062,30572500,0.0,0.0
2010-08-23 00:00:00+07:00,937.4317626953124,945.1791326349432,929.6843927556818,937.4317626953124,13170000,0.0,0.0
2010-08-24 00:00:00+07:00,937.4317626953124,952.926502574574,937.4317626953124,937.4317626953124,36465000,0.0,0.0
2010-08-25 00:00:00+07:00,937.4317626953124,945.1791326349432,921.9370228160512,937.4317626953124,20832500,0.0,0.0
2010-08-26 00:00:00+07:00,921.9368896484376,937.4316272895876,921.9368896484376,921.9368896484376,21760000,0.0,0.0
2010-08-27 00:00:00+07:00,914.1895751953124,929.6843137579448,898.6948366326801,914.1895751953124,66232500,0.0,0.0
2010-08-30 00:00:00+07:00,898.694580078125,921.936681287042,890.947213008486,898.694580078125,34660000,0.0,0.0
2010-08-31 00:00:00+07:00,898.694580078125,914.189314217403,890.947213008486,898.694580078125,37080000,0.0,0.0
2010-09-01 00:00:00+07:00,937.4317626953124,945.1791326349432,906.4422829367898,937.4317626953124,43047500,0.0,0.0
2010-09-02 00:00:00+07:00,914.1895751953124,945.1790523205772,906.4422059139964,914.1895751953124,66080000,0.0,0.0
2010-09-03 00:00:00+07:00,929.6841430664062,929.6841430664062,914.1894073486328,929.6841430664062,40217500,0.0,0.0
2010-09-06 00:00:00+07:00,937.4317626953124,937.4317626953124,921.9370228160512,937.4317626953124,52815000,0.0,0.0
2010-09-07 00:00:00+07:00,937.4317626953124,937.4317626953124,921.9370228160512,937.4317626953124,28272500,0.0,0.0
2010-09-15 00:00:00+07:00,945.1789503831128,1038.1473717322715,945.1789503831128,1007.1578979492188,140677500,0.0,0.0
2010-09-16 00:00:00+07:00,983.9157104492188,1007.1578138456572,976.168342650406,983.9157104492188,52155000,0.0,0.0
2010-09-17 00:00:00+07:00,1007.1578979492188,1007.1578979492188,991.6631610576924,1007.1578979492188,42170000,0.0,0.0
2010-09-20 00:00:00+07:00,999.4105834960938,1022.652690089026,968.4211080388504,999.4105834960938,40667500,0.0,0.0
2010-09-21 00:00:00+07:00,991.662841796875,1014.9049396514891,960.6733779907228,991.662841796875,58230000,0.0,0.0
2010-09-22 00:00:00+07:00,968.4209594726562,1007.1577978515626,968.4209594726562,968.4209594726562,49210000,0.0,0.0
2010-09-23 00:00:00+07:00,991.662841796875,999.410207748413,968.4207439422609,991.662841796875,23255000,0.0,0.0
2010-09-24 00:00:00+07:00,1007.1578979492188,1030.4000032865083,999.4105295034556,1007.1578979492188,78577500,0.0,0.0
2010-09-27 00:00:00+07:00,1038.147216796875,1053.6419513759329,1022.6524822178172,1038.147216796875,61030000,0.0,0.0
2010-09-28 00:00:00+07:00,1045.8946533203125,1061.389388925058,1030.3999177155672,1045.8946533203125,51845000,0.0,0.0
2010-09-29 00:00:00+07:00,1053.641845703125,1053.641845703125,1038.147112678079,1053.641845703125,54582500,0.0,0.0
2010-09-30 00:00:00+07:00,1038.147216796875,1069.1366859549908,1038.147216796875,1038.147216796875,51877500,0.0,0.0
2010-10-01 00:00:00+07:00,1084.6318359375,1084.6318359375,1053.6423549107144,1084.6318359375,69325000,0.0,0.0
2010-10-04 00:00:00+07:00,1061.3895263671875,1084.6316327839872,1053.6421575615875,1061.3895263671875,67662500,0.0,0.0
2010-10-05 00:00:00+07:00,1053.641845703125,1069.1365787281711,1038.147112678079,1053.641845703125,80902500,0.0,0.0
2010-10-06 00:00:00+07:00,1069.136474609375,1069.136474609375,1053.641743093297,1069.136474609375,53687500,0.0,0.0
2010-10-07 00:00:00+07:00,1076.884033203125,1076.884033203125,1053.6419317670864,1076.884033203125,42997500,0.0,0.0
2010-10-08 00:00:00+07:00,1061.3895263671875,1069.1368951727875,1045.8947887559875,1061.3895263671875,29765000,0.0,0.0
2010-10-11 00:00:00+07:00,1045.8946533203125,1069.1367567274306,1045.8946533203125,1045.8946533203125,20362500,0.0,0.0
2010-10-12 00:00:00+07:00,1045.8946533203125,1061.389388925058,1045.8946533203125,1045.8946533203125,26775000,0.0,0.0
2010-10-13 00:00:00+07:00,1053.641845703125,1053.641845703125,1030.399746165556,1053.641845703125,79412500,0.0,0.0
2010-10-14 00:00:00+07:00,1053.641845703125,1069.1365787281711,1045.8944791906022,1053.641845703125,62847500,0.0,0.0
2010-10-15 00:00:00+07:00,1030.4000244140625,1053.6421302279134,1022.6526558094456,1030.4000244140625,57540000,0.0,0.0
2010-10-18 00:00:00+07:00,1022.6527099609376,1038.1474479906487,1014.905340946082,1022.6527099609376,23737500,0.0,0.0
2010-10-19 00:00:00+07:00,1045.8946533203125,1045.8946533203125,1022.6525499131944,1045.8946533203125,26372500,0.0,0.0
2010-10-20 00:00:00+07:00,1053.641845703125,1053.641845703125,1022.6523796530332,1053.641845703125,29332500,0.0,0.0
2010-10-21 00:00:00+07:00,1053.641845703125,1069.1365787281711,1053.641845703125,1053.641845703125,34870000,0.0,0.0
2010-10-22 00:00:00+07:00,1061.3895263671875,1069.1368951727875,1053.6421575615875,1061.3895263671875,74575000,0.0,0.0
2010-10-25 00:00:00+07:00,1069.136474609375,1076.8838403674138,1061.389108851336,1069.136474609375,60352500,0.0,0.0
2010-10-26 00:00:00+07:00,1092.37890625,1100.1262743794327,1069.1368018617022,1092.37890625,156982500,0.0,0.0
2010-10-27 00:00:00+07:00,1084.6318359375,1100.1265764508928,1069.1370954241072,1084.6318359375,50765000,0.0,0.0
2010-10-28 00:00:00+07:00,1061.3895263671875,1076.8842639783873,1061.3895263671875,1061.3895263671875,25535000,0.0,0.0
2010-10-29 00:00:00+07:00,1084.6318359375,1084.6318359375,1061.3897251674107,1084.6318359375,31145000,0.0,0.0
2010-11-01 00:00:00+07:00,1092.37890625,1092.37890625,1069.1368018617022,1092.37890625,38750000,0.0,0.0
2010-11-02 00:00:00+07:00,1092.37890625,1100.1262743794327,1069.1368018617022,1092.37890625,63380000,0.0,0.0
2010-11-03 00:00:00+07:00,1107.8734130859375,1107.8734130859375,1084.631313510708,1107.8734130859375,53247500,0.0,0.0
2010-11-04 00:00:00+07:00,1107.8734130859375,1107.8734130859375,1076.8839469856316,1107.8734130859375,62787500,0.0,0.0
2010-11-05 00:00:00+07:00,1100.1265869140625,1107.873957244443,1092.3792165836817,1100.1265869140625,18817500,0.0,0.0
2010-11-08 00:00:00+07:00,1107.8734130859375,1107.8734130859375,1069.136580460555,1107.8734130859375,40787500,0.0,0.0
2010-11-09 00:00:00+07:00,1084.6318359375,1115.6213169642858,1076.8844656808035,1084.6318359375,89047500,0.0,0.0
2010-11-10 00:00:00+07:00,1092.37890625,1092.37890625,1069.1368018617022,1092.37890625,45297500,0.0,0.0
2010-11-11 00:00:00+07:00,1076.884033203125,1100.1261346391636,1061.3892989124329,1076.884033203125,61105000,0.0,0.0
2010-11-12 00:00:00+07:00,1069.136474609375,1076.8838403674138,1061.389108851336,1069.136474609375,32450000,0.0,0.0
2010-11-15 00:00:00+07:00,1053.641845703125,1076.883945240694,1045.8944791906022,1053.641845703125,30840000,0.0,0.0
2010-11-16 00:00:00+07:00,1092.37890625,1092.37890625,1053.642065602837,1092.37890625,43115000,0.0,0.0
2010-11-18 00:00:00+07:00,1061.3895263671875,1092.3790015895872,1045.8947887559875,1061.3895263671875,107235000,0.0,0.0
2010-11-19 00:00:00+07:00,1076.884033203125,1076.884033203125,1053.6419317670864,1076.884033203125,70927500,0.0,0.0
2010-11-22 00:00:00+07:00,1060.12451171875,1075.714578067555,1052.3294785443477,1060.12451171875,70885000,8.5,0.0
2010-11-23 00:00:00+07:00,1028.9447021484375,1060.124844637784,1021.1496665261008,1028.9447021484375,97042500,0.0,0.0
2010-11-24 00:00:00+07:00,1028.9447021484375,1044.5347733931108,1013.3546309037642,1028.9447021484375,73470000,0.0,0.0
2010-11-25 00:00:00+07:00,1028.9447021484375,1044.5347733931108,1021.1496665261008,1028.9447021484375,36077500,0.0,0.0
2010-11-26 00:00:00+07:00,1005.5595092773438,1036.739649099897,997.7644743217054,1005.5595092773438,56182500,0.0,0.0
2010-11-29 00:00:00+07:00,1005.5595092773438,1005.5595092773438,974.3793694547904,1005.5595092773438,37220000,0.0,0.0
2010-11-30 00:00:00+07:00,943.1994018554688,1005.5596928872352,943.1994018554688,943.1994018554688,120562500,0.0,0.0
2010-12-01 00:00:00+07:00,997.7642822265624,1005.5593156814576,958.7891149520874,997.7642822265624,104555000,0.0,0.0
2010-12-02 00:00:00+07:00,1013.3548583984376,1036.7399705153246,1013.3548583984376,1013.3548583984376,81537500,0.0,0.0
2010-12-03 00:00:00+07:00,1005.5595092773438,1028.9446141442588,997.7644743217054,1005.5595092773438,28212500,0.0,0.0
2010-12-06 00:00:00+07:00,1021.1497192382812,1028.9447552630008,997.764611164122,1021.1497192382812,45037500,0.0,0.0
2010-12-08 00:00:00+07:00,1044.5347900390625,1044.5347900390625,1028.944718545942,1044.5347900390625,97242500,0.0,0.0
2010-12-09 00:00:00+07:00,1028.9447021484375,1052.3298090154474,1021.1496665261008,1028.9447021484375,55515000,0.0,0.0
2010-12-10 00:00:00+07:00,1021.1497192382812,1044.5348273124405,997.764611164122,1021.1497192382812,61057500,0.0,0.0
2010-12-13 00:00:00+07:00,997.7642822265624,1028.9444160461426,982.1742153167723,997.7642822265624,69262500,0.0,0.0
2010-12-14 00:00:00+07:00,1013.3548583984376,1021.1498957707332,997.7647836538462,1013.3548583984376,53307500,0.0,0.0
2010-12-15 00:00:00+07:00,1013.3548583984376,1021.1498957707332,982.1747089092548,1013.3548583984376,68772500,0.0,0.0
2010-12-16 00:00:00+07:00,997.7642822265624,1013.3543491363524,974.3791818618774,997.7642822265624,65460000,0.0,0.0
2010-12-17 00:00:00+07:00,1044.5347900390625,1044.5347900390625,989.9695398131414,1044.5347900390625,108775000,0.0,0.0
2010-12-20 00:00:00+07:00,1028.9447021484375,1044.5347733931108,1005.5595952814276,1028.9447021484375,37627500,0.0,0.0
2010-12-21 00:00:00+07:00,1036.7396240234375,1044.534658790531,1021.1495544892504,1036.7396240234375,40780000,0.0,0.0
2010-12-22 00:00:00+07:00,1005.5595092773438,1044.5346840555353,997.7644743217054,1005.5595092773438,42852500,0.0,0.0
2010-12-23 00:00:00+07:00,989.969482421875,1021.1496236005167,974.379411832554,989.969482421875,47290000,0.0,0.0
2010-12-27 00:00:00+07:00,1005.5595092773438,1021.1495791886204,997.7644743217054,1005.5595092773438,37525000,0.0,0.0
2010-12-28 00:00:00+07:00,1005.5595092773438,1028.9446141442588,1005.5595092773438,1005.5595092773438,24520000,0.0,0.0
2010-12-29 00:00:00+07:00,1013.3548583984376,1028.944933143029,1005.559821026142,1013.3548583984376,36677500,0.0,0.0
2010-12-30 00:00:00+07:00,997.7642822265624,1044.5344829559326,997.7642822265624,997.7642822265624,59500000,0.0,0.0
2011-01-03 00:00:00+07:00,1005.5595092773438,1036.739649099897,1005.5595092773438,1005.5595092773438,30687500,0.0,0.0
2011-01-04 00:00:00+07:00,1013.3548583984376,1036.7399705153246,1013.3548583984376,1013.3548583984376,60622500,0.0,0.0
2011-01-05 00:00:00+07:00,1028.9447021484375,1036.739737770774,1005.5595952814276,1028.9447021484375,93312500,0.0,0.0
2011-01-06 00:00:00+07:00,1021.1497192382812,1036.739791287721,1005.5596471888416,1021.1497192382812,56425000,0.0,0.0
2011-01-07 00:00:00+07:00,997.7642822265624,1013.3543491363524,982.1742153167723,997.7642822265624,108225000,0.0,0.0
2011-01-10 00:00:00+07:00,919.8142700195312,989.969595698987,919.8142700195312,919.8142700195312,206805000,0.0,0.0
2011-01-11 00:00:00+07:00,888.6342163085938,950.9945121898986,880.8391793234306,888.6342163085938,174027500,0.0,0.0
2011-01-12 00:00:00+07:00,904.2240600585938,919.814130059604,896.4290250580887,904.2240600585938,108485000,0.0,0.0
2011-01-13 00:00:00+07:00,919.8142700195312,950.994414765956,904.2241976463188,919.8142700195312,130262500,0.0,0.0
2011-01-14 00:00:00+07:00,943.1994018554688,943.1994018554688,896.4291835816439,943.1994018554688,75755000,0.0,0.0
2011-01-17 00:00:00+07:00,927.6093139648438,935.4043502166492,904.2242052094276,927.6093139648438,69715000,0.0,0.0
2011-01-18 00:00:00+07:00,904.2240600585938,927.609165060109,896.4290250580887,904.2240600585938,96855000,0.0,0.0
2011-01-19 00:00:00+07:00,896.42919921875,912.0192722486412,880.8391261888587,896.42919921875,78937500,0.0,0.0
2011-01-20 00:00:00+07:00,888.6342163085938,896.4292532937568,873.0441423382675,888.6342163085938,48695000,0.0,0.0
2011-01-21 00:00:00+07:00,849.6588745117188,865.2489456036769,834.0688034197606,849.6588745117188,202035000,0.0,0.0
2011-01-24 00:00:00+07:00,841.86376953125,857.4538393373842,826.2736997251158,841.86376953125,139710000,0.0,0.0
2011-01-25 00:00:00+07:00,873.044189453125,888.6342642647879,841.8640398297991,873.044189453125,159697500,0.0,0.0
2011-01-26 00:00:00+07:00,912.0191650390624,912.0191650390624,849.6588802500668,912.0191650390624,127820000,0.0,0.0
2011-01-27 00:00:00+07:00,919.8142700195312,935.4043423927436,896.4291614597126,919.8142700195312,107552500,0.0,0.0
2011-01-28 00:00:00+07:00,904.2240600585938,912.0190950590988,880.8389550570784,904.2240600585938,88790000,0.0,0.0
2011-01-31 00:00:00+07:00,880.8389892578125,888.6340245609789,865.2489186514795,880.8389892578125,111635000,0.0,0.0
2011-02-01 00:00:00+07:00,880.8389892578125,896.4290598641454,873.043953954646,880.8389892578125,124292500,0.0,0.0
2011-02-02 00:00:00+07:00,912.0191650390624,912.0191650390624,896.4290938418136,912.0191650390624,57712500,0.0,0.0
2011-02-04 00:00:00+07:00,935.4042358398438,935.4042358398438,896.429059346517,935.4042358398438,52730000,0.0,0.0
2011-02-07 00:00:00+07:00,943.1994018554688,943.1994018554688,919.8142927185564,943.1994018554688,72517500,0.0,0.0
2011-02-08 00:00:00+07:00,935.4042358398438,943.1992711385092,919.814165242513,935.4042358398438,47717500,0.0,0.0
2011-02-09 00:00:00+07:00,919.8142700195312,935.4043423927436,904.2241976463188,919.8142700195312,51515000,0.0,0.0
2011-02-10 00:00:00+07:00,888.6342163085938,904.22429027892,865.2491053531045,888.6342163085938,156037500,0.0,0.0
2011-02-11 00:00:00+07:00,927.6093139648438,935.4043502166492,880.8390964540113,927.6093139648438,82470000,0.0,0.0
2011-02-14 00:00:00+07:00,950.9942016601562,950.9942016601562,927.6090983406442,950.9942016601562,51780000,0.0,0.0
2011-02-16 00:00:00+07:00,943.1994018554688,950.9944382344396,927.6093290975272,943.1994018554688,74892500,0.0,0.0
2011-02-17 00:00:00+07:00,935.4042358398438,950.9943064371744,927.6092005411784,935.4042358398438,60722500,0.0,0.0
2011-02-18 00:00:00+07:00,958.7891845703124,966.5842185912094,943.1991165285187,958.7891845703124,114060000,0.0,0.0
2011-02-21 00:00:00+07:00,974.37939453125,974.37939453125,958.78932421875,974.37939453125,39370000,0.0,0.0
2011-02-22 00:00:00+07:00,974.37939453125,989.96946484375,958.78932421875,974.37939453125,97897500,0.0,0.0
2011-02-23 00:00:00+07:00,997.7642822265624,1005.5593156814576,966.5841484069824,997.7642822265624,84700000,0.0,0.0
2011-02-24 00:00:00+07:00,974.37939453125,989.96946484375,958.78932421875,974.37939453125,79745000,0.0,0.0
2011-02-25 00:00:00+07:00,950.9942016601562,974.3793049796684,943.1991672203188,950.9942016601562,36402500,0.0,0.0
2011-02-28 00:00:00+07:00,982.174560546875,982.174560546875,950.9944157676092,982.174560546875,93285000,0.0,0.0
2011-03-01 00:00:00+07:00,1005.5595092773438,1013.354544232982,982.1744044104288,1005.5595092773438,72402500,0.0,0.0
2011-03-02 00:00:00+07:00,1013.3548583984376,1021.1498957707332,989.9697462815506,1013.3548583984376,75597500,0.0,0.0
2011-03-03 00:00:00+07:00,1036.7396240234375,1052.3296935576243,1013.354519722157,1036.7396240234375,127657500,0.0,0.0
2011-03-04 00:00:00+07:00,1060.12451171875,1067.9195448931523,1044.534445369945,1060.12451171875,81507500,0.0,0.0
2011-03-07 00:00:00+07:00,1075.71484375,1083.5098788496375,1060.1247735507247,1075.71484375,63065000,0.0,0.0
2011-03-08 00:00:00+07:00,1067.9200439453125,1091.30515439667,1060.1250071281936,1067.9200439453125,53710000,0.0,0.0
2011-03-09 00:00:00+07:00,1067.9200439453125,1091.30515439667,1067.9200439453125,1067.9200439453125,89597500,0.0,0.0
2011-03-10 00:00:00+07:00,1075.71484375,1075.71484375,1060.1247735507247,1075.71484375,21752500,0.0,0.0
2011-03-11 00:00:00+07:00,1060.12451171875,1060.12451171875,1028.9443790211396,1060.12451171875,82232500,0.0,0.0
2011-03-14 00:00:00+07:00,1060.12451171875,1060.12451171875,1036.7394121955424,1060.12451171875,34250000,0.0,0.0
2011-03-15 00:00:00+07:00,1036.7396240234375,1044.534658790531,1021.1495544892504,1036.7396240234375,79232500,0.0,0.0
2011-03-16 00:00:00+07:00,1044.5347900390625,1044.5347900390625,1021.149682799382,1044.5347900390625,71250000,0.0,0.0
2011-03-17 00:00:00+07:00,1021.1497192382812,1036.739791287721,1013.3546832135614,1021.1497192382812,45040000,0.0,0.0
2011-03-18 00:00:00+07:00,1021.1497192382812,1036.739791287721,1021.1497192382812,1021.1497192382812,47140000,0.0,0.0
2011-03-21 00:00:00+07:00,1044.5347900390625,1044.5347900390625,1021.149682799382,1044.5347900390625,18092500,0.0,0.0
2011-03-22 00:00:00+07:00,1052.329833984375,1052.329833984375,1036.7397623697916,1052.329833984375,36987500,0.0,0.0
2011-03-23 00:00:00+07:00,1052.3294785443477,1075.714578067555,1044.534445369945,1060.12451171875,132667500,0.0,0.0
2011-03-24 00:00:00+07:00,1067.9200439453125,1075.7150807624316,1036.7398966768362,1067.9200439453125,76077500,0.0,0.0
2011-03-25 00:00:00+07:00,1075.71484375,1083.5098788496375,1067.9198086503625,1075.71484375,84322500,0.0,0.0
2011-03-28 00:00:00+07:00,1083.5098876953125,1083.5098876953125,1060.1247822054856,1083.5098876953125,12435000,0.0,0.0
2011-03-29 00:00:00+07:00,1083.5098876953125,1091.3049228585885,1067.9198173687612,1083.5098876953125,35272500,0.0,0.0
2011-03-30 00:00:00+07:00,1067.9200439453125,1083.5101175795508,1060.1250071281936,1067.9200439453125,33162500,0.0,0.0
2011-03-31 00:00:00+07:00,1083.5098876953125,1091.3049228585885,1067.9198173687612,1083.5098876953125,67942500,0.0,0.0
2011-04-01 00:00:00+07:00,1106.8953857421875,1106.8953857421875,1083.510271958902,1106.8953857421875,113392500,0.0,0.0
2011-04-04 00:00:00+07:00,1091.3052978515625,1114.690411376953,1075.7152221679687,1091.3052978515625,32142500,0.0,0.0
2011-04-05 00:00:00+07:00,1091.3052978515625,1091.3052978515625,1075.7152221679687,1091.3052978515625,25945000,0.0,0.0
2011-04-06 00:00:00+07:00,1083.5098876953125,1091.3049228585885,1060.1247822054856,1083.5098876953125,60717500,0.0,0.0
2011-04-07 00:00:00+07:00,1099.0999755859375,1099.0999755859375,1083.5099050102503,1099.0999755859375,64167500,0.0,0.0
2011-04-08 00:00:00+07:00,1091.3052978515625,1114.690411376953,1091.3052978515625,1091.3052978515625,69687500,0.0,0.0
2011-04-11 00:00:00+07:00,1106.8953857421875,1122.4854615977113,1091.3053098866635,1106.8953857421875,76545000,0.0,0.0
2011-04-12 00:00:00+07:00,1099.0999755859375,1106.895010873781,1083.5099050102503,1099.0999755859375,24292500,0.0,0.0
2011-04-13 00:00:00+07:00,1114.68994140625,1114.68994140625,1091.3048377403843,1114.68994140625,36337500,0.0,0.0
2011-04-14 00:00:00+07:00,1114.68994140625,1122.4849759615383,1099.099872295673,1114.68994140625,36335000,0.0,0.0
2011-04-15 00:00:00+07:00,1138.0751953125,1138.0751953125,1106.8950529751712,1138.0751953125,53817500,0.0,0.0
2011-04-18 00:00:00+07:00,1153.6651611328125,1161.4601960053317,1130.2800565152554,1153.6651611328125,56122500,0.0,0.0
2011-04-19 00:00:00+07:00,1161.460205078125,1161.460205078125,1130.2800653444842,1161.460205078125,34050000,0.0,0.0
2011-04-20 00:00:00+07:00,1177.05029296875,1177.05029296875,1145.8701527576573,1177.05029296875,53392500,0.0,0.0
2011-04-21 00:00:00+07:00,1169.2552490234375,1200.435388997396,1161.460214029948,1169.2552490234375,31302500,0.0,0.0
2011-04-25 00:00:00+07:00,1169.2552490234375,1192.6403540039062,1169.2552490234375,1169.2552490234375,3702500,0.0,0.0
2011-04-26 00:00:00+07:00,1177.05029296875,1184.8453280215233,1145.8701527576573,1177.05029296875,26105000,0.0,0.0
2011-04-27 00:00:00+07:00,1169.2552490234375,1184.8453190104167,1161.460214029948,1169.2552490234375,15235000,0.0,0.0
2011-04-28 00:00:00+07:00,1184.8453369140625,1184.8453369140625,1169.255266691509,1184.8453369140625,25942500,0.0,0.0
2011-04-29 00:00:00+07:00,1153.6651611328125,1184.8453006228883,1145.8701262602935,1153.6651611328125,40062500,0.0,0.0
2011-05-02 00:00:00+07:00,1169.2552490234375,1169.2552490234375,1153.6651790364583,1169.2552490234375,11520000,0.0,0.0
2011-05-03 00:00:00+07:00,1130.2801513671875,1169.2553290005387,1130.2801513671875,1130.2801513671875,29397500,0.0,0.0
2011-05-04 00:00:00+07:00,1145.8699951171875,1145.8699951171875,1106.8948252152422,1145.8699951171875,66220000,0.0,0.0
2011-05-05 00:00:00+07:00,1114.68994140625,1130.280010516827,1114.68994140625,1114.68994140625,48987500,0.0,0.0
2011-05-06 00:00:00+07:00,1138.0751953125,1138.0751953125,1099.100017390839,1138.0751953125,39665000,0.0,0.0
2011-05-09 00:00:00+07:00,1122.485107421875,1138.0751783582898,1122.485107421875,1122.485107421875,17860000,0.0,0.0
2011-05-10 00:00:00+07:00,1138.0751953125,1145.8702308968325,1122.4851241438355,1138.0751953125,8327500,0.0,0.0
2011-05-11 00:00:00+07:00,1145.8699951171875,1145.8699951171875,1122.4848931760205,1145.8699951171875,32395000,0.0,0.0
2011-05-12 00:00:00+07:00,1122.485107421875,1138.0751783582898,1122.485107421875,1122.485107421875,21392500,0.0,0.0
2011-05-13 00:00:00+07:00,1138.0751953125,1145.8702308968325,1114.6900885595037,1138.0751953125,56490000,0.0,0.0
2011-05-16 00:00:00+07:00,1106.8953857421875,1122.4854615977113,1099.1003478144255,1106.8953857421875,61670000,0.0,0.0
2011-05-18 00:00:00+07:00,1114.68994140625,1138.0750450721157,1106.8949068509614,1114.68994140625,93630000,0.0,0.0
2011-05-19 00:00:00+07:00,1130.2801513671875,1153.6652579471984,1122.4851158405172,1130.2801513671875,45402500,0.0,0.0
2011-05-20 00:00:00+07:00,1138.0751953125,1153.6652664811645,1122.4851241438355,1138.0751953125,50617500,0.0,0.0
2011-05-23 00:00:00+07:00,1114.68994140625,1130.280010516827,1099.099872295673,1114.68994140625,57972500,0.0,0.0
2011-05-24 00:00:00+07:00,1099.0999755859375,1114.6900461616244,1091.304940298094,1099.0999755859375,65605000,0.0,0.0
2011-05-25 00:00:00+07:00,1106.8953857421875,1106.8953857421875,1091.3053098866635,1106.8953857421875,38462500,0.0,0.0
2011-05-26 00:00:00+07:00,1130.2801513671875,1130.2801513671875,1099.1000092605066,1130.2801513671875,45005000,0.0,0.0
2011-05-27 00:00:00+07:00,1114.68994140625,1122.4849759615383,1106.8949068509614,1114.68994140625,34222500,0.0,0.0
2011-05-30 00:00:00+07:00,1106.8953857421875,1122.4854615977113,1099.1003478144255,1106.8953857421875,35297500,0.0,0.0
2011-05-31 00:00:00+07:00,1106.8953857421875,1122.4854615977113,1099.1003478144255,1106.8953857421875,58780000,0.0,0.0
2011-06-01 00:00:00+07:00,1106.8953857421875,1130.2804995254733,1106.8953857421875,1106.8953857421875,57902500,0.0,0.0
2011-06-03 00:00:00+07:00,1114.68994140625,1122.4849759615383,1099.099872295673,1114.68994140625,44422500,0.0,0.0
2011-06-06 00:00:00+07:00,1114.68994140625,1122.4849759615383,1106.8949068509614,1114.68994140625,8880000,0.0,0.0
2011-06-07 00:00:00+07:00,1117.839111328125,1117.839111328125,1102.0948984925176,1117.839111328125,22255000,14.0,0.0
2011-06-08 00:00:00+07:00,1102.0947265625,1117.8389369419642,1102.0947265625,1102.0947265625,42807500,0.0,0.0
2011-06-09 00:00:00+07:00,1102.0947265625,1117.8389369419642,1102.0947265625,1102.0947265625,24090000,0.0,0.0
2011-06-10 00:00:00+07:00,1102.0947265625,1117.8389369419642,1102.0947265625,1102.0947265625,28940000,0.0,0.0
2011-06-13 00:00:00+07:00,1102.0947265625,1117.8389369419642,1102.0947265625,1102.0947265625,19725000,0.0,0.0
2011-06-14 00:00:00+07:00,1102.0947265625,1117.8389369419642,1102.0947265625,1102.0947265625,20355000,0.0,0.0
2011-06-15 00:00:00+07:00,1125.7109375,1133.583041958042,1102.094624125874,1125.7109375,56987500,0.0,0.0
2011-06-16 00:00:00+07:00,1117.839111328125,1133.5833241637324,1109.9670049103213,1117.839111328125,79695000,0.0,0.0
2011-06-17 00:00:00+07:00,1133.583251953125,1141.455357869466,1125.7111460367837,1133.583251953125,93155000,0.0,0.0
2011-06-20 00:00:00+07:00,1141.455322265625,1149.3274279364225,1133.5832165948275,1141.455322265625,46735000,0.0,0.0
2011-06-21 00:00:00+07:00,1133.583251953125,1157.1995697021484,1133.583251953125,1133.583251953125,51507500,0.0,0.0
2011-06-22 00:00:00+07:00,1149.3275146484375,1149.3275146484375,1125.7111958542914,1149.3275146484375,79382500,0.0,0.0
2011-06-23 00:00:00+07:00,1165.0716552734375,1165.0716552734375,1141.4553379368135,1165.0716552734375,51712500,0.0,0.0
2011-06-24 00:00:00+07:00,1172.9437255859375,1180.8158311267828,1157.199514504247,1172.9437255859375,72752500,0.0,0.0
2011-06-27 00:00:00+07:00,1172.9437255859375,1180.8158311267828,1157.199514504247,1172.9437255859375,35657500,0.0,0.0
2011-06-28 00:00:00+07:00,1172.9437255859375,1188.6879366676278,1157.199514504247,1172.9437255859375,28940000,0.0,0.0
2011-06-30 00:00:00+07:00,1204.43212890625,1212.304234323938,1172.9437072354983,1204.43212890625,132837500,0.0,0.0
2011-07-01 00:00:00+07:00,1228.04833984375,1243.7925493289265,1204.4320256159856,1228.04833984375,67542500,0.0,0.0
2011-07-04 00:00:00+07:00,1228.04833984375,1228.04833984375,1228.04833984375,1228.04833984375,0,0.0,0.0
2011-07-05 00:00:00+07:00,1235.92041015625,1243.7925146795385,1220.1762011096737,1235.92041015625,61467500,0.0,0.0
2011-07-06 00:00:00+07:00,1228.04833984375,1228.04833984375,1188.687816130809,1228.04833984375,48725000,0.0,0.0
2011-07-07 00:00:00+07:00,1228.04833984375,1251.6646540715144,1212.3041303585735,1228.04833984375,49885000,0.0,0.0
2011-07-08 00:00:00+07:00,1267.4088134765625,1291.0251267711567,1235.920395750437,1267.4088134765625,116662500,0.0,0.0
2011-07-11 00:00:00+07:00,1267.4088134765625,1267.4088134765625,1243.792500181968,1267.4088134765625,33392500,0.0,0.0
2011-07-12 00:00:00+07:00,1251.6646728515625,1275.2809874336674,1251.6646728515625,1251.6646728515625,50810000,0.0,0.0
2011-07-13 00:00:00+07:00,1251.6646728515625,1267.4088825729657,1243.7925679908608,1251.6646728515625,37732500,0.0,0.0
2011-07-14 00:00:00+07:00,1259.536865234375,1267.4089706420898,1235.9205490112304,1259.536865234375,44520000,0.0,0.0
2011-07-15 00:00:00+07:00,1306.7696533203125,1306.7696533203125,1259.5370152484938,1306.7696533203125,62700000,0.0,0.0
2011-07-18 00:00:00+07:00,1283.1529541015625,1314.6413701531346,1283.1529541015625,1283.1529541015625,20880000,0.0,0.0
2011-07-19 00:00:00+07:00,1259.536865234375,1283.1531814575194,1235.9205490112304,1259.536865234375,56675000,0.0,0.0
2011-07-20 00:00:00+07:00,1259.536865234375,1275.2810760498046,1243.7926544189452,1259.536865234375,33077500,0.0,0.0
2011-07-21 00:00:00+07:00,1275.2808837890625,1283.152988009983,1243.7924669053818,1275.2808837890625,31912500,0.0,0.0
2011-07-22 00:00:00+07:00,1298.8974609375,1298.8974609375,1283.1532492897727,1298.8974609375,46740000,0.0,0.0
2011-07-25 00:00:00+07:00,1283.1529541015625,1291.0250581144555,1267.4087460757764,1283.1529541015625,44627500,0.0,0.0
2011-07-26 00:00:00+07:00,1306.7696533203125,1306.7696533203125,1275.2812279391,1306.7696533203125,43510000,0.0,0.0
2011-07-27 00:00:00+07:00,1314.6416015625,1338.2579177582336,1291.0252853667664,1314.6416015625,65255000,0.0,0.0
2011-07-28 00:00:00+07:00,1291.0250244140625,1298.8971282214654,1275.2808167992569,1291.0250244140625,34940000,0.0,0.0
2011-07-29 00:00:00+07:00,1306.7696533203125,1306.7696533203125,1267.409121593797,1306.7696533203125,50025000,0.0,0.0
2011-08-01 00:00:00+07:00,1346.1295166015625,1346.1295166015625,1298.8969019839635,1346.1295166015625,61725000,0.0,0.0
2011-08-02 00:00:00+07:00,1377.6182861328125,1377.6182861328125,1338.2577636718752,1377.6182861328125,39217500,0.0,0.0
2011-08-03 00:00:00+07:00,1369.746337890625,1393.362654061153,1361.8742325004491,1369.746337890625,43412500,0.0,0.0
2011-08-04 00:00:00+07:00,1354.0018310546875,1377.6181420614553,1322.5134163789971,1354.0018310546875,36387500,0.0,0.0
2011-08-05 00:00:00+07:00,1306.7696533203125,1330.3859723562216,1259.5370152484938,1306.7696533203125,213177500,0.0,0.0
2011-08-08 00:00:00+07:00,1267.4088134765625,1275.280917908094,1188.687769161248,1267.4088134765625,255862500,0.0,0.0
2011-08-09 00:00:00+07:00,1235.92041015625,1259.5367237261148,1141.4551558767914,1235.92041015625,393682500,0.0,0.0
2011-08-10 00:00:00+07:00,1259.536865234375,1275.2810760498046,1235.9205490112304,1259.536865234375,150000000,0.0,0.0
2011-08-11 00:00:00+07:00,1235.92041015625,1251.6646192028263,1220.1762011096737,1235.92041015625,96177500,0.0,0.0
2011-08-12 00:00:00+07:00,1251.6646728515625,1259.5367777122642,1235.920463130159,1251.6646728515625,80202500,0.0,0.0
2011-08-15 00:00:00+07:00,1283.1529541015625,1283.1529541015625,1251.6645380499906,1283.1529541015625,51152500,0.0,0.0
2011-08-16 00:00:00+07:00,1283.1529541015625,1298.8971621273486,1267.4087460757764,1283.1529541015625,74242500,0.0,0.0
2011-08-18 00:00:00+07:00,1291.0250244140625,1298.8971282214654,1251.6645053770485,1291.0250244140625,89110000,0.0,0.0
2011-08-19 00:00:00+07:00,1259.536865234375,1259.536865234375,1220.1763381958008,1259.536865234375,150657500,0.0,0.0
2011-08-22 00:00:00+07:00,1220.17626953125,1259.5367943548388,1212.3041645665323,1220.17626953125,79432500,0.0,0.0
2011-08-23 00:00:00+07:00,1251.6646728515625,1251.6646728515625,1220.176253408756,1251.6646728515625,61300000,0.0,0.0
2011-08-24 00:00:00+07:00,1243.79248046875,1259.5366890822784,1228.0482718552214,1243.79248046875,72725000,0.0,0.0
2011-08-25 00:00:00+07:00,1259.536865234375,1267.4089706420898,1243.7926544189452,1259.536865234375,53972500,0.0,0.0
2011-08-26 00:00:00+07:00,1259.536865234375,1267.4089706420898,1228.0484436035156,1259.536865234375,84487500,0.0,0.0
2011-09-05 00:00:00+07:00,1283.1529541015625,1306.7692661402416,1267.4087460757764,1283.1529541015625,135552500,0.0,0.0
2011-09-06 00:00:00+07:00,1291.0250244140625,1306.769232028868,1267.408712991854,1291.0250244140625,67305000,0.0,0.0
2011-09-07 00:00:00+07:00,1314.6416015625,1314.6416015625,1291.0252853667664,1314.6416015625,46445000,0.0,0.0
2011-09-08 00:00:00+07:00,1322.5135498046875,1330.3856542678109,1291.025131952195,1322.5135498046875,55657500,0.0,0.0
2011-09-09 00:00:00+07:00,1314.6416015625,1338.2579177582336,1306.7694961639222,1314.6416015625,49180000,0.0,0.0
2011-09-12 00:00:00+07:00,1267.4088134765625,1306.7693356342195,1267.4088134765625,1267.4088134765625,35762500,0.0,0.0
2011-09-13 00:00:00+07:00,1275.2808837890625,1291.0250922309028,1251.664571126302,1275.2808837890625,26415000,0.0,0.0
2011-09-14 00:00:00+07:00,1220.17626953125,1283.153109248992,1220.17626953125,1220.17626953125,113207500,0.0,0.0
2011-09-15 00:00:00+07:00,1243.79248046875,1243.79248046875,1180.815646014636,1243.79248046875,131155000,0.0,0.0
2011-09-16 00:00:00+07:00,1243.79248046875,1267.4087933890428,1220.1761675484572,1243.79248046875,72417500,0.0,0.0
2011-09-19 00:00:00+07:00,1235.92041015625,1251.6646192028263,1220.1762011096737,1235.92041015625,15482500,0.0,0.0
2011-09-20 00:00:00+07:00,1251.6646728515625,1251.6646728515625,1204.4320436873527,1251.6646728515625,75652500,0.0,0.0
2011-09-21 00:00:00+07:00,1220.17626953125,1259.5367943548388,1220.17626953125,1220.17626953125,56505000,0.0,0.0
2011-09-22 00:00:00+07:00,1117.839111328125,1188.6880690883584,1109.9670049103213,1117.839111328125,106810000,0.0,0.0
2011-09-23 00:00:00+07:00,1180.8154296875,1180.8154296875,1094.2222981770833,1180.8154296875,77040000,0.0,0.0
2011-09-26 00:00:00+07:00,1157.19921875,1180.8155293367347,1117.8387011054422,1157.19921875,88715000,0.0,0.0
2011-09-27 00:00:00+07:00,1180.8154296875,1204.43173828125,1172.9433268229168,1180.8154296875,136180000,0.0,0.0
2011-09-28 00:00:00+07:00,1188.6876220703125,1196.559725527732,1172.943415155474,1188.6876220703125,60455000,0.0,0.0
2011-09-29 00:00:00+07:00,1204.43212890625,1204.43212890625,1180.8158126531862,1204.43212890625,68760000,0.0,0.0
2011-09-30 00:00:00+07:00,1212.3040771484375,1228.048285942573,1172.9435551630986,1212.3040771484375,93900000,0.0,0.0
2011-10-03 00:00:00+07:00,1157.19921875,1180.8155293367347,1133.5829081632653,1157.19921875,48765000,0.0,0.0
2011-10-04 00:00:00+07:00,1133.583251953125,1149.3274637858071,1109.9669342041016,1133.583251953125,69762500,0.0,0.0
2011-10-05 00:00:00+07:00,1149.3275146484375,1157.1996209131528,1133.5833021190067,1149.3275146484375,34615000,0.0,0.0
2011-10-06 00:00:00+07:00,1180.8154296875,1188.6875325520834,1165.0712239583331,1180.8154296875,97712500,0.0,0.0
2011-10-07 00:00:00+07:00,1172.9437255859375,1220.1763588310089,1172.9437255859375,1172.9437255859375,61852500,0.0,0.0
2011-10-10 00:00:00+07:00,1180.8154296875,1188.6875325520834,1149.3270182291667,1180.8154296875,38945000,0.0,0.0
2011-10-11 00:00:00+07:00,1220.17626953125,1243.7925844254032,1196.5599546370968,1220.17626953125,82820000,0.0,0.0
2011-10-12 00:00:00+07:00,1251.6646728515625,1267.4088825729657,1220.176253408756,1251.6646728515625,55447500,0.0,0.0
2011-10-13 00:00:00+07:00,1259.536865234375,1283.1531814575194,1251.6647598266602,1259.536865234375,48185000,0.0,0.0
2011-10-14 00:00:00+07:00,1251.6646728515625,1267.4088825729657,1251.6646728515625,1251.6646728515625,38470000,0.0,0.0
2011-10-17 00:00:00+07:00,1267.4088134765625,1275.280917908094,1251.6646046134997,1267.4088134765625,20700000,0.0,0.0
2011-10-18 00:00:00+07:00,1220.17626953125,1251.664689390121,1204.4320596018144,1220.17626953125,62032500,0.0,0.0
2011-10-19 00:00:00+07:00,1235.92041015625,1243.7925146795385,1228.048305632962,1235.92041015625,43955000,0.0,0.0
2011-10-20 00:00:00+07:00,1204.43212890625,1228.0484451593136,1180.8158126531862,1204.43212890625,123015000,0.0,0.0
2011-10-21 00:00:00+07:00,1204.43212890625,1228.0484451593136,1188.687918070874,1204.43212890625,88665000,0.0,0.0
2011-10-24 00:00:00+07:00,1251.6646728515625,1259.5367777122642,1228.0483582694576,1251.6646728515625,39880000,0.0,0.0
2011-10-25 00:00:00+07:00,1259.536865234375,1275.2810760498046,1235.9205490112304,1259.536865234375,60845000,0.0,0.0
2011-10-26 00:00:00+07:00,1259.536865234375,1259.536865234375,1251.6647598266602,1259.536865234375,17485000,0.0,0.0
2011-10-27 00:00:00+07:00,1251.6646728515625,1275.2809874336674,1243.7925679908608,1251.6646728515625,94132500,0.0,0.0
2011-10-28 00:00:00+07:00,1259.536865234375,1267.4089706420898,1243.7926544189452,1259.536865234375,81692500,0.0,0.0
2011-10-31 00:00:00+07:00,1275.2808837890625,1275.2808837890625,1235.9203626844617,1275.2808837890625,46517500,0.0,0.0
2011-11-01 00:00:00+07:00,1243.79248046875,1267.4087933890428,1235.9203761619858,1243.79248046875,40640000,0.0,0.0
2011-11-02 00:00:00+07:00,1251.6646728515625,1259.5367777122642,1212.3041485480542,1251.6646728515625,72637500,0.0,0.0
2011-11-03 00:00:00+07:00,1228.04833984375,1243.7925493289265,1212.3041303585735,1228.04833984375,46015000,0.0,0.0
2011-11-04 00:00:00+07:00,1259.536865234375,1267.4089706420898,1243.7926544189452,1259.536865234375,81922500,0.0,0.0
2011-11-07 00:00:00+07:00,1251.6646728515625,1259.5367777122642,1251.6646728515625,1251.6646728515625,19212500,0.0,0.0
2011-11-08 00:00:00+07:00,1291.0250244140625,1291.0250244140625,1251.6645053770485,1291.0250244140625,62685000,0.0,0.0
2011-11-09 00:00:00+07:00,1306.7696533203125,1322.5138660109187,1291.0254406297065,1306.7696533203125,101030000,0.0,0.0
2011-11-10 00:00:00+07:00,1283.1529541015625,1291.0250581144555,1251.6645380499906,1283.1529541015625,106470000,0.0,0.0
2011-11-11 00:00:00+07:00,1283.1529541015625,1298.8971621273486,1259.5366420628834,1283.1529541015625,59430000,0.0,0.0
2011-11-14 00:00:00+07:00,1298.8974609375,1298.8974609375,1283.1532492897727,1298.8974609375,35945000,0.0,0.0
2011-11-15 00:00:00+07:00,1283.1529541015625,1291.0250581144555,1267.4087460757764,1283.1529541015625,59007500,0.0,0.0
2011-11-16 00:00:00+07:00,1267.4088134765625,1291.0251267711567,1259.5367090450309,1267.4088134765625,57665000,0.0,0.0
2011-11-17 00:00:00+07:00,1267.4088134765625,1283.1530223396253,1251.6646046134997,1267.4088134765625,71010000,0.0,0.0
2011-11-18 00:00:00+07:00,1235.92041015625,1251.6646192028263,1228.048305632962,1235.92041015625,135915000,0.0,0.0
2011-11-21 00:00:00+07:00,1220.17626953125,1235.9204794606856,1212.3041645665323,1220.17626953125,86947500,0.0,0.0
2011-11-22 00:00:00+07:00,1228.04833984375,1235.920444586338,1220.176235101162,1228.04833984375,89785000,0.0,0.0
2011-11-23 00:00:00+07:00,1212.3040771484375,1220.1761815455054,1204.4319727513698,1212.3040771484375,46025000,0.0,0.0
2011-11-24 00:00:00+07:00,1204.43212890625,1220.1763397416255,1204.43212890625,1204.43212890625,44170000,0.0,0.0
2011-11-25 00:00:00+07:00,1172.9437255859375,1204.4321477493183,1172.9437255859375,1172.9437255859375,58897500,0.0,0.0
2011-11-28 00:00:00+07:00,1188.6876220703125,1196.559725527732,1172.943415155474,1188.6876220703125,71170000,0.0,0.0
2011-11-29 00:00:00+07:00,1212.3040771484375,1235.9203903396408,1188.6877639572342,1212.3040771484375,91865000,0.0,0.0
2011-11-30 00:00:00+07:00,1243.79248046875,1251.6645847755142,1212.304063241693,1243.79248046875,100960000,0.0,0.0
2011-12-01 00:00:00+07:00,1243.79248046875,1243.79248046875,1243.79248046875,1243.79248046875,0,0.0,0.0
2011-12-02 00:00:00+07:00,1259.536865234375,1259.536865234375,1243.7926544189452,1259.536865234375,25070000,0.0,0.0
2011-12-05 00:00:00+07:00,1267.4088134765625,1267.4088134765625,1251.6646046134997,1267.4088134765625,32640000,0.0,0.0
2011-12-06 00:00:00+07:00,1243.79248046875,1259.5366890822784,1243.79248046875,1243.79248046875,22985000,0.0,0.0
2011-12-07 00:00:00+07:00,1274.426025390625,1274.426025390625,1250.6789565945264,1274.426025390625,25502500,8.7,0.0
2011-12-08 00:00:00+07:00,1258.594970703125,1274.4263539824096,1250.679279063483,1258.594970703125,46430000,0.0,0.0
2011-12-09 00:00:00+07:00,1250.6793212890625,1266.510705102848,1234.847937475277,1250.6793212890625,33962500,0.0,0.0
2011-12-12 00:00:00+07:00,1266.5108642578125,1274.426557159424,1258.5951713562013,1266.5108642578125,26842500,0.0,0.0
2011-12-13 00:00:00+07:00,1242.7635498046875,1258.594932604747,1234.8478584046577,1242.7635498046875,54307500,0.0,0.0
2011-12-14 00:00:00+07:00,1250.6793212890625,1266.510705102848,1242.7636293821697,1250.6793212890625,33220000,0.0,0.0
2011-12-15 00:00:00+07:00,1234.8480224609375,1242.7637149126103,1219.0166375575925,1234.8480224609375,57962500,0.0,0.0
2011-12-16 00:00:00+07:00,1266.5108642578125,1306.0893287658691,1242.7637855529786,1266.5108642578125,119220000,0.0,0.0
2011-12-19 00:00:00+07:00,1266.5108642578125,1266.5108642578125,1266.5108642578125,1266.5108642578125,0,0.0,0.0
2011-12-20 00:00:00+07:00,1250.6793212890625,1274.4263970097409,1250.6793212890625,1250.6793212890625,21510000,0.0,0.0
2011-12-21 00:00:00+07:00,1258.594970703125,1274.4263539824096,1250.679279063483,1258.594970703125,68717500,0.0,0.0
2011-12-22 00:00:00+07:00,1258.594970703125,1274.4263539824096,1258.594970703125,1258.594970703125,16920000,0.0,0.0
2011-12-23 00:00:00+07:00,1274.426025390625,1274.426025390625,1258.594646193226,1274.426025390625,20207500,0.0,0.0
2011-12-27 00:00:00+07:00,1266.5108642578125,1274.426557159424,1250.67947845459,1266.5108642578125,21387500,0.0,0.0
2011-12-28 00:00:00+07:00,1258.594970703125,1274.4263539824096,1242.7635874238406,1258.594970703125,28450000,0.0,0.0
2011-12-29 00:00:00+07:00,1274.426025390625,1274.426025390625,1242.7632669958268,1274.426025390625,18447500,0.0,0.0
2011-12-30 00:00:00+07:00,1266.5108642578125,1274.426557159424,1258.5951713562013,1266.5108642578125,24237500,0.0,0.0
2012-01-02 00:00:00+07:00,1266.5108642578125,1266.5108642578125,1258.5951713562013,1266.5108642578125,7870000,0.0,0.0
2012-01-03 00:00:00+07:00,1282.342041015625,1282.342041015625,1258.5949661820025,1282.342041015625,27775000,0.0,0.0
2012-01-04 00:00:00+07:00,1282.342041015625,1290.2577326268324,1266.51065779321,1282.342041015625,87245000,0.0,0.0
2012-01-05 00:00:00+07:00,1274.426025390625,1290.2574045880242,1274.426025390625,1274.426025390625,57197500,0.0,0.0
2012-01-06 00:00:00+07:00,1266.5108642578125,1274.426557159424,1258.5951713562013,1266.5108642578125,27190000,0.0,0.0
2012-01-09 00:00:00+07:00,1290.257568359375,1290.257568359375,1250.6791153422164,1290.257568359375,46510000,0.0,0.0
2012-01-10 00:00:00+07:00,1290.257568359375,1298.1732589628068,1282.3418777559432,1290.257568359375,49875000,0.0,0.0
2012-01-11 00:00:00+07:00,1282.342041015625,1306.0891158492475,1274.4263494044174,1282.342041015625,73070000,0.0,0.0
2012-01-12 00:00:00+07:00,1290.257568359375,1298.1732589628068,1274.4261871525116,1290.257568359375,63142500,0.0,0.0
2012-01-13 00:00:00+07:00,1266.5108642578125,1290.257942962647,1266.5108642578125,1266.5108642578125,15,0.0,0.0
2012-01-16 00:00:00+07:00,1258.594970703125,1282.342045622052,1250.679279063483,1258.594970703125,16345000,0.0,0.0
2012-01-17 00:00:00+07:00,1258.594970703125,1266.510662342767,1250.679279063483,1258.594970703125,83357500,0.0,0.0
2012-01-18 00:00:00+07:00,1258.594970703125,1266.510662342767,1250.679279063483,1258.594970703125,53990000,0.0,0.0
2012-01-19 00:00:00+07:00,1266.5108642578125,1282.3422500610352,1258.5951713562013,1266.5108642578125,85020000,0.0,0.0
2012-01-20 00:00:00+07:00,1266.5108642578125,1274.426557159424,1258.5951713562013,1266.5108642578125,46197500,0.0,0.0
2012-01-24 00:00:00+07:00,1282.342041015625,1282.342041015625,1258.5949661820025,1282.342041015625,38160000,0.0,0.0
2012-01-25 00:00:00+07:00,1274.426025390625,1282.3417149893246,1266.5103357919256,1274.426025390625,26652500,0.0,0.0
2012-01-26 00:00:00+07:00,1290.257568359375,1290.257568359375,1266.5104965490798,1290.257568359375,43782500,0.0,0.0
2012-01-27 00:00:00+07:00,1282.342041015625,1290.2577326268324,1274.4263494044174,1282.342041015625,33117500,0.0,0.0
2012-01-30 00:00:00+07:00,1258.594970703125,1282.342045622052,1242.7635874238406,1258.594970703125,32272500,0.0,0.0
2012-01-31 00:00:00+07:00,1266.5108642578125,1266.5108642578125,1242.7637855529786,1266.5108642578125,78315000,0.0,0.0
2012-02-01 00:00:00+07:00,1266.5108642578125,1274.426557159424,1258.5951713562013,1266.5108642578125,27752500,0.0,0.0
2012-02-02 00:00:00+07:00,1282.342041015625,1306.0891158492475,1258.5949661820025,1282.342041015625,125027500,0.0,0.0
2012-02-03 00:00:00+07:00,1274.426025390625,1290.2574045880242,1274.426025390625,1274.426025390625,50905000,0.0,0.0
2012-02-06 00:00:00+07:00,1274.426025390625,1282.3417149893246,1266.5103357919256,1274.426025390625,50542500,0.0,0.0
2012-02-07 00:00:00+07:00,1250.6793212890625,1274.4263970097409,1242.7636293821697,1250.6793212890625,58400000,0.0,0.0
2012-02-08 00:00:00+07:00,1250.6793212890625,1250.6793212890625,1234.847937475277,1250.6793212890625,91372500,0.0,0.0
2012-02-09 00:00:00+07:00,1250.6793212890625,1258.5950131959553,1242.7636293821697,1250.6793212890625,58690000,0.0,0.0
2012-02-10 00:00:00+07:00,1195.2691650390625,1250.678993881933,1179.437785369671,1195.2691650390625,175732500,0.0,0.0
2012-02-13 00:00:00+07:00,1203.1851806640625,1203.1851806640625,1187.3537967079565,1203.1851806640625,119025000,0.0,0.0
2012-02-14 00:00:00+07:00,1171.5223388671875,1203.1851047825169,1163.6066473883552,1171.5223388671875,135105000,0.0,0.0
2012-02-15 00:00:00+07:00,1155.69091796875,1187.3536828446065,1139.859535530822,1155.69091796875,259055000,0.0,0.0
2012-02-16 00:00:00+07:00,1163.6064453125,1163.6064453125,1139.859375,1163.6064453125,192460000,0.0,0.0
2012-02-17 00:00:00+07:00,1179.4378662109375,1179.4378662109375,1155.6907950791735,1179.4378662109375,125565000,0.0,0.0
2012-02-20 00:00:00+07:00,1179.4378662109375,1187.353556588192,1163.6064854564283,1179.4378662109375,164060000,0.0,0.0
2012-02-21 00:00:00+07:00,1195.2691650390625,1195.2691650390625,1171.5220955349753,1195.2691650390625,194715000,0.0,0.0
2012-02-22 00:00:00+07:00,1195.2691650390625,1195.2691650390625,1179.437785369671,1195.2691650390625,70177500,0.0,0.0
2012-02-23 00:00:00+07:00,1187.353759765625,1195.2694514973955,1171.522376302083,1187.353759765625,66537500,0.0,0.0
2012-02-24 00:00:00+07:00,1179.4378662109375,1179.4378662109375,1155.6907950791735,1179.4378662109375,85332500,0.0,0.0
2012-02-27 00:00:00+07:00,1171.5223388671875,1187.3537218248523,1147.7752644306906,1171.5223388671875,59277500,0.0,0.0
2012-02-28 00:00:00+07:00,1179.4378662109375,1187.353556588192,1163.6064854564283,1179.4378662109375,44117500,0.0,0.0
2012-02-29 00:00:00+07:00,1203.1851806640625,1211.1008726421155,1187.3537967079565,1203.1851806640625,97972500,0.0,0.0
2012-03-01 00:00:00+07:00,1211.100830078125,1219.016521777982,1187.353754978554,1211.100830078125,28105000,0.0,0.0
2012-03-02 00:00:00+07:00,1226.9322509765625,1226.9322509765625,1203.1851751512097,1226.9322509765625,59080000,0.0,0.0
2012-03-05 00:00:00+07:00,1219.0164794921875,1219.0164794921875,1203.1850966416396,1219.0164794921875,23535000,0.0,0.0
2012-03-06 00:00:00+07:00,1219.0164794921875,1219.0164794921875,1195.2694052163656,1219.0164794921875,45050000,0.0,0.0
2012-03-07 00:00:00+07:00,1187.353759765625,1219.0165266927083,1187.353759765625,1187.353759765625,57577500,0.0,0.0
2012-03-08 00:00:00+07:00,1195.2691650390625,1203.1848548737582,1179.437785369671,1195.2691650390625,34130000,0.0,0.0
2012-03-09 00:00:00+07:00,1187.353759765625,1219.0165266927083,1187.353759765625,1187.353759765625,10,0.0,0.0
2012-03-12 00:00:00+07:00,1219.0164794921875,1219.0164794921875,1203.1850966416396,1219.0164794921875,55520000,0.0,0.0
2012-03-13 00:00:00+07:00,1211.100830078125,1226.932213477839,1211.100830078125,1211.100830078125,29742500,0.0,0.0
2012-03-14 00:00:00+07:00,1242.7635498046875,1242.7635498046875,1219.016475604598,1242.7635498046875,71655000,0.0,0.0
2012-03-15 00:00:00+07:00,1234.8480224609375,1250.679407364283,1226.932330009265,1234.8480224609375,49402500,0.0,0.0
2012-03-16 00:00:00+07:00,1250.6793212890625,1258.5950131959553,1234.847937475277,1250.6793212890625,66615000,0.0,0.0
2012-03-19 00:00:00+07:00,1258.594970703125,1266.510662342767,1250.679279063483,1258.594970703125,35462500,0.0,0.0
2012-03-20 00:00:00+07:00,1266.5108642578125,1266.5108642578125,1250.67947845459,1266.5108642578125,41565000,0.0,0.0
2012-03-21 00:00:00+07:00,1250.6793212890625,1258.5950131959553,1242.7636293821697,1250.6793212890625,35377500,0.0,0.0
2012-03-22 00:00:00+07:00,1258.594970703125,1258.594970703125,1242.7635874238406,1258.594970703125,18127500,0.0,0.0
2012-03-26 00:00:00+07:00,1266.5108642578125,1282.3422500610352,1258.5951713562013,1266.5108642578125,57982500,0.0,0.0
2012-03-27 00:00:00+07:00,1282.342041015625,1282.342041015625,1266.51065779321,1282.342041015625,60522500,0.0,0.0
2012-03-28 00:00:00+07:00,1282.342041015625,1290.2577326268324,1274.4263494044174,1282.342041015625,37185000,0.0,0.0
2012-03-29 00:00:00+07:00,1274.426025390625,1274.426025390625,1266.5103357919256,1274.426025390625,38730000,0.0,0.0
2012-03-30 00:00:00+07:00,1266.5108642578125,1282.3422500610352,1266.5108642578125,1266.5108642578125,80725000,0.0,0.0
2012-04-02 00:00:00+07:00,1274.426025390625,1282.3417149893246,1266.5103357919256,1274.426025390625,47550000,0.0,0.0
2012-04-03 00:00:00+07:00,1274.426025390625,1274.426025390625,1274.426025390625,1274.426025390625,0,0.0,0.0
2012-04-04 00:00:00+07:00,1226.9322509765625,1282.3420945690525,1226.9322509765625,1226.9322509765625,56172500,0.0,0.0
2012-04-05 00:00:00+07:00,1258.594970703125,1274.4263539824096,1226.932204144556,1258.594970703125,52040000,0.0,0.0
2012-04-09 00:00:00+07:00,1258.594970703125,1266.510662342767,1250.679279063483,1258.594970703125,14337500,0.0,0.0
2012-04-10 00:00:00+07:00,1250.6793212890625,1258.5950131959553,1242.7636293821697,1250.6793212890625,19992500,0.0,0.0
2012-04-11 00:00:00+07:00,1250.6793212890625,1258.5950131959553,1242.7636293821697,1250.6793212890625,41255000,0.0,0.0
2012-04-12 00:00:00+07:00,1266.5108642578125,1266.5108642578125,1242.7637855529786,1266.5108642578125,61607500,0.0,0.0
2012-04-13 00:00:00+07:00,1258.594970703125,1274.4263539824096,1258.594970703125,1258.594970703125,21652500,0.0,0.0
2012-04-16 00:00:00+07:00,1242.7635498046875,1266.510624004777,1242.7635498046875,1242.7635498046875,22787500,0.0,0.0
2012-04-17 00:00:00+07:00,1250.6793212890625,1266.510705102848,1242.7636293821697,1250.6793212890625,56015000,0.0,0.0
2012-04-18 00:00:00+07:00,1250.6793212890625,1258.5950131959553,1250.6793212890625,1250.6793212890625,15495000,0.0,0.0
2012-04-19 00:00:00+07:00,1258.594970703125,1258.594970703125,1242.7635874238406,1258.594970703125,13320000,0.0,0.0
2012-04-20 00:00:00+07:00,1266.5108642578125,1266.5108642578125,1250.67947845459,1266.5108642578125,33567500,0.0,0.0
2012-04-23 00:00:00+07:00,1266.5108642578125,1266.5108642578125,1258.5951713562013,1266.5108642578125,24640000,0.0,0.0
2012-04-24 00:00:00+07:00,1266.5108642578125,1266.5108642578125,1250.67947845459,1266.5108642578125,32217500,0.0,0.0
2012-04-25 00:00:00+07:00,1258.594970703125,1266.510662342767,1242.7635874238406,1258.594970703125,79782500,0.0,0.0
2012-04-26 00:00:00+07:00,1266.5108642578125,1306.0893287658691,1258.5951713562013,1266.5108642578125,129467500,0.0,0.0
2012-04-27 00:00:00+07:00,1242.7635498046875,1274.426315404807,1242.7635498046875,1242.7635498046875,41677500,0.0,0.0
2012-04-30 00:00:00+07:00,1266.5108642578125,1266.5108642578125,1242.7637855529786,1266.5108642578125,28325000,0.0,0.0
2012-05-01 00:00:00+07:00,1266.5108642578125,1266.5108642578125,1258.5951713562013,1266.5108642578125,11152500,0.0,0.0
2012-05-02 00:00:00+07:00,1266.5108642578125,1266.5108642578125,1258.5951713562013,1266.5108642578125,79442500,0.0,0.0
2012-05-03 00:00:00+07:00,1274.426025390625,1282.3417149893246,1266.5103357919256,1274.426025390625,48850000,0.0,0.0
2012-05-04 00:00:00+07:00,1274.426025390625,1274.426025390625,1258.594646193226,1274.426025390625,26457500,0.0,0.0
2012-05-07 00:00:00+07:00,1266.5108642578125,1274.426557159424,1250.67947845459,1266.5108642578125,49982500,0.0,0.0
2012-05-08 00:00:00+07:00,1266.5108642578125,1274.426557159424,1258.5951713562013,1266.5108642578125,32460000,0.0,0.0
2012-05-09 00:00:00+07:00,1266.5108642578125,1274.426557159424,1258.5951713562013,1266.5108642578125,29172500,0.0,0.0
2012-05-10 00:00:00+07:00,1266.5108642578125,1274.426557159424,1258.5951713562013,1266.5108642578125,53300000,0.0,0.0
2012-05-11 00:00:00+07:00,1266.5108642578125,1274.426557159424,1258.5951713562013,1266.5108642578125,26522500,0.0,0.0
2012-05-14 00:00:00+07:00,1226.9322509765625,1266.510710685484,1226.9322509765625,1226.9322509765625,23975000,0.0,0.0
2012-05-15 00:00:00+07:00,1234.8480224609375,1242.7637149126103,1219.0166375575925,1234.8480224609375,63640000,0.0,0.0
2012-05-16 00:00:00+07:00,1195.2691650390625,1226.9319243778457,1171.5220955349753,1195.2691650390625,108870000,0.0,0.0
2012-05-21 00:00:00+07:00,1155.69091796875,1187.3536828446065,1147.775226749786,1155.69091796875,233590000,0.0,0.0
2012-05-22 00:00:00+07:00,1179.4378662109375,1187.353556588192,1155.6907950791735,1179.4378662109375,153852500,0.0,0.0
2012-05-23 00:00:00+07:00,1179.4378662109375,1187.353556588192,1155.6907950791735,1179.4378662109375,102672500,0.0,0.0
2012-05-24 00:00:00+07:00,1179.4378662109375,1187.353556588192,1163.6064854564283,1179.4378662109375,57627500,0.0,0.0
2012-05-25 00:00:00+07:00,1147.7752685546875,1171.5223430765086,1139.8595770474135,1147.7752685546875,159350000,0.0,0.0
2012-05-28 00:00:00+07:00,1147.7752685546875,1155.6909600619613,1116.1125025255926,1147.7752685546875,57350000,0.0,0.0
2012-05-29 00:00:00+07:00,1147.7752685546875,1155.6909600619613,1139.8595770474135,1147.7752685546875,38047500,0.0,0.0
2012-05-30 00:00:00+07:00,1155.69091796875,1171.522300406678,1139.859535530822,1155.69091796875,58610000,0.0,0.0
2012-05-31 00:00:00+07:00,1108.197021484375,1155.6911795479912,1108.197021484375,1108.197021484375,139705000,0.0,0.0
2012-06-01 00:00:00+07:00,1124.0284423828125,1131.9441356390294,1108.1970558703786,1124.0284423828125,40160000,0.0,0.0
2012-06-04 00:00:00+07:00,1092.3653564453125,1100.2810474340467,1068.61828347911,1092.3653564453125,76612500,0.0,0.0
2012-06-05 00:00:00+07:00,1116.1124267578125,1131.9438086976395,1100.2810448179853,1116.1124267578125,63450000,0.0,0.0
2012-06-06 00:00:00+07:00,1139.8594970703125,1147.7751880221897,1116.112424214681,1139.8594970703125,127570000,0.0,0.0
2012-06-07 00:00:00+07:00,1139.8594970703125,1171.5222608778213,1131.9438061184353,1139.8594970703125,88797500,0.0,0.0
2012-06-08 00:00:00+07:00,1116.1124267578125,1139.859499667553,1100.2810448179853,1116.1124267578125,49850000,0.0,0.0
2012-06-11 00:00:00+07:00,1151.290771484375,1151.290771484375,1127.3055470784504,1151.290771484375,62040000,14.0,0.0
2012-06-12 00:00:00+07:00,1143.2955322265625,1151.2906058784963,1127.3053849226944,1143.2955322265625,67950000,0.0,0.0
2012-06-13 00:00:00+07:00,1143.2955322265625,1159.2856795304306,1143.2955322265625,1143.2955322265625,55727500,0.0,0.0
2012-06-14 00:00:00+07:00,1143.2955322265625,1159.2856795304306,1135.3004585746285,1143.2955322265625,47427500,0.0,0.0
2012-06-15 00:00:00+07:00,1135.3009033203125,1159.28613367215,1135.3009033203125,1135.3009033203125,56565000,0.0,0.0
2012-06-18 00:00:00+07:00,1167.2808837890625,1183.2710328820633,1159.285809242562,1167.2808837890625,65207500,0.0,0.0
2012-06-19 00:00:00+07:00,1191.2659912109375,1191.2659912109375,1151.2906223783557,1191.2659912109375,41772500,0.0,0.0
2012-06-20 00:00:00+07:00,1199.26123046875,1199.26123046875,1175.276005859375,1199.26123046875,33107500,0.0,0.0
2012-06-21 00:00:00+07:00,1175.27587890625,1199.2611009247448,1159.28573089392,1175.27587890625,53065000,0.0,0.0
2012-06-22 00:00:00+07:00,1159.285888671875,1167.2809637661635,1143.295738483297,1159.285888671875,39137500,0.0,0.0
2012-06-25 00:00:00+07:00,1159.285888671875,1167.2809637661635,1151.290813577586,1159.285888671875,28382500,0.0,0.0
2012-06-26 00:00:00+07:00,1159.28573089392,1183.270952912415,1151.2906568877552,1175.27587890625,47840000,0.0,0.0
2012-06-27 00:00:00+07:00,1175.275843677905,1199.261064977454,1167.2807699113885,1191.2659912109375,84212500,0.0,0.0
2012-06-28 00:00:00+07:00,1191.2661074285638,1199.261181975064,1167.2808837890625,1167.2808837890625,48790000,0.0,0.0
2012-06-29 00:00:00+07:00,1167.2808837890625,1199.261181975064,1167.2808837890625,1167.2808837890625,66730000,0.0,0.0
2012-07-02 00:00:00+07:00,1175.27587890625,1175.27587890625,1159.28573089392,1175.27587890625,58465000,0.0,0.0
2012-07-03 00:00:00+07:00,1199.26123046875,1199.26123046875,1175.276005859375,1199.26123046875,53447500,0.0,0.0
2012-07-04 00:00:00+07:00,1191.2659912109375,1199.261064977454,1175.275843677905,1191.2659912109375,75215000,0.0,0.0
2012-07-05 00:00:00+07:00,1183.2711181640625,1199.2612684095227,1175.2760430413323,1183.2711181640625,37292500,0.0,0.0
2012-07-06 00:00:00+07:00,1183.2711181640625,1191.2661932867927,1175.2760430413323,1183.2711181640625,24270000,0.0,0.0
2012-07-09 00:00:00+07:00,1167.2808837890625,1183.2710328820633,1159.285809242562,1167.2808837890625,41192500,0.0,0.0
2012-07-10 00:00:00+07:00,1175.27587890625,1183.270952912415,1167.280804900085,1175.27587890625,27405000,0.0,0.0
2012-07-11 00:00:00+07:00,1175.27587890625,1183.270952912415,1167.280804900085,1175.27587890625,51890000,0.0,0.0
2012-07-12 00:00:00+07:00,1191.2659912109375,1191.2659912109375,1167.2807699113885,1191.2659912109375,137945000,0.0,0.0
2012-07-13 00:00:00+07:00,1191.2659912109375,1199.261064977454,1183.2709174444212,1191.2659912109375,57005000,0.0,0.0
2012-07-16 00:00:00+07:00,1215.25146484375,1223.2465402703535,1191.2662385639392,1215.25146484375,130710000,0.0,0.0
2012-07-17 00:00:00+07:00,1239.2366943359375,1239.2366943359375,1215.2514679939516,1239.2366943359375,71452500,0.0,0.0
2012-07-18 00:00:00+07:00,1239.2366943359375,1263.2219206779234,1231.2416188886089,1239.2366943359375,76970000,0.0,0.0
2012-07-19 00:00:00+07:00,1247.2318115234375,1255.2268872383313,1231.24166009365,1247.2318115234375,64327500,0.0,0.0
2012-07-20 00:00:00+07:00,1255.2266845703125,1255.2266845703125,1231.2414612982684,1255.2266845703125,56250000,0.0,0.0
2012-07-23 00:00:00+07:00,1239.2366943359375,1247.231769783266,1231.2416188886089,1239.2366943359375,49825000,0.0,0.0
2012-07-24 00:00:00+07:00,1223.2464599609375,1239.2366097643485,1215.251385059232,1223.2464599609375,40815000,0.0,0.0
2012-07-25 00:00:00+07:00,1207.2562255859375,1223.246374269195,1207.2562255859375,1207.2562255859375,13607500,0.0,0.0
2012-07-26 00:00:00+07:00,1231.2415771484375,1231.2415771484375,1199.2612764432834,1231.2415771484375,38755000,0.0,0.0
2012-07-27 00:00:00+07:00,1279.212158203125,1279.212158203125,1239.2367782592771,1279.212158203125,124662500,0.0,0.0
2012-07-30 00:00:00+07:00,1271.2169189453125,1279.211993907233,1255.226769021472,1271.2169189453125,88275000,0.0,0.0
2012-07-31 00:00:00+07:00,1279.212158203125,1287.2072341918945,1263.2220062255858,1279.212158203125,149710000,0.0,0.0
2012-08-01 00:00:00+07:00,1271.2169189453125,1279.211993907233,1263.2218439833923,1271.2169189453125,63445000,0.0,0.0
2012-08-02 00:00:00+07:00,1255.2266845703125,1279.2119078423568,1255.2266845703125,1255.2266845703125,72640000,0.0,0.0
2012-08-03 00:00:00+07:00,1231.2415771484375,1263.2218778535916,1231.2415771484375,1231.2415771484375,75950000,0.0,0.0
2012-08-06 00:00:00+07:00,1231.2415771484375,1263.2218778535916,1223.246501972149,1231.2415771484375,114585000,0.0,0.0
2012-08-07 00:00:00+07:00,1247.2318115234375,1255.2268872383313,1223.246584378756,1247.2318115234375,58060000,0.0,0.0
2012-08-08 00:00:00+07:00,1255.2266845703125,1263.2217589943273,1247.231610146298,1255.2266845703125,64907500,0.0,0.0
2012-08-09 00:00:00+07:00,1279.212158203125,1287.2072341918945,1255.2269302368163,1279.212158203125,72555000,0.0,0.0
2012-08-10 00:00:00+07:00,1271.2169189453125,1287.2070688691529,1271.2169189453125,1271.2169189453125,44675000,0.0,0.0
2012-08-13 00:00:00+07:00,1263.2220458984375,1287.207274618028,1263.2220458984375,1263.2220458984375,53760000,0.0,0.0
2012-08-14 00:00:00+07:00,1263.2220458984375,1271.2171221383012,1255.226969658574,1263.2220458984375,29730000,0.0,0.0
2012-08-15 00:00:00+07:00,1271.2169189453125,1271.2169189453125,1263.2218439833923,1271.2169189453125,43050000,0.0,0.0
2012-08-16 00:00:00+07:00,1287.2069091796875,1287.2069091796875,1263.221687269507,1287.2069091796875,56532500,0.0,0.0
2012-08-23 00:00:00+07:00,1263.2220458984375,1287.207274618028,1263.2220458984375,1263.2220458984375,74685000,0.0,0.0
2012-08-24 00:00:00+07:00,1247.2318115234375,1271.217038668119,1239.2367358085437,1247.2318115234375,68592500,0.0,0.0
2012-08-27 00:00:00+07:00,1263.2220458984375,1263.2220458984375,1239.2368171788469,1263.2220458984375,3227500,0.0,0.0
2012-08-28 00:00:00+07:00,1263.2220458984375,1271.2171221383012,1255.226969658574,1263.2220458984375,19660000,0.0,0.0
2012-08-29 00:00:00+07:00,1239.2366943359375,1263.2219206779234,1239.2366943359375,1239.2366943359375,76017500,0.0,0.0
2012-08-30 00:00:00+07:00,1247.2318115234375,1255.2268872383313,1231.24166009365,1247.2318115234375,35282500,0.0,0.0
2012-08-31 00:00:00+07:00,1239.2366943359375,1255.2268452305948,1231.2416188886089,1239.2366943359375,94292500,0.0,0.0
2012-09-03 00:00:00+07:00,1271.2169189453125,1279.211993907233,1239.2366190976318,1271.2169189453125,79117500,0.0,0.0
2012-09-04 00:00:00+07:00,1263.2220458984375,1287.207274618028,1263.2220458984375,1263.2220458984375,84045000,0.0,0.0
2012-09-05 00:00:00+07:00,1255.2266845703125,1279.2119078423568,1255.2266845703125,1255.2266845703125,65945000,0.0,0.0
2012-09-06 00:00:00+07:00,1271.2169189453125,1279.211993907233,1263.2218439833923,1271.2169189453125,33817500,0.0,0.0
2012-09-07 00:00:00+07:00,1287.2069091796875,1287.2069091796875,1279.2118352096272,1287.2069091796875,83832500,0.0,0.0
2012-09-10 00:00:00+07:00,1271.2169189453125,1295.202143831073,1271.2169189453125,1271.2169189453125,33725000,0.0,0.0
2012-09-11 00:00:00+07:00,1287.2069091796875,1287.2069091796875,1263.221687269507,1287.2069091796875,40245000,0.0,0.0
2012-09-12 00:00:00+07:00,1279.212158203125,1287.2072341918945,1271.2170822143555,1279.212158203125,47265000,0.0,0.0
2012-09-13 00:00:00+07:00,1263.2220458984375,1287.207274618028,1263.2220458984375,1263.2220458984375,52632500,0.0,0.0
2012-09-14 00:00:00+07:00,1287.2069091796875,1303.1970571198078,1279.2118352096272,1287.2069091796875,98762500,0.0,0.0
2012-09-17 00:00:00+07:00,1279.212158203125,1295.202310180664,1271.2170822143555,1279.212158203125,52685000,0.0,0.0
2012-09-18 00:00:00+07:00,1263.2220458984375,1279.2121983781649,1247.2318934187106,1263.2220458984375,54887500,0.0,0.0
2012-09-19 00:00:00+07:00,1255.2266845703125,1279.2119078423568,1255.2266845703125,1255.2266845703125,37347500,0.0,0.0
2012-09-20 00:00:00+07:00,1279.212158203125,1279.212158203125,1255.2269302368163,1279.212158203125,38820000,0.0,0.0
2012-09-21 00:00:00+07:00,1271.2169189453125,1279.211993907233,1255.226769021472,1271.2169189453125,64372500,0.0,0.0
2012-09-24 00:00:00+07:00,1263.2220458984375,1271.2171221383012,1255.226969658574,1263.2220458984375,44267500,0.0,0.0
2012-09-25 00:00:00+07:00,1255.2266845703125,1271.216833418342,1255.2266845703125,1255.2266845703125,17130000,0.0,0.0
2012-09-26 00:00:00+07:00,1247.2318115234375,1263.221962953225,1247.2318115234375,1247.2318115234375,29932500,0.0,0.0
2012-09-27 00:00:00+07:00,1263.2220458984375,1271.2171221383012,1247.2318934187106,1263.2220458984375,41885000,0.0,0.0
2012-09-28 00:00:00+07:00,1263.2220458984375,1271.2171221383012,1255.226969658574,1263.2220458984375,61477500,0.0,0.0
2012-10-01 00:00:00+07:00,1255.2266845703125,1271.216833418342,1247.231610146298,1255.2266845703125,52115000,0.0,0.0
2012-10-02 00:00:00+07:00,1263.2220458984375,1271.2171221383012,1255.226969658574,1263.2220458984375,14870000,0.0,0.0
2012-10-03 00:00:00+07:00,1255.2266845703125,1271.216833418342,1255.2266845703125,1255.2266845703125,29290000,0.0,0.0
2012-10-04 00:00:00+07:00,1263.2220458984375,1271.2171221383012,1255.226969658574,1263.2220458984375,46405000,0.0,0.0
2012-10-05 00:00:00+07:00,1255.2266845703125,1271.216833418342,1255.2266845703125,1255.2266845703125,74300000,0.0,0.0
2012-10-08 00:00:00+07:00,1263.2220458984375,1271.2171221383012,1255.226969658574,1263.2220458984375,33475000,0.0,0.0
2012-10-09 00:00:00+07:00,1271.2169189453125,1271.2169189453125,1255.226769021472,1271.2169189453125,65707500,0.0,0.0
2012-10-10 00:00:00+07:00,1271.2169189453125,1279.211993907233,1263.2218439833923,1271.2169189453125,50050000,0.0,0.0
2012-10-11 00:00:00+07:00,1279.212158203125,1279.212158203125,1263.2220062255858,1279.212158203125,28885000,0.0,0.0
2012-10-12 00:00:00+07:00,1303.197021484375,1303.197021484375,1279.2118002300613,1303.197021484375,129407500,0.0,0.0
2012-10-15 00:00:00+07:00,1287.2069091796875,1295.2019831497475,1287.2069091796875,1287.2069091796875,37295000,0.0,0.0
2012-10-16 00:00:00+07:00,1303.197021484375,1303.197021484375,1279.2118002300613,1303.197021484375,64515000,0.0,0.0
2012-10-17 00:00:00+07:00,1303.197021484375,1311.1920952358128,1295.201947732937,1303.197021484375,72267500,0.0,0.0
2012-10-18 00:00:00+07:00,1311.1922607421875,1311.1922607421875,1295.202111220941,1311.1922607421875,34140000,0.0,0.0
2012-10-19 00:00:00+07:00,1303.197021484375,1311.1920952358128,1303.197021484375,1303.197021484375,37127500,0.0,0.0
2012-10-22 00:00:00+07:00,1295.2022705078125,1311.192421995563,1279.212119020062,1295.2022705078125,22047500,0.0,0.0
2012-10-23 00:00:00+07:00,1311.1922607421875,1319.1873355028106,1295.202111220941,1311.1922607421875,49570000,0.0,0.0
2012-10-24 00:00:00+07:00,1311.1922607421875,1311.1922607421875,1295.202111220941,1311.1922607421875,32770000,0.0,0.0
2012-10-25 00:00:00+07:00,1303.197021484375,1311.1920952358128,1295.201947732937,1303.197021484375,57990000,0.0,0.0
2012-10-29 00:00:00+07:00,1295.2022705078125,1303.197346251688,1287.2071947639372,1295.2022705078125,39347500,0.0,0.0
2012-10-30 00:00:00+07:00,1311.1922607421875,1319.1873355028106,1287.2070364603182,1311.1922607421875,99347500,0.0,0.0
2012-10-31 00:00:00+07:00,1311.1922607421875,1319.1873355028106,1295.202111220941,1311.1922607421875,40565000,0.0,0.0
2012-11-01 00:00:00+07:00,1327.182373046875,1327.182373046875,1303.197149437594,1327.182373046875,59242500,0.0,0.0
2012-11-02 00:00:00+07:00,1335.1773681640625,1335.1773681640625,1311.1921459814744,1335.1773681640625,43790000,0.0,0.0
2012-11-05 00:00:00+07:00,1319.1873779296875,1335.1775279651988,1319.1873779296875,1319.1873779296875,40745000,0.0,0.0
2012-11-06 00:00:00+07:00,1359.162841796875,1359.162841796875,1327.1825396369486,1359.162841796875,65490000,0.0,0.0
2012-11-07 00:00:00+07:00,1359.162841796875,1367.1579173368566,1343.1726907169118,1359.162841796875,47120000,0.0,0.0
2012-11-08 00:00:00+07:00,1351.167724609375,1359.1627999029215,1343.1726493158285,1351.167724609375,45147500,0.0,0.0
2012-11-09 00:00:00+07:00,1367.1575927734375,1367.1575927734375,1343.1723718475878,1367.1575927734375,64312500,0.0,0.0
2012-11-12 00:00:00+07:00,1391.1431884765625,1399.138264272405,1359.1628852931933,1391.1431884765625,57865000,0.0,0.0
2012-11-13 00:00:00+07:00,1439.11328125,1439.11328125,1399.137912326389,1439.11328125,36342500,0.0,0.0
2012-11-14 00:00:00+07:00,1447.1085205078125,1495.0789687014417,1431.118371109936,1447.1085205078125,79057500,0.0,0.0
2012-11-19 00:00:00+07:00,1375.1527099609375,1447.108375017033,1375.1527099609375,1375.1527099609375,56560000,0.0,0.0
2012-11-20 00:00:00+07:00,1415.128173828125,1415.128173828125,1383.1478761144951,1415.128173828125,30310000,0.0,0.0
2012-11-21 00:00:00+07:00,1415.128173828125,1423.1232482565324,1399.13802497131,1415.128173828125,22267500,0.0,0.0
2012-11-22 00:00:00+07:00,1423.1234130859375,1431.1184884403528,1407.1332623771068,1423.1234130859375,27582500,0.0,0.0
2012-11-23 00:00:00+07:00,1447.1085205078125,1447.1085205078125,1423.123296410998,1447.1085205078125,23250000,0.0,0.0
2012-11-26 00:00:00+07:00,1455.103515625,1471.0936641483515,1439.1133671016482,1455.103515625,17165000,0.0,0.0
2012-11-27 00:00:00+07:00,1431.1185302734375,1503.0742105665154,1431.1185302734375,1431.1185302734375,67267500,0.0,0.0
2012-11-28 00:00:00+07:00,1431.1185302734375,1439.1136058615573,1407.133303509078,1431.1185302734375,38332500,0.0,0.0
2012-11-29 00:00:00+07:00,1439.11328125,1455.1034288194444,1415.1280598958333,1439.11328125,47047500,0.0,0.0
2012-11-30 00:00:00+07:00,1407.1331787109375,1455.103627985174,1407.1331787109375,1407.1331787109375,64790000,0.0,0.0
2012-12-03 00:00:00+07:00,1519.0643310546875,1519.0643310546875,1399.1381996556331,1519.0643310546875,44270000,0.0,0.0
2012-12-04 00:00:00+07:00,1405.5740966796875,1469.8289125279016,1405.5740966796875,1405.5740966796875,81522500,8.7,0.0
2012-12-05 00:00:00+07:00,1413.60595703125,1453.7652171741834,1405.5741050026634,1413.60595703125,61945000,0.0,0.0
2012-12-06 00:00:00+07:00,1413.60595703125,1445.7333651455967,1413.60595703125,1413.60595703125,59472500,0.0,0.0
2012-12-07 00:00:00+07:00,1413.60595703125,1445.7333651455967,1413.60595703125,1413.60595703125,60002500,0.0,0.0
2012-12-10 00:00:00+07:00,1469.828857421875,1493.924412461578,1429.6695990223702,1469.828857421875,79410000,0.0,0.0
2012-12-11 00:00:00+07:00,1485.8924560546875,1501.9561582823058,1469.8287538270692,1485.8924560546875,58915000,0.0,0.0
2012-12-12 00:00:00+07:00,1518.0201416015625,1518.0201416015625,1477.86087859623,1518.0201416015625,51297500,0.0,0.0
2012-12-13 00:00:00+07:00,1518.0201416015625,1526.051994202629,1501.9564363994295,1518.0201416015625,47857500,0.0,0.0
2012-12-14 00:00:00+07:00,1485.8924560546875,1526.0517116237331,1469.8287538270692,1485.8924560546875,31957500,0.0,0.0
2012-12-17 00:00:00+07:00,1477.8609619140625,1493.924668021824,1453.7654027524202,1477.8609619140625,47492500,0.0,0.0
2012-12-18 00:00:00+07:00,1469.828857421875,1501.9562641414789,1453.7651540620732,1469.828857421875,49697500,0.0,0.0
2012-12-19 00:00:00+07:00,1453.7652587890625,1485.892667823075,1445.7334065305597,1453.7652587890625,55587500,0.0,0.0
2012-12-20 00:00:00+07:00,1477.8609619140625,1477.8609619140625,1429.669843590778,1477.8609619140625,64220000,0.0,0.0
2012-12-21 00:00:00+07:00,1429.6697998046875,1509.9883278836026,1413.6060941889043,1429.6697998046875,75872500,0.0,0.0
2012-12-26 00:00:00+07:00,1477.8609619140625,1477.8609619140625,1429.669843590778,1477.8609619140625,15,0.0,0.0
2012-12-27 00:00:00+07:00,1477.8609619140625,1493.924668021824,1461.7972558063009,1477.8609619140625,25415000,0.0,0.0
2012-12-28 00:00:00+07:00,1461.7969970703125,1518.0199584960938,1461.7969970703125,1461.7969970703125,15,0.0,0.0
2013-01-02 00:00:00+07:00,1461.7969970703125,1485.892551967076,1445.7332938058034,1461.7969970703125,17272500,0.0,0.0
2013-01-03 00:00:00+07:00,1469.828857421875,1485.892560781677,1453.7651540620732,1469.828857421875,42030000,0.0,0.0
2013-01-04 00:00:00+07:00,1453.7652587890625,1477.860815564572,1445.7334065305597,1453.7652587890625,15,0.0,0.0
2013-01-07 00:00:00+07:00,1477.8609619140625,1485.8928149679432,1453.7654027524202,1477.8609619140625,77035000,0.0,0.0
2013-01-08 00:00:00+07:00,1469.828857421875,1485.892560781677,1461.797005741974,1469.828857421875,57940000,0.0,0.0
2013-01-09 00:00:00+07:00,1461.7969970703125,1477.860700334821,1445.7332938058034,1461.7969970703125,53327500,0.0,0.0
2013-01-10 00:00:00+07:00,1429.6697998046875,1461.7972110362537,1429.6697998046875,1429.6697998046875,72327500,0.0,0.0
2013-01-11 00:00:00+07:00,1421.6378173828125,1445.7333736096398,1421.6378173828125,1421.6378173828125,61210000,0.0,0.0
2013-01-14 00:00:00+07:00,1461.7969970703125,1461.7969970703125,1429.6695905412946,1461.7969970703125,57025000,0.0,0.0
2013-01-15 00:00:00+07:00,1469.828857421875,1469.828857421875,1453.7651540620732,1469.828857421875,58432500,0.0,0.0
2013-01-16 00:00:00+07:00,1469.828857421875,1469.828857421875,1453.7651540620732,1469.828857421875,61665000,0.0,0.0
2013-01-17 00:00:00+07:00,1469.828857421875,1477.860709101776,1453.7651540620732,1469.828857421875,57637500,0.0,0.0
2013-01-18 00:00:00+07:00,1526.052001953125,1526.052001953125,1461.7971808182565,1526.052001953125,68715000,0.0,0.0
2013-01-21 00:00:00+07:00,1493.924560546875,1526.051970451109,1493.924560546875,1493.924560546875,42340000,0.0,0.0
2013-01-22 00:00:00+07:00,1493.924560546875,1493.924560546875,1461.797150642641,1493.924560546875,58305000,0.0,0.0
2013-01-23 00:00:00+07:00,1493.924560546875,1493.924560546875,1469.8290031186996,1493.924560546875,42685000,0.0,0.0
2013-01-25 00:00:00+07:00,1501.95654296875,1509.988396139706,1485.8928366268383,1501.95654296875,55445000,0.0,0.0
2013-01-28 00:00:00+07:00,1493.924560546875,1501.9564130229337,1477.860855594758,1493.924560546875,51417500,0.0,0.0
2013-01-29 00:00:00+07:00,1518.0201416015625,1526.051994202629,1493.924583798363,1518.0201416015625,43950000,0.0,0.0
2013-01-30 00:00:00+07:00,1518.0201416015625,1534.0838468036957,1501.9564363994295,1518.0201416015625,66112500,0.0,0.0
2013-01-31 00:00:00+07:00,1550.1474609375,1566.2111651959196,1526.0519045498704,1550.1474609375,117667500,0.0,0.0
2013-02-01 00:00:00+07:00,1582.27490234375,1614.4023115283946,1550.1474931591054,1582.27490234375,86365000,0.0,0.0
2013-02-04 00:00:00+07:00,1614.40234375,1622.4341962064675,1598.3386388370648,1614.40234375,94540000,0.0,0.0
2013-02-05 00:00:00+07:00,1590.306884765625,1638.4980024857955,1590.306884765625,1590.306884765625,92840000,0.0,0.0
2013-02-06 00:00:00+07:00,1590.306884765625,1606.3705906723485,1574.2431788589015,1590.306884765625,63205000,0.0,0.0
2013-02-07 00:00:00+07:00,1614.40234375,1614.40234375,1590.306786380597,1614.40234375,63375000,0.0,0.0
2013-02-08 00:00:00+07:00,1598.338623046875,1622.4341801782348,1590.306770669755,1598.338623046875,39770000,0.0,0.0
2013-02-11 00:00:00+07:00,1630.4659423828125,1630.4659423828125,1598.3385346511316,1630.4659423828125,11472500,0.0,0.0
2013-02-12 00:00:00+07:00,1614.40234375,1630.4660486629357,1598.3386388370648,1614.40234375,25785000,0.0,0.0
2013-02-13 00:00:00+07:00,1582.27490234375,1614.4023115283946,1574.243050047589,1582.27490234375,55012500,0.0,0.0
2013-02-14 00:00:00+07:00,1606.3707275390625,1606.3707275390625,1598.3388739013672,1606.3707275390625,74697500,0.0,0.0
2013-02-15 00:00:00+07:00,1614.40234375,1622.4341962064675,1598.3386388370648,1614.40234375,39815000,0.0,0.0
2013-02-18 00:00:00+07:00,1638.4976806640625,1646.5295320398666,1614.4021265366498,1638.4976806640625,58192500,0.0,0.0
2013-02-19 00:00:00+07:00,1646.5296630859375,1646.5296630859375,1622.4341070407777,1646.5296630859375,33442500,0.0,0.0
2013-02-20 00:00:00+07:00,1654.5615234375,1662.5933754930218,1638.4978193264562,1654.5615234375,60172500,0.0,0.0
2013-02-21 00:00:00+07:00,1662.5933837890625,1670.6252358846618,1630.4659754066652,1662.5933837890625,41210000,0.0,0.0
2013-02-22 00:00:00+07:00,1694.720947265625,1694.720947265625,1662.593535943054,1694.720947265625,15,0.0,0.0
2013-02-25 00:00:00+07:00,1815.198486328125,1815.198486328125,1702.7525623962945,1815.198486328125,51457500,0.0,0.0
2013-02-26 00:00:00+07:00,1734.8800048828125,1767.0074123806423,1678.65704176161,1734.8800048828125,52450000,0.0,0.0
2013-02-27 00:00:00+07:00,1710.784423828125,1742.9118308483714,1694.7207203180017,1710.784423828125,69830000,0.0,0.0
2013-02-28 00:00:00+07:00,1767.0074462890625,1767.0074462890625,1718.8163341175427,1767.0074462890625,64185000,0.0,0.0
2013-03-01 00:00:00+07:00,1718.81640625,1750.9438157126167,1710.7845538843458,1718.81640625,50347500,0.0,0.0
2013-03-04 00:00:00+07:00,1718.81640625,1718.81640625,1718.81640625,1718.81640625,0,0.0,0.0
2013-03-05 00:00:00+07:00,1686.68896484375,1742.9119303385417,1686.68896484375,1686.68896484375,53132500,0.0,0.0
2013-03-06 00:00:00+07:00,1718.81640625,1734.8801109813082,1694.7208491530373,1718.81640625,46110000,0.0,0.0
2013-03-07 00:00:00+07:00,1726.848388671875,1750.9439475835757,1702.7528297601746,1726.848388671875,41627500,0.0,0.0
2013-03-08 00:00:00+07:00,1734.8800048828125,1750.9437086317273,1718.8163011338977,1734.8800048828125,50730000,0.0,0.0
2013-03-11 00:00:00+07:00,1726.848388671875,1750.9439475835757,1718.816535701308,1726.848388671875,37485000,0.0,0.0
2013-03-13 00:00:00+07:00,1718.81640625,1734.8801109813082,1702.7527015186915,1718.81640625,81725000,0.0,0.0
2013-03-14 00:00:00+07:00,1718.8162755831866,1726.8481273382483,1702.7525720730634,1710.784423828125,76367500,0.0,0.0
2013-03-15 00:00:00+07:00,1718.816535701308,1734.880241642442,1710.7846827307412,1726.848388671875,69972500,0.0,0.0
2013-03-18 00:00:00+07:00,1710.784423828125,1718.8162755831866,1702.7525720730634,1710.784423828125,78970000,0.0,0.0
2013-03-19 00:00:00+07:00,1718.81640625,1742.9119633469625,1718.81640625,1718.81640625,64912500,0.0,0.0
2013-03-20 00:00:00+07:00,1734.879900731078,1750.943603515625,1710.7843465542574,1750.943603515625,71960000,0.0,0.0
2013-03-21 00:00:00+07:00,1750.9439475835757,1750.9439475835757,1718.816535701308,1726.848388671875,54885000,0.0,0.0
2013-03-22 00:00:00+07:00,1718.8165133494251,1742.9120719477817,1702.7528076171875,1702.7528076171875,79960000,0.0,0.0
2013-03-25 00:00:00+07:00,1686.6887923774368,1750.943603515625,1686.6887923774368,1750.943603515625,26472500,0.0,0.0
2013-03-26 00:00:00+07:00,1742.9118308483714,1750.9436826034332,1710.784423828125,1710.784423828125,47417500,0.0,0.0
2013-03-27 00:00:00+07:00,1718.8163341175427,1791.1030023748224,1718.8163341175427,1767.0074462890625,90137500,0.0,0.0
2013-03-28 00:00:00+07:00,1783.071215177837,1831.2623291015625,1742.9119535747327,1831.2623291015625,36450000,0.0,0.0
2013-04-01 00:00:00+07:00,1767.0074462890625,1799.1348544034092,1758.975594260476,1767.0074462890625,13892500,0.0,0.0
2013-04-02 00:00:00+07:00,1799.135234021493,1799.135234021493,1775.0396728515625,1775.0396728515625,19645000,0.0,0.0
2013-04-03 00:00:00+07:00,1799.1351318359375,1807.1669851030624,1767.0077187674387,1799.1351318359375,15,0.0,0.0
2013-04-04 00:00:00+07:00,1799.1349546370968,1799.1349546370968,1742.9119873046875,1742.9119873046875,47235000,0.0,0.0
2013-04-05 00:00:00+07:00,1758.975965404942,1775.0396728515625,1742.9122579583216,1775.0396728515625,32585000,0.0,0.0
2013-04-08 00:00:00+07:00,1767.0075204439252,1775.0393728095794,1710.7845538843458,1718.81640625,98920000,0.0,0.0
2013-04-09 00:00:00+07:00,1734.8802190816627,1742.9120719477817,1694.7209547510688,1702.7528076171875,68320000,0.0,0.0
2013-04-10 00:00:00+07:00,1718.8165057575534,1726.848358588196,1678.6572416043396,1694.720947265625,76150000,0.0,0.0
2013-04-11 00:00:00+07:00,1710.7844492594402,1734.8800048828125,1702.752597384983,1734.8800048828125,89122500,0.0,0.0
2013-04-12 00:00:00+07:00,1742.9117521233516,1758.9754549078984,1726.8480493388045,1750.943603515625,57235000,0.0,0.0
2013-04-15 00:00:00+07:00,1734.8802190816627,1734.8802190816627,1702.7528076171875,1702.7528076171875,68192500,0.0,0.0
2013-04-16 00:00:00+07:00,1710.7844492594402,1742.91185675727,1702.752597384983,1734.8800048828125,59685000,0.0,0.0
2013-04-17 00:00:00+07:00,1742.9118902033026,1767.0074462890625,1734.880038174716,1767.0074462890625,84745000,0.0,0.0
2013-04-18 00:00:00+07:00,1750.9437422318892,1767.0074462890625,1750.9437422318892,1767.0074462890625,48295000,0.0,0.0
2013-04-19 00:00:00+07:00,1775.0392983176491,1775.0392983176491,1750.9437422318892,1767.0074462890625,30870000,0.0,0.0
2013-04-22 00:00:00+07:00,1767.007306300172,1775.0391576924455,1726.8480493388045,1750.943603515625,43217500,0.0,0.0
2013-04-23 00:00:00+07:00,1750.943603515625,1750.943603515625,1750.943603515625,1750.943603515625,0,0.0,0.0
2013-04-24 00:00:00+07:00,1734.8804042350112,1775.0396728515625,1726.848550511701,1775.0396728515625,67985000,0.0,0.0
2013-04-25 00:00:00+07:00,1758.9757311021958,1783.0712890625,1750.943878448761,1783.0712890625,43275000,0.0,0.0
2013-04-26 00:00:00+07:00,1783.071359465843,1783.071359465843,1726.848388671875,1726.848388671875,40227500,0.0,0.0
2013-04-29 00:00:00+07:00,1750.9437422318892,1767.0074462890625,1742.9118902033026,1767.0074462890625,52362500,0.0,0.0
2013-04-30 00:00:00+07:00,1758.9758005541426,1758.9758005541426,1718.816535701308,1726.848388671875,219367500,0.0,0.0
2013-05-01 00:00:00+07:00,1718.816535701308,1726.848388671875,1710.7846827307412,1726.848388671875,63260000,0.0,0.0
2013-05-02 00:00:00+07:00,1718.8162755831866,1742.9118308483714,1710.784423828125,1710.784423828125,101727500,0.0,0.0
2013-05-03 00:00:00+07:00,1726.848388671875,1734.880241642442,1710.7846827307412,1726.848388671875,29542500,0.0,0.0
2013-05-06 00:00:00+07:00,1734.8803911601028,1767.0078058112158,1734.8803911601028,1758.9759521484375,42975000,0.0,0.0
2013-05-07 00:00:00+07:00,1767.0078058112158,1767.0078058112158,1742.912244822881,1758.9759521484375,40920000,0.0,0.0
2013-05-08 00:00:00+07:00,1767.0074462890625,1775.0392983176491,1750.9437422318892,1767.0074462890625,24297500,0.0,0.0
2013-05-10 00:00:00+07:00,1767.007819128252,1775.0396728515625,1750.9441116816315,1775.0396728515625,40982500,0.0,0.0
2013-05-13 00:00:00+07:00,1767.007819128252,1775.0396728515625,1742.9122579583216,1775.0396728515625,41902500,0.0,0.0
2013-05-14 00:00:00+07:00,1783.0711503462358,1783.0711503462358,1750.9437422318892,1767.0074462890625,39110000,0.0,0.0
2013-05-15 00:00:00+07:00,1775.0392983176491,1775.0392983176491,1750.9437422318892,1767.0074462890625,26505000,0.0,0.0
2013-05-16 00:00:00+07:00,1758.9754549078984,1767.007306300172,1742.9117521233516,1750.943603515625,53305000,0.0,0.0
2013-05-17 00:00:00+07:00,1734.880038174716,1767.0074462890625,1734.880038174716,1767.0074462890625,33765000,0.0,0.0
2013-05-20 00:00:00+07:00,1775.0391576924455,1791.1028604769924,1750.943603515625,1750.943603515625,70080000,0.0,0.0
2013-05-21 00:00:00+07:00,1767.0074462890625,1775.0392983176491,1750.9437422318892,1767.0074462890625,53060000,0.0,0.0
2013-05-22 00:00:00+07:00,1767.0078058112158,1775.039659473994,1758.9759521484375,1758.9759521484375,28505000,0.0,0.0
2013-05-23 00:00:00+07:00,1767.007306300172,1775.0391576924455,1734.879900731078,1750.943603515625,67457500,0.0,0.0
2013-05-24 00:00:00+07:00,1758.9759521484375,1775.039659473994,1758.9759521484375,1758.9759521484375,40755000,0.0,0.0
2013-05-27 00:00:00+07:00,1767.0075204439252,1775.0393728095794,1718.81640625,1718.81640625,68725000,0.0,0.0
2013-05-28 00:00:00+07:00,1710.7843465542574,1767.007306300172,1710.7843465542574,1750.943603515625,32057500,0.0,0.0
2013-05-29 00:00:00+07:00,1754.3394764293323,1786.6775312943892,1746.2549627130682,1778.593017578125,78410000,14.2,0.0
2013-05-30 00:00:00+07:00,1754.339518794307,1762.4240327058014,1738.1704909713178,1746.2550048828125,46785000,0.0,0.0
2013-05-31 00:00:00+07:00,1746.2550101902175,1746.2550101902175,1673.494384765625,1673.494384765625,135412500,0.0,0.0
2013-06-03 00:00:00+07:00,1673.4940933917635,1673.4940933917635,1608.8179931640625,1608.8179931640625,199652500,0.0,0.0
2013-06-04 00:00:00+07:00,1600.733483040687,1649.2405582843442,1592.6489705000774,1633.071533203125,97930000,0.0,0.0
2013-06-05 00:00:00+07:00,1633.071818641169,1633.071818641169,1616.902790733831,1624.9873046875,81832500,0.0,0.0
2013-06-07 00:00:00+07:00,1616.9025421142578,1624.987054824829,1552.2264404296875,1552.2264404296875,128835000,0.0,0.0
2013-06-10 00:00:00+07:00,1568.3952132936508,1568.3952132936508,1519.88814484127,1527.97265625,105015000,0.0,0.0
2013-06-11 00:00:00+07:00,1511.8035433382602,1536.057076119088,1479.4654996304898,1495.634521484375,136012500,0.0,0.0
2013-06-12 00:00:00+07:00,1479.4658631669713,1536.0574535613364,1439.0432985995678,1519.888427734375,295162500,0.0,0.0
2013-06-13 00:00:00+07:00,1487.5504557291663,1576.4801025390625,1463.296915690104,1503.719482421875,195845000,0.0,0.0
2013-06-14 00:00:00+07:00,1544.1422474141025,1600.7338481046716,1544.1422474141025,1584.5648193359375,159700000,0.0,0.0
2013-06-17 00:00:00+07:00,1584.5644555786746,1608.8179931640625,1584.5644555786746,1608.8179931640625,51422500,0.0,0.0
2013-06-18 00:00:00+07:00,1633.071818641169,1657.3253605021766,1608.8182767801618,1624.9873046875,79180000,0.0,0.0
2013-06-19 00:00:00+07:00,1624.9870182209877,1633.0715307494502,1592.648968107137,1608.8179931640625,61667500,0.0,0.0
2013-06-20 00:00:00+07:00,1560.3107018849205,1568.3952132936508,1527.97265625,1527.97265625,101530000,0.0,0.0
2013-06-21 00:00:00+07:00,1495.635050898013,1519.8885922639267,1479.4660233207371,1487.550537109375,160320000,0.0,0.0
2013-06-24 00:00:00+07:00,1495.635010436341,1527.9730647160457,1471.3814697265625,1471.3814697265625,65597500,0.0,0.0
2013-06-25 00:00:00+07:00,1495.6350111295392,1503.7195247032123,1447.1279296875,1447.1279296875,95547500,0.0,0.0
2013-06-26 00:00:00+07:00,1479.465902563085,1527.972981335645,1471.381389434325,1511.803955078125,87612500,0.0,0.0
2013-06-27 00:00:00+07:00,1527.97265625,1576.479724702381,1527.97265625,1527.97265625,106682500,0.0,0.0
2013-06-28 00:00:00+07:00,1552.226484375,1616.902587890625,1544.1419714355468,1616.902587890625,107192500,0.0,0.0
2013-07-01 00:00:00+07:00,1608.8177878639915,1616.9022993607955,1568.3952303799715,1600.7332763671875,29862500,0.0,0.0
2013-07-02 00:00:00+07:00,1616.902505692525,1624.9870182209877,1592.648968107137,1608.8179931640625,41852500,0.0,0.0
2013-07-03 00:00:00+07:00,1600.733258928571,1608.8177703373017,1527.97265625,1527.97265625,82480000,0.0,0.0
2013-07-04 00:00:00+07:00,1536.0574548531577,1576.4800194545564,1527.9729419328778,1544.1419677734375,48242500,0.0,0.0
2013-07-05 00:00:00+07:00,1568.3956722861842,1568.3956722861842,1511.8040758634868,1536.0576171875,55322500,0.0,0.0
2013-07-08 00:00:00+07:00,1536.0575782859717,1536.0575782859717,1471.3814697265625,1471.3814697265625,51312500,0.0,0.0
2013-07-09 00:00:00+07:00,1503.7190324113176,1519.8880542652028,1471.3809887035472,1495.634521484375,53335000,0.0,0.0
2013-07-10 00:00:00+07:00,1487.5500992063492,1552.2261904761904,1471.381076388889,1527.97265625,41935000,0.0,0.0
2013-07-11 00:00:00+07:00,1552.2267617984694,1592.6493337203044,1544.1422474141025,1584.5648193359375,78802500,0.0,0.0
2013-07-12 00:00:00+07:00,1600.733483040687,1633.071533203125,1584.5644579594675,1633.071533203125,79200000,0.0,0.0
2013-07-15 00:00:00+07:00,1649.24072265625,1649.24072265625,1608.818155924479,1649.24072265625,34235000,0.0,0.0
2013-07-16 00:00:00+07:00,1649.2405582843442,1649.2405582843442,1600.733483040687,1633.071533203125,26815000,0.0,0.0
2013-07-17 00:00:00+07:00,1641.1562093098958,1657.325236002604,1624.9871826171875,1649.24072265625,37555000,0.0,0.0
2013-07-18 00:00:00+07:00,1649.24072265625,1649.24072265625,1616.9026692708333,1649.24072265625,56212500,0.0,0.0
2013-07-19 00:00:00+07:00,1641.1562093098958,1649.24072265625,1624.9871826171875,1649.24072265625,24767500,0.0,0.0
2013-07-22 00:00:00+07:00,1657.3251525878904,1657.3251525878904,1616.902587890625,1616.902587890625,17430000,0.0,0.0
2013-07-23 00:00:00+07:00,1641.1562494074255,1665.4097900390625,1633.0717358635466,1665.4097900390625,70500000,0.0,0.0
2013-07-24 00:00:00+07:00,1673.494222200834,1681.5787353515625,1649.240682748648,1681.5787353515625,37715000,0.0,0.0
2013-07-25 00:00:00+07:00,1673.4942626953125,1681.5787760416663,1649.24072265625,1649.24072265625,19677500,0.0,0.0
2013-07-26 00:00:00+07:00,1649.2408429574275,1681.5788987016908,1649.2408429574275,1673.494384765625,25532500,0.0,0.0
2013-07-29 00:00:00+07:00,1649.2405582843442,1665.409583365563,1633.071533203125,1633.071533203125,19867500,0.0,0.0
2013-07-30 00:00:00+07:00,1665.4097900390625,1673.4943035829417,1649.2407629513043,1665.4097900390625,30145000,0.0,0.0
2013-07-31 00:00:00+07:00,1681.5787353515625,1689.6632485022913,1673.494222200834,1681.5787353515625,56340000,0.0,0.0
2013-08-01 00:00:00+07:00,1681.5785735645932,1705.8321106833132,1665.4095488187795,1689.6630859375,51290000,0.0,0.0
2013-08-02 00:00:00+07:00,1697.7474034389602,1738.169960663697,1681.5783805490653,1730.08544921875,37957500,0.0,0.0
2013-08-12 00:00:00+07:00,1697.7478442145782,1713.9168713023362,1616.9027087757888,1665.4097900390625,55177500,0.0,0.0
2013-08-13 00:00:00+07:00,1649.2403347692757,1730.08544921875,1649.2403347692757,1730.08544921875,24667500,0.0,0.0
2013-08-14 00:00:00+07:00,1705.8320010123996,1762.423583984375,1697.7474891592603,1762.423583984375,31005000,0.0,0.0
2013-08-15 00:00:00+07:00,1762.4238269894622,1770.5083399573036,1738.1702880859375,1738.1702880859375,33870000,0.0,0.0
2013-08-16 00:00:00+07:00,1713.9168713023362,1738.170411933973,1665.4097900390625,1665.4097900390625,51192500,0.0,0.0
2013-08-19 00:00:00+07:00,1673.4943513569078,1673.4943513569078,1536.0576171875,1536.0576171875,116827500,0.0,0.0
2013-08-20 00:00:00+07:00,1536.05716765873,1568.3952132936508,1479.465587797619,1527.97265625,166267500,0.0,0.0
2013-08-21 00:00:00+07:00,1536.057415008545,1568.39546585083,1511.803876876831,1552.2264404296875,71172500,0.0,0.0
2013-08-22 00:00:00+07:00,1503.719441949365,1552.2265207219252,1495.634928820605,1511.803955078125,74967500,0.0,0.0
2013-08-23 00:00:00+07:00,1536.0574944644052,1544.142007593165,1511.803955078125,1511.803955078125,51027500,0.0,0.0
2013-08-26 00:00:00+07:00,1487.5504968664147,1503.7195240062672,1471.3814697265625,1471.3814697265625,98412500,0.0,0.0
2013-08-27 00:00:00+07:00,1455.2124432611731,1463.2969568348465,1430.9589025401535,1447.1279296875,69030000,0.0,0.0
2013-08-28 00:00:00+07:00,1406.705322265625,1503.719482421875,1374.3672688802085,1479.4659423828125,140495000,0.0,0.0
2013-08-29 00:00:00+07:00,1455.2125244140625,1487.550580512153,1430.958982340495,1455.2125244140625,86805000,0.0,0.0
2013-08-30 00:00:00+07:00,1439.043095541264,1471.3811426320788,1430.9585837685602,1463.296630859375,81837500,0.0,0.0
2013-09-02 00:00:00+07:00,1471.3812626185045,1479.465775050474,1374.3671134348667,1439.043212890625,77840000,0.0,0.0
2013-09-03 00:00:00+07:00,1463.296915690104,1463.296915690104,1422.8743489583333,1430.9588623046875,74055000,0.0,0.0
2013-09-04 00:00:00+07:00,1430.958735951206,1430.958735951206,1374.3671475237572,1382.45166015625,89020000,0.0,0.0
2013-09-05 00:00:00+07:00,1406.7049106331758,1414.7894216138263,1366.2823557299237,1390.535888671875,80572500,0.0,0.0
2013-09-06 00:00:00+07:00,1406.7051211270418,1422.8741455078125,1382.451584555886,1422.8741455078125,47942500,0.0,0.0
2013-09-09 00:00:00+07:00,1430.9588237905248,1511.803955078125,1406.7052844042446,1511.803955078125,65470000,0.0,0.0
2013-09-10 00:00:00+07:00,1527.9732186453682,1584.5648193359375,1519.888704261001,1584.5648193359375,152682500,0.0,0.0
2013-09-11 00:00:00+07:00,1584.5642533735795,1600.7332763671875,1536.0571843927555,1600.7332763671875,73045000,0.0,0.0
2013-09-12 00:00:00+07:00,1560.3109179932867,1608.8179931640625,1560.3109179932867,1608.8179931640625,82987500,0.0,0.0
2013-09-13 00:00:00+07:00,1592.648968107137,1616.902505692525,1584.5644555786746,1608.8179931640625,84125000,0.0,0.0
2013-09-16 00:00:00+07:00,1624.9873046875,1633.071818641169,1608.8182767801618,1624.9873046875,66107500,0.0,0.0
2013-09-17 00:00:00+07:00,1624.9870206625155,1633.071533203125,1608.8179955812964,1633.071533203125,59975000,0.0,0.0
2013-09-18 00:00:00+07:00,1616.9025081219058,1633.071533203125,1592.6489705000774,1633.071533203125,43920000,0.0,0.0
2013-09-19 00:00:00+07:00,1713.9169492368344,2021.1284778736256,1713.9169492368344,1746.2550048828125,144540000,0.0,0.0
2013-09-20 00:00:00+07:00,1738.1704944428943,1762.4240362258186,1689.663410877046,1697.7479248046875,60110000,0.0,0.0
2013-09-23 00:00:00+07:00,1624.9874130034111,1722.0015869140625,1624.9874130034111,1722.0015869140625,60310000,0.0,0.0
2013-09-24 00:00:00+07:00,1722.0011354291266,1738.17016017494,1665.4095488187795,1689.6630859375,75472500,0.0,0.0
2013-09-25 00:00:00+07:00,1665.4095488187795,1689.6630859375,1665.4095488187795,1689.6630859375,72055000,0.0,0.0
2013-09-26 00:00:00+07:00,1689.663412637757,1705.8324405098883,1673.494384765625,1673.494384765625,40112500,0.0,0.0
2013-09-27 00:00:00+07:00,1689.6633306706992,1705.8323577584572,1665.4097900390625,1665.4097900390625,26217500,0.0,0.0
2013-09-30 00:00:00+07:00,1673.4941784667967,1681.5786914062498,1616.902587890625,1616.902587890625,76705000,0.0,0.0
2013-10-01 00:00:00+07:00,1576.480023193359,1649.2406396484373,1576.480023193359,1616.902587890625,35170000,0.0,0.0
2013-10-02 00:00:00+07:00,1616.9027087757888,1665.4097900390625,1616.9027087757888,1665.4097900390625,23207500,0.0,0.0
2013-10-03 00:00:00+07:00,1665.4095488187795,1689.6630859375,1649.2405240729663,1689.6630859375,49987500,0.0,0.0
2013-10-04 00:00:00+07:00,1665.4097090501052,1689.6632485022913,1649.240682748648,1681.5787353515625,38085000,0.0,0.0
2013-10-07 00:00:00+07:00,1689.663412637757,1689.663412637757,1665.4098708295592,1673.494384765625,13995000,0.0,0.0
2013-10-08 00:00:00+07:00,1657.3250364458731,1705.8321106833132,1657.3250364458731,1689.6630859375,94080000,0.0,0.0
2013-10-09 00:00:00+07:00,1665.4097090501052,1705.8322748037483,1665.4097090501052,1681.5787353515625,38232500,0.0,0.0
2013-10-10 00:00:00+07:00,1673.4939448518571,1730.085527528007,1673.4939448518571,1713.91650390625,88567500,0.0,0.0
2013-10-11 00:00:00+07:00,1730.08544921875,1738.169960663697,1705.8319148839078,1730.08544921875,31747500,0.0,0.0
2013-10-16 00:00:00+07:00,1730.0854434334271,1746.2544662692535,1689.662886343861,1705.8319091796875,55770000,0.0,0.0
2013-10-17 00:00:00+07:00,1705.8319091796875,1722.000932015514,1697.7473977617742,1705.8319091796875,63902500,0.0,0.0
2013-10-18 00:00:00+07:00,1705.831992095371,1713.91650390625,1689.6629684736142,1713.91650390625,43780000,0.0,0.0
2013-10-21 00:00:00+07:00,1697.7474034389602,1746.254472108645,1697.7474034389602,1730.08544921875,67070000,0.0,0.0
2013-10-22 00:00:00+07:00,1705.8319091796875,1713.9164205976006,1689.662886343861,1705.8319091796875,27285000,0.0,0.0
2013-10-23 00:00:00+07:00,1705.832438732329,1730.085980515253,1697.7479248046875,1697.7479248046875,66357500,0.0,0.0
2013-10-24 00:00:00+07:00,1697.7474034389602,1730.08544921875,1697.7474034389602,1730.08544921875,66387500,0.0,0.0
2013-10-25 00:00:00+07:00,1705.8322362145711,1746.254801053779,1705.8322362145711,1738.1702880859375,44082500,0.0,0.0
2013-10-28 00:00:00+07:00,1738.1702880859375,1746.254801053779,1730.085775118096,1738.1702880859375,24035000,0.0,0.0
2013-10-29 00:00:00+07:00,1705.831992095371,1730.085527528007,1705.831992095371,1713.91650390625,54500000,0.0,0.0
2013-10-30 00:00:00+07:00,1681.5783805490653,1730.08544921875,1681.5783805490653,1730.08544921875,43352500,0.0,0.0
2013-10-31 00:00:00+07:00,1689.6630859375,1730.0856478020337,1689.6630859375,1689.6630859375,57892500,0.0,0.0
2013-11-01 00:00:00+07:00,1657.3251958993765,1697.7477616530198,1657.3251958993765,1681.5787353515625,48997500,0.0,0.0
2013-11-04 00:00:00+07:00,1665.4098708295592,1689.663412637757,1665.4098708295592,1673.494384765625,36960000,0.0,0.0
2013-11-06 00:00:00+07:00,1673.4940611916866,1713.91662305622,1673.4940611916866,1689.6630859375,73615000,0.0,0.0
2013-11-07 00:00:00+07:00,1689.6629684736142,1722.0010157171284,1689.6629684736142,1713.91650390625,67800000,0.0,0.0
2013-11-08 00:00:00+07:00,1689.663412637757,1705.8324405098883,1673.494384765625,1673.494384765625,53672500,0.0,0.0
2013-11-11 00:00:00+07:00,1681.5787347560977,1681.5787347560977,1649.240682164634,1657.3251953125,52492500,0.0,0.0
2013-11-12 00:00:00+07:00,1657.3253605021766,1665.4098744558455,1616.902790733831,1624.9873046875,76340000,0.0,0.0
2013-11-13 00:00:00+07:00,1616.902505692525,1657.325068334838,1584.5644555786746,1608.8179931640625,87837500,0.0,0.0
2013-11-14 00:00:00+07:00,1608.8182767801618,1649.2408465485075,1608.8182767801618,1624.9873046875,50885000,0.0,0.0
2013-11-15 00:00:00+07:00,1633.0716959635415,1657.325236002604,1624.9871826171875,1649.24072265625,36625000,0.0,0.0
2013-11-18 00:00:00+07:00,1657.3252764951835,1673.4943035829417,1657.3252764951835,1665.4097900390625,48500000,0.0,0.0
2013-11-19 00:00:00+07:00,1665.4097493489585,1673.4942626953125,1633.0716959635415,1649.24072265625,48530000,0.0,0.0
2013-11-20 00:00:00+07:00,1649.2408465485075,1657.3253605021766,1552.2266791044776,1624.9873046875,105277500,0.0,0.0
2013-11-21 00:00:00+07:00,1600.733683474778,1616.9027105805835,1576.4801428160692,1592.649169921875,51580000,0.0,0.0
2013-11-22 00:00:00+07:00,1616.902587890625,1624.987100830078,1592.6490490722656,1616.902587890625,29545000,0.0,0.0
2013-11-25 00:00:00+07:00,1649.2407635467982,1657.3252770935962,1633.071736453202,1641.15625,33342500,0.0,0.0
2013-11-26 00:00:00+07:00,1616.9026271049222,1624.987140240447,1560.31103515625,1560.31103515625,115220000,0.0,0.0
2013-11-27 00:00:00+07:00,1568.3953857421875,1584.5644103374675,1560.3108734445473,1568.3953857421875,51270000,0.0,0.0
2013-11-28 00:00:00+07:00,1576.4801025390625,1592.6491292317708,1544.1420491536458,1576.4801025390625,34975000,0.0,0.0
2013-11-29 00:00:00+07:00,1575.6675298028658,1591.9115249554727,1551.3015370739556,1567.5455322265625,30025000,9.0,0.0
2013-12-02 00:00:00+07:00,1567.545747095225,1591.9117431640625,1567.545747095225,1591.9117431640625,48172500,0.0,0.0
2013-12-03 00:00:00+07:00,1591.9117431640625,1600.033741853675,1567.545747095225,1591.9117431640625,38585000,0.0,0.0
2013-12-04 00:00:00+07:00,1591.9115249554727,1591.9115249554727,1567.5455322265625,1567.5455322265625,44122500,0.0,0.0
2013-12-05 00:00:00+07:00,1567.5456319279697,1567.5456319279697,1535.057639556405,1551.3016357421875,49362500,0.0,0.0
2013-12-06 00:00:00+07:00,1543.1795654296875,1551.3015631424753,1502.5695768657483,1543.1795654296875,93720000,0.0,0.0
2013-12-09 00:00:00+07:00,1559.4235372340424,1567.545534823803,1526.935546875,1526.935546875,65925000,0.0,0.0
2013-12-10 00:00:00+07:00,1510.6917562679369,1591.9117431640625,1510.6917562679369,1591.9117431640625,52402500,0.0,0.0
2013-12-11 00:00:00+07:00,1567.545697672113,1600.03369140625,1567.545697672113,1600.03369140625,24415000,0.0,0.0
2013-12-12 00:00:00+07:00,1591.9115249554727,1591.9115249554727,1559.423534650259,1567.5455322265625,44672500,0.0,0.0
2013-12-13 00:00:00+07:00,1551.3015631424753,1559.423560855263,1535.0575677168997,1543.1795654296875,62717500,0.0,0.0
2013-12-16 00:00:00+07:00,1551.301590047418,1551.301590047418,1510.691600779161,1518.8135986328125,37930000,0.0,0.0
2013-12-17 00:00:00+07:00,1518.813572291324,1567.5455585680509,1518.813572291324,1543.1795654296875,44157500,0.0,0.0
2013-12-18 00:00:00+07:00,1543.1798605944114,1567.5458583932705,1535.057861328125,1535.057861328125,56400000,0.0,0.0
2013-12-19 00:00:00+07:00,1559.4236338350786,1567.5456319279697,1543.1796376492964,1551.3016357421875,34795000,0.0,0.0
2013-12-20 00:00:00+07:00,1551.301944547086,1551.301944547086,1502.5699462890625,1502.5699462890625,57612500,0.0,0.0
2013-12-23 00:00:00+07:00,1518.813572291324,1543.1795654296875,1510.691574578536,1543.1795654296875,45522500,0.0,0.0
2013-12-24 00:00:00+07:00,1543.1798605944114,1551.3018598606975,1526.9358620618386,1535.057861328125,15830000,0.0,0.0
2013-12-27 00:00:00+07:00,1551.3015396442818,1559.4235372340424,1526.935546875,1526.935546875,24310000,0.0,0.0
2013-12-30 00:00:00+07:00,1551.301950454712,1567.545949935913,1543.179950714111,1559.4239501953125,29707500,0.0,0.0
2014-01-02 00:00:00+07:00,1575.6677457848375,1600.033741853675,1567.545747095225,1591.9117431640625,33065000,0.0,0.0
2014-01-03 00:00:00+07:00,1575.6675562808389,1583.7895539936264,1518.813572291324,1543.1795654296875,71912500,0.0,0.0
2014-01-06 00:00:00+07:00,1526.935596486464,1543.179592193767,1510.691600779161,1518.8135986328125,58190000,0.0,0.0
2014-01-07 00:00:00+07:00,1518.813634765625,1535.057630859375,1514.7526357421875,1522.8746337890625,36152000,0.0,0.0
2014-01-08 00:00:00+07:00,1526.93555996565,1535.057557625042,1502.569566987475,1514.7525634765625,55877500,0.0,0.0
2014-01-09 00:00:00+07:00,1510.691551695479,1530.9965456698803,1506.6305529005983,1526.935546875,97317500,0.0,0.0
2014-01-10 00:00:00+07:00,1526.935546875,1535.0575444647604,1514.752550490359,1526.935546875,120076000,0.0,0.0
2014-01-13 00:00:00+07:00,1535.057752336775,1600.033741853675,1535.057752336775,1591.9117431640625,196030500,0.0,0.0
2014-01-15 00:00:00+07:00,1600.0338337193782,1656.8878278109296,1595.9728341414102,1616.27783203125,132835000,0.0,0.0
2014-01-16 00:00:00+07:00,1632.5219018554687,1636.5829016113282,1608.1559033203123,1624.39990234375,45956000,0.0,0.0
2014-01-17 00:00:00+07:00,1624.399512705177,1628.4605114869396,1608.155517578125,1608.155517578125,31507500,0.0,0.0
2014-01-20 00:00:00+07:00,1624.3997743718191,1624.3997743718191,1583.7897800125238,1595.9727783203125,39292500,0.0,0.0
2014-01-21 00:00:00+07:00,1587.850693755949,1612.2166890565516,1587.850693755949,1600.03369140625,28476000,0.0,0.0
2014-01-22 00:00:00+07:00,1595.972521232836,1608.155517578125,1579.7285261057843,1608.155517578125,100006500,0.0,0.0
2014-01-23 00:00:00+07:00,1624.3998209635415,1665.0098164876304,1608.1558227539062,1656.8878173828125,160911500,0.0,0.0
2014-01-24 00:00:00+07:00,1652.8267822265625,1665.0097806213528,1620.3387865071215,1652.8267822265625,90143000,0.0,0.0
2014-01-27 00:00:00+07:00,1616.2777392329003,1616.2777392329003,1567.545747095225,1591.9117431640625,106837500,0.0,0.0
2014-01-28 00:00:00+07:00,1591.911904296875,1632.5219018554687,1583.7899047851563,1624.39990234375,77513500,0.0,0.0
2014-01-29 00:00:00+07:00,1632.5219018554687,1681.2538989257814,1624.39990234375,1624.39990234375,144919000,0.0,0.0
2014-01-30 00:00:00+07:00,1600.0336772620828,1616.2776739855558,1595.9726780812146,1612.2166748046875,81985500,0.0,0.0
2014-02-03 00:00:00+07:00,1608.155776628101,1624.3997743718191,1595.9727783203125,1595.9727783203125,55407000,0.0,0.0
2014-02-04 00:00:00+07:00,1600.03369140625,1608.1556898397844,1575.667696105647,1600.03369140625,83683500,0.0,0.0
2014-02-05 00:00:00+07:00,1608.155832875314,1616.27783203125,1595.9728341414102,1616.27783203125,42715000,0.0,0.0
2014-02-06 00:00:00+07:00,1604.0949914490648,1648.7659912109375,1600.0339914707129,1648.7659912109375,63581000,0.0,0.0
2014-02-07 00:00:00+07:00,1665.0096435546875,1673.13164181593,1652.826646162824,1665.0096435546875,104825500,0.0,0.0
2014-02-10 00:00:00+07:00,1673.1317217622825,1685.3147197362796,1620.338730541628,1632.521728515625,61835500,0.0,0.0
2014-02-11 00:00:00+07:00,1640.6439912542337,1673.1319910810498,1636.582991275881,1648.7659912109375,71441500,0.0,0.0
2014-02-12 00:00:00+07:00,1665.0097152561816,1681.2537124781932,1652.826717339673,1673.1317138671875,112510500,0.0,0.0
2014-02-13 00:00:00+07:00,1681.2536400771723,1689.3756383384143,1656.887645293445,1665.0096435546875,58160500,0.0,0.0
2014-02-14 00:00:00+07:00,1689.3758189006023,1689.3758189006023,1677.1928202066076,1685.3148193359375,77919000,0.0,0.0
2014-02-17 00:00:00+07:00,1701.558837890625,1713.7418367299374,1693.4368386644169,1701.558837890625,97666500,0.0,0.0
2014-02-18 00:00:00+07:00,1701.558730492225,1701.558730492225,1689.375732421875,1689.375732421875,47891500,0.0,0.0
2014-02-19 00:00:00+07:00,1689.3756383384143,1697.497636599657,1648.7656470322029,1665.0096435546875,78352000,0.0,0.0
2014-02-20 00:00:00+07:00,1660.9487369243916,1689.375732421875,1656.8877375676082,1689.375732421875,82013000,0.0,0.0
2014-02-21 00:00:00+07:00,1705.6198017905203,1709.680801318593,1693.4368032063023,1697.497802734375,64951500,0.0,0.0
2014-02-24 00:00:00+07:00,1701.558730492225,1705.6197298490083,1677.192734351525,1689.375732421875,37548000,0.0,0.0
2014-02-25 00:00:00+07:00,1689.3758189006023,1697.4978180299322,1677.1928202066076,1685.3148193359375,58889000,0.0,0.0
2014-02-26 00:00:00+07:00,1689.375798357664,1689.375798357664,1652.8268027201186,1669.07080078125,76855000,0.0,0.0
2014-02-27 00:00:00+07:00,1669.0707145616846,1677.1927131726902,1652.826717339673,1673.1317138671875,66554500,0.0,0.0
2014-02-28 00:00:00+07:00,1673.1318514574418,1677.1928510969017,1648.765853620683,1660.9488525390625,120073000,0.0,0.0
2014-03-03 00:00:00+07:00,1656.8878022354013,1677.1927998118156,1648.7658032048355,1669.07080078125,86498000,0.0,0.0
2014-03-04 00:00:00+07:00,1665.009841372688,1709.6808371168331,1665.009841372688,1701.558837890625,96861000,0.0,0.0
2014-03-05 00:00:00+07:00,1709.6806999315015,1717.8026985059985,1701.5587013570052,1713.74169921875,76239000,0.0,0.0
2014-03-06 00:00:00+07:00,1721.86361138815,1729.9856095550754,1713.7416132212247,1717.8026123046875,96116500,0.0,0.0
2014-03-07 00:00:00+07:00,1721.8638916015625,1734.0468908345924,1713.7418921128758,1721.8638916015625,90006500,0.0,0.0
2014-03-10 00:00:00+07:00,1721.8639950706845,1721.8639950706845,1693.4369951520648,1705.6199951171875,67316500,0.0,0.0
2014-03-11 00:00:00+07:00,1701.558730492225,1713.7417285625752,1681.2537337083083,1689.375732421875,80642000,0.0,0.0
2014-03-12 00:00:00+07:00,1685.315028388719,1689.3760284571256,1677.1930282519058,1681.2540283203125,71547000,0.0,0.0
2014-03-13 00:00:00+07:00,1697.4978180299322,1697.4978180299322,1677.1928202066076,1685.3148193359375,41286500,0.0,0.0
2014-03-14 00:00:00+07:00,1677.1928388539611,1807.1448263680693,1665.009840024513,1799.0228271484375,198642500,0.0,0.0
2014-03-17 00:00:00+07:00,1799.0231412425978,1799.0231412425978,1746.2301370977812,1778.7181396484375,137724000,0.0,0.0
2014-03-18 00:00:00+07:00,1786.839678729022,1786.839678729022,1738.107687490958,1754.3516845703125,112634000,0.0,0.0
2014-03-19 00:00:00+07:00,1754.3519093165887,1770.5959084769274,1717.8029112058264,1738.10791015625,66348000,0.0,0.0
2014-03-20 00:00:00+07:00,1721.8637636765588,1721.8637636765588,1681.2537692502249,1693.436767578125,120952000,0.0,0.0
2014-03-21 00:00:00+07:00,1693.4369930978548,1705.6199930481991,1656.887993246822,1677.1929931640625,127408500,0.0,0.0
2014-03-24 00:00:00+07:00,1677.1927998118156,1681.2537993270985,1665.009801265967,1669.07080078125,70342000,0.0,0.0
2014-03-25 00:00:00+07:00,1677.1927131726902,1677.1927131726902,1665.0097152561816,1673.1317138671875,32775000,0.0,0.0
2014-03-26 00:00:00+07:00,1685.3148193359375,1693.4368184652672,1681.2538197712724,1685.3148193359375,73571500,0.0,0.0
2014-03-27 00:00:00+07:00,1697.498028593939,1721.864029004378,1681.2540283203125,1681.2540283203125,104411000,0.0,0.0
2014-03-28 00:00:00+07:00,1705.619892624189,1729.985891090249,1697.4978931355026,1721.8638916015625,126387500,0.0,0.0
2014-04-01 00:00:00+07:00,1738.108136460117,1803.0841415614295,1738.108136460117,1778.7181396484375,207948500,0.0,0.0
2014-04-02 00:00:00+07:00,1778.717824393456,1782.778823992528,1762.473825997169,1770.5958251953125,110242500,0.0,0.0
2014-04-03 00:00:00+07:00,1778.7181396484375,1778.7181396484375,1770.5961390107734,1778.7181396484375,51530500,0.0,0.0
2014-04-04 00:00:00+07:00,1790.901123046875,1790.901123046875,1750.2911202566966,1762.47412109375,63947000,0.0,0.0
2014-04-07 00:00:00+07:00,1770.5958251953125,1803.0838219878872,1762.473825997169,1770.5958251953125,130536000,0.0,0.0
2014-04-08 00:00:00+07:00,1766.5351386919417,1782.7791399672697,1762.474138373109,1778.7181396484375,121323000,0.0,0.0
2014-04-09 00:00:00+07:00,1778.7181396484375,1778.7181396484375,1778.7181396484375,1778.7181396484375,0,0.0,0.0
2014-04-10 00:00:00+07:00,1693.436832812948,1770.5958251953125,1693.436832812948,1770.5958251953125,208691000,0.0,0.0
2014-04-11 00:00:00+07:00,1754.3517472550675,1807.1447396493172,1742.1687490102408,1803.083740234375,150497500,0.0,0.0
2014-04-14 00:00:00+07:00,1794.9618321397568,1827.4498291015625,1786.8398328993055,1827.4498291015625,75612000,0.0,0.0
2014-04-15 00:00:00+07:00,1790.900741989548,1823.3887373090863,1786.839742574606,1803.083740234375,44675500,0.0,0.0
2014-04-16 00:00:00+07:00,1794.9619140625,1815.2669130903564,1790.900914256929,1794.9619140625,91011500,0.0,0.0
2014-04-17 00:00:00+07:00,1803.0840029035292,1819.3280029296875,1803.0840029035292,1819.3280029296875,64706500,0.0,0.0
2014-04-21 00:00:00+07:00,1819.327723014541,1823.3887223962704,1811.205724251084,1815.2667236328125,25826500,0.0,0.0
2014-04-22 00:00:00+07:00,1778.717914840215,1799.022913868071,1770.5959152290725,1794.9619140625,113037000,0.0,0.0
2014-04-23 00:00:00+07:00,1770.5959152290725,1799.022913868071,1770.5959152290725,1794.9619140625,65790500,0.0,0.0
2014-04-24 00:00:00+07:00,1794.9617204145952,1794.9617204145952,1778.7177229447798,1786.8397216796875,41550000,0.0,0.0
2014-04-25 00:00:00+07:00,1786.8397216796875,1794.9617204145952,1786.8397216796875,1786.8397216796875,43241000,0.0,0.0
2014-04-28 00:00:00+07:00,1790.9008872553986,1823.3888852101447,1721.8638916015625,1721.8638916015625,56595500,0.0,0.0
2014-04-29 00:00:00+07:00,1770.5957242098723,1794.9617204145952,1770.5957242098723,1786.8397216796875,85302500,0.0,0.0
2014-04-30 00:00:00+07:00,1799.106201171875,1803.195078901811,1790.928445712003,1799.106201171875,91065500,15.0,0.0
2014-05-02 00:00:00+07:00,1815.4620931360332,1860.43975760562,1795.0177001953125,1795.0177001953125,56020500,0.0,0.0
2014-05-05 00:00:00+07:00,1795.0177001953125,1799.1065787834566,1795.0177001953125,1795.0177001953125,15491000,0.0,0.0
2014-05-06 00:00:00+07:00,1799.106201171875,1819.5505898215556,1795.017323441939,1799.106201171875,16333000,0.0,0.0
2014-05-07 00:00:00+07:00,1799.106201171875,1815.4617120916196,1790.928445712003,1799.106201171875,35320000,0.0,0.0
2014-05-08 00:00:00+07:00,1827.728694311634,1831.8175728223985,1790.9287877147551,1807.2843017578125,30284000,0.0,0.0
2014-05-09 00:00:00+07:00,1790.928840637207,1831.817626953125,1790.928840637207,1831.817626953125,33977000,0.0,0.0
2014-05-12 00:00:00+07:00,1831.817626953125,1831.817626953125,1807.2843551635744,1831.817626953125,59734500,0.0,0.0
2014-05-13 00:00:00+07:00,1831.817626953125,1844.0842628479004,1815.4621124267576,1831.817626953125,40691000,0.0,0.0
2014-05-14 00:00:00+07:00,1848.1729515848704,1880.8839772766385,1831.8174387389868,1856.3507080078125,104184500,0.0,0.0
2014-05-16 00:00:00+07:00,1819.550804104574,1876.7950990651675,1819.550804104574,1856.3507080078125,109104000,0.0,0.0
2014-05-19 00:00:00+07:00,1856.3507080078125,1884.9728554881087,1839.995195161929,1856.3507080078125,119587500,0.0,0.0
2014-05-20 00:00:00+07:00,1823.6395263671875,1860.439427123476,1803.1951370581385,1823.6395263671875,101861000,0.0,0.0
2014-05-21 00:00:00+07:00,1827.728515625,1844.084028069072,1807.2841250699107,1827.728515625,64016000,0.0,0.0
2014-05-22 00:00:00+07:00,1868.6171875,1868.6171875,1815.4617751641135,1868.6171875,79345000,0.0,0.0
2014-05-23 00:00:00+07:00,1860.439453125,1868.617208962912,1839.99506353022,1860.439453125,45565000,0.0,0.0
2014-05-26 00:00:00+07:00,1848.1732177734373,1864.5287329749724,1839.99546017267,1848.1732177734373,23381500,0.0,0.0
2014-05-28 00:00:00+07:00,1844.083984375,1864.5283744456765,1839.9951063608648,1844.083984375,40749000,0.0,0.0
2014-05-30 00:00:00+07:00,1762.3062744140625,1852.26158308485,1762.3062744140625,1762.3062744140625,167224000,0.0,0.0
2014-06-02 00:00:00+07:00,1823.6395263671875,1823.6395263671875,1795.0173813345186,1823.6395263671875,64835500,0.0,0.0
2014-06-03 00:00:00+07:00,1839.9951171875,1864.5283854166669,1803.19521484375,1839.9951171875,81122000,0.0,0.0
2014-06-04 00:00:00+07:00,1807.2843017578125,1831.8175728223985,1803.195423247048,1807.2843017578125,35102000,0.0,0.0
2014-06-05 00:00:00+07:00,1811.3731802685768,1811.3731802685768,1799.106544736284,1807.2843017578125,25373000,0.0,0.0
2014-06-06 00:00:00+07:00,1807.2843017578125,1815.462058779341,1799.106544736284,1807.2843017578125,32177500,0.0,0.0
2014-06-09 00:00:00+07:00,1811.3731689453125,1815.4620474305163,1795.017655004497,1811.3731689453125,99228000,0.0,0.0
2014-06-10 00:00:00+07:00,1839.9951171875,1839.9951171875,1803.19521484375,1839.9951171875,45216000,0.0,0.0
2014-06-11 00:00:00+07:00,1839.9951171875,1839.9951171875,1811.3729709201389,1839.9951171875,41013000,0.0,0.0
2014-06-12 00:00:00+07:00,1831.817626953125,1839.9953842163088,1803.1954765319824,1831.817626953125,34239500,0.0,0.0
2014-06-13 00:00:00+07:00,1811.3731689453125,1835.906439856536,1807.2842904601089,1811.3731689453125,40222500,0.0,0.0
2014-06-16 00:00:00+07:00,1803.195068359375,1819.5505791834964,1790.928435241284,1803.195068359375,51139500,0.0,0.0
2014-06-17 00:00:00+07:00,1811.3731689453125,1811.3731689453125,1782.751019548885,1811.3731689453125,73381000,0.0,0.0
2014-06-18 00:00:00+07:00,1803.195068359375,1807.2839460654052,1799.1061906533446,1803.195068359375,75782500,0.0,0.0
2014-06-19 00:00:00+07:00,1807.2843017578125,1811.3731802685768,1795.0176662255196,1807.2843017578125,41139000,0.0,0.0
2014-06-20 00:00:00+07:00,1782.7509765624998,1823.6397604286124,1770.484341402666,1782.7509765625,66914500,0.0,0.0
2014-06-23 00:00:00+07:00,1799.106201171875,1807.283956631747,1790.928445712003,1799.106201171875,33760000,0.0,0.0
2014-06-24 00:00:00+07:00,1790.9290771484375,1807.2845938347248,1790.9290771484375,1790.9290771484375,28983500,0.0,0.0
2014-06-25 00:00:00+07:00,1750.0400390625,1799.106582213785,1750.0400390625,1750.0400390625,21102000,0.0,0.0
2014-06-26 00:00:00+07:00,1799.106201171875,1799.106201171875,1778.6618125221946,1799.106201171875,62898500,0.0,0.0
2014-06-27 00:00:00+07:00,1770.4846191406248,1790.9290142808168,1770.4846191406248,1770.484619140625,93469500,0.0,0.0
2014-06-30 00:00:00+07:00,1799.106201171875,1799.106201171875,1758.2174238725142,1799.106201171875,50699500,0.0,0.0
2014-07-01 00:00:00+07:00,1799.106201171875,1799.106201171875,1778.6618125221946,1799.106201171875,53438500,0.0,0.0
2014-07-02 00:00:00+07:00,1811.3731689453125,1811.3731689453125,1790.9287765192933,1811.3731689453125,31442000,0.0,0.0
2014-07-03 00:00:00+07:00,1795.0177001953125,1811.3732145478891,1795.0177001953125,1795.0177001953125,25151000,0.0,0.0
2014-07-04 00:00:00+07:00,1815.4619140625,1831.8174268018015,1795.0175231383726,1815.4619140625,55804000,0.0,0.0
2014-07-07 00:00:00+07:00,1844.083984375,1848.1728623891352,1827.728472318459,1844.083984375,71875000,0.0,0.0
2014-07-08 00:00:00+07:00,1848.1732177734373,1872.70649057574,1835.9065813722864,1848.1732177734373,68302000,0.0,0.0
2014-07-09 00:00:00+07:00,1848.1732177734373,1848.1732177734373,1848.1732177734373,1848.1732177734373,0,0.0,0.0
2014-07-10 00:00:00+07:00,1876.7952880859373,1909.5063170721849,1868.617530839376,1876.7952880859373,307891500,0.0,0.0
2014-07-11 00:00:00+07:00,1848.1732177734373,1880.884248176507,1819.5510661707517,1848.1732177734373,81939000,0.0,0.0
2014-07-14 00:00:00+07:00,1848.1732177734373,1868.617611775356,1835.9065813722864,1848.1732177734373,53238500,0.0,0.0
2014-07-15 00:00:00+07:00,1864.5283203125,1876.7949539987665,1848.1728087308115,1864.5283203125,71305500,0.0,0.0
2014-07-16 00:00:00+07:00,1905.416748046875,1929.950010897264,1880.883485196486,1905.416748046875,169153000,0.0,0.0
2014-07-17 00:00:00+07:00,1905.416748046875,1929.950010897264,1868.6168537712915,1905.416748046875,73349500,0.0,0.0
2014-07-18 00:00:00+07:00,1905.416748046875,1921.772256613801,1880.883485196486,1905.416748046875,106019500,0.0,0.0
2014-07-21 00:00:00+07:00,1905.416748046875,1917.6833794720692,1901.3278709051435,1905.416748046875,61900500,0.0,0.0
2014-07-22 00:00:00+07:00,1909.5059814453125,1921.772615159094,1893.150469826937,1909.5059814453125,94294000,0.0,0.0
2014-07-23 00:00:00+07:00,1901.3282470703125,1917.683758873068,1889.0616132182456,1901.3282470703125,36247000,0.0,0.0
2014-07-24 00:00:00+07:00,1905.416748046875,1917.6833794720692,1893.1501166216804,1905.416748046875,71035000,0.0,0.0
2014-07-25 00:00:00+07:00,1897.2393798828125,1905.4171358305837,1880.883867987271,1897.2393798828125,70788500,0.0,0.0
2014-08-04 00:00:00+07:00,1917.683837890625,1917.683837890625,1790.928616196362,1917.683837890625,120248500,0.0,0.0
2014-08-05 00:00:00+07:00,1921.7725830078125,1921.7725830078125,1913.5948273354388,1921.7725830078125,39322000,0.0,0.0
2014-08-06 00:00:00+07:00,1921.7725830078125,1921.7725830078125,1893.1504381545049,1921.7725830078125,38810000,0.0,0.0
2014-08-07 00:00:00+07:00,1897.2393798828125,1917.6837697522396,1889.0616239350416,1897.2393798828125,40512500,0.0,0.0
2014-08-08 00:00:00+07:00,1901.3282470703125,1909.50600297169,1897.239369119624,1901.3282470703125,27918500,0.0,0.0
2014-08-11 00:00:00+07:00,1913.5948486328125,1934.0392380412825,1905.4170928694243,1913.5948486328125,27767500,0.0,0.0
2014-08-12 00:00:00+07:00,1913.5948486328125,1929.9503601595889,1909.5059707511184,1913.5948486328125,26468500,0.0,0.0
2014-08-13 00:00:00+07:00,1921.7725830078125,1925.8614608439996,1901.3281938268783,1921.7725830078125,51492000,0.0,0.0
2014-08-14 00:00:00+07:00,1921.7725830078125,1929.9503386801864,1913.5948273354388,1921.7725830078125,35854500,0.0,0.0
2014-08-15 00:00:00+07:00,1929.9508056640625,1929.9508056640625,1917.684169187384,1929.9508056640625,29399500,0.0,0.0
2014-08-18 00:00:00+07:00,1925.8621826171875,1929.9510619858013,1917.6844238799597,1925.8621826171875,31281500,0.0,0.0
2014-08-19 00:00:00+07:00,1909.5059814453125,1938.128126777469,1909.5059814453125,1909.5059814453125,39867000,0.0,0.0
2014-08-20 00:00:00+07:00,1925.8621826171875,1925.8621826171875,1909.506665142732,1925.8621826171875,34300500,0.0,0.0
2014-08-21 00:00:00+07:00,1929.9508056640625,1929.9508056640625,1913.5952903618247,1929.9508056640625,30454000,0.0,0.0
2014-08-22 00:00:00+07:00,1929.9508056640625,1938.1285633151813,1913.5952903618247,1929.9508056640625,34615000,0.0,0.0
2014-08-25 00:00:00+07:00,1925.8621826171875,1934.0399413544155,1921.7733032485733,1925.8621826171875,33482500,0.0,0.0
2014-08-26 00:00:00+07:00,1929.9508056640625,1934.039684489622,1913.5952903618247,1929.9508056640625,58021500,0.0,0.0
2014-08-27 00:00:00+07:00,1938.128173828125,1938.128173828125,1909.5060278011276,1938.128173828125,56590500,0.0,0.0
2014-08-28 00:00:00+07:00,1938.128173828125,1938.128173828125,1917.683783808841,1938.128173828125,64730500,0.0,0.0
2014-08-29 00:00:00+07:00,1831.817626953125,1938.128471374512,1831.817626953125,1831.817626953125,84465500,0.0,0.0
2014-09-01 00:00:00+07:00,1913.5948486328125,1917.6837265145064,1901.3282149877305,1913.5948486328125,53283000,0.0,0.0
2014-09-02 00:00:00+07:00,1913.5948486328125,1929.9503601595889,1913.5948486328125,1913.5948486328125,44688000,0.0,0.0
2014-09-03 00:00:00+07:00,1913.5948486328125,1929.9503601595889,1913.5948486328125,1913.5948486328125,29420500,0.0,0.0
2014-09-04 00:00:00+07:00,1929.9508056640625,1929.9508056640625,1917.684169187384,1929.9508056640625,37696000,0.0,0.0
2014-09-05 00:00:00+07:00,1979.017333984375,1979.017333984375,1921.7730309352405,1979.017333984375,66048000,0.0,0.0
2014-09-08 00:00:00+07:00,2007.6390380859373,2023.994549597839,1970.8391371841583,2007.6390380859373,108762500,0.0,0.0
2014-09-09 00:00:00+07:00,2048.528076171875,2056.7058329629804,2011.7281706119013,2048.528076171875,97355000,0.0,0.0
2014-09-10 00:00:00+07:00,2019.906127929688,2052.6171583415044,1987.1950975178709,2019.9061279296875,75900500,0.0,0.0
2014-09-11 00:00:00+07:00,1995.372802734375,2032.1727109815251,1995.372802734375,1995.372802734375,47693500,0.0,0.0
2014-09-12 00:00:00+07:00,1970.8392333984375,1999.4613799415688,1966.750355320848,1970.8392333984373,108570500,0.0,0.0
2014-09-15 00:00:00+07:00,1966.7504882812495,1979.017123343295,1946.3060965111745,1966.75048828125,42618500,0.0,0.0
2014-09-16 00:00:00+07:00,1954.483642578125,1974.9280321448416,1954.483642578125,1954.483642578125,58327500,0.0,0.0
2014-09-17 00:00:00+07:00,2003.5504150390625,2011.7281718351403,1966.7505094567125,2003.5504150390625,60281000,0.0,0.0
2014-09-18 00:00:00+07:00,2052.61669921875,2056.70557710564,2003.5501645760703,2052.61669921875,67597000,0.0,0.0
2014-09-19 00:00:00+07:00,2060.794677734375,2081.239069378565,2044.4391644190227,2060.794677734375,117897500,0.0,0.0
2014-09-22 00:00:00+07:00,2093.505615234375,2093.505615234375,2052.6168336868286,2093.505615234375,55171500,0.0,0.0
2014-09-23 00:00:00+07:00,2068.972412109375,2089.4168035333805,2064.883533824574,2068.972412109375,37956500,0.0,0.0
2014-09-24 00:00:00+07:00,2040.35009765625,2077.1499992171844,2040.35009765625,2040.35009765625,40181500,0.0,0.0
2014-09-25 00:00:00+07:00,2105.7724609375,2113.9502180673544,2044.4392824635925,2105.7724609375,91340000,0.0,0.0
2014-09-26 00:00:00+07:00,2093.505615234375,2101.6833715438843,2064.8834681510925,2093.505615234375,78450000,0.0,0.0
2014-09-29 00:00:00+07:00,2138.483642578125,2138.483642578125,2093.5059751434032,2138.483642578125,56664500,0.0,0.0
2014-09-30 00:00:00+07:00,2138.483642578125,2146.661400293529,2081.2393385702976,2138.483642578125,120284000,0.0,0.0
2014-10-01 00:00:00+07:00,2130.30517578125,2220.260480708673,2130.30517578125,2130.30517578125,55827500,0.0,0.0
2014-10-02 00:00:00+07:00,2028.08349609375,2109.861056420111,2019.9057400611136,2028.08349609375,151528500,0.0,0.0
2014-10-03 00:00:00+07:00,1983.106201171875,2052.6171401820234,1974.9284436412693,1983.106201171875,69873000,0.0,0.0
2014-10-06 00:00:00+07:00,2011.7283935546875,2023.9950301007527,1970.839605067804,2011.7283935546875,36362500,0.0,0.0
2014-10-07 00:00:00+07:00,2040.35009765625,2052.616731509894,1999.4613181441007,2040.35009765625,64333500,0.0,0.0
2014-10-08 00:00:00+07:00,2044.4393310546875,2060.794845703125,1999.4616657714844,2044.4393310546875,69397500,0.0,0.0
2014-10-09 00:00:00+07:00,2085.328369140625,2105.7727649165136,2052.617335899203,2085.328369140625,80639000,0.0,0.0
2014-10-10 00:00:00+07:00,2093.505615234375,2118.038884162903,2060.794589996338,2093.505615234375,76848000,0.0,0.0
2014-10-13 00:00:00+07:00,2060.794677734375,2093.505704365079,2060.794677734375,2060.794677734375,54695000,0.0,0.0
2014-10-14 00:00:00+07:00,2064.883544921875,2085.3279364557548,2044.439153387995,2064.883544921875,43902500,0.0,0.0
2014-10-15 00:00:00+07:00,2073.06103515625,2101.683179625863,2064.883279593504,2073.06103515625,42555500,0.0,0.0
2014-10-16 00:00:00+07:00,2060.794677734375,2085.327947707403,2060.794677734375,2060.794677734375,46722000,0.0,0.0
2014-10-17 00:00:00+07:00,2056.7060546875,2101.6837218874257,2044.4394181784296,2056.7060546875,77883000,0.0,0.0
2014-10-20 00:00:00+07:00,2064.883544921875,2097.594571376083,2064.883544921875,2064.883544921875,47758000,0.0,0.0
2014-10-21 00:00:00+07:00,2085.328369140625,2097.595006606158,2064.8839733647364,2085.328369140625,51469500,0.0,0.0
2014-10-22 00:00:00+07:00,2130.30517578125,2138.482930774652,2089.4164008142398,2130.30517578125,70014000,0.0,0.0
2014-10-23 00:00:00+07:00,2171.19482421875,2175.283703360405,2134.394911943856,2171.19482421875,89350000,0.0,0.0
2014-10-24 00:00:00+07:00,2179.372314453125,2220.2611008406134,2142.5724067043857,2179.372314453125,56123500,0.0,0.0
2014-10-27 00:00:00+07:00,2154.83935546875,2199.8170270250234,2154.83935546875,2154.83935546875,40672000,0.0,0.0
2014-10-28 00:00:00+07:00,2179.372314453125,2191.6389503693717,2163.0167998981296,2179.372314453125,25416000,0.0,0.0
2014-10-29 00:00:00+07:00,2187.549072265625,2191.637949036215,2167.1046884126754,2187.549072265625,48666500,0.0,0.0
2014-10-30 00:00:00+07:00,2126.216552734375,2158.927576622596,2122.1276747483475,2126.216552734375,65087000,0.0,0.0
2014-10-31 00:00:00+07:00,2134.39453125,2163.0166801364944,2097.594625538793,2134.39453125,86931000,0.0,0.0
2014-11-03 00:00:00+07:00,2138.483642578125,2150.75027915123,2118.039248289615,2138.483642578125,45283500,0.0,0.0
2014-11-04 00:00:00+07:00,2130.30517578125,2134.394053277951,2113.949665794445,2130.30517578125,47220500,0.0,0.0
2014-11-05 00:00:00+07:00,2142.572509765625,2146.6613886010555,2130.305873259333,2142.572509765625,35484000,0.0,0.0
2014-11-06 00:00:00+07:00,2122.1279296875,2142.5723220736995,2118.0390512102604,2122.1279296875,51025500,0.0,0.0
2014-11-07 00:00:00+07:00,2077.150146484375,2126.2166853777067,2060.794633519931,2077.150146484375,72696000,0.0,0.0
2014-11-10 00:00:00+07:00,2052.61669921875,2077.1499665400897,2044.43894344497,2052.61669921875,49966500,0.0,0.0
2014-11-11 00:00:00+07:00,2097.5947265625,2113.9502409996344,2060.794819078947,2097.5947265625,63908500,0.0,0.0
2014-11-12 00:00:00+07:00,2105.7724609375,2118.0390966322816,2073.061432418083,2105.7724609375,45788000,0.0,0.0
2014-11-13 00:00:00+07:00,2105.7724609375,2118.0390966322816,2081.239189547937,2105.7724609375,35376500,0.0,0.0
2014-11-14 00:00:00+07:00,2113.9501953125,2126.216830875242,2097.5946812288444,2113.9501953125,58056000,0.0,0.0
2014-11-17 00:00:00+07:00,2113.9497174403464,2134.3941054233283,2109.86083984375,2109.86083984375,39718000,0.0,0.0
2014-11-18 00:00:00+07:00,2142.572509765625,2150.7502674364864,2122.128115588472,2142.572509765625,68719500,0.0,0.0
2014-11-19 00:00:00+07:00,2183.461181640625,2191.638938875234,2154.839031319493,2183.461181640625,146475500,0.0,0.0
2014-11-20 00:00:00+07:00,2167.10498046875,2183.4604897553068,2163.0161031471107,2167.10498046875,71286000,0.0,0.0
2014-11-21 00:00:00+07:00,2179.372314453125,2191.6389503693717,2150.750163981884,2179.372314453125,52218500,0.0,0.0
2014-11-24 00:00:00+07:00,2171.19482421875,2212.083615635299,2163.0170659354403,2171.19482421875,77269000,0.0,0.0
2014-11-25 00:00:00+07:00,2167.10498046875,2179.3716124336675,2167.10498046875,2167.10498046875,83678500,0.0,0.0
2014-11-26 00:00:00+07:00,2163.016845703125,2179.372360604472,2163.016845703125,2163.016845703125,30011000,0.0,0.0
2014-11-27 00:00:00+07:00,2142.572509765625,2179.3724192845,2134.394752094764,2142.572509765625,76328500,0.0,0.0
2014-11-28 00:00:00+07:00,2142.572509765625,2154.839146271917,2130.305873259333,2142.572509765625,40601500,0.0,0.0
2014-12-01 00:00:00+07:00,2158.9280368666346,2158.9280368666346,2134.394763720423,2138.483642578125,66768000,0.0,0.0
2014-12-02 00:00:00+07:00,2138.4831011223077,2175.2830015240293,2138.4831011223077,2158.927490234375,87585500,0.0,0.0
2014-12-03 00:00:00+07:00,2163.0161031471107,2183.4604897553068,2142.571716538915,2167.10498046875,56958500,0.0,0.0
2014-12-04 00:00:00+07:00,2183.4604897553068,2191.638244398585,2167.10498046875,2167.10498046875,52848000,0.0,0.0
2014-12-05 00:00:00+07:00,2183.5234429863062,2204.0452798564784,2179.419075612272,2191.732177734375,66586500,10.0,0.0
2014-12-08 00:00:00+07:00,2179.418701171875,2199.9405345162427,2171.209967834128,2179.418701171875,37435500,0.0,0.0
2014-12-09 00:00:00+07:00,2183.522451724646,2199.9399137676887,2158.8962586600824,2175.313720703125,38254000,0.0,0.0
2014-12-10 00:00:00+07:00,2158.8967505433507,2195.83604855645,2158.8967505433507,2183.52294921875,32998000,0.0,0.0
2014-12-11 00:00:00+07:00,2183.5230678407484,2195.8361678473693,2171.209967834128,2179.418701171875,54459500,0.0,0.0
2014-12-12 00:00:00+07:00,2167.104989681604,2187.626817235406,2167.104989681604,2175.313720703125,50302000,0.0,0.0
2014-12-15 00:00:00+07:00,2134.270758500958,2150.688225874042,2113.7489242846027,2142.4794921875,94633000,0.0,0.0
2014-12-16 00:00:00+07:00,2126.061998419261,2167.1056663424124,2105.540164457685,2109.64453125,70763000,0.0,0.0
2014-12-17 00:00:00+07:00,2134.2707320038908,2142.479465588521,2109.64453125,2109.64453125,51464000,0.0,0.0
2014-12-18 00:00:00+07:00,2134.270626354769,2142.4793595330566,2121.9575265873377,2130.166259765625,52271000,0.0,0.0
2014-12-19 00:00:00+07:00,2158.8968540604246,2175.3143206312266,2150.688120775024,2163.001220703125,83389500,0.0,0.0
2014-12-22 00:00:00+07:00,2175.314306547264,2175.314306547264,2146.583740234375,2146.583740234375,33301000,0.0,0.0
2014-12-23 00:00:00+07:00,2167.1049711858363,2167.1049711858363,2154.791874758644,2158.896240234375,21132000,0.0,0.0
2014-12-24 00:00:00+07:00,2175.313956520774,2179.418322476474,2163.000858653676,2167.105224609375,19135500,0.0,0.0
2014-12-29 00:00:00+07:00,2158.896240234375,2175.3137021372977,2154.791874758644,2158.896240234375,24315000,0.0,0.0
2014-12-30 00:00:00+07:00,2146.583503999256,2167.1053348214286,2146.583503999256,2154.792236328125,32338500,0.0,0.0
2015-01-02 00:00:00+07:00,2179.418939312825,2179.418939312825,2158.897103726076,2171.210205078125,29302500,0.0,0.0
2015-01-05 00:00:00+07:00,2158.896492697976,2167.105224609375,2154.792126742276,2167.105224609375,25434500,0.0,0.0
2015-01-06 00:00:00+07:00,2134.2707649988074,2167.105699844943,2134.2707649988074,2150.688232421875,48681500,0.0,0.0
2015-01-07 00:00:00+07:00,2142.4791378348214,2167.1053348214286,2142.4791378348214,2154.792236328125,40334000,0.0,0.0
2015-01-08 00:00:00+07:00,2154.792459300488,2158.896825889632,2130.166259765625,2130.166259765625,54457000,0.0,0.0
2015-01-09 00:00:00+07:00,2138.3749858332326,2146.583718984224,2121.95751953125,2121.95751953125,108957500,0.0,0.0
2015-01-12 00:00:00+07:00,2121.9574087289666,2134.2705078125,2101.435576923077,2134.2705078125,81651000,0.0,0.0
2015-01-13 00:00:00+07:00,2142.479240534856,2142.479240534856,2130.1661414513223,2134.2705078125,36024000,0.0,0.0
2015-01-14 00:00:00+07:00,2138.3749858332326,2138.3749858332326,2121.95751953125,2121.95751953125,29728000,0.0,0.0
2015-01-15 00:00:00+07:00,2126.061279296875,2142.4787409130668,2126.061279296875,2126.061279296875,27580500,0.0,0.0
2015-01-16 00:00:00+07:00,2138.374375509019,2138.374375509019,2126.061279296875,2126.061279296875,46354500,0.0,0.0
2015-01-19 00:00:00+07:00,2130.1661414513223,2138.374874173678,2130.1661414513223,2134.2705078125,26134500,0.0,0.0
2015-01-20 00:00:00+07:00,2130.165780387776,2142.478877384237,2121.9570490568017,2138.37451171875,36285500,0.0,0.0
2015-01-21 00:00:00+07:00,2142.479373618248,2167.1055733150097,2138.375007002121,2146.583740234375,73258000,0.0,0.0
2015-01-22 00:00:00+07:00,2142.4790288751774,2171.2095905650744,2142.4790288751774,2167.105224609375,58654000,0.0,0.0
2015-01-23 00:00:00+07:00,2171.2099746789986,2199.9405414516887,2171.2099746789986,2187.62744140625,121011000,0.0,0.0
2015-01-26 00:00:00+07:00,2187.62679856449,2199.939894991682,2138.374412855721,2158.896240234375,103089000,0.0,0.0
2015-01-27 00:00:00+07:00,2158.896492697976,2171.2095905650744,2154.792126742276,2167.105224609375,49988500,0.0,0.0
2015-01-28 00:00:00+07:00,2163.0012344963807,2187.627434509622,2158.896867827507,2179.418701171875,48230000,0.0,0.0
2015-01-29 00:00:00+07:00,2175.314341360812,2187.62744140625,2167.1056079971854,2187.62744140625,41599500,0.0,0.0
2015-01-30 00:00:00+07:00,2199.9398145443924,2204.044179870035,2187.626718567465,2195.83544921875,94142500,0.0,0.0
2015-02-02 00:00:00+07:00,2191.732177734375,2195.836545108409,2175.314708238237,2191.732177734375,38816500,0.0,0.0
2015-02-03 00:00:00+07:00,2195.8360776548034,2216.35791015625,2191.731711154514,2216.35791015625,67046500,0.0,0.0
2015-02-04 00:00:00+07:00,2220.4625705197564,2298.4455443457737,2212.253836432807,2282.028076171875,136306000,0.0,0.0
2015-02-05 00:00:00+07:00,2282.028051223198,2286.132418221801,2195.836344252538,2249.193115234375,83923500,0.0,0.0
2015-02-06 00:00:00+07:00,2261.506216230184,2265.6105832287867,2240.984381237169,2249.193115234375,54060500,0.0,0.0
2015-02-09 00:00:00+07:00,2216.357474949049,2282.0273260586505,2216.357474949049,2265.60986328125,68609000,0.0,0.0
2015-02-10 00:00:00+07:00,2277.9236905184657,2282.028057528409,2240.984387428977,2257.40185546875,50540500,0.0,0.0
2015-02-11 00:00:00+07:00,2261.506123239733,2286.13232421875,2249.1930227502244,2286.13232421875,46471500,0.0,0.0
2015-02-12 00:00:00+07:00,2286.1324432153497,2290.2368102588243,2273.8193420849257,2282.028076171875,58455500,0.0,0.0
2015-02-13 00:00:00+07:00,2298.445437834225,2339.489106366979,2294.341070980949,2302.5498046875,90653500,0.0,0.0
2015-02-16 00:00:00+07:00,2306.6542907714843,2327.1761260986327,2298.445556640625,2298.445556640625,30501000,0.0,0.0
2015-02-17 00:00:00+07:00,2298.445444327265,2318.9672786516157,2298.445444327265,2310.758544921875,47945000,0.0,0.0
2015-02-18 00:00:00+07:00,2331.280379246225,2388.741515354407,2298.445444327265,2310.758544921875,57782000,0.0,0.0
2015-02-20 00:00:00+07:00,2347.697719153136,2351.8020857950123,2306.654052734375,2306.654052734375,25162000,0.0,0.0
2015-02-23 00:00:00+07:00,2310.758538394051,2335.384739513703,2294.341070980949,2302.5498046875,55871500,0.0,0.0
2015-02-24 00:00:00+07:00,2306.654052734375,2310.758419376251,2286.1322195249945,2306.654052734375,46482000,0.0,0.0
2015-02-25 00:00:00+07:00,2298.4453263519504,2327.1758929313496,2298.4453263519504,2314.86279296875,39573000,0.0,0.0
2015-02-26 00:00:00+07:00,2294.3410774623944,2327.176012381356,2294.3410774623944,2310.758544921875,63400500,0.0,0.0
2015-02-27 00:00:00+07:00,2298.4453263519504,2323.0715262771496,2298.4453263519504,2314.86279296875,91257500,0.0,0.0
2015-03-02 00:00:00+07:00,2323.0714220740883,2347.6976208946617,2314.862689133897,2335.384521484375,105783500,0.0,0.0
2015-03-03 00:00:00+07:00,2355.90601433648,2392.845307244195,2351.8016484578447,2364.11474609375,100166000,0.0,0.0
2015-03-04 00:00:00+07:00,2380.5320911638864,2392.845188187148,2360.010262791784,2368.218994140625,61321500,0.0,0.0
2015-03-05 00:00:00+07:00,2380.532470703125,2405.158668675916,2376.4281043743267,2380.532470703125,63347500,0.0,0.0
2015-03-06 00:00:00+07:00,2380.53248575289,2409.2630502361144,2380.53248575289,2396.949951171875,84722000,0.0,0.0
2015-03-09 00:00:00+07:00,2364.1151086956525,2376.428208220109,2314.862710597826,2360.0107421875,75837500,0.0,0.0
2015-03-10 00:00:00+07:00,2364.1146284662045,2384.636456838307,2339.488434419681,2368.218994140625,56405500,0.0,0.0
2015-03-11 00:00:00+07:00,2339.48889523588,2360.01072765023,2335.3845287530103,2343.59326171875,86270500,0.0,0.0
2015-03-12 00:00:00+07:00,2335.384640116087,2343.5933734732616,2323.0715400803256,2331.2802734375,57496500,0.0,0.0
2015-03-13 00:00:00+07:00,2331.2802595855496,2343.593359548149,2306.65405966035,2314.86279296875,79901500,0.0,0.0
2015-03-16 00:00:00+07:00,2302.548973919225,2351.801358388085,2302.548973919225,2323.07080078125,60353500,0.0,0.0
2015-03-17 00:00:00+07:00,2343.593359548149,2347.6977262023493,2314.86279296875,2314.86279296875,50729500,0.0,0.0
2015-03-18 00:00:00+07:00,2314.862689133897,2339.4888879544706,2314.862689133897,2335.384521484375,52346500,0.0,0.0
2015-03-19 00:00:00+07:00,2347.69774705318,2355.906480434485,2327.1759135999177,2339.489013671875,58573500,0.0,0.0
2015-03-20 00:00:00+07:00,2327.1760445639725,2376.4284476235275,2327.1760445639725,2351.80224609375,104343000,0.0,0.0
2015-03-23 00:00:00+07:00,2364.115241133218,2388.741441561689,2364.115241133218,2372.323974609375,44297500,0.0,0.0
2015-03-24 00:00:00+07:00,2388.740966796875,2409.2627964085323,2380.532234952212,2388.740966796875,64996000,0.0,0.0
2015-03-25 00:00:00+07:00,2388.7408578725963,2421.5757837540064,2380.532126402244,2401.053955078125,36811000,0.0,0.0
2015-03-26 00:00:00+07:00,2380.5325963452024,2417.471895254007,2376.4282297997797,2384.636962890625,71972500,0.0,0.0
2015-03-27 00:00:00+07:00,2376.4283413474536,2384.637074823611,2360.01087439514,2372.323974609375,69993000,0.0,0.0
2015-03-30 00:00:00+07:00,2372.323738045528,2405.158668675916,2372.323738045528,2380.532470703125,50985500,0.0,0.0
2015-03-31 00:00:00+07:00,2429.7852814080943,2433.8896484375,2409.2634462610667,2433.8896484375,85598000,0.0,0.0
2015-04-01 00:00:00+07:00,2442.0983824963114,2450.3071165551223,2425.680914378689,2433.8896484375,42093500,0.0,0.0
2015-04-02 00:00:00+07:00,2450.3064979347023,2450.3064979347023,2417.4715699891785,2429.78466796875,42424000,0.0,0.0
2015-04-06 00:00:00+07:00,2429.785085461285,2536.498619620057,2425.6807187628706,2491.3505859375,71232500,0.0,0.0
2015-04-07 00:00:00+07:00,2540.6028801413145,2561.124712775735,2507.7679479262406,2511.872314453125,58844000,0.0,0.0
2015-04-08 00:00:00+07:00,2474.933098562942,2487.2461985557925,2446.202531912957,2466.724365234375,86916000,0.0,0.0
2015-04-09 00:00:00+07:00,2474.932861328125,2495.4546926824214,2454.4110299738286,2474.932861328125,68708000,0.0,0.0
2015-04-10 00:00:00+07:00,2495.455305232558,2499.559672510901,2454.411632449128,2470.8291015625,56706000,0.0,0.0
2015-04-13 00:00:00+07:00,2466.724365234375,2474.933098562942,2458.515631905808,2466.724365234375,41635500,0.0,0.0
2015-04-14 00:00:00+07:00,2462.619620741012,2483.141450913853,2450.306522637307,2454.410888671875,80112500,0.0,0.0
2015-04-15 00:00:00+07:00,2446.2026168564616,2454.411350470074,2405.1589487884003,2421.576416015625,108377000,0.0,0.0
2015-04-16 00:00:00+07:00,2429.784926856124,2450.306759008625,2409.263094703623,2446.202392578125,93601500,0.0,0.0
2015-04-17 00:00:00+07:00,2462.398129634534,2462.398129634534,2437.60888671875,2437.60888671875,129331500,19.6,0.0
2015-04-20 00:00:00+07:00,2429.345703125,2462.3980256164964,2416.951082190689,2429.345703125,57051500,0.0,0.0
2015-04-21 00:00:00+07:00,2433.477409209181,2478.9243557309146,2429.345868616296,2462.398193359375,101934500,0.0,0.0
2015-04-22 00:00:00+07:00,2470.6614684545693,2470.6614684545693,2450.0037638688286,2458.266845703125,80424500,0.0,0.0
2015-04-23 00:00:00+07:00,2470.661274545145,2478.9243557309146,2458.26665276649,2462.398193359375,45916500,0.0,0.0
2015-04-24 00:00:00+07:00,2462.398193359375,2478.9243557309146,2454.135112173605,2462.398193359375,51549000,0.0,0.0
2015-04-27 00:00:00+07:00,2445.8723178917253,2454.135400046765,2317.794544488612,2346.71533203125,214693500,0.0,0.0
2015-04-28 00:00:00+07:00,2330.188862322064,2346.715024466192,2297.136538033808,2321.92578125,145994000,0.0,0.0
2015-04-29 00:00:00+07:00,2313.6627965856483,2313.6627965856483,2181.453493923611,2231.031982421875,289103500,0.0,0.0
2015-04-30 00:00:00+07:00,2197.9793653612014,2264.084007928456,2131.874722793947,2226.900146484375,201869500,0.0,0.0
2015-05-04 00:00:00+07:00,2226.8999343621927,2288.8730308657787,2222.7683945952867,2268.21533203125,87705000,0.0,0.0
2015-05-05 00:00:00+07:00,2272.347130069664,2301.267911725096,2259.952509360193,2288.873291015625,90141500,0.0,0.0
2015-05-06 00:00:00+07:00,2272.347554673244,2276.4790956817405,2243.426767613766,2264.08447265625,150119000,0.0,0.0
2015-05-07 00:00:00+07:00,2247.5583086222628,2276.4790956817405,2243.426767613766,2264.08447265625,55087000,0.0,0.0
2015-05-08 00:00:00+07:00,2272.347219366776,2293.00492136102,2259.9525981702304,2276.478759765625,56698000,0.0,0.0
2015-05-11 00:00:00+07:00,2280.610636690237,2284.7421776987344,2251.68984963076,2264.08447265625,67537000,0.0,0.0
2015-05-12 00:00:00+07:00,2251.689172963627,2284.7414910988728,2247.5576331967213,2268.21533203125,54424500,0.0,0.0
2015-05-13 00:00:00+07:00,2255.8207127305327,2280.609951331967,2255.8207127305327,2268.21533203125,68930000,0.0,0.0
2015-05-15 00:00:00+07:00,2268.215652888892,2276.478733591584,2214.5056283213958,2235.163330078125,102469000,0.0,0.0
2015-05-18 00:00:00+07:00,2247.5576171875,2251.689156924977,2235.1629979750687,2247.5576171875,43827000,0.0,0.0
2015-05-19 00:00:00+07:00,2251.6892608530798,2288.8731202066165,2239.2946410685668,2255.82080078125,52107000,0.0,0.0
2015-05-20 00:00:00+07:00,2276.4789638759853,2317.7943715688343,2264.08434156813,2293.005126953125,58482500,0.0,0.0
2015-05-21 00:00:00+07:00,2305.3995298672567,2375.635716261062,2297.1364491150443,2334.3203125,63650000,0.0,0.0
2015-05-22 00:00:00+07:00,2354.977746624564,2396.2931456881533,2330.1885071864112,2371.50390625,63902500,0.0,0.0
2015-05-25 00:00:00+07:00,2371.5038021060973,2375.6353418310205,2354.977643206403,2363.24072265625,39425000,0.0,0.0
2015-05-26 00:00:00+07:00,2346.7146668118467,2396.2931456881533,2338.4515869991287,2371.50390625,117738500,0.0,0.0
2015-05-27 00:00:00+07:00,2371.504188939145,2379.767269736842,2354.97802734375,2354.97802734375,79384000,0.0,0.0
2015-05-28 00:00:00+07:00,2330.188093529152,2354.977328566696,2321.925015183304,2338.451171875,36940000,0.0,0.0
2015-05-29 00:00:00+07:00,2350.8464740044246,2363.241095132744,2326.057231747788,2334.3203125,111287500,0.0,0.0
2015-06-01 00:00:00+07:00,2313.662610619469,2334.3203125,2305.3995298672567,2334.3203125,24317000,0.0,0.0
2015-06-03 00:00:00+07:00,2313.6622529871324,2317.7937927246094,2226.899918500115,2247.5576171875,159175000,0.0,0.0
2015-06-04 00:00:00+07:00,2231.031751720184,2272.3471545298166,2231.031751720184,2251.689453125,58319500,0.0,0.0
2015-06-05 00:00:00+07:00,2222.7684813558835,2264.083880637592,2222.7684813558835,2255.82080078125,48272000,0.0,0.0
2015-06-08 00:00:00+07:00,2231.0318920493787,2247.5580542127072,2214.5057298860497,2243.426513671875,86888000,0.0,0.0
2015-06-09 00:00:00+07:00,2214.5056537828946,2235.1633557771383,2156.6640881990133,2197.9794921875,131941500,0.0,0.0
2015-06-10 00:00:00+07:00,2197.97978717167,2247.5582786116324,2156.664377638368,2202.111328125,82218000,0.0,0.0
2015-06-11 00:00:00+07:00,2214.505511908942,2226.9001323114176,2173.1901105673574,2206.242431640625,64210500,0.0,0.0
2015-06-12 00:00:00+07:00,2177.3214452203715,2197.979143941627,2169.058365731869,2189.716064453125,77427500,0.0,0.0
2015-06-15 00:00:00+07:00,2197.9794921875,2202.1110325863488,2185.584870990954,2197.9794921875,44849000,0.0,0.0
2015-06-16 00:00:00+07:00,2193.847811238149,2226.9001323114176,2173.1901105673574,2206.242431640625,67394000,0.0,0.0
2015-06-17 00:00:00+07:00,2231.031474129098,2284.7414910988728,2222.7683945952867,2268.21533203125,69230000,0.0,0.0
2015-06-18 00:00:00+07:00,2264.08407396789,2264.08407396789,2231.031751720184,2251.689453125,29546500,0.0,0.0
2015-06-19 00:00:00+07:00,2251.68984963076,2284.7421776987344,2251.68984963076,2264.08447265625,70895500,0.0,0.0
2015-06-22 00:00:00+07:00,2264.083792264344,2280.609951331967,2255.8207127305327,2268.21533203125,36878000,0.0,0.0
2015-06-23 00:00:00+07:00,2268.2147375242803,2272.3462762082954,2259.95166015625,2259.95166015625,41165500,0.0,0.0
2015-06-24 00:00:00+07:00,2255.8209934059632,2276.47869481078,2251.689453125,2251.689453125,58809500,0.0,0.0
2015-06-25 00:00:00+07:00,2251.689387447095,2264.084007928456,2206.242445682108,2226.900146484375,82101000,0.0,0.0
2015-06-26 00:00:00+07:00,2222.768275412246,2272.3467499567573,2197.9790381399907,2239.29443359375,65003500,0.0,0.0
2015-06-29 00:00:00+07:00,2214.50581958912,2239.295063838252,2202.1111974645546,2231.031982421875,50187000,0.0,0.0
2015-06-30 00:00:00+07:00,2251.689685962818,2272.3473895037614,2231.031982421875,2231.031982421875,69145000,0.0,0.0
2015-07-01 00:00:00+07:00,2247.55814525463,2255.821226671007,2231.031982421875,2231.031982421875,35987500,0.0,0.0
2015-07-02 00:00:00+07:00,2226.899918500115,2268.215315874885,2206.2422198127297,2247.5576171875,54548500,0.0,0.0
2015-07-03 00:00:00+07:00,2231.031751720184,2255.8209934059632,2231.031751720184,2251.689453125,22845500,0.0,0.0
2015-07-06 00:00:00+07:00,2243.426077450023,2255.820696662454,2231.031458237592,2247.5576171875,45003000,0.0,0.0
2015-07-07 00:00:00+07:00,2235.162894971443,2251.6890531597714,2181.452880859375,2181.452880859375,64968500,0.0,0.0
2015-07-08 00:00:00+07:00,2214.5059509849907,2222.769032891651,2164.9274595450283,2202.111328125,74970000,0.0,0.0
2015-07-09 00:00:00+07:00,2173.18990547612,2189.716064453125,2156.6637464991154,2189.716064453125,58611000,0.0,0.0
2015-07-10 00:00:00+07:00,2189.7164113898025,2214.5056537828946,2189.7164113898025,2197.9794921875,42836500,0.0,0.0
2015-07-13 00:00:00+07:00,2197.979656756366,2239.295063838252,2197.979656756366,2231.031982421875,53040500,0.0,0.0
2015-07-14 00:00:00+07:00,2239.2945377125457,2255.820696662454,2231.031458237592,2247.5576171875,41833500,0.0,0.0
2015-07-15 00:00:00+07:00,2226.900441713686,2231.031982421875,2214.50581958912,2231.031982421875,61445000,0.0,0.0
2015-07-22 00:00:00+07:00,2243.4259731391257,2243.4259731391257,2193.847498594615,2239.29443359375,89975500,0.0,0.0
2015-07-23 00:00:00+07:00,2247.557926136364,2297.1364098011363,2235.1633052201705,2272.34716796875,37129500,0.0,0.0
2015-07-24 00:00:00+07:00,2276.4784115650614,2276.4784115650614,2247.5576331967213,2268.21533203125,19026000,0.0,0.0
2015-07-27 00:00:00+07:00,2231.0313897682386,2235.1629293789206,2181.452914440056,2222.768310546875,64015500,0.0,0.0
2015-07-28 00:00:00+07:00,2181.4532001201924,2185.584740271935,2131.874718299279,2148.40087890625,112963500,0.0,0.0
2015-07-29 00:00:00+07:00,2148.401306389834,2173.1905522327943,2090.5597327562623,2123.612060546875,81937500,0.0,0.0
2015-07-30 00:00:00+07:00,2127.743499279022,2169.058907032013,2115.348876953125,2115.348876953125,46801000,0.0,0.0
2015-07-31 00:00:00+07:00,2140.138002817868,2173.190327185711,2123.6118406339456,2164.92724609375,115876500,0.0,0.0
2015-08-03 00:00:00+07:00,2136.00604777786,2189.716064453125,2136.00604777786,2189.716064453125,61213000,0.0,0.0
2015-08-04 00:00:00+07:00,2197.9794921875,2214.5056537828946,2169.058709395559,2197.9794921875,44712500,0.0,0.0
2015-08-05 00:00:00+07:00,2197.979816520301,2288.873718707231,2185.585193494811,2264.08447265625,73984500,0.0,0.0
2015-08-06 00:00:00+07:00,2264.083947223165,2297.136267620584,2264.083947223165,2280.610107421875,66426000,0.0,0.0
2015-08-07 00:00:00+07:00,2264.0840873579546,2280.610248579545,2243.426385830966,2272.34716796875,27262000,0.0,0.0
2015-08-10 00:00:00+07:00,2255.8209691237025,2288.873291015625,2243.426348414232,2288.873291015625,25633500,0.0,0.0
2015-08-11 00:00:00+07:00,2288.872908138261,2297.1359872290127,2206.2421172307427,2239.29443359375,52619000,0.0,0.0
2015-08-12 00:00:00+07:00,2181.4532661002854,2189.7163466536954,2144.26940360994,2173.190185546875,148795000,0.0,0.0
2015-08-13 00:00:00+07:00,2123.611327200225,2185.5844204064574,2123.611327200225,2181.452880859375,102339000,0.0,0.0
2015-08-14 00:00:00+07:00,2189.716064453125,2193.8476041973763,2177.3214452203715,2189.716064453125,31860000,0.0,0.0
2015-08-18 00:00:00+07:00,2189.716726314126,2202.1113492932623,2136.006693404534,2144.269775390625,102204500,0.0,0.0
2015-08-19 00:00:00+07:00,2123.611504982776,2140.137664554626,2090.559185839075,2098.822265625,82035000,0.0,0.0
2015-08-20 00:00:00+07:00,2098.8226156759165,2098.8226156759165,2024.4548851992108,2028.58642578125,127105500,0.0,0.0
2015-08-21 00:00:00+07:00,1999.6656774259868,2016.191840049342,1958.3502708675987,1962.4818115234373,109838000,0.0,0.0
2015-08-24 00:00:00+07:00,1883.9824607646567,1958.350189479052,1817.8778130185287,1867.456298828125,173094000,0.0,0.0
2015-08-25 00:00:00+07:00,1900.5084372899864,1979.007698830225,1883.9822769657255,1921.1661376953125,184156000,0.0,0.0
2015-08-26 00:00:00+07:00,1958.349853515625,1966.612933066324,1904.6398364360823,1958.349853515625,104006500,0.0,0.0
2015-08-27 00:00:00+07:00,2007.928658621652,2107.085629417783,2007.928658621652,2082.29638671875,113488500,0.0,0.0
2015-08-28 00:00:00+07:00,2123.612060546875,2131.875142494528,2107.0858966515684,2123.612060546875,108531000,0.0,0.0
2015-08-31 00:00:00+07:00,2123.611432215964,2131.87451171875,2102.9537334589995,2131.87451171875,98327000,0.0,0.0
2015-09-01 00:00:00+07:00,2123.611738747204,2123.611738747204,2065.770173878603,2078.164794921875,51436500,0.0,0.0
2015-09-02 00:00:00+07:00,2016.1918040351325,2057.5072098555247,2016.1918040351325,2028.58642578125,106837000,0.0,0.0
2015-09-03 00:00:00+07:00,2053.3758443196616,2057.5073852539062,2024.455057779948,2032.7181396484373,44130500,0.0,0.0
2015-09-04 00:00:00+07:00,2028.586374461894,2028.586374461894,2012.0602125518176,2024.454833984375,50424000,0.0,0.0
2015-09-07 00:00:00+07:00,2016.191445148716,2016.191445148716,1970.7445068359373,1970.7445068359373,35620000,0.0,0.0
2015-09-08 00:00:00+07:00,1954.2186987925384,1983.1394829184323,1941.8240770242985,1950.087158203125,66183500,0.0,0.0
2015-09-09 00:00:00+07:00,1966.6129669893207,1987.2706662224025,1966.6129669893207,1970.7445068359373,53327500,0.0,0.0
2015-09-10 00:00:00+07:00,1958.3498872960888,1987.2706662224025,1945.95526775624,1970.7445068359373,63130500,0.0,0.0
2015-09-11 00:00:00+07:00,1983.1391263757864,1983.1391263757864,1966.6129669893207,1970.7445068359373,45032500,0.0,0.0
2015-09-14 00:00:00+07:00,1983.139365960744,2003.7970676895015,1970.7447449234887,1999.66552734375,35836000,0.0,0.0
2015-09-15 00:00:00+07:00,1983.139423705544,1999.665585569757,1954.218640443172,1974.8763427734373,38335000,0.0,0.0
2015-09-16 00:00:00+07:00,1966.612933066324,1970.744472841673,1950.086773964926,1958.349853515625,66782000,0.0,0.0
2015-09-17 00:00:00+07:00,1974.8758207917945,2020.3227539062495,1970.744281417753,2020.32275390625,57698000,0.0,0.0
2015-09-18 00:00:00+07:00,1999.665641706976,2028.58642578125,1991.4025605428967,2028.58642578125,99438000,0.0,0.0
2015-09-21 00:00:00+07:00,1999.6655594279391,2020.323261488145,1987.2709381918155,2012.0601806640625,47211000,0.0,0.0
2015-09-22 00:00:00+07:00,1991.402548707562,2016.1917920524693,1991.402548707562,2007.9287109375,58871000,0.0,0.0
2015-09-23 00:00:00+07:00,1970.744892835115,1983.1395148026315,1958.3502708675987,1962.4818115234373,90731500,0.0,0.0
2015-09-25 00:00:00+07:00,1970.744861150192,1979.0079423290188,1937.692536434885,1950.087158203125,71245500,0.0,0.0
2015-09-28 00:00:00+07:00,1941.8238953567536,1941.8238953567536,1892.2454129221132,1896.376953125,49442500,0.0,0.0
2015-09-29 00:00:00+07:00,1879.8510472914752,1979.0080256101464,1867.4564250016413,1966.6134033203125,68056000,0.0,0.0
2015-09-30 00:00:00+07:00,1983.1394793788188,2057.5072098555247,1966.613317050662,2028.58642578125,91292000,0.0,0.0
2015-10-01 00:00:00+07:00,2032.7181396484373,2065.770467122396,1983.1396484375,1983.1396484375,49868500,0.0,0.0
2015-10-02 00:00:00+07:00,1983.1395148026315,2040.981083984375,1962.4818115234373,1962.4818115234373,43348000,0.0,0.0
2015-10-05 00:00:00+07:00,2032.718039949577,2115.348854581673,2012.0603362915529,2074.033447265625,110755500,0.0,0.0
2015-10-06 00:00:00+07:00,2082.2958984375,2160.795148577009,2082.2958984375,2140.137451171875,141434500,0.0,0.0
2015-10-07 00:00:00+07:00,2148.40087890625,2181.4532001201924,2140.1377986027646,2148.40087890625,121875500,0.0,0.0
2015-10-08 00:00:00+07:00,2164.92724609375,2206.2426515535544,2152.5326244558087,2164.92724609375,80631000,0.0,0.0
2015-10-09 00:00:00+07:00,2202.1105785947857,2218.6367367831144,2181.452880859375,2181.452880859375,148204000,0.0,0.0
2015-10-12 00:00:00+07:00,2189.716080424941,2247.557637266355,2189.716080424941,2210.373779296875,154913500,0.0,0.0
2015-10-13 00:00:00+07:00,2214.5051618303573,2214.5051618303573,2136.0059116908483,2140.137451171875,86162000,0.0,0.0
2015-10-15 00:00:00+07:00,2148.4013163836707,2173.190562341944,2136.006693404534,2144.269775390625,112243500,0.0,0.0
2015-10-16 00:00:00+07:00,2148.4012031555176,2148.4012031555176,2107.085795402527,2115.348876953125,80741500,0.0,0.0
2015-10-19 00:00:00+07:00,2115.348571428571,2193.8478348214285,2115.348571428571,2169.05859375,75688000,0.0,0.0
2015-10-20 00:00:00+07:00,2193.8474995006213,2197.979039047704,2173.18980176521,2181.452880859375,76519500,0.0,0.0
2015-10-21 00:00:00+07:00,2197.97978717167,2231.032114798312,2197.97978717167,2202.111328125,48500500,0.0,0.0
2015-10-22 00:00:00+07:00,2222.768940939832,2231.0320225046644,2206.242777810168,2214.505859375,41297500,0.0,0.0
2015-10-23 00:00:00+07:00,2276.4786284098154,2276.4786284098154,2218.6370661634683,2226.900146484375,54593500,0.0,0.0
2015-10-26 00:00:00+07:00,2255.82080078125,2268.2154205657625,2243.426180996738,2255.82080078125,72511000,0.0,0.0
2015-10-27 00:00:00+07:00,2239.2946410685668,2264.083880637592,2222.7684813558835,2255.82080078125,41899000,0.0,0.0
2015-10-28 00:00:00+07:00,2218.637270426882,2268.215756916868,2218.637270426882,2243.426513671875,51959500,0.0,0.0
2015-10-29 00:00:00+07:00,2251.689450804272,2268.215611911092,2148.4009438866447,2173.190185546875,73029000,0.0,0.0
2015-10-30 00:00:00+07:00,2189.716068238251,2189.716068238251,2131.87451171875,2131.87451171875,66730000,0.0,0.0
2015-11-02 00:00:00+07:00,2115.348581213307,2131.8747420040363,2094.690880224896,2111.217041015625,85304000,0.0,0.0
2015-11-03 00:00:00+07:00,2131.8747827798243,2185.5848063769904,2131.8747827798243,2173.190185546875,61280000,0.0,0.0
2015-11-04 00:00:00+07:00,2189.715701197335,2251.6887870802784,2189.715701197335,2218.636474609375,81950500,0.0,0.0
2015-11-05 00:00:00+07:00,2231.031354502998,2268.2152104113816,2202.1105776853665,2239.29443359375,58454500,0.0,0.0
2015-11-06 00:00:00+07:00,2272.3467499567573,2272.3467499567573,2222.768275412246,2239.29443359375,28853500,0.0,0.0
2015-11-09 00:00:00+07:00,2231.031696428571,2231.031696428571,2152.5324330357143,2169.05859375,37358000,0.0,0.0
2015-11-10 00:00:00+07:00,2148.40096862911,2189.7163718719776,2136.00634765625,2136.00634765625,68137000,0.0,0.0
2015-11-11 00:00:00+07:00,2140.13823439758,2169.059021348898,2136.006693404534,2144.269775390625,43298000,0.0,0.0
2015-11-12 00:00:00+07:00,2144.269775390625,2197.979808300217,2144.269775390625,2144.269775390625,26996500,0.0,0.0
2015-11-13 00:00:00+07:00,2140.950236868351,2161.695878698471,2140.950236868351,2145.099365234375,39106500,11.0,0.0
2015-11-16 00:00:00+07:00,2132.6514523528344,2140.94970703125,2099.4584336391717,2140.94970703125,36399000,0.0,0.0
2015-11-17 00:00:00+07:00,2174.142864583333,2207.3358854166668,2174.142864583333,2178.2919921875,77918000,0.0,0.0
2015-11-18 00:00:00+07:00,2178.292397376912,2211.48542438456,2165.845012249044,2169.994140625,34843500,0.0,0.0
2015-11-19 00:00:00+07:00,2174.1428118967183,2194.8884494148165,2149.248046875,2149.248046875,85414000,0.0,0.0
2015-11-20 00:00:00+07:00,2149.2481406324264,2190.7394174786123,2140.949885263189,2182.441162109375,51167500,0.0,0.0
2015-11-23 00:00:00+07:00,2199.0376820958645,2211.485065202068,2186.5902989896617,2207.3359375,52341000,0.0,0.0
2015-11-24 00:00:00+07:00,2199.037732635668,2252.976394002203,2199.037732635668,2236.3798828125,94665500,0.0,0.0
2015-11-25 00:00:00+07:00,2236.3801685474536,2261.274938512732,2232.2310402199078,2240.529296875,51458500,0.0,0.0
2015-11-26 00:00:00+07:00,2257.1258520101665,2277.8714940323184,2240.5293383924445,2244.678466796875,84898500,0.0,0.0
2015-11-27 00:00:00+07:00,2257.125460432509,2257.125460432509,2174.1429067401377,2182.441162109375,23257500,0.0,0.0
2015-11-30 00:00:00+07:00,2174.143071338384,2178.292199337121,2053.818359375,2053.818359375,356188000,0.0,0.0
2015-12-01 00:00:00+07:00,2107.7567917158017,2211.484980284493,2107.7567917158017,2199.03759765625,144760000,0.0,0.0
2015-12-02 00:00:00+07:00,2203.1868097979323,2232.230703712406,2174.1429158834585,2207.3359375,69710500,0.0,0.0
2015-12-03 00:00:00+07:00,2190.739426691729,2215.6341929041355,2178.2920435855262,2207.3359375,38554500,0.0,0.0
2015-12-04 00:00:00+07:00,2207.3358854166668,2207.3358854166668,2174.142864583333,2178.2919921875,45929500,0.0,0.0
2015-12-07 00:00:00+07:00,2190.739787629962,2215.634557943939,2186.5906592443,2194.888916015625,49197000,0.0,0.0
2015-12-08 00:00:00+07:00,2169.993812136366,2215.634217362944,2157.546428892754,2161.695556640625,52757500,0.0,0.0
2015-12-09 00:00:00+07:00,2161.695556640625,2161.695556640625,2161.695556640625,2161.695556640625,0,0.0,0.0
2015-12-10 00:00:00+07:00,2140.950217013889,2240.529296875,2140.950217013889,2240.529296875,76059500,0.0,0.0
2015-12-11 00:00:00+07:00,2232.230780399207,2232.230780399207,2161.695607040868,2190.739501953125,59727500,0.0,0.0
2015-12-14 00:00:00+07:00,2157.5464791962595,2190.739501953125,2149.248223507044,2190.739501953125,47580500,0.0,0.0
2015-12-15 00:00:00+07:00,2165.8450536363907,2190.7398243678435,2165.8450536363907,2174.143310546875,47291500,0.0,0.0
2015-12-16 00:00:00+07:00,2219.783371622797,2248.827266204777,2203.186860433093,2236.3798828125,70100000,0.0,0.0
2015-12-17 00:00:00+07:00,2290.318510167739,2290.318510167739,2252.976360545438,2257.12548828125,114667500,0.0,0.0
2015-12-18 00:00:00+07:00,2232.2310714865903,2240.529328257916,2194.888916015625,2194.888916015625,90887000,0.0,0.0
2015-12-21 00:00:00+07:00,2182.441447943845,2219.783601996116,2182.441447943845,2186.590576171875,34568000,0.0,0.0
2015-12-22 00:00:00+07:00,2190.739501953125,2207.3360133315578,2186.5903741085167,2190.739501953125,61600500,0.0,0.0
2015-12-23 00:00:00+07:00,2182.441447943845,2207.336217312026,2178.2923197158148,2186.590576171875,45442000,0.0,0.0
2015-12-28 00:00:00+07:00,2174.143437426712,2223.9329817952625,2174.143437426712,2211.485595703125,65440500,0.0,0.0
2015-12-29 00:00:00+07:00,2190.7393425707546,2223.932362912736,2190.7393425707546,2199.03759765625,57153500,0.0,0.0
2015-12-30 00:00:00+07:00,2199.0376820958645,2273.7219807330825,2199.0376820958645,2207.3359375,72863000,0.0,0.0
2016-01-04 00:00:00+07:00,2186.5906592443,2228.081943100927,2182.4415308586363,2194.888916015625,77479500,0.0,0.0
2016-01-05 00:00:00+07:00,2190.739069801402,2248.826848167348,2190.739069801402,2219.782958984375,96609000,0.0,0.0
2016-01-06 00:00:00+07:00,2211.485141176166,2240.5290360884237,2190.739501953125,2190.739501953125,105370000,0.0,0.0
2016-01-07 00:00:00+07:00,2174.143143404447,2182.441399676983,2157.546630859375,2157.546630859375,146746500,0.0,0.0
2016-01-08 00:00:00+07:00,2149.248374586839,2174.143143404447,2149.248374586839,2157.546630859375,125820000,0.0,0.0
2016-01-11 00:00:00+07:00,2149.248446116728,2153.3975743910846,2116.055419921875,2116.055419921875,75952000,0.0,0.0
2016-01-12 00:00:00+07:00,2140.950282904938,2194.8889528230857,2140.950282904938,2174.143310546875,86093500,0.0,0.0
2016-01-13 00:00:00+07:00,2194.8888326279352,2207.336217312026,2182.441447943845,2186.590576171875,76587000,0.0,0.0
2016-01-14 00:00:00+07:00,2157.546428892754,2182.441195379978,2153.3973011448834,2161.695556640625,119213500,0.0,0.0
2016-01-15 00:00:00+07:00,2174.143143404447,2182.441399676983,2157.546630859375,2157.546630859375,68326000,0.0,0.0
2016-01-18 00:00:00+07:00,2132.6520624473146,2174.1433477089354,2128.502933921153,2153.397705078125,81317000,0.0,0.0
2016-01-19 00:00:00+07:00,2165.845012249044,2174.143269000956,2149.24849874522,2169.994140625,54711000,0.0,0.0
2016-01-20 00:00:00+07:00,2157.546428892754,2169.993812136366,2153.3973011448834,2161.695556640625,75676000,0.0,0.0
2016-01-21 00:00:00+07:00,2165.844556889479,2165.844556889479,2149.248046875,2149.248046875,76938000,0.0,0.0
2016-01-22 00:00:00+07:00,2165.844887131911,2174.143143404447,2149.248374586839,2157.546630859375,71511000,0.0,0.0
2016-01-25 00:00:00+07:00,2190.739375,2194.8885026041667,2161.6954817708333,2178.2919921875,56835500,0.0,0.0
2016-01-26 00:00:00+07:00,2165.844887131911,2182.441399676983,2153.3975027231068,2157.546630859375,57143000,0.0,0.0
2016-01-27 00:00:00+07:00,2174.143310546875,2190.7398243678435,2169.994182091633,2174.143310546875,122278500,0.0,0.0
2016-01-28 00:00:00+07:00,2174.1429067401377,2203.186800532468,2174.1429067401377,2182.441162109375,126774000,0.0,0.0
2016-01-29 00:00:00+07:00,2190.7398243678435,2194.8889528230857,2153.3976682706643,2174.143310546875,175698000,0.0,0.0
2016-02-01 00:00:00+07:00,2174.143274087311,2194.888916015625,2153.3976321589967,2194.888916015625,89371000,0.0,0.0
2016-02-02 00:00:00+07:00,2194.8889528230857,2194.8889528230857,2169.994182091633,2174.143310546875,96631000,0.0,0.0
2016-02-03 00:00:00+07:00,2157.5467141103927,2174.1432272958573,2153.3975858140266,2165.844970703125,65229000,0.0,0.0
2016-02-04 00:00:00+07:00,2157.546396001664,2199.037672847849,2157.546396001664,2182.441162109375,82874000,0.0,0.0
2016-02-05 00:00:00+07:00,2174.1426454114294,2252.9760619435237,2174.1426454114294,2228.081298828125,265133500,0.0,0.0
2016-02-09 00:00:00+07:00,2223.9324483082705,2228.0815760103383,2190.739426691729,2207.3359375,54516500,0.0,0.0
2016-02-10 00:00:00+07:00,2199.038370998117,2223.9331450094164,2199.038370998117,2203.1875,69001500,0.0,0.0
2016-02-11 00:00:00+07:00,2190.739751580056,2248.827548023467,2190.739751580056,2215.634521484375,159586000,0.0,0.0
2016-02-12 00:00:00+07:00,2219.784016007533,2248.827919020716,2199.038370998117,2203.1875,121062500,0.0,0.0
2016-02-15 00:00:00+07:00,2223.932778119148,2232.231034753921,2211.4853931669886,2215.634521484375,64452500,0.0,0.0
2016-02-16 00:00:00+07:00,2211.485475910244,2244.6785036912606,2211.485475910244,2223.932861328125,100538500,0.0,0.0
2016-02-17 00:00:00+07:00,2223.932861328125,2236.3802467460064,2215.6346043828707,2223.932861328125,76406500,0.0,0.0
2016-02-18 00:00:00+07:00,2240.529375218633,2252.976760636515,2223.932861328125,2223.932861328125,146528500,0.0,0.0
2016-02-19 00:00:00+07:00,2207.3362536667864,2207.3362536667864,2145.0993292212943,2165.844970703125,147712000,0.0,0.0
2016-02-22 00:00:00+07:00,2161.6958068036943,2199.0379608559656,2157.5466785756644,2186.590576171875,55658000,0.0,0.0
2016-02-23 00:00:00+07:00,2190.7398243678435,2203.18720973357,2161.6959251811486,2174.143310546875,92492000,0.0,0.0
2016-02-24 00:00:00+07:00,2161.695556640625,2182.441195379978,2136.8007901534006,2161.695556640625,84799500,0.0,0.0
2016-02-25 00:00:00+07:00,2174.143269000956,2190.73978250478,2161.695883873088,2169.994140625,74008000,0.0,0.0
2016-02-26 00:00:00+07:00,2182.4414949452835,2240.5292913886938,2182.4414949452835,2215.634521484375,141175000,0.0,0.0
2016-02-29 00:00:00+07:00,2240.529010609925,2244.6781384073515,2219.783371622797,2236.3798828125,138837000,0.0,0.0
2016-03-01 00:00:00+07:00,2236.3802467460064,2248.827632163888,2215.6346043828707,2223.932861328125,79590500,0.0,0.0
2016-03-02 00:00:00+07:00,2244.678096048008,2248.827223767135,2211.485074294987,2232.230712890625,126069500,0.0,0.0
2016-03-03 00:00:00+07:00,2228.081953179153,2248.827595201305,2228.081953179153,2244.678466796875,115057500,0.0,0.0
2016-03-04 00:00:00+07:00,2257.125690607735,2273.7222030386743,2244.6783062845307,2252.9765625,102347000,0.0,0.0
2016-03-07 00:00:00+07:00,2257.125690607735,2265.4239468232045,2240.5291781767955,2252.9765625,105623000,0.0,0.0
2016-03-08 00:00:00+07:00,2240.529375218633,2252.976760636515,2190.739833547108,2223.932861328125,110122000,0.0,0.0
2016-03-10 00:00:00+07:00,2211.485475910244,2232.2311182733797,2182.441576601854,2223.932861328125,109073500,0.0,0.0
2016-03-11 00:00:00+07:00,2223.932861328125,2223.932861328125,2223.932861328125,2223.932861328125,0,0.0,0.0
2016-03-14 00:00:00+07:00,2223.932861328125,2223.932861328125,2223.932861328125,2223.932861328125,0,0.0,0.0
2016-03-15 00:00:00+07:00,2252.9765625,2257.125690607735,2240.5291781767955,2252.9765625,70072000,0.0,0.0
2016-03-16 00:00:00+07:00,2257.12548828125,2261.274616017061,2244.6781050738164,2257.12548828125,72058000,0.0,0.0
2016-03-17 00:00:00+07:00,2269.5725951481386,2298.616485762466,2261.274340686902,2277.870849609375,125371000,0.0,0.0
2016-03-18 00:00:00+07:00,2265.4243983804745,2311.064816662865,2248.8278826414235,2273.72265625,120955000,0.0,0.0
2016-03-21 00:00:00+07:00,2273.72253573049,2306.9155654491838,2265.4242783008167,2286.169921875,46224000,0.0,0.0
2016-03-22 00:00:00+07:00,2282.0200937571544,2282.0200937571544,2252.9762016547907,2265.423583984375,47434000,0.0,0.0
2016-03-23 00:00:00+07:00,2265.4240668402776,2265.4240668402776,2228.0819118923614,2240.529296875,52128000,0.0,0.0
2016-03-24 00:00:00+07:00,2223.9329817952625,2232.231239190021,2199.0382096109875,2211.485595703125,73214500,0.0,0.0
2016-03-28 00:00:00+07:00,2211.485345540056,2211.485345540056,2165.8449350317246,2186.590576171875,59829500,0.0,0.0
2016-03-29 00:00:00+07:00,2186.590654128824,2194.888910880736,2169.994140625,2169.994140625,88822500,0.0,0.0
2016-03-30 00:00:00+07:00,2178.2919921875,2232.230651041667,2178.2919921875,2178.2919921875,137086000,0.0,0.0
2016-03-31 00:00:00+07:00,2203.1868097979323,2211.485065202068,2186.5902989896617,2207.3359375,107951000,0.0,0.0
2016-04-01 00:00:00+07:00,2207.3359375,2211.485065202068,2190.739426691729,2207.3359375,73802500,0.0,0.0
2016-04-04 00:00:00+07:00,2228.0821104926417,2228.0821104926417,2207.336467005746,2211.485595703125,49630500,0.0,0.0
2016-04-05 00:00:00+07:00,2211.485595703125,2232.231239190021,2207.336467005746,2211.485595703125,83700500,0.0,0.0
2016-04-06 00:00:00+07:00,2207.3362536667864,2228.081895148617,2165.844970703125,2165.844970703125,89264000,0.0,0.0
2016-04-07 00:00:00+07:00,2190.7398243678435,2199.038081278328,2174.143310546875,2174.143310546875,101318500,0.0,0.0
2016-04-08 00:00:00+07:00,2174.143269000956,2190.73978250478,2169.994140625,2169.994140625,70473500,0.0,0.0
2016-04-11 00:00:00+07:00,2169.994140625,2169.994140625,2169.994140625,2169.994140625,0,0.0,0.0
2016-04-12 00:00:00+07:00,2157.5467141103927,2178.2923555922234,2153.3975858140266,2165.844970703125,56727000,0.0,0.0
2016-04-13 00:00:00+07:00,2165.844970703125,2165.844970703125,2165.844970703125,2165.844970703125,0,0.0,0.0
2016-04-14 00:00:00+07:00,2165.844970703125,2165.844970703125,2165.844970703125,2165.844970703125,0,0.0,0.0
2016-04-15 00:00:00+07:00,2183.412109375,2183.412109375,2183.412109375,2183.412109375,0,21.0,0.0
2016-04-18 00:00:00+07:00,2183.412109375,2183.412109375,2183.412109375,2183.412109375,0,0.0,0.0
2016-04-19 00:00:00+07:00,2183.412109375,2183.412109375,2183.412109375,2183.412109375,0,0.0,0.0
2016-04-20 00:00:00+07:00,2179.2299711504056,2200.143886420563,2175.047188096374,2191.7783203125,69313000,0.0,0.0
2016-04-21 00:00:00+07:00,2191.7783203125,2195.9611033665315,2175.047188096374,2191.7783203125,62586000,0.0,0.0
2016-04-22 00:00:00+07:00,2191.7781547619047,2200.1437202380957,2183.412589285714,2195.9609375,39264000,0.0,0.0
2016-04-25 00:00:00+07:00,2191.7783203125,2195.9611033665315,2162.49883893428,2191.7783203125,62079000,0.0,0.0
2016-04-26 00:00:00+07:00,2183.412280933277,2183.412280933277,2137.401677312077,2166.68115234375,129737500,0.0,0.0
2016-04-27 00:00:00+07:00,2166.680982100096,2183.412109375,2162.498200281369,2183.412109375,64185500,0.0,0.0
2016-04-28 00:00:00+07:00,2195.9608667413927,2204.3264319480268,2175.046953724808,2179.229736328125,68854000,0.0,0.0
2016-04-29 00:00:00+07:00,2179.229327556274,2195.960454831178,2175.046545737548,2183.412109375,61001500,0.0,0.0
2016-05-02 00:00:00+07:00,2191.7783203125,2195.9611033665315,2170.8644050423427,2191.7783203125,26048000,0.0,0.0
2016-05-03 00:00:00+07:00,2195.960454831178,2204.32601846863,2179.229327556274,2183.412109375,82224500,0.0,0.0
2016-05-04 00:00:00+07:00,2183.412754204437,2191.7783203125,2179.2299711504056,2191.7783203125,75545000,0.0,0.0
2016-05-09 00:00:00+07:00,2191.7781547619047,2208.509285714286,2183.412589285714,2195.9609375,91446000,0.0,0.0
2016-05-10 00:00:00+07:00,2183.4125031502017,2225.2403288810483,2183.4125031502017,2204.326416015625,158328000,0.0,0.0
2016-05-11 00:00:00+07:00,2200.143798828125,2225.2404961531606,2191.778233053113,2200.143798828125,91480000,0.0,0.0
2016-05-12 00:00:00+07:00,2191.778233053113,2208.509364603137,2191.778233053113,2200.143798828125,43259500,0.0,0.0
2016-05-13 00:00:00+07:00,2175.0471015030894,2208.509364603137,2175.0471015030894,2200.143798828125,75686000,0.0,0.0
2016-05-16 00:00:00+07:00,2191.778084138076,2191.778084138076,2166.681388518174,2179.229736328125,84077000,0.0,0.0
2016-05-17 00:00:00+07:00,2179.2296574519232,2183.4124399038465,2158.315745192308,2175.046875,64829000,0.0,0.0
2016-05-18 00:00:00+07:00,2158.3158233115405,2183.412518931442,2158.3158233115405,2179.229736328125,66771000,0.0,0.0
2016-05-19 00:00:00+07:00,2175.0472851938825,2179.23006843464,2166.6817187123675,2170.864501953125,105881500,0.0,0.0
2016-05-20 00:00:00+07:00,2166.681388518174,2179.229736328125,2166.681388518174,2179.229736328125,68004000,0.0,0.0
2016-05-23 00:00:00+07:00,2175.047188096374,2191.7783203125,2162.49883893428,2191.7783203125,31748500,0.0,0.0
2016-05-24 00:00:00+07:00,2183.412851675397,2187.5956349161547,2170.864501953125,2170.864501953125,69157000,0.0,0.0
2016-05-25 00:00:00+07:00,2175.046875,2179.2296574519232,2154.1329627403848,2175.046875,84150500,0.0,0.0
2016-05-26 00:00:00+07:00,2187.5953015347586,2187.5953015347586,2158.3158233115405,2179.229736328125,42055000,0.0,0.0
2016-05-27 00:00:00+07:00,2175.046875,2179.2296574519232,2158.315745192308,2175.046875,80811500,0.0,0.0
2016-05-30 00:00:00+07:00,2179.22907557632,2225.239670262192,2170.8635129061613,2208.508544921875,99330000,0.0,0.0
2016-05-31 00:00:00+07:00,2225.240264423077,2225.240264423077,2175.046875,2175.046875,160724000,0.0,0.0
2016-06-01 00:00:00+07:00,2191.7780682963707,2204.326416015625,2183.4125031502017,2204.326416015625,82418000,0.0,0.0
2016-06-02 00:00:00+07:00,2191.778233053113,2208.509364603137,2187.595450165607,2200.143798828125,88747000,0.0,0.0
2016-06-03 00:00:00+07:00,2183.412589285714,2200.1437202380957,2179.229806547619,2195.9609375,53839500,0.0,0.0
2016-06-06 00:00:00+07:00,2195.9609375,2208.509285714286,2187.595372023809,2195.9609375,105900000,0.0,0.0
2016-06-07 00:00:00+07:00,2200.143886420563,2200.143886420563,2187.5955372584685,2191.7783203125,87665500,0.0,0.0
2016-06-08 00:00:00+07:00,2187.5955372584685,2195.9611033665315,2175.047188096374,2191.7783203125,89579500,0.0,0.0
2016-06-09 00:00:00+07:00,2179.2296574519232,2183.4124399038465,2166.681310096154,2175.046875,67474500,0.0,0.0
2016-06-10 00:00:00+07:00,2170.86385500408,2175.046636998308,2158.3155090213977,2162.498291015625,77928000,0.0,0.0
2016-06-13 00:00:00+07:00,2149.949957382889,2166.681085455908,2133.21882930987,2137.401611328125,75798500,0.0,0.0
2016-06-14 00:00:00+07:00,2124.853741716318,2149.950439453125,2120.670958760184,2149.950439453125,78620500,0.0,0.0
2016-06-15 00:00:00+07:00,2149.9499450329427,2166.6810730098528,2141.584381044488,2162.498291015625,35512500,0.0,0.0
2016-06-16 00:00:00+07:00,2166.681310096154,2179.2296574519232,2162.4985276442308,2175.046875,49661000,0.0,0.0
2016-06-17 00:00:00+07:00,2175.0472951489824,2179.2300784088843,2149.950595589571,2158.316162109375,60702000,0.0,0.0
2016-06-20 00:00:00+07:00,2158.316172103436,2166.681738661976,2129.036689148544,2145.767822265625,46267000,0.0,0.0
2016-06-21 00:00:00+07:00,2145.767822265625,2158.316172103436,2129.036689148544,2145.767822265625,89712000,0.0,0.0
2016-06-22 00:00:00+07:00,2145.767812329669,2187.595644928688,2145.767812329669,2158.316162109375,60166000,0.0,0.0
2016-06-23 00:00:00+07:00,2158.3155880489862,2179.2294987858954,2149.950023754223,2166.68115234375,30252000,0.0,0.0
2016-06-24 00:00:00+07:00,2154.132739401144,2166.681085455908,2112.304919218597,2137.401611328125,86883500,0.0,0.0
2016-06-27 00:00:00+07:00,2116.4882621765137,2145.767744064331,2116.4882621765137,2141.5849609375,44316000,0.0,0.0
2016-06-28 00:00:00+07:00,2145.7674755015896,2195.9608667413927,2145.7674755015896,2179.229736328125,121856000,0.0,0.0
2016-06-29 00:00:00+07:00,2200.143781389509,2225.240478515625,2200.143781389509,2225.240478515625,200147000,0.0,0.0
2016-06-30 00:00:00+07:00,2241.971688848499,2250.3372548516654,2221.057773840584,2229.42333984375,186770500,0.0,0.0
2016-07-01 00:00:00+07:00,2237.788835896887,2254.519967380228,2208.50935580104,2212.692138671875,126695500,0.0,0.0
2016-07-11 00:00:00+07:00,2233.6059407552084,2275.433767361111,2216.874810112847,2258.70263671875,197073000,0.0,0.0
2016-07-12 00:00:00+07:00,2275.4335795454544,2321.4441850142043,2267.0680149147724,2300.5302734375,190642000,0.0,0.0
2016-07-13 00:00:00+07:00,2308.896240234375,2313.079023278278,2300.5306741465693,2308.896240234375,138530500,0.0,0.0
2016-07-14 00:00:00+07:00,2325.6267944776623,2333.992358486575,2313.0784484642936,2317.26123046875,148394000,0.0,0.0
2016-07-15 00:00:00+07:00,2313.0791595458986,2346.541425868443,2313.0791595458986,2342.358642578125,195893000,0.0,0.0
2016-07-18 00:00:00+07:00,2325.6266241039425,2342.357750896057,2313.0782790098565,2333.9921875,116023000,0.0,0.0
2016-07-19 00:00:00+07:00,2342.3578862543704,2396.73405147099,2342.3578862543704,2392.55126953125,195665500,0.0,0.0
2016-07-20 00:00:00+07:00,2400.917063993566,2421.830975700828,2396.734281652114,2417.648193359375,142149000,0.0,0.0
2016-07-21 00:00:00+07:00,2430.1963683452805,2455.2930606173486,2426.013586299936,2434.379150390625,202871500,0.0,0.0
2016-07-22 00:00:00+07:00,2426.0139945944493,2442.7451255916526,2384.1861671014417,2430.19677734375,111507000,0.0,0.0
2016-07-25 00:00:00+07:00,2430.196698629445,2438.562263857085,2405.100002946525,2426.013916015625,111434500,0.0,0.0
2016-07-26 00:00:00+07:00,2430.196961937881,2430.196961937881,2375.820782066637,2400.91748046875,138118000,0.0,0.0
2016-07-27 00:00:00+07:00,2413.4652401639014,2451.110278572004,2409.282458118557,2434.379150390625,208198500,0.0,0.0
2016-07-28 00:00:00+07:00,2426.0136786449307,2426.0136786449307,2392.551421008449,2413.46533203125,94670000,0.0,0.0
2016-07-29 00:00:00+07:00,2426.0137580422797,2446.92766974954,2417.648193359375,2417.648193359375,115674000,0.0,0.0
2016-08-01 00:00:00+07:00,2405.1002002363443,2505.486991202731,2405.1002002363443,2488.755859375,221091000,0.0,0.0
2016-08-02 00:00:00+07:00,2488.755763753255,2509.669677734375,2480.390198160808,2509.669677734375,158875000,0.0,0.0
2016-08-03 00:00:00+07:00,2509.669354523164,2518.034919038241,2497.1210077505475,2505.486572265625,115363500,0.0,0.0
2016-08-04 00:00:00+07:00,2509.669677734375,2522.218026123047,2505.486894938151,2509.669677734375,131859500,0.0,0.0
2016-08-05 00:00:00+07:00,2518.0348264176323,2551.497083247102,2509.669262210265,2526.400390625,175943500,0.0,0.0
2016-08-08 00:00:00+07:00,2534.765954832368,2559.8626474544703,2505.486480106581,2526.400390625,79174000,0.0,0.0
2016-08-09 00:00:00+07:00,2526.4008089192707,2526.4008089192707,2501.304112141927,2509.669677734375,96702000,0.0,0.0
2016-08-10 00:00:00+07:00,2509.669520145276,2509.669520145276,2484.572824943823,2501.303955078125,64883500,0.0,0.0
2016-08-11 00:00:00+07:00,2526.400650279578,2526.400650279578,2492.938390010974,2501.303955078125,107876500,0.0,0.0
2016-08-12 00:00:00+07:00,2513.852460530599,2547.3147229003907,2501.304112141927,2509.669677734375,131484500,0.0,0.0
2016-08-15 00:00:00+07:00,2534.766778381956,2547.315128769985,2509.670077605897,2518.03564453125,104034500,0.0,0.0
2016-08-16 00:00:00+07:00,2543.1318440082646,2543.1318440082646,2526.4007134555786,2530.58349609375,60200500,0.0,0.0
2016-08-18 00:00:00+07:00,2530.583730998792,2559.8632121839023,2530.583730998792,2543.132080078125,186254500,0.0,0.0
2016-08-19 00:00:00+07:00,2576.5946595435053,2584.960226619945,2551.4979583141853,2559.863525390625,169403500,0.0,0.0
2016-08-22 00:00:00+07:00,2576.5946595435053,2576.5946595435053,2555.6807418524054,2559.863525390625,110468500,0.0,0.0
2016-08-23 00:00:00+07:00,2593.324228339812,2593.324228339812,2526.399732124591,2555.67919921875,76704500,0.0,0.0
2016-08-24 00:00:00+07:00,2559.863525390625,2568.229092467065,2555.6807418524054,2559.863525390625,111416000,0.0,0.0
2016-08-25 00:00:00+07:00,2568.228444383965,2568.228444383965,2505.4867071433146,2551.497314453125,71705000,0.0,0.0
2016-08-26 00:00:00+07:00,2551.4976461310134,2551.4976461310134,2534.7665140252366,2543.132080078125,48785500,0.0,0.0
2016-08-29 00:00:00+07:00,2547.314802477641,2547.314802477641,2501.304190281822,2513.8525390625,40904000,0.0,0.0
2016-08-30 00:00:00+07:00,2513.852460530599,2513.852460530599,2501.304112141927,2509.669677734375,70749500,0.0,0.0
2016-08-31 00:00:00+07:00,2484.573376829838,2538.949561844632,2484.573376829838,2518.03564453125,169155000,0.0,0.0
2016-09-01 00:00:00+07:00,2484.572980957031,2522.218026123047,2484.572980957031,2509.669677734375,56229500,0.0,0.0
2016-09-02 00:00:00+07:00,2518.035243326823,2559.863071289062,2505.486894938151,2509.669677734375,63478000,0.0,0.0
2016-09-05 00:00:00+07:00,2555.6802884928384,2555.6802884928384,2505.486894938151,2509.669677734375,74444000,0.0,0.0
2016-09-06 00:00:00+07:00,2518.0353219893927,2526.4008878431778,2501.304190281822,2513.8525390625,70876500,0.0,0.0
2016-09-07 00:00:00+07:00,2559.8632121839023,2559.8632121839023,2526.400947972348,2543.132080078125,137103000,0.0,0.0
2016-09-08 00:00:00+07:00,2559.8631332372324,2559.8631332372324,2534.766435852553,2538.94921875,88467500,0.0,0.0
2016-09-09 00:00:00+07:00,2538.949561844632,2538.949561844632,2505.4872941432204,2518.03564453125,86764000,0.0,0.0
2016-09-13 00:00:00+07:00,2518.0353219893927,2526.4008878431778,2484.5730585742517,2513.8525390625,108835000,0.0,0.0
2016-09-14 00:00:00+07:00,2501.3037900080863,2509.669354523164,2476.2070964628547,2505.486572265625,92904000,0.0,0.0
2016-09-15 00:00:00+07:00,2543.131519039735,2559.8626474544703,2505.486480106581,2526.400390625,159713000,0.0,0.0
2016-09-16 00:00:00+07:00,2526.400390625,2547.314301143419,2509.669262210265,2526.400390625,151477000,0.0,0.0
2016-09-19 00:00:00+07:00,2551.497314453125,2555.680096935835,2526.4006195568645,2551.497314453125,70684000,0.0,0.0
2016-09-20 00:00:00+07:00,2543.131519039735,2555.6798653507863,2526.400390625,2526.400390625,74726500,0.0,0.0
2016-09-21 00:00:00+07:00,2526.4008700576605,2547.314784544893,2522.218087160214,2538.94921875,93367000,0.0,0.0
2016-09-22 00:00:00+07:00,2568.228759765625,2610.0565897292345,2564.045976769264,2568.228759765625,112772500,0.0,0.0
2016-09-23 00:00:00+07:00,2589.14208984375,2610.0560001009694,2572.4109616379747,2589.14208984375,111259000,0.0,0.0
2016-09-26 00:00:00+07:00,2589.1426747474297,2589.1426747474297,2551.497627780181,2568.228759765625,56087500,0.0,0.0
2016-09-27 00:00:00+07:00,2526.401008605957,2676.981201171875,2509.669876098633,2676.981201171875,121486000,0.0,0.0
2016-09-28 00:00:00+07:00,2605.874044013371,2622.605177522285,2576.5945603727714,2580.77734375,104262000,0.0,0.0
2016-09-29 00:00:00+07:00,2593.324931376689,2660.249445734797,2593.324931376689,2630.969970703125,131983000,0.0,0.0
2016-09-30 00:00:00+07:00,2672.7979600262493,2676.9807424363057,2593.3250942351715,2626.787353515625,146694500,0.0,0.0
2016-10-03 00:00:00+07:00,2668.615313080741,2710.443139304577,2668.615313080741,2672.798095703125,78715000,0.0,0.0
2016-10-04 00:00:00+07:00,2710.443059365204,2710.443059365204,2660.249669376959,2668.615234375,81285000,0.0,0.0
2016-10-05 00:00:00+07:00,2635.1527462729923,2676.980567642405,2635.1527462729923,2643.518310546875,63367500,0.0,0.0
2016-10-06 00:00:00+07:00,2676.9807349445327,2685.3462997412344,2635.152910961024,2639.335693359375,58324500,0.0,0.0
2016-10-07 00:00:00+07:00,2676.980567642405,2676.980567642405,2635.1527462729923,2643.518310546875,46006500,0.0,0.0
2016-10-10 00:00:00+07:00,2626.787353515625,2664.432395206136,2618.421788695512,2626.787353515625,24959000,0.0,0.0
2016-10-11 00:00:00+07:00,2664.432221231581,2664.432221231581,2630.969964136051,2643.518310546875,72176500,0.0,0.0
2016-10-12 00:00:00+07:00,2643.518410707132,2651.8839752979766,2572.411111684946,2610.05615234375,78936000,0.0,0.0
2016-10-13 00:00:00+07:00,2610.055920054612,2622.604265824105,2568.2281008229675,2584.959228515625,57745000,0.0,0.0
2016-10-14 00:00:00+07:00,2589.1421427666387,2685.3461319162875,2572.4110142188733,2643.518310546875,107271500,0.0,0.0
2016-10-17 00:00:00+07:00,2643.5186253193788,2664.432538494374,2643.5186253193788,2660.249755859375,114630500,0.0,0.0
2016-10-18 00:00:00+07:00,2676.980870327103,2689.529218156761,2668.61530510733,2685.346435546875,160526000,0.0,0.0
2016-10-19 00:00:00+07:00,2672.798095703125,2702.07757405981,2647.701399968824,2672.798095703125,43748000,0.0,0.0
2016-10-20 00:00:00+07:00,2651.8837154327875,2668.6148429749505,2635.152587890625,2635.152587890625,38996000,0.0,0.0
2016-10-21 00:00:00+07:00,2651.883874820757,2651.883874820757,2639.335528409933,2643.518310546875,52681000,0.0,0.0
2016-10-24 00:00:00+07:00,2656.066503205368,2656.066503205368,2601.690338572817,2622.604248046875,64539500,0.0,0.0
2016-10-25 00:00:00+07:00,2614.2391081779238,2626.7874558971776,2589.1424127394152,2593.3251953125,105666000,0.0,0.0
2016-10-26 00:00:00+07:00,2610.0563256048385,2610.0563256048385,2589.1424127394152,2593.3251953125,61653500,0.0,0.0
2016-10-27 00:00:00+07:00,2593.3255176882044,2605.873866967341,2589.1427345951597,2597.50830078125,79667000,0.0,0.0
2016-10-28 00:00:00+07:00,2597.507805457482,2610.05615234375,2580.776676275791,2610.05615234375,72105000,0.0,0.0
2016-10-31 00:00:00+07:00,2593.3255176882044,2610.0566500603863,2580.777168409068,2597.50830078125,65543500,0.0,0.0
2016-11-01 00:00:00+07:00,2593.324792361954,2618.4214839009405,2584.959228515625,2584.959228515625,77657500,0.0,0.0
2016-11-02 00:00:00+07:00,2584.9593077923064,2597.5076539466377,2564.045397535087,2589.14208984375,101446000,0.0,0.0
2016-11-03 00:00:00+07:00,2593.3256938816853,2593.3256938816853,2559.863426863857,2580.77734375,68455000,0.0,0.0
2016-11-04 00:00:00+07:00,2568.228499873992,2593.3251953125,2559.8629347278224,2593.3251953125,62182500,0.0,0.0
2016-11-07 00:00:00+07:00,2551.497541155134,2597.508152553013,2526.4008440290177,2576.59423828125,110497000,0.0,0.0
2016-11-08 00:00:00+07:00,2576.594065020161,2610.0563256048385,2576.594065020161,2593.3251953125,106514500,0.0,0.0
2016-11-09 00:00:00+07:00,2593.325793696385,2605.874144311045,2551.4979583141853,2559.863525390625,126875000,0.0,0.0
2016-11-10 00:00:00+07:00,2559.862554841441,2580.7764646032174,2547.314208984375,2547.314208984375,69882500,0.0,0.0
2016-11-11 00:00:00+07:00,2509.669382852428,2509.669382852428,2426.0137367573466,2455.293212890625,222566500,0.0,0.0
2016-11-14 00:00:00+07:00,2409.282635869565,2409.282635869565,2333.992553498641,2405.099853515625,156689000,0.0,0.0
2016-11-15 00:00:00+07:00,2392.551329937178,2488.7553169801063,2359.08907357442,2434.379150390625,135474500,0.0,0.0
2016-11-16 00:00:00+07:00,2438.562240108367,2497.121196131553,2438.562240108367,2463.658935546875,129035500,0.0,0.0
2016-11-17 00:00:00+07:00,2467.841552734375,2484.5726819054557,2459.4759881488344,2467.841552734375,120499000,0.0,0.0
2016-11-18 00:00:00+07:00,2459.4761529737902,2467.84171811996,2446.9278052545365,2463.658935546875,80701500,0.0,0.0
2016-11-21 00:00:00+07:00,2459.4761529737902,2472.0245006930445,2446.9278052545365,2463.658935546875,87375000,0.0,0.0
2016-11-22 00:00:00+07:00,2426.014141824872,2463.659188853189,2426.014141824872,2451.11083984375,129317000,0.0,0.0
2016-11-23 00:00:00+07:00,2451.1102660302404,2467.84139412601,2446.927484006298,2459.475830078125,51143500,0.0,0.0
2016-11-24 00:00:00+07:00,2426.013586299936,2459.4758426626936,2409.282458118557,2434.379150390625,83313000,0.0,0.0
2016-11-25 00:00:00+07:00,2426.0139945944493,2434.3795600930507,2417.648429095848,2430.19677734375,71262500,0.0,0.0
2016-11-28 00:00:00+07:00,2417.6482005774456,2430.1965476392666,2396.7342888077446,2405.099853515625,75786000,0.0,0.0
2016-11-29 00:00:00+07:00,2396.7346974017314,2413.465829669806,2363.2724328655813,2400.91748046875,101969000,0.0,0.0
2016-11-30 00:00:00+07:00,2400.91683341073,2409.2823972902097,2388.36848759151,2392.55126953125,163078500,0.0,0.0
2016-12-01 00:00:00+07:00,2404.320888335129,2450.5578284954204,2400.1175301387398,2437.94775390625,107127500,14.0,0.0
2016-12-02 00:00:00+07:00,2463.167735839012,2543.031536147785,2450.557662106048,2467.37109375,137411500,0.0,0.0
2016-12-05 00:00:00+07:00,2467.371327058447,2492.5914769091296,2437.947818899317,2463.16796875,64879000,0.0,0.0
2016-12-06 00:00:00+07:00,2471.574451660988,2479.9811674829643,2454.761020017036,2467.37109375,59009500,0.0,0.0
2016-12-07 00:00:00+07:00,2471.5746853668943,2475.778043675341,2454.7612521331057,2463.16796875,69524500,0.0,0.0
2016-12-08 00:00:00+07:00,2437.947599449936,2500.997968401228,2437.947599449936,2471.574462890625,121795500,0.0,0.0
2016-12-09 00:00:00+07:00,2488.3878946109694,2488.3878946109694,2463.1677470304526,2471.574462890625,86596000,0.0,0.0
2016-12-13 00:00:00+07:00,2467.371104960539,2484.1845366808834,2437.947599449936,2471.574462890625,121360000,0.0,0.0
2016-12-14 00:00:00+07:00,2471.5752151747884,2522.01552568856,2471.5752151747884,2479.98193359375,128356000,0.0,0.0
2016-12-15 00:00:00+07:00,2475.7783409673752,2492.5917762201248,2471.574982154188,2484.18505859375,125417000,0.0,0.0
2016-12-16 00:00:00+07:00,2471.57474992082,2522.015050939612,2463.168033084354,2488.38818359375,105628500,0.0,0.0
2016-12-19 00:00:00+07:00,2437.947610489177,2492.5912638277277,2437.947610489177,2475.77783203125,53658000,0.0,0.0
2016-12-20 00:00:00+07:00,2446.354829275064,2488.3884174069376,2446.354829275064,2484.18505859375,37145000,0.0,0.0
2016-12-21 00:00:00+07:00,2488.3878833049403,2488.3878833049403,2458.964377928024,2467.37109375,97165000,0.0,0.0
2016-12-22 00:00:00+07:00,2437.947775719502,2450.557850421499,2421.1343427835054,2446.3544921875,75773000,0.0,0.0
2016-12-23 00:00:00+07:00,2421.1342993079584,2454.7611645761244,2400.1175085153545,2429.541015625,73656500,0.0,0.0
2016-12-27 00:00:00+07:00,2404.321015229096,2496.7949004302154,2374.897506301468,2488.38818359375,41749000,0.0,0.0
2016-12-28 00:00:00+07:00,2505.201337675085,2526.2181274206814,2475.77783203125,2475.77783203125,70098000,0.0,0.0
2016-12-29 00:00:00+07:00,2488.388411034202,2593.472381094768,2475.7783346269343,2580.8623046875,122316500,0.0,0.0
2016-12-30 00:00:00+07:00,2580.8623661164315,2614.489237336189,2576.6590072139616,2606.08251953125,235500500,0.0,0.0
2017-01-02 00:00:00+07:00,2606.08251953125,2606.08251953125,2606.08251953125,2606.08251953125,0,0.0,0.0
2017-01-03 00:00:00+07:00,2606.081910533874,2652.31884765625,2559.8449734115,2652.31884765625,46748000,0.0,0.0
2017-01-04 00:00:00+07:00,2664.929133907245,2669.132492162619,2631.3022678642515,2639.708984375,85216500,0.0,0.0
2017-01-05 00:00:00+07:00,2639.7087289423844,2652.3188024882875,2627.0986553964813,2635.50537109375,97909000,0.0,0.0
2017-01-06 00:00:00+07:00,2597.6751169057998,2639.708694849259,2597.6751169057998,2622.895263671875,36603000,0.0,0.0
2017-01-09 00:00:00+07:00,2614.489175106881,2622.8958927117264,2547.235434268119,2580.8623046875,88087500,0.0,0.0
2017-01-10 00:00:00+07:00,2597.6757606407264,2606.082478312703,2576.658966460785,2589.26904296875,52004500,0.0,0.0
2017-01-11 00:00:00+07:00,2614.4894022224776,2618.692761390038,2572.455810546875,2572.455810546875,43772500,0.0,0.0
2017-01-12 00:00:00+07:00,2572.455333018964,2597.6754833426794,2568.2519746316784,2576.65869140625,30781000,0.0,0.0
2017-01-13 00:00:00+07:00,2555.641149243044,2618.691506543448,2555.641149243044,2568.251220703125,69512500,0.0,0.0
2017-01-16 00:00:00+07:00,2555.641590300659,2564.048306058227,2522.014727270387,2551.438232421875,62039500,0.0,0.0
2017-01-17 00:00:00+07:00,2551.438232421875,2564.048306058227,2547.234874543091,2551.438232421875,22368500,0.0,0.0
2017-01-18 00:00:00+07:00,2568.2524513793146,2572.455810546875,2547.2356555415136,2572.455810546875,93410500,0.0,0.0
2017-01-19 00:00:00+07:00,2580.862071265244,2589.2687881097563,2564.04863757622,2585.0654296875,34360500,0.0,0.0
2017-01-20 00:00:00+07:00,2564.048828125,2568.252186859631,2530.421958247951,2564.048828125,44242500,0.0,0.0
2017-01-23 00:00:00+07:00,2555.6422731519933,2572.455709159572,2530.422119140625,2530.422119140625,21962000,0.0,0.0
2017-01-24 00:00:00+07:00,2555.6422731519933,2564.048991155783,2530.422119140625,2530.422119140625,36251000,0.0,0.0
2017-01-25 00:00:00+07:00,2568.251809825068,2568.251809825068,2513.608154296875,2513.608154296875,33161500,0.0,0.0
2017-01-26 00:00:00+07:00,2522.015500536152,2593.4726063846765,2522.015500536152,2572.455810546875,53606000,0.0,0.0
2017-01-27 00:00:00+07:00,2547.235454608868,2614.48919598468,2547.235454608868,2589.26904296875,37555500,0.0,0.0
2017-01-30 00:00:00+07:00,2618.6918372490645,2618.6918372490645,2576.658260407185,2597.675048828125,33673000,0.0,0.0
2017-01-31 00:00:00+07:00,2572.455810546875,2614.4894022224776,2564.0490922117547,2572.455810546875,36946500,0.0,0.0
2017-02-01 00:00:00+07:00,2606.082243339749,2606.082243339749,2593.47216796875,2593.47216796875,43359000,0.0,0.0
2017-02-02 00:00:00+07:00,2576.658260407185,2601.8784065123127,2568.2515450388096,2597.675048828125,61584000,0.0,0.0
2017-02-03 00:00:00+07:00,2597.675060266054,2606.081775671446,2593.4717025633586,2601.87841796875,44754000,0.0,0.0
2017-02-06 00:00:00+07:00,2618.6919058775293,2635.505337054913,2606.081832494491,2622.895263671875,63275000,0.0,0.0
2017-02-07 00:00:00+07:00,2593.472011328125,2627.098876953125,2593.472011328125,2627.098876953125,47873500,0.0,0.0
2017-02-08 00:00:00+07:00,2627.098621466221,2631.301979260567,2610.2851902888374,2622.895263671875,73968000,0.0,0.0
2017-02-09 00:00:00+07:00,2622.89551875,2631.30223515625,2622.89551875,2627.098876953125,134806500,0.0,0.0
2017-02-10 00:00:00+07:00,2627.099355061849,2639.709431966146,2522.015380859375,2522.015380859375,82921000,0.0,0.0
2017-02-13 00:00:00+07:00,2606.0827735004023,2631.302929372987,2580.862617627818,2610.2861328125,98775500,0.0,0.0
2017-02-14 00:00:00+07:00,2597.6758017263105,2614.489237336189,2585.065725018901,2606.08251953125,68492000,0.0,0.0
2017-02-15 00:00:00+07:00,2606.08251953125,2606.08251953125,2606.08251953125,2606.08251953125,0,0.0,0.0
2017-02-16 00:00:00+07:00,2622.895955141129,2622.895955141129,2585.065725018901,2606.08251953125,109934500,0.0,0.0
2017-02-17 00:00:00+07:00,2597.675060266054,2618.6918487795338,2580.8616294552708,2601.87841796875,54111500,0.0,0.0
2017-02-20 00:00:00+07:00,2622.895194933252,2622.895194933252,2589.268333459749,2597.675048828125,49225000,0.0,0.0
2017-02-21 00:00:00+07:00,2589.269083921371,2610.28587843372,2589.269083921371,2606.08251953125,47016500,0.0,0.0
2017-02-22 00:00:00+07:00,2589.269083921371,2618.6925962386595,2589.269083921371,2606.08251953125,47767500,0.0,0.0
2017-02-23 00:00:00+07:00,2589.269083921371,2618.6925962386595,2589.269083921371,2606.08251953125,81655500,0.0,0.0
2017-02-24 00:00:00+07:00,2610.28587843372,2622.895955141129,2606.08251953125,2606.08251953125,33280500,0.0,0.0
2017-02-27 00:00:00+07:00,2606.08251953125,2610.28587843372,2589.269083921371,2606.08251953125,28618000,0.0,0.0
2017-02-28 00:00:00+07:00,2606.081764196501,2614.4884795648763,2589.268333459749,2597.675048828125,110184500,0.0,0.0
2017-03-01 00:00:00+07:00,2589.269083921371,2610.28587843372,2589.269083921371,2606.08251953125,102209000,0.0,0.0
2017-03-02 00:00:00+07:00,2631.3026729460685,2635.5060318485384,2601.8791606287805,2606.08251953125,78309500,0.0,0.0
2017-03-03 00:00:00+07:00,2597.675060266054,2614.488491076838,2593.4717025633586,2601.87841796875,88454000,0.0,0.0
2017-03-06 00:00:00+07:00,2589.268344860662,2601.87841796875,2580.8616294552708,2601.87841796875,44661500,0.0,0.0
2017-03-07 00:00:00+07:00,2589.268333459749,2606.081764196501,2589.268333459749,2597.675048828125,52582000,0.0,0.0
2017-03-08 00:00:00+07:00,2606.08251953125,2610.28587843372,2597.6758017263105,2606.08251953125,87391500,0.0,0.0
2017-03-09 00:00:00+07:00,2627.098876953125,2639.7089515625,2606.0820859375,2627.098876953125,47322000,0.0,0.0
2017-03-10 00:00:00+07:00,2639.7089515625,2639.7089515625,2601.878727734375,2627.098876953125,34386000,0.0,0.0
2017-03-13 00:00:00+07:00,2622.895730757637,2631.302447843398,2601.8789380432327,2614.489013671875,24933000,0.0,0.0
2017-03-14 00:00:00+07:00,2639.7087289423844,2673.3355917314598,2631.302013245116,2635.50537109375,62225000,0.0,0.0
2017-03-15 00:00:00+07:00,2652.319283287365,2652.319283287365,2610.285697181385,2631.302490234375,70286000,0.0,0.0
2017-03-16 00:00:00+07:00,2673.335926734744,2690.1493602362207,2656.522493233268,2669.132568359375,186021500,0.0,0.0
2017-03-17 00:00:00+07:00,2690.149392633229,2723.7762600411443,2669.132600503282,2681.74267578125,223808500,0.0,0.0
2017-03-20 00:00:00+07:00,2706.9628799936822,2727.979672540217,2681.74272893784,2702.759521484375,191276500,0.0,0.0
2017-03-21 00:00:00+07:00,2727.979259314904,2736.3859750600964,2715.3691856971154,2732.1826171875,133231500,0.0,0.0
2017-03-22 00:00:00+07:00,2698.555787441376,2748.9960825337384,2698.555787441376,2744.792724609375,178821000,0.0,0.0
2017-03-23 00:00:00+07:00,2757.402679075677,2816.2496874705853,2753.1993213331843,2791.029541015625,195774000,0.0,0.0
2017-03-24 00:00:00+07:00,2824.657371129154,2824.657371129154,2765.810342563964,2782.623779296875,86403000,0.0,0.0
2017-03-27 00:00:00+07:00,2782.623779296875,2795.2338568465584,2774.217060930419,2782.623779296875,74524000,0.0,0.0
2017-03-29 00:00:00+07:00,2803.6396597673797,2828.859806631853,2795.232944145888,2807.843017578125,112645500,0.0,0.0
2017-03-30 00:00:00+07:00,2828.85986328125,2837.2665790710903,2807.843073806649,2828.85986328125,96488000,0.0,0.0
2017-03-31 00:00:00+07:00,2828.8607303123817,2858.2842445949773,2782.623779296875,2782.623779296875,81642500,0.0,0.0
2017-04-03 00:00:00+07:00,2786.826171875,2849.8765377545246,2786.826171875,2786.826171875,186889000,0.0,0.0
2017-04-04 00:00:00+07:00,2816.250732421875,2841.470888234608,2799.4372952133863,2816.250732421875,74096500,0.0,0.0
2017-04-05 00:00:00+07:00,2816.250732421875,2816.250732421875,2816.250732421875,2816.250732421875,0,0.0,0.0
2017-04-06 00:00:00+07:00,2891.9104549963927,2921.333962532693,2891.9104549963927,2912.92724609375,117034500,0.0,0.0
2017-04-07 00:00:00+07:00,2938.147652309978,2938.147652309978,2891.910707853026,2917.130859375,133337000,0.0,0.0
2017-04-10 00:00:00+07:00,2963.3678038319526,2984.384596766931,2900.3174250270176,2917.130859375,79805500,0.0,0.0
2017-04-11 00:00:00+07:00,2942.350318711945,2959.1637491045844,2900.3167427303456,2933.943603515625,88702000,0.0,0.0
2017-04-12 00:00:00+07:00,2933.9441775573214,2975.9777617630134,2929.740819136752,2967.571044921875,56825500,0.0,0.0
2017-04-13 00:00:00+07:00,2975.97787959294,2975.97787959294,2891.910707853026,2917.130859375,52786000,0.0,0.0
2017-04-17 00:00:00+07:00,2939.1535388490124,2939.1535388490124,2829.0411584310377,2867.156982421875,93984000,26.0,0.0
2017-04-18 00:00:00+07:00,2875.62716553095,2888.3324401945624,2854.4517077582627,2867.156982421875,102219500,0.0,0.0
2017-04-19 00:00:00+07:00,2867.156982421875,2867.156982421875,2867.156982421875,2867.156982421875,0,0.0,0.0
2017-04-20 00:00:00+07:00,2913.7425144300146,2989.9741499819625,2901.037241838023,2934.91796875,146846500,0.0,0.0
2017-04-21 00:00:00+07:00,2892.5669186309683,2964.5634597974786,2884.096737317261,2960.328369140625,86655500,0.0,0.0
2017-04-25 00:00:00+07:00,2989.9744480176905,2989.9744480176905,2930.683170011674,2947.62353515625,111180500,0.0,0.0
2017-04-26 00:00:00+07:00,2989.9745883517794,3049.265869140625,2930.6833075629343,3049.265869140625,82166000,0.0,0.0
2017-04-27 00:00:00+07:00,2947.6236152594506,2985.7394378705644,2947.6236152594506,2968.799072265625,68316500,0.0,0.0
2017-04-28 00:00:00+07:00,2968.7984914860253,3011.149397213358,2968.7984914860253,3006.914306640625,68971000,0.0,0.0
2017-05-02 00:00:00+07:00,3006.914406888312,3040.7951325997296,3006.914406888312,3032.324951171875,138473000,0.0,0.0
2017-05-03 00:00:00+07:00,3015.3844877860915,3023.854668931558,3006.914306640625,3006.914306640625,43521500,0.0,0.0
2017-05-04 00:00:00+07:00,3015.3845382626228,3049.2652634116407,3011.1494476189955,3019.61962890625,123050500,0.0,0.0
2017-05-05 00:00:00+07:00,3006.9145672633176,3019.61984008274,2977.268930684665,3011.149658203125,33583500,0.0,0.0
2017-05-08 00:00:00+07:00,3028.089893734222,3074.6758920993643,3019.619712213288,3040.795166015625,64042500,0.0,0.0
2017-05-09 00:00:00+07:00,3100.0869669596354,3108.5571499294706,3023.85532023112,3049.265869140625,50148500,0.0,0.0
2017-05-10 00:00:00+07:00,3006.91490694735,3061.971095384414,3006.91490694735,3036.560546875,78922000,0.0,0.0
2017-05-12 00:00:00+07:00,3138.202790323893,3142.4378818088107,3023.85532023112,3049.265869140625,141996500,0.0,0.0
2017-05-15 00:00:00+07:00,3049.265785530822,3091.61669921875,3049.265785530822,3091.61669921875,41290500,0.0,0.0
2017-05-16 00:00:00+07:00,3032.325360879131,3040.7955434514192,2917.977896153242,2947.62353515625,237774500,0.0,0.0
2017-05-17 00:00:00+07:00,2947.623487624447,2951.858578842298,2867.1567544852737,2871.391845703125,166786000,0.0,0.0
2017-05-18 00:00:00+07:00,2845.981344288793,2956.093717728538,2845.981344288793,2947.62353515625,203136500,0.0,0.0
2017-05-19 00:00:00+07:00,2947.623136893331,3061.9705861693656,2896.802048326205,3032.324951171875,182948000,0.0,0.0
2017-05-22 00:00:00+07:00,3074.67568649854,3091.616048407622,2951.8580626576886,2989.973876953125,81751500,0.0,0.0
2017-05-23 00:00:00+07:00,2989.9739107466016,3006.914272847149,2934.9177339198227,2998.444091796875,87609500,0.0,0.0
2017-05-24 00:00:00+07:00,2956.0932784837714,2960.328369140625,2943.3880065132107,2960.328369140625,97663500,0.0,0.0
2017-05-26 00:00:00+07:00,2964.5637696701638,3002.6795895659225,2956.093587471106,2977.26904296875,126066500,0.0,0.0
2017-05-29 00:00:00+07:00,2994.209294443895,3040.795294781777,2968.79874880505,3011.149658203125,103340500,0.0,0.0
2017-05-30 00:00:00+07:00,2998.4447604092684,3015.385126287287,2981.50439453125,2981.50439453125,56862000,0.0,0.0
2017-05-31 00:00:00+07:00,2981.5038493075804,2989.9740306976587,2905.272216796875,2905.272216796875,1062861500,0.0,0.0
2017-06-01 00:00:00+07:00,2905.272216796875,2905.272216796875,2905.272216796875,2905.272216796875,0,0.0,0.0
2017-06-02 00:00:00+07:00,2951.8587225672186,2989.974545383725,2934.9183568709936,2973.0341796875,241656500,0.0,0.0
2017-06-05 00:00:00+07:00,3015.384961212976,3019.620052450635,2960.3287751234134,3002.6796875,102575000,0.0,0.0
2017-06-06 00:00:00+07:00,2964.5639968393875,2994.2096368077814,2964.5639968393875,2973.0341796875,87003500,0.0,0.0
2017-06-07 00:00:00+07:00,2989.973977764001,3023.8547027244995,2981.5037965238766,3015.384521484375,74324000,0.0,0.0
2017-06-08 00:00:00+07:00,3023.855272620293,3057.7360039661785,3023.855272620293,3036.560546875,92743000,0.0,0.0
2017-06-09 00:00:00+07:00,3066.205540199064,3066.205540199064,2968.798458120917,2998.444091796875,101066500,0.0,0.0
2017-06-12 00:00:00+07:00,2998.4441254951585,3032.3248500770246,2981.5037632042254,3006.914306640625,38489500,0.0,0.0
2017-06-13 00:00:00+07:00,3006.9146327305507,3040.795360986669,3002.679541698536,3028.090087890625,49797000,0.0,0.0
2017-06-14 00:00:00+07:00,2998.444515222966,3045.030517578125,2998.444515222966,3045.030517578125,79121500,0.0,0.0
2017-06-15 00:00:00+07:00,3049.2659009262466,3066.2062670425034,3028.090443280925,3057.736083984375,116159000,0.0,0.0
2017-06-16 00:00:00+07:00,3074.675790165248,3074.675790165248,3015.384521484375,3015.384521484375,607322000,0.0,0.0
2017-06-19 00:00:00+07:00,3049.265821129707,3057.7360039661785,3028.0903640385286,3036.560546875,56511500,0.0,0.0
2017-06-20 00:00:00+07:00,3036.560174257057,3078.9110832425117,3036.560174257057,3066.205810546875,87824500,0.0,0.0
2017-06-21 00:00:00+07:00,3066.205876277043,3087.381331223708,3057.735694298377,3083.146240234375,68809000,0.0,0.0
2017-06-22 00:00:00+07:00,3091.6166346526343,3104.3219084936727,3045.0306305688277,3074.67626953125,82107500,0.0,0.0
2017-06-23 00:00:00+07:00,3074.67626953125,3074.67626953125,3074.67626953125,3074.67626953125,0,0.0,0.0
2017-06-26 00:00:00+07:00,3074.67626953125,3074.67626953125,3074.67626953125,3074.67626953125,0,0.0,0.0
2017-06-27 00:00:00+07:00,3074.67626953125,3074.67626953125,3074.67626953125,3074.67626953125,0,0.0,0.0
2017-06-28 00:00:00+07:00,3074.67626953125,3074.67626953125,3074.67626953125,3074.67626953125,0,0.0,0.0
2017-06-29 00:00:00+07:00,3074.67626953125,3074.67626953125,3074.67626953125,3074.67626953125,0,0.0,0.0
2017-06-30 00:00:00+07:00,3074.67626953125,3074.67626953125,3074.67626953125,3074.67626953125,0,0.0,0.0
2017-07-03 00:00:00+07:00,3117.026678631757,3133.967041015625,3061.970500884185,3133.967041015625,213038500,0.0,0.0
2017-07-04 00:00:00+07:00,3133.967318059299,3172.083136792453,3121.262045148248,3142.4375,64599000,0.0,0.0
2017-07-05 00:00:00+07:00,3142.437366953338,3163.612820908549,3100.0864590429155,3108.556640625,56981000,0.0,0.0
2017-07-06 00:00:00+07:00,3083.146012838649,3108.5565569005057,3066.2056501307443,3087.381103515625,89306500,0.0,0.0
2017-07-07 00:00:00+07:00,3108.5564974398226,3142.4372222075594,3104.321406843856,3133.967041015625,82260000,0.0,0.0
2017-07-10 00:00:00+07:00,3133.967398554901,3159.3779450296706,3091.616487763619,3100.086669921875,40506000,0.0,0.0
2017-07-11 00:00:00+07:00,3104.32177734375,3125.4972328508698,3091.616504039478,3104.32177734375,61603500,0.0,0.0
2017-07-12 00:00:00+07:00,3083.146627480495,3129.732634214404,3066.2062613954377,3121.262451171875,89196500,0.0,0.0
2017-07-13 00:00:00+07:00,3133.967041015625,3138.202131611592,3095.8512256519216,3133.967041015625,64456000,0.0,0.0
2017-07-14 00:00:00+07:00,3142.437154355257,3142.437154355257,3100.086249310037,3117.026611328125,41700000,0.0,0.0
2017-07-17 00:00:00+07:00,3091.616487763619,3117.0270342383883,3091.616487763619,3100.086669921875,61702000,0.0,0.0
2017-07-18 00:00:00+07:00,3083.1460958787466,3108.556640625,3078.9110050877043,3108.556640625,39056500,0.0,0.0
2017-07-19 00:00:00+07:00,3108.556723216551,3129.732177734375,3100.086541409421,3129.732177734375,45057500,0.0,0.0
2017-07-20 00:00:00+07:00,3129.7321611936823,3133.9672520748645,3108.556706787771,3125.4970703125,59790000,0.0,0.0
2017-07-21 00:00:00+07:00,3125.4969196084103,3129.7320102853864,3087.381103515625,3087.381103515625,25438500,0.0,0.0
2017-07-24 00:00:00+07:00,3108.557270856116,3155.1432790024605,3083.146720958109,3146.673095703125,91781000,0.0,0.0
2017-07-25 00:00:00+07:00,3159.378370652128,3163.613462301796,3117.027454155451,3146.673095703125,64479500,0.0,0.0
2017-07-26 00:00:00+07:00,3159.378010959346,3201.728922634404,3142.4376462893224,3180.553466796875,118081000,0.0,0.0
2017-07-27 00:00:00+07:00,3180.5532392136597,3193.258511807056,3167.8479666202625,3184.788330078125,63409500,0.0,0.0
2017-07-28 00:00:00+07:00,3218.6690569938496,3218.6690569938496,3167.8479666202625,3184.788330078125,84735000,0.0,0.0
2017-07-31 00:00:00+07:00,3150.908022957052,3189.0238458154035,3146.6729315283465,3167.848388671875,65311000,0.0,0.0
2017-08-01 00:00:00+07:00,3197.4936852398446,3214.434049135155,3172.083139396879,3205.9638671875,88810000,0.0,0.0
2017-08-02 00:00:00+07:00,3205.9638671875,3214.434049135155,3189.0235032921896,3205.9638671875,62681500,0.0,0.0
2017-08-03 00:00:00+07:00,3227.1394531250003,3227.1394531250003,3142.4376302083333,3176.318359375,43917500,0.0,0.0
2017-08-04 00:00:00+07:00,3176.318737250799,3176.318737250799,3142.438004053457,3146.673095703125,70007000,0.0,0.0
2017-08-07 00:00:00+07:00,3176.3177858903105,3176.3177858903105,3146.672153222001,3155.142333984375,57609000,0.0,0.0
2017-08-08 00:00:00+07:00,3167.847856702303,3227.1391267475333,3167.847856702303,3218.6689453125,58013000,0.0,0.0
2017-08-09 00:00:00+07:00,3222.9042640655875,3222.9042640655875,3176.318262876729,3214.43408203125,62335500,0.0,0.0
2017-08-10 00:00:00+07:00,3227.1392554780878,3227.1392554780878,3172.083073954183,3189.0234375,38466500,0.0,0.0
2017-08-11 00:00:00+07:00,3172.083464064592,3189.023829693775,3146.6729156208166,3163.61328125,68837000,0.0,0.0
2017-08-14 00:00:00+07:00,3163.6130859375003,3189.0236328125,3159.377994791667,3176.318359375,32254000,0.0,0.0
2017-08-15 00:00:00+07:00,3167.848372657296,3184.788738286479,3133.967641398929,3163.61328125,42814000,0.0,0.0
2017-08-16 00:00:00+07:00,3172.083364981192,3205.964095181258,3159.378091156167,3201.72900390625,54188500,0.0,0.0
2017-08-17 00:00:00+07:00,3201.72900390625,3201.72900390625,3201.72900390625,3201.72900390625,0,0.0,0.0
2017-08-18 00:00:00+07:00,3176.318571529286,3201.7291201015205,3155.1431143857576,3167.848388671875,54443500,0.0,0.0
2017-08-21 00:00:00+07:00,3184.788330078125,3189.0234209425903,3167.8479666202625,3184.788330078125,20734000,0.0,0.0
2017-08-22 00:00:00+07:00,3184.788330078125,3197.493602671522,3184.788330078125,3184.788330078125,35817000,0.0,0.0
2017-08-23 00:00:00+07:00,3201.7284404067395,3244.079345703125,3193.2582593474626,3244.079345703125,48576500,0.0,0.0
2017-08-24 00:00:00+07:00,3244.07970257359,3244.07970257359,3197.4937016227946,3210.198974609375,57641000,0.0,0.0
2017-08-25 00:00:00+07:00,3235.609130859375,3252.549492801047,3214.4336784322845,3235.609130859375,43855500,0.0,0.0
2017-08-28 00:00:00+07:00,3201.7288739965597,3235.60960282192,3197.4937828933894,3231.37451171875,28840500,0.0,0.0
2017-08-29 00:00:00+07:00,3227.13942061558,3231.37451171875,3201.7288739965597,3231.37451171875,32155000,0.0,0.0
2017-08-30 00:00:00+07:00,3252.549492801047,3252.549492801047,3205.9634974614487,3235.609130859375,42254000,0.0,0.0
2017-08-31 00:00:00+07:00,3210.198974609375,3252.549884564644,3210.198974609375,3210.198974609375,65610500,0.0,0.0
2017-09-01 00:00:00+07:00,3210.198974609375,3210.198974609375,3210.198974609375,3210.198974609375,0,0.0,0.0
2017-09-04 00:00:00+07:00,3214.433770630691,3218.668861237583,3167.847773954884,3197.493408203125,37213500,0.0,0.0
2017-09-05 00:00:00+07:00,3218.6689453125,3218.6689453125,3163.612765984786,3218.6689453125,73701500,0.0,0.0
2017-09-06 00:00:00+07:00,3218.669369006283,3222.904460281291,3184.788638806217,3201.72900390625,59771000,0.0,0.0
2017-09-07 00:00:00+07:00,3235.6095205825363,3235.6095205825363,3176.31824664516,3210.198974609375,44964000,0.0,0.0
2017-09-08 00:00:00+07:00,3172.083332901608,3222.9044276877485,3167.8482416694296,3193.2587890625,51583000,0.0,0.0
2017-09-11 00:00:00+07:00,3214.4342777312745,3222.904460281291,3201.72900390625,3201.72900390625,36496500,0.0,0.0
2017-09-12 00:00:00+07:00,3210.1990236941524,3235.609570055848,3205.96393263387,3222.904296875,52225000,0.0,0.0
2017-09-13 00:00:00+07:00,3193.2589172203084,3239.8449226439466,3193.2589172203084,3227.1396484375,29835000,0.0,0.0
2017-09-14 00:00:00+07:00,3239.844221344793,3244.079311830211,3227.1389498885387,3235.609130859375,37754000,0.0,0.0
2017-09-15 00:00:00+07:00,3218.668861237583,3222.9039518444742,3189.0232269893418,3197.493408203125,163473500,0.0,0.0
2017-09-18 00:00:00+07:00,3218.669173048419,3218.669173048419,3189.023535928236,3214.43408203125,30903500,0.0,0.0
2017-09-19 00:00:00+07:00,3193.2586917902195,3248.31487613143,3189.023600687049,3231.37451171875,59579500,0.0,0.0
2017-09-20 00:00:00+07:00,3235.6098312417976,3235.6098312417976,3214.434374231053,3227.1396484375,76382000,0.0,0.0
2017-09-21 00:00:00+07:00,3227.1396484375,3227.1396484375,3227.1396484375,3227.1396484375,0,0.0,0.0
2017-09-22 00:00:00+07:00,3235.6094007959905,3383.837580151828,3222.904128279776,3366.897216796875,125871000,0.0,0.0
2017-09-25 00:00:00+07:00,3345.722119574929,3354.192302156131,3324.546663121923,3333.016845703125,97549500,0.0,0.0
2017-09-26 00:00:00+07:00,3333.016585100091,3349.956948937957,3320.311312221692,3328.781494140625,99934500,0.0,0.0
2017-09-27 00:00:00+07:00,3354.191616396361,3354.191616396361,3328.781073847904,3345.721435546875,122173500,0.0,0.0
2017-09-28 00:00:00+07:00,3358.42724609375,3362.662337198534,3328.781608360261,3358.42724609375,101703500,0.0,0.0
2017-09-29 00:00:00+07:00,3383.8380977837323,3451.5995615691386,3358.4275488642047,3438.894287109375,188602500,0.0,0.0
2017-10-02 00:00:00+07:00,3481.244724400369,3489.714906211562,3426.188542627613,3443.12890625,52865500,0.0,0.0
2017-10-03 00:00:00+07:00,3443.1294104273843,3472.7750511075706,3421.9539527986794,3447.364501953125,48209500,0.0,0.0
2017-10-04 00:00:00+07:00,3481.244724400369,3481.244724400369,3434.6587244388065,3443.12890625,101610500,0.0,0.0
2017-10-05 00:00:00+07:00,3443.128873135982,3443.128873135982,3400.7779644873226,3434.65869140625,120569000,0.0,0.0
2017-10-06 00:00:00+07:00,3430.4237153069607,3477.0097163790306,3405.01316926765,3464.304443359375,100290500,0.0,0.0
2017-10-09 00:00:00+07:00,3438.894318901643,3455.834685004607,3430.4241358501613,3447.364501953125,65156500,0.0,0.0
2017-10-10 00:00:00+07:00,3421.9534844708587,3455.834212039877,3421.9534844708587,3451.59912109375,55606000,0.0,0.0
2017-10-11 00:00:00+07:00,3421.9534844708587,3460.0693029860045,3421.9534844708587,3451.59912109375,67298000,0.0,0.0
2017-10-12 00:00:00+07:00,3451.598917154165,3527.830549680269,3451.598917154165,3523.595458984375,103676500,0.0,0.0
2017-10-13 00:00:00+07:00,3523.5953748488514,3549.005918417473,3481.2444689011486,3502.419921875,55690000,0.0,0.0
2017-10-16 00:00:00+07:00,3523.5951636007235,3565.9460670093863,3502.4197118963925,3510.889892578125,54328000,0.0,0.0
2017-10-17 00:00:00+07:00,3515.1255686690165,3515.1255686690165,3396.54301936452,3472.774658203125,115934500,0.0,0.0
2017-10-18 00:00:00+07:00,3506.655185208462,3506.655185208462,3400.777915123666,3421.953369140625,124576000,0.0,0.0
2017-10-19 00:00:00+07:00,3421.953451722017,3447.3639971555963,3413.483269910824,3443.12890625,68639000,0.0,0.0
2017-10-20 00:00:00+07:00,3472.7750511075706,3549.006698570908,3447.364501953125,3447.364501953125,60758000,0.0,0.0
2017-10-23 00:00:00+07:00,3498.185526529948,3621.0031781877783,3498.185526529948,3557.476806640625,62843500,0.0,0.0
2017-10-24 00:00:00+07:00,3557.4765459079185,3599.827457168727,3489.715087890625,3489.715087890625,65380000,0.0,0.0
2017-10-25 00:00:00+07:00,3489.715136022862,3565.94677734375,3455.8344065469123,3565.94677734375,69421500,0.0,0.0
2017-10-26 00:00:00+07:00,3523.595442238267,3557.4761676444045,3489.71471683213,3519.3603515625,41336000,0.0,0.0
2017-10-27 00:00:00+07:00,3515.125933867957,3515.125933867957,3421.953921163024,3438.894287109375,101701000,0.0,0.0
2017-10-30 00:00:00+07:00,3443.1289719916613,3468.539517910419,3438.893881005202,3460.0693359375,55210500,0.0,0.0
2017-10-31 00:00:00+07:00,3527.830859608628,3544.771223880457,3477.0097667931373,3540.5361328125,78009000,0.0,0.0
2017-11-01 00:00:00+07:00,3557.4762900241794,3621.00265234604,3557.4762900241794,3612.532470703125,103776500,0.0,0.0
2017-11-02 00:00:00+07:00,3642.178695021464,3663.3541525506585,3625.238328998109,3637.943603515625,95839000,0.0,0.0
2017-11-03 00:00:00+07:00,3642.178651716706,3642.178651716706,3506.655725141201,3561.7119140625,70070000,0.0,0.0
2017-11-06 00:00:00+07:00,3591.3575381324404,3591.3575381324404,3557.476806640625,3557.476806640625,38234000,0.0,0.0
2017-11-07 00:00:00+07:00,3532.0660478678,3570.181868528244,3515.125683129825,3565.94677734375,49234500,0.0,0.0
2017-11-08 00:00:00+07:00,3540.5358217679536,3578.651638031006,3523.595458984375,3523.595458984375,61518000,0.0,0.0
2017-11-09 00:00:00+07:00,3549.006003159743,3565.946365943322,3519.3603682884805,3523.595458984375,51541000,0.0,0.0
2017-11-10 00:00:00+07:00,3523.595849727603,3540.5362143897546,3489.715120403299,3498.185302734375,79178500,0.0,0.0
2017-11-13 00:00:00+07:00,3477.0097328344395,3506.655370020604,3455.834277701465,3468.53955078125,56963000,0.0,0.0
2017-11-14 00:00:00+07:00,3472.7746418078445,3481.2448238610345,3460.06936872806,3468.53955078125,54986000,0.0,0.0
2017-11-15 00:00:00+07:00,3489.7153593192625,3582.8873713399225,3472.7749934973244,3561.7119140625,94253500,0.0,0.0
2017-11-16 00:00:00+07:00,3591.357554250892,3591.357554250892,3549.006639696046,3561.7119140625,61512500,0.0,0.0
2017-11-17 00:00:00+07:00,3582.886979320396,3591.3571613046047,3527.830796423037,3587.1220703125,126881500,0.0,0.0
2017-11-20 00:00:00+07:00,3587.122462795407,3604.062828617345,3561.7119140625,3561.7119140625,90902500,0.0,0.0
2017-11-21 00:00:00+07:00,3595.5919739853,3595.5919739853,3536.300704685189,3578.651611328125,63695000,0.0,0.0
2017-11-22 00:00:00+07:00,3557.4764333677685,3595.592252296709,3557.4764333677685,3587.1220703125,86719000,0.0,0.0
2017-11-23 00:00:00+07:00,3599.8277210053943,3599.8277210053943,3532.066258021763,3557.476806640625,66003500,0.0,0.0
2017-11-24 00:00:00+07:00,3536.30134945824,3565.9469895135785,3519.360983712332,3557.476806640625,60888000,0.0,0.0
2017-11-27 00:00:00+07:00,3527.830876739932,3608.297607421875,3527.830876739932,3608.297607421875,78146500,0.0,0.0
2017-11-28 00:00:00+07:00,3608.297607421875,3608.297607421875,3565.9466965366414,3608.297607421875,77432000,0.0,0.0
2017-11-29 00:00:00+07:00,3621.901039745056,3626.152097303442,3558.135176369263,3600.645751953125,103370500,16.0,0.0
2017-11-30 00:00:00+07:00,3621.9010264703625,3621.9010264703625,3460.36083984375,3460.36083984375,205897500,0.0,0.0
2017-12-01 00:00:00+07:00,3460.36083984375,3460.36083984375,3460.36083984375,3460.36083984375,0,0.0,0.0
2017-12-04 00:00:00+07:00,3541.130451495831,3596.394192035382,3511.373052743765,3536.87939453125,128402500,0.0,0.0
2017-12-05 00:00:00+07:00,3579.3905430385043,3592.1437159946986,3553.884197126116,3570.888427734375,62670500,0.0,0.0
2017-12-06 00:00:00+07:00,3596.3942922672754,3634.6538060148,3570.887949768926,3621.900634765625,106299500,0.0,0.0
2017-12-07 00:00:00+07:00,3621.9012019051697,3621.9012019051697,3549.633220177015,3566.637451171875,69664000,0.0,0.0
2017-12-08 00:00:00+07:00,3587.892497226331,3609.147784532175,3575.1393248428253,3592.1435546875,40480000,0.0,0.0
2017-12-11 00:00:00+07:00,3613.398758966304,3613.398758966304,3570.8881853314056,3583.641357421875,32973500,0.0,0.0
2017-12-12 00:00:00+07:00,3600.6459963809743,3613.399169921875,3545.3822443704044,3613.399169921875,67854000,0.0,0.0
2017-12-13 00:00:00+07:00,3600.646324531436,3600.646324531436,3558.1357421875,3558.1357421875,61131000,0.0,0.0
2017-12-14 00:00:00+07:00,3558.134690994335,3596.394203800726,3549.632577037359,3587.89208984375,75550000,0.0,0.0
2017-12-15 00:00:00+07:00,3553.8836340158477,3587.89208984375,3553.8836340158477,3587.89208984375,64630500,0.0,0.0
2017-12-18 00:00:00+07:00,3553.8836340158477,3587.89208984375,3545.3815200588715,3587.89208984375,76474000,0.0,0.0
2017-12-19 00:00:00+07:00,3562.385747972823,3613.398431714677,3562.385747972823,3587.89208984375,76553500,0.0,0.0
2017-12-20 00:00:00+07:00,3579.391033359468,3579.391033359468,3549.633625718712,3558.1357421875,102963500,0.0,0.0
2017-12-21 00:00:00+07:00,3562.385747972823,3596.394203800726,3562.385747972823,3587.89208984375,61100000,0.0,0.0
2017-12-22 00:00:00+07:00,3600.6456767237464,3685.666826115098,3566.637216967206,3655.909423828125,94573000,0.0,0.0
2017-12-25 00:00:00+07:00,3655.909423828125,3655.909423828125,3655.909423828125,3655.909423828125,0,0.0,0.0
2017-12-26 00:00:00+07:00,3655.909423828125,3655.909423828125,3655.909423828125,3655.909423828125,0,0.0,0.0
2017-12-27 00:00:00+07:00,3655.909586872097,3689.918048145325,3638.905356235482,3660.16064453125,86689000,0.0,0.0
2017-12-28 00:00:00+07:00,3655.909990334592,3740.931152900513,3651.658932206296,3728.177978515625,106501000,0.0,0.0
2017-12-29 00:00:00+07:00,3749.432613843108,3868.462220631778,3681.4156956781535,3723.92626953125,81347000,0.0,0.0
2018-01-01 00:00:00+07:00,3723.92626953125,3723.92626953125,3723.92626953125,3723.92626953125,0,0.0,0.0
2018-01-02 00:00:00+07:00,3723.92626953125,3830.2027041639913,3711.173097375321,3723.92626953125,82303500,0.0,0.0
2018-01-03 00:00:00+07:00,3728.17732691656,3732.428384301869,3626.151949669128,3723.92626953125,68214000,0.0,0.0
2018-01-04 00:00:00+07:00,3723.926677622329,3779.1904296875,3723.926677622329,3779.1904296875,76567000,0.0,0.0
2018-01-05 00:00:00+07:00,3791.94254301264,3808.946769662921,3770.687259699789,3783.4404296875,65268000,0.0,0.0
2018-01-08 00:00:00+07:00,3783.44108291387,3838.704829068792,3779.1900255173377,3800.4453125,57928000,0.0,0.0
2018-01-09 00:00:00+07:00,3825.951579408296,3834.453694029204,3817.449464787389,3830.20263671875,61213000,0.0,0.0
2018-01-10 00:00:00+07:00,3830.203124728128,3864.211587544805,3796.194661911453,3817.449951171875,47292000,0.0,0.0
2018-01-11 00:00:00+07:00,3817.4498715841823,3859.96044921875,3791.9435250034417,3859.96044921875,57569000,0.0,0.0
2018-01-12 00:00:00+07:00,3859.960364844621,3864.2114225151545,3796.194499786615,3813.19873046875,66590500,0.0,0.0
2018-01-15 00:00:00+07:00,3817.449138365545,3825.951252259455,3791.9427966838152,3821.7001953125,41875000,0.0,0.0
2018-01-16 00:00:00+07:00,3817.450194232232,3855.709717337009,3817.450194232232,3842.95654296875,50055000,0.0,0.0
2018-01-17 00:00:00+07:00,3859.959777969808,3859.959777969808,3766.4365234375,3766.4365234375,183003000,0.0,0.0
2018-01-18 00:00:00+07:00,3783.43988462936,3842.954669331395,3783.43988462936,3838.70361328125,84980500,0.0,0.0
2018-01-19 00:00:00+07:00,3847.2073561364655,3851.458413988551,3808.9478354677058,3817.449951171875,50450500,0.0,0.0
2018-01-22 00:00:00+07:00,3834.4533661533646,3838.70442310032,3813.19808141859,3821.7001953125,81367500,0.0,0.0
2018-01-23 00:00:00+07:00,3851.457763671875,3859.9598779404655,3830.2024780003967,3851.457763671875,68752000,0.0,0.0
2018-01-24 00:00:00+07:00,3847.205725381541,3847.205725381541,3825.950445130814,3838.70361328125,94254500,0.0,0.0
2018-01-25 00:00:00+07:00,3834.452557231105,3851.456781431686,3817.448333030523,3838.70361328125,53653500,0.0,0.0
2018-01-26 00:00:00+07:00,3847.20727592838,3885.4667957994902,3830.2030448745527,3859.96044921875,58121000,0.0,0.0
2018-01-29 00:00:00+07:00,3876.96484375,3881.215901692709,3834.454264322917,3876.96484375,114814500,0.0,0.0
2018-01-30 00:00:00+07:00,3859.9606119791674,3987.492350260417,3851.45849609375,3876.96484375,114055000,0.0,0.0
2018-01-31 00:00:00+07:00,3876.96484375,3893.9690755208335,3859.9606119791674,3864.211669921875,106803000,0.0,0.0
2018-02-01 00:00:00+07:00,3885.4668005305816,3983.241129209141,3885.4668005305816,3974.739013671875,138208000,0.0,0.0
2018-02-02 00:00:00+07:00,4017.250076628079,4200.045582760362,4012.999018345933,4076.764892578125,98474000,0.0,0.0
2018-02-05 00:00:00+07:00,4038.504477108226,4085.2661078957954,3995.9939036649816,4047.006591796875,49501500,0.0,0.0
2018-02-06 00:00:00+07:00,3987.492188018896,4025.751707946583,3961.9858414004384,4000.245361328125,117589500,0.0,0.0
2018-02-07 00:00:00+07:00,4021.500240504488,4076.7639858814,3991.7428391476897,3995.993896484375,121947000,0.0,0.0
2018-02-08 00:00:00+07:00,4004.4963394358183,4047.006916287579,3995.994224065467,4030.002685546875,68461000,0.0,0.0
2018-02-09 00:00:00+07:00,3978.989911270546,4034.2536600381927,3970.487796075524,4008.747314453125,71076500,0.0,0.0
2018-02-12 00:00:00+07:00,4047.006584524601,4047.006584524601,3995.993896484375,3995.993896484375,38409500,0.0,0.0
2018-02-13 00:00:00+07:00,4047.006591796875,4068.261878518497,4038.504477108226,4047.006591796875,59406000,0.0,0.0
2018-02-14 00:00:00+07:00,4034.253743232051,4059.760089343107,4004.4963394358183,4030.002685546875,75553000,0.0,0.0
2018-02-15 00:00:00+07:00,4064.011476171042,4068.262534200509,3987.492431640625,3987.492431640625,52958500,0.0,0.0
2018-02-16 00:00:00+07:00,3987.492431640625,3987.492431640625,3987.492431640625,3987.492431640625,0,0.0,0.0
2018-02-19 00:00:00+07:00,4025.752030645941,4123.5263671875,4021.5009725354384,4123.5263671875,50185500,0.0,0.0
2018-02-20 00:00:00+07:00,4098.019040428265,4115.023268811785,4059.759526565346,4085.265869140625,34830000,0.0,0.0
2018-02-21 00:00:00+07:00,4072.512697852985,4110.772211715905,4034.2531839900657,4085.265869140625,62499000,0.0,0.0
2018-02-22 00:00:00+07:00,4098.018954097476,4110.772125116452,4038.504156008924,4064.010498046875,47217000,0.0,0.0
2018-02-23 00:00:00+07:00,4085.266844192977,4161.785890182024,4072.513669861469,4123.5263671875,82233000,0.0,0.0
2018-02-26 00:00:00+07:00,4106.521805571699,4119.274978880928,3995.994303558382,4000.245361328125,85227500,0.0,0.0
2018-02-27 00:00:00+07:00,4034.2544795398753,4042.756596461983,3961.986485701964,4004.4970703125,87429500,0.0,0.0
2018-02-28 00:00:00+07:00,3978.9897413531553,3987.4918561851055,3923.725994945472,3940.730224609375,132869000,0.0,0.0
2018-03-01 00:00:00+07:00,3927.977052361448,3949.232339441326,3927.977052361448,3940.730224609375,125474500,0.0,0.0
2018-03-02 00:00:00+07:00,3923.725742294228,3932.2278565787215,3868.4619994450136,3889.71728515625,151511000,0.0,0.0
2018-03-05 00:00:00+07:00,3936.47891372097,3961.9852565744536,3889.71728515625,3889.71728515625,87744000,0.0,0.0
2018-03-06 00:00:00+07:00,3940.730547271628,3944.9816050356753,3864.2115075187808,3872.713623046875,75907000,0.0,0.0
2018-03-07 00:00:00+07:00,3927.97770542381,3936.479821669317,3830.20336860049,3842.95654296875,106152000,0.0,0.0
2018-03-08 00:00:00+07:00,3910.972905629694,3978.989825727602,3868.462330568502,3961.985595703125,102994500,0.0,0.0
2018-03-09 00:00:00+07:00,3961.985595703125,3961.985595703125,3906.721848123575,3961.985595703125,66797000,0.0,0.0
2018-03-12 00:00:00+07:00,3978.989267113095,4021.499836206184,3970.4871532944776,4017.248779296875,111180500,0.0,0.0
2018-03-13 00:00:00+07:00,4012.998779817431,4030.003011935301,3957.735025434352,3987.492431640625,80643000,0.0,0.0
2018-03-14 00:00:00+07:00,3991.742918356871,4012.9982054620727,3949.232344146468,3978.98974609375,54505500,0.0,0.0
2018-03-15 00:00:00+07:00,3978.990071440508,3983.241129209141,3953.48372482871,3974.739013671875,60774500,0.0,0.0
2018-03-16 00:00:00+07:00,4021.499247712293,4025.750303999515,3910.971784244513,3970.486572265625,193122000,0.0,0.0
2018-03-19 00:00:00+07:00,3961.9844596911807,3974.737628552848,3944.9802345422913,3970.486572265625,74200000,0.0,0.0
2018-03-20 00:00:00+07:00,3957.73486328125,3961.9859211365465,3910.973226872986,3957.73486328125,89683500,0.0,0.0
2018-03-21 00:00:00+07:00,3970.487955903242,4000.245360283673,3957.734782597343,3974.739013671875,67617500,0.0,0.0
2018-03-22 00:00:00+07:00,3991.743489670093,3995.99454769956,3970.488199522754,3987.492431640625,60791500,0.0,0.0
2018-03-23 00:00:00+07:00,3910.972756778493,4047.006591796875,3910.972756778493,4047.006591796875,62978000,0.0,0.0
2018-03-26 00:00:00+07:00,3978.990152557733,3987.492268268327,3944.98168971536,3957.73486328125,100407000,0.0,0.0
2018-03-27 00:00:00+07:00,4021.5008958763656,4042.756186023704,3983.241373611157,3987.492431640625,66088000,0.0,0.0
2018-03-28 00:00:00+07:00,3987.4918593624393,3987.4918593624393,3936.479170330084,3966.236572265625,36212500,0.0,0.0
2018-03-29 00:00:00+07:00,3936.47925066641,3966.236653209244,3881.21550308686,3961.985595703125,77650500,0.0,0.0
2018-03-30 00:00:00+07:00,3961.985595703125,3961.985595703125,3961.985595703125,3961.985595703125,0,0.0,0.0
2018-04-02 00:00:00+07:00,3987.491860935831,3991.742918356871,3927.977057041266,3978.98974609375,37162500,0.0,0.0
2018-04-03 00:00:00+07:00,3974.7386886727095,3995.993975777911,3966.236573830629,3978.98974609375,56261000,0.0,0.0
2018-04-04 00:00:00+07:00,3995.994055752079,3995.994055752079,3915.223963135813,3961.985595703125,49877000,0.0,0.0
2018-04-05 00:00:00+07:00,3995.993636456074,3995.993636456074,3919.474609375,3919.474609375,22521500,0.0,0.0
2018-04-06 00:00:00+07:00,3932.228597005209,3932.228597005209,3842.9563802083335,3864.211669921875,47941500,0.0,0.0
2018-04-09 00:00:00+07:00,3885.466796339016,3893.9689118671104,3838.7051609344985,3872.713623046875,51013000,0.0,0.0
2018-04-10 00:00:00+07:00,3889.717618099098,3987.4919407398406,3876.9644455807406,3961.985595703125,79533500,0.0,0.0
2018-04-11 00:00:00+07:00,3995.993974201165,4021.500318717343,3961.985514846262,3966.236572265625,41891500,0.0,0.0
2018-04-12 00:00:00+07:00,3966.236404583727,3966.236404583727,3919.474774947692,3936.47900390625,45957000,0.0,0.0
2018-04-13 00:00:00+07:00,3957.895668796056,3966.462542538039,3923.628173828125,3923.628173828125,70179500,35.0,0.0
2018-04-16 00:00:00+07:00,3923.628173828125,3923.628173828125,3923.628173828125,3923.628173828125,0,0.0,0.0
2018-04-17 00:00:00+07:00,3923.628173828125,3923.628173828125,3923.628173828125,3923.628173828125,0,0.0,0.0
2018-04-18 00:00:00+07:00,3910.779349475483,3936.47998046875,3893.6455954799712,3936.47998046875,43716000,0.0,0.0
2018-04-19 00:00:00+07:00,3936.47998046875,3936.47998046875,3936.47998046875,3936.47998046875,0,0.0,0.0
2018-04-20 00:00:00+07:00,3936.47998046875,3936.47998046875,3936.47998046875,3936.47998046875,0,0.0,0.0
2018-04-23 00:00:00+07:00,3975.030689538043,3975.030689538043,3927.91286886464,3940.76318359375,46236000,0.0,0.0
2018-04-24 00:00:00+07:00,3957.896663287214,3962.1801012344954,3919.345721761689,3927.91259765625,72223500,0.0,0.0
2018-04-25 00:00:00+07:00,3927.91259765625,3927.91259765625,3927.91259765625,3927.91259765625,0,0.0,0.0
2018-04-26 00:00:00+07:00,3927.91259765625,3927.91259765625,3927.91259765625,3927.91259765625,0,0.0,0.0
2018-04-27 00:00:00+07:00,3927.91259765625,3927.91259765625,3927.91259765625,3927.91259765625,0,0.0,0.0
2018-04-30 00:00:00+07:00,3683.7558604797086,3837.959594174208,3675.18898638557,3786.558349609375,90414000,0.0,0.0
2018-05-01 00:00:00+07:00,3786.558349609375,3786.558349609375,3786.558349609375,3786.558349609375,0,0.0,0.0
2018-05-02 00:00:00+07:00,3786.5581939564,3923.628173828125,3786.5581939564,3923.628173828125,82346000,0.0,0.0
2018-05-03 00:00:00+07:00,3906.495419352578,3919.345733232028,3820.8266601562495,3820.82666015625,138704500,0.0,0.0
2018-05-04 00:00:00+07:00,3820.827545269935,3825.110984222031,3769.4262778447783,3773.709716796875,74133500,0.0,0.0
2018-05-07 00:00:00+07:00,3777.992280558085,3820.8266601562495,3735.157900959921,3820.82666015625,49054500,0.0,0.0
2018-05-08 00:00:00+07:00,3769.4262778447783,3773.709716796875,3718.0250104196234,3773.709716796875,70739000,0.0,0.0
2018-05-09 00:00:00+07:00,3688.039145923598,3923.628173828125,3688.039145923598,3923.628173828125,72094000,0.0,0.0
2018-05-10 00:00:00+07:00,3923.628173828125,3923.628173828125,3923.628173828125,3923.628173828125,0,0.0,0.0
2018-05-11 00:00:00+07:00,3897.92822265625,3949.329473944024,3863.6607217977335,3897.92822265625,80000500,0.0,0.0
2018-05-14 00:00:00+07:00,3846.5277719923142,3936.47998046875,3825.1105794979258,3936.47998046875,57370500,0.0,0.0
2018-05-15 00:00:00+07:00,3885.07769280511,3889.361130173142,3769.4248838682433,3803.6923828125,130583000,0.0,0.0
2018-05-16 00:00:00+07:00,3752.2912022084497,3837.959951117319,3752.2912022084497,3833.676513671875,87185000,0.0,0.0
2018-05-17 00:00:00+07:00,3803.6930419921873,3816.543356323242,3769.425537109375,3769.425537109375,84030500,0.0,0.0
2018-05-18 00:00:00+07:00,3769.425673243088,3773.7091115081366,3718.0244140625,3718.0244140625,88681000,0.0,0.0
2018-05-21 00:00:00+07:00,3692.324009567155,3722.308079250415,3679.473693988615,3709.457763671875,82237000,0.0,0.0
2018-05-22 00:00:00+07:00,3760.858660888672,3786.559289550781,3718.024279785156,3769.425537109375,62761000,0.0,0.0
2018-05-23 00:00:00+07:00,3786.559289550781,3829.393670654297,3769.425537109375,3769.425537109375,79515500,0.0,0.0
2018-05-24 00:00:00+07:00,3820.826958127436,3876.511655947679,3816.5435198335713,3846.527587890625,77697000,0.0,0.0
2018-05-25 00:00:00+07:00,3842.243456922984,3885.077832139517,3833.676581879677,3863.66064453125,63913500,0.0,0.0
2018-05-28 00:00:00+07:00,3855.093644223537,3940.7623918729487,3837.9598946936544,3915.061767578125,64104500,0.0,0.0
2018-05-29 00:00:00+07:00,3915.061767578125,3915.061767578125,3915.061767578125,3915.061767578125,0,0.0,0.0
2018-05-30 00:00:00+07:00,3915.061953641244,3936.479141571448,3846.526952264592,3889.361328125,109761500,0.0,0.0
2018-05-31 00:00:00+07:00,3919.345391227285,3932.195703985408,3846.526952264592,3889.361328125,178023000,0.0,0.0
2018-06-01 00:00:00+07:00,3889.361328125,3889.361328125,3889.361328125,3889.361328125,0,0.0,0.0
2018-06-04 00:00:00+07:00,3932.1960356035306,3936.4794735508112,3906.495407919848,3927.91259765625,89585000,0.0,0.0
2018-06-05 00:00:00+07:00,3906.4958230198017,3927.913015031972,3837.960808580858,3893.6455078125,77233000,0.0,0.0
2018-06-06 00:00:00+07:00,3893.645130865737,3966.4635766575057,3876.5113789147326,3945.04638671875,57913500,0.0,0.0
2018-06-07 00:00:00+07:00,3966.464049960895,3966.464049960895,3923.629664972116,3936.47998046875,40681500,0.0,0.0
2018-06-08 00:00:00+07:00,3915.0617747103233,3940.7623990519664,3786.558653002107,3812.25927734375,170845000,0.0,0.0
2018-06-11 00:00:00+07:00,3812.25927734375,3812.25927734375,3812.25927734375,3812.25927734375,0,0.0,0.0
2018-06-12 00:00:00+07:00,3812.25927734375,3812.25927734375,3812.25927734375,3812.25927734375,0,0.0,0.0
2018-06-13 00:00:00+07:00,3812.25927734375,3812.25927734375,3812.25927734375,3812.25927734375,0,0.0,0.0
2018-06-14 00:00:00+07:00,3812.25927734375,3812.25927734375,3812.25927734375,3812.25927734375,0,0.0,0.0
2018-06-15 00:00:00+07:00,3812.25927734375,3812.25927734375,3812.25927734375,3812.25927734375,0,0.0,0.0
2018-06-18 00:00:00+07:00,3812.25927734375,3812.25927734375,3812.25927734375,3812.25927734375,0,0.0,0.0
2018-06-19 00:00:00+07:00,3812.25927734375,3812.25927734375,3812.25927734375,3812.25927734375,0,0.0,0.0
2018-06-20 00:00:00+07:00,3769.425099927325,3773.708537540879,3623.788221066497,3683.75634765625,253439000,0.0,0.0
2018-06-21 00:00:00+07:00,3705.1733975602097,3760.858084459959,3623.7880859375,3623.7880859375,90593500,0.0,0.0
2018-06-22 00:00:00+07:00,3666.623472242018,3756.57568359375,3615.222208612457,3756.57568359375,96509500,0.0,0.0
2018-06-25 00:00:00+07:00,3756.574571764147,3850.810193860853,3739.4408222920183,3803.6923828125,62513000,0.0,0.0
2018-06-26 00:00:00+07:00,3786.5585480628656,3820.82604623538,3662.3388671875,3662.3388671875,54763500,0.0,0.0
2018-06-27 00:00:00+07:00,3666.622539153981,3718.0237897028687,3658.0556640625,3658.0556640625,67309500,0.0,0.0
2018-06-28 00:00:00+07:00,3662.339441121905,3662.339441121905,3585.2375581509177,3589.52099609375,118098500,0.0,0.0
2018-06-29 00:00:00+07:00,3589.52071074196,3679.472900390625,3568.103522730373,3679.472900390625,119188000,0.0,0.0
2018-07-02 00:00:00+07:00,3709.456953853438,3709.456953853438,3670.906015533945,3675.189453125,59441500,0.0,0.0
2018-07-03 00:00:00+07:00,3700.889733768204,3705.173170960066,3529.55224609375,3529.55224609375,73038000,0.0,0.0
2018-07-04 00:00:00+07:00,3593.804294114399,3666.622736307421,3546.6864785777384,3636.638671875,61994500,0.0,0.0
2018-07-05 00:00:00+07:00,3606.65460744258,3649.48898520318,3598.0877318904595,3636.638671875,34144000,0.0,0.0
2018-07-06 00:00:00+07:00,3593.8046694155096,3606.654984085648,3585.23779296875,3585.23779296875,37609000,0.0,0.0
2018-07-09 00:00:00+07:00,3632.355245790525,3769.4252550656392,3610.938056841289,3752.29150390625,80049500,0.0,0.0
2018-07-10 00:00:00+07:00,3743.7246283265554,3769.4252550656392,3666.622748109304,3752.29150390625,116639500,0.0,0.0
2018-07-11 00:00:00+07:00,3683.7566544040455,3846.527297273061,3683.7566544040455,3825.110107421875,95570000,0.0,0.0
2018-07-12 00:00:00+07:00,3803.6921485658554,3923.6283874845976,3799.4087114616136,3910.778076171875,79008000,0.0,0.0
2018-07-13 00:00:00+07:00,3940.762948730999,3953.613262694252,3906.4954448289914,3945.04638671875,73936000,0.0,0.0
2018-07-16 00:00:00+07:00,3949.329618348817,3962.179931640625,3923.6289917652025,3962.179931640625,71571000,0.0,0.0
2018-07-17 00:00:00+07:00,3927.913015031972,3940.7633302392737,3859.378000593028,3893.6455078125,30322000,0.0,0.0
2018-07-18 00:00:00+07:00,3932.195895490975,3975.0302734375,3932.195895490975,3975.0302734375,80090500,0.0,0.0
2018-07-19 00:00:00+07:00,3957.89652225889,3975.0302734375,3949.3296466695847,3975.0302734375,76925500,0.0,0.0
2018-07-20 00:00:00+07:00,3966.463115213237,3966.463115213237,3927.912177808357,3957.896240234375,57104000,0.0,0.0
2018-07-23 00:00:00+07:00,3975.0296021814775,4026.430847037273,3957.895853896213,4000.730224609375,70157500,0.0,0.0
2018-07-24 00:00:00+07:00,4026.4316499651295,4030.7150878906255,3992.164146561172,4030.715087890625,88291000,0.0,0.0
2018-07-25 00:00:00+07:00,4030.714619285608,4039.281494140625,4013.5808695755736,4039.281494140625,50131500,0.0,0.0
2018-07-26 00:00:00+07:00,3979.313758383993,4047.84876391052,3979.313758383993,3996.447509765625,54317500,0.0,0.0
2018-07-27 00:00:00+07:00,3992.163789188644,4000.730664272739,3962.179726394309,3979.3134765625,46642500,0.0,0.0
2018-07-30 00:00:00+07:00,4009.29804981203,4009.29804981203,3940.763040413534,3987.880859375,40096500,0.0,0.0
2018-07-31 00:00:00+07:00,3975.030545112782,3992.164297462406,3880.7949071898497,3987.880859375,66803000,0.0,0.0
2018-08-01 00:00:00+07:00,4009.2976362819486,4022.14794921875,3983.597010408346,4022.14794921875,56594000,0.0,0.0
2018-08-02 00:00:00+07:00,4043.565864872068,4094.967125866204,4017.865234375,4017.865234375,79333000,0.0,0.0
2018-08-03 00:00:00+07:00,4017.865234375,4052.132741704424,4000.731480710288,4017.865234375,41404000,0.0,0.0
2018-08-06 00:00:00+07:00,4009.297279165573,4077.832275390625,4009.297279165573,4077.832275390625,63000500,0.0,0.0
2018-08-07 00:00:00+07:00,4060.6985263343618,4090.6825871828223,4060.6985263343618,4077.832275390625,114379000,0.0,0.0
2018-08-08 00:00:00+07:00,4094.966562173459,4103.533437826542,4034.9984326018807,4099.25,64702500,0.0,0.0
2018-08-09 00:00:00+07:00,4112.100136151453,4129.23388671875,4094.9663855841545,4129.23388671875,65947500,0.0,0.0
2018-08-10 00:00:00+07:00,4112.099803664922,4124.950115551374,4060.69855611911,4090.6826171875,80348000,0.0,0.0
2018-08-13 00:00:00+07:00,4030.715012528889,4034.9984503742967,3949.329693466137,3996.447509765625,80184000,0.0,0.0
2018-08-14 00:00:00+07:00,4017.864764793883,4094.966647273936,3945.046320229388,4026.431640625,85527500,0.0,0.0
2018-08-15 00:00:00+07:00,4043.565864872068,4043.565864872068,3992.1646038779313,4017.865234375,57330500,0.0,0.0
2018-08-16 00:00:00+07:00,4017.864717893549,4022.148155759108,3975.030339237968,4005.014404296875,52903500,0.0,0.0
2018-08-17 00:00:00+07:00,4005.014404296875,4005.014404296875,4005.014404296875,4005.014404296875,0,0.0,0.0
2018-08-20 00:00:00+07:00,4026.431067558512,4094.966064453125,4013.580755640772,4094.966064453125,96832000,0.0,0.0
2018-08-21 00:00:00+07:00,4086.399179892016,4107.816366369437,4086.399179892016,4090.6826171875,67938000,0.0,0.0
2018-08-22 00:00:00+07:00,4090.6826171875,4090.6826171875,4090.6826171875,4090.6826171875,0,0.0,0.0
2018-08-23 00:00:00+07:00,4077.832575661241,4223.469453363428,4073.549138081765,4210.619140625,145868000,0.0,0.0
2018-08-24 00:00:00+07:00,4214.903247289381,4364.823586369796,4210.619809029941,4296.28857421875,103975000,0.0,0.0
2018-08-27 00:00:00+07:00,4300.571902986251,4343.406284490098,4227.753454429711,4244.88720703125,91285000,0.0,0.0
2018-08-28 00:00:00+07:00,4300.570994822948,4300.570994822948,4206.335375414477,4279.15380859375,63353500,0.0,0.0
2018-08-29 00:00:00+07:00,4197.768672820061,4249.169921875,4193.485235398815,4249.169921875,87695500,0.0,0.0
2018-08-30 00:00:00+07:00,4279.154821180988,4309.138888997071,4270.587944662108,4296.28857421875,96273500,0.0,0.0
2018-08-31 00:00:00+07:00,4283.437421244959,4292.004296087449,4249.169921875,4249.169921875,111563000,0.0,0.0
2018-09-03 00:00:00+07:00,4292.005026685481,4296.288464835867,4214.903139978557,4244.88720703125,38489500,0.0,0.0
2018-09-04 00:00:00+07:00,4253.453339547822,4266.303651751894,4197.768653330177,4240.60302734375,42271500,0.0,0.0
2018-09-05 00:00:00+07:00,4197.768849690756,4197.768849690756,4052.131971232097,4112.10009765625,95608500,0.0,0.0
2018-09-06 00:00:00+07:00,4116.383798452524,4317.7053786057695,4043.565354567308,4232.03662109375,95265000,0.0,0.0
2018-09-07 00:00:00+07:00,4253.452891175176,4257.736328125,4176.351026078345,4257.736328125,72551500,0.0,0.0
2018-09-10 00:00:00+07:00,4214.902402935606,4240.60302734375,4137.800529711174,4240.60302734375,66696500,0.0,0.0
2018-09-11 00:00:00+07:00,4240.60302734375,4240.60302734375,4240.60302734375,4240.60302734375,0,0.0,0.0
2018-09-12 00:00:00+07:00,4240.602932854177,4253.4532447719175,4082.115752535385,4094.966064453125,87900500,0.0,0.0
2018-09-13 00:00:00+07:00,4146.367598470052,4176.351661682129,4094.966347249349,4112.10009765625,94051000,0.0,0.0
2018-09-14 00:00:00+07:00,4094.9665809925705,4146.367835147289,4060.699078222758,4107.81689453125,72473500,0.0,0.0
2018-09-17 00:00:00+07:00,4069.265935214211,4107.816875653082,4069.265935214211,4099.25,39478000,0.0,0.0
2018-09-18 00:00:00+07:00,4060.6988464355472,4154.934473673503,4060.6988464355472,4112.10009765625,75119500,0.0,0.0
2018-09-19 00:00:00+07:00,4124.950410461426,4150.6510360717775,4082.116034444173,4112.10009765625,111558500,0.0,0.0
2018-09-20 00:00:00+07:00,4146.367578940501,4150.651016522051,4094.9663279618994,4103.533203125,60786000,0.0,0.0
2018-09-21 00:00:00+07:00,4094.9662303039295,4137.800605097904,4060.69873046875,4060.69873046875,152052000,0.0,0.0
2018-09-24 00:00:00+07:00,4094.966562173459,4124.950626959248,4077.8328108672936,4099.25,59902000,0.0,0.0
2018-09-25 00:00:00+07:00,4112.100313479624,4112.100313479624,4082.116248693834,4099.25,42771000,0.0,0.0
2018-09-26 00:00:00+07:00,4077.831712454804,4163.500445909736,4077.831712454804,4146.36669921875,71715500,0.0,0.0
2018-09-27 00:00:00+07:00,4094.966347249349,4133.517285664877,4086.3994720458986,4112.10009765625,71001000,0.0,0.0
2018-09-28 00:00:00+07:00,4094.966404632505,4137.80078125,4094.966404632505,4137.80078125,96975000,0.0,0.0
2018-10-01 00:00:00+07:00,4112.1000782881,4146.367578940501,4103.533203125,4103.533203125,36388000,0.0,0.0
2018-10-02 00:00:00+07:00,4124.95039103275,4146.367578940501,4069.265702472599,4103.533203125,50639500,0.0,0.0
2018-10-03 00:00:00+07:00,4069.265935214211,4107.816875653082,4064.98249738767,4099.25,33524500,0.0,0.0
2018-10-04 00:00:00+07:00,4099.249875602075,4099.249875602075,4026.431434760659,4043.565185546875,67869500,0.0,0.0
2018-10-05 00:00:00+07:00,4034.9983445041353,4034.9983445041353,3936.4792766446926,3949.32958984375,98249500,0.0,0.0
2018-10-08 00:00:00+07:00,3953.613658132329,4103.5340026985605,3953.613658132329,4017.865234375,57250000,0.0,0.0
2018-10-09 00:00:00+07:00,4026.43125,4069.265625,4009.2975,4069.265625,36940000,0.0,0.0
2018-10-10 00:00:00+07:00,4094.966599473597,4133.51754026362,3983.597214969084,4005.014404296875,59394500,0.0,0.0
2018-10-11 00:00:00+07:00,3940.7633302392737,3992.164591068482,3850.81112378816,3893.6455078125,102336000,0.0,0.0
2018-10-12 00:00:00+07:00,3940.762789818548,4022.148108303932,3940.762789818548,3983.59716796875,82574500,0.0,0.0
2018-10-15 00:00:00+07:00,4026.431288489256,4086.3994140625,4022.14785094831,4086.3994140625,65950000,0.0,0.0
2018-10-16 00:00:00+07:00,4086.399510300506,4129.23388671875,4026.431383314964,4129.23388671875,47449000,0.0,0.0
2018-10-17 00:00:00+07:00,4137.80097839165,4142.08441625748,4073.549410404202,4116.3837890625,38359000,0.0,0.0
2018-10-18 00:00:00+07:00,4077.832687119306,4090.683000208968,4043.565185546875,4043.565185546875,29360500,0.0,0.0
2018-10-19 00:00:00+07:00,3992.1640907002006,4052.1322208180154,3979.3137771035263,4005.014404296875,45219500,0.0,0.0
2018-10-22 00:00:00+07:00,4005.01407236054,4043.5650099554537,3966.463134765625,3966.463134765625,63484000,0.0,0.0
2018-10-23 00:00:00+07:00,4009.297679227941,4013.581116919424,3919.3454877068016,3932.19580078125,62162500,0.0,0.0
2018-10-24 00:00:00+07:00,3940.762311585955,3966.462935357168,3880.794189453125,3880.794189453125,59493500,0.0,0.0
2018-10-25 00:00:00+07:00,3799.408504569374,3970.7459794090314,3799.408504569374,3923.628173828125,87732500,0.0,0.0
2018-10-26 00:00:00+07:00,3957.896431615797,4043.565185546875,3940.762680829581,4043.565185546875,83994000,0.0,0.0
2018-10-29 00:00:00+07:00,3992.163995988176,4034.9983736275335,3962.179931640625,3962.179931640625,34553000,0.0,0.0
2018-10-30 00:00:00+07:00,3962.1800718916224,4052.132268118351,3957.896633976064,4026.431640625,68882500,0.0,0.0
2018-10-31 00:00:00+07:00,4069.266076118195,4090.683265992501,4026.4316963695824,4052.13232421875,128908500,0.0,0.0
2018-11-01 00:00:00+07:00,4086.399149918757,4120.666648031282,4064.981963598428,4077.832275390625,117906500,0.0,0.0
2018-11-02 00:00:00+07:00,4112.10009765625,4142.084160868327,4077.832596842448,4112.10009765625,114054500,0.0,0.0
2018-11-05 00:00:00+07:00,4112.099922440538,4154.934296632627,4103.53304760212,4142.083984375,76754500,0.0,0.0
2018-11-06 00:00:00+07:00,4163.501502865651,4236.319944788198,4154.934627345351,4180.63525390625,94410500,0.0,0.0
2018-11-07 00:00:00+07:00,4214.902639555239,4214.902639555239,4094.9663855841545,4129.23388671875,83875500,0.0,0.0
2018-11-08 00:00:00+07:00,4180.635099283854,4197.768849690756,4094.966347249349,4112.10009765625,99739000,0.0,0.0
2018-11-09 00:00:00+07:00,4112.10009765625,4120.666972859701,4099.249784851075,4112.10009765625,62938500,0.0,0.0
2018-11-12 00:00:00+07:00,4137.800605097904,4142.084042577301,4060.69873046875,4060.69873046875,65125000,0.0,0.0
2018-11-13 00:00:00+07:00,4060.6986346378494,4129.23363269081,4000.730511341511,4124.9501953125,61231500,0.0,0.0
2018-11-14 00:00:00+07:00,4124.951896175773,4154.935970187436,4094.967822164112,4120.66845703125,68511500,0.0,0.0
2018-11-15 00:00:00+07:00,4159.217734051836,4172.068046309462,4103.53304760212,4142.083984375,87085500,0.0,0.0
2018-11-16 00:00:00+07:00,4172.068297417863,4266.303926312312,4163.501422063822,4253.45361328125,134145500,0.0,0.0
2018-11-19 00:00:00+07:00,4283.438025242779,4351.973033646664,4266.304273141808,4300.57177734375,103822500,0.0,0.0
2018-11-20 00:00:00+07:00,4300.57177734375,4300.57177734375,4300.57177734375,4300.57177734375,0,0.0,0.0
2018-11-21 00:00:00+07:00,4283.437421244959,4292.004296087449,4244.886484453755,4249.169921875,107889000,0.0,0.0
2018-11-22 00:00:00+07:00,4232.036768939865,4317.705529444721,4232.036768939865,4300.57177734375,87270000,0.0,0.0
2018-11-23 00:00:00+07:00,4334.839281545692,4360.539909697149,4262.020835116565,4300.57177734375,57460000,0.0,0.0
2018-11-26 00:00:00+07:00,4249.169366328048,4351.9718509972745,4249.169366328048,4321.98779296875,64336500,0.0,0.0
2018-11-27 00:00:00+07:00,4317.705193014706,4369.1064453125,4283.437691482844,4369.1064453125,73989000,0.0,0.0
2018-11-28 00:00:00+07:00,4390.524106128745,4390.524106128745,4351.9731627578585,4360.5400390625,90687500,0.0,0.0
2018-11-29 00:00:00+07:00,4369.106230990577,4489.04248046875,4369.106230990577,4489.04248046875,113847500,0.0,0.0
2018-11-30 00:00:00+07:00,4489.042912517994,4489.042912517994,4416.224468326385,4463.34228515625,178034500,0.0,0.0
2018-12-03 00:00:00+07:00,4482.251066932383,4636.959636836089,4383.409480605014,4434.97900390625,100923000,17.0,0.0
2018-12-04 00:00:00+07:00,4434.978918177481,4551.010343362357,4430.681457985449,4503.73828125,119232500,0.0,0.0
2018-12-05 00:00:00+07:00,4400.5984703632885,4495.142578125,4396.301010919575,4495.142578125,74994000,0.0,0.0
2018-12-06 00:00:00+07:00,4443.57393747772,4520.92822265625,4400.59933460076,4520.92822265625,75450000,0.0,0.0
2018-12-07 00:00:00+07:00,4460.763671875,4477.953512614403,4434.978910765896,4460.763671875,71070000,0.0,0.0
2018-12-10 00:00:00+07:00,4400.598938223938,4473.655756534296,4400.598938223938,4452.16845703125,81221000,0.0,0.0
2018-12-11 00:00:00+07:00,4409.194242255632,4469.3586861070735,4404.896781980529,4434.97900390625,93017000,0.0,0.0
2018-12-12 00:00:00+07:00,4460.763177448875,4460.763177448875,4409.193660946576,4439.27587890625,121623000,0.0,0.0
2018-12-13 00:00:00+07:00,4469.358096865924,4473.655556574449,4422.08604007215,4439.27587890625,84280500,0.0,0.0
2018-12-14 00:00:00+07:00,4434.978419197725,4452.168258031825,4417.788580363625,4439.27587890625,184435000,0.0,0.0
2018-12-17 00:00:00+07:00,4456.46571774035,4469.358096865924,4426.383499780675,4439.27587890625,101438500,0.0,0.0
2018-12-18 00:00:00+07:00,4383.409369601432,4396.30175010026,4280.27032561081,4353.3271484375,132039000,0.0,0.0
2018-12-19 00:00:00+07:00,4331.839119263862,4495.142578125,4331.839119263862,4495.142578125,102220500,0.0,0.0
2018-12-20 00:00:00+07:00,4400.598729227761,4443.573326192876,4357.624132262647,4396.30126953125,94455000,0.0,0.0
2018-12-21 00:00:00+07:00,4331.839768193907,4447.871190556244,4331.839768193907,4443.57373046875,89979500,0.0,0.0
2018-12-24 00:00:00+07:00,4443.57373046875,4443.57373046875,4443.57373046875,4443.57373046875,0,0.0,0.0
2018-12-25 00:00:00+07:00,4443.57373046875,4443.57373046875,4443.57373046875,4443.57373046875,0,0.0,0.0
2018-12-26 00:00:00+07:00,4443.573643092105,4490.845703125,4417.788883074163,4490.845703125,66511500,0.0,0.0
2018-12-27 00:00:00+07:00,4503.737683469682,4516.630062334577,4452.1681680101065,4465.060546875,50265500,0.0,0.0
2018-12-28 00:00:00+07:00,4465.060450627253,4503.737586388221,4452.168072040265,4469.35791015625,54467500,0.0,0.0
2018-12-31 00:00:00+07:00,4469.35791015625,4469.35791015625,4469.35791015625,4469.35791015625,0,0.0,0.0
2019-01-01 00:00:00+07:00,4469.35791015625,4469.35791015625,4469.35791015625,4469.35791015625,0,0.0,0.0
2019-01-02 00:00:00+07:00,4469.358599713741,4508.035741442032,4469.358599713741,4503.73828125,35956000,0.0,0.0
2019-01-03 00:00:00+07:00,4469.358296633687,4486.548136236124,4396.301478323328,4452.16845703125,72358000,0.0,0.0
2019-01-04 00:00:00+07:00,4447.871487752162,4473.65625,4404.896884005763,4473.65625,51465000,0.0,0.0
2019-01-07 00:00:00+07:00,4525.225484929844,4576.795006125625,4508.03564453125,4508.03564453125,73438000,0.0,0.0
2019-01-08 00:00:00+07:00,4495.143360865935,4572.49764432252,4473.656059905773,4503.73828125,66247500,0.0,0.0
2019-01-09 00:00:00+07:00,4555.308002794957,4572.497844314938,4490.846097095028,4516.630859375,84871000,0.0,0.0
2019-01-10 00:00:00+07:00,4555.308002794957,4555.308002794957,4460.763874435062,4516.630859375,114314500,0.0,0.0
2019-01-11 00:00:00+07:00,4538.117767857143,4555.307607886904,4499.440627790179,4512.3330078125,84826500,0.0,0.0
2019-01-14 00:00:00+07:00,4486.547748272235,4499.440126859225,4426.383314866286,4469.35791015625,87547500,0.0,0.0
2019-01-15 00:00:00+07:00,4495.143460930073,4520.92822265625,4460.763778628505,4520.92822265625,87763000,0.0,0.0
2019-01-16 00:00:00+07:00,4520.927739918401,4542.4150390625,4508.035360431942,4542.4150390625,94972500,0.0,0.0
2019-01-17 00:00:00+07:00,4546.71309033478,4581.0927734375,4542.41562994694,4581.0927734375,91654000,0.0,0.0
2019-01-18 00:00:00+07:00,4589.686358726958,4662.7431640625,4568.199063040034,4662.7431640625,100873500,0.0,0.0
2019-01-21 00:00:00+07:00,4662.744257301764,4813.155362376015,4632.6620362869135,4765.88330078125,87118000,0.0,0.0
2019-01-22 00:00:00+07:00,4813.1552734375,4830.345113699776,4684.231471470424,4813.1552734375,91907000,0.0,0.0
2019-01-23 00:00:00+07:00,4813.155255681819,4813.155255681819,4705.718754438921,4727.2060546875,98512500,0.0,0.0
2019-01-24 00:00:00+07:00,4667.041412688874,4714.313471196771,4602.579514723558,4692.826171875,106781000,0.0,0.0
2019-01-25 00:00:00+07:00,4641.256853693182,4744.395894886364,4641.256853693182,4727.2060546875,68944000,0.0,0.0
2019-01-28 00:00:00+07:00,4740.098531957319,4740.098531957319,4705.718850855181,4722.90869140625,69704000,0.0,0.0
2019-01-29 00:00:00+07:00,4679.934672992582,4770.181347127425,4675.637212319494,4761.58642578125,77679000,0.0,0.0
2019-01-30 00:00:00+07:00,4778.774693585824,4778.774693585824,4722.907723247141,4744.39501953125,76285000,0.0,0.0
2019-01-31 00:00:00+07:00,4744.396205357143,4847.535253299689,4744.396205357143,4843.23779296875,135904500,0.0,0.0
2019-02-01 00:00:00+07:00,4881.914935947205,4942.079380580357,4778.775888004659,4843.23779296875,57719500,0.0,0.0
2019-02-04 00:00:00+07:00,4843.23747602983,4843.23747602983,4727.2060546875,4727.2060546875,113846500,0.0,0.0
2019-02-05 00:00:00+07:00,4727.2060546875,4727.2060546875,4727.2060546875,4727.2060546875,0,0.0,0.0
2019-02-06 00:00:00+07:00,4727.206351978884,4761.586034538731,4722.908891658904,4757.28857421875,121996500,0.0,0.0
2019-02-07 00:00:00+07:00,4757.288182622486,4757.288182622486,4731.503422825073,4752.99072265625,63697500,0.0,0.0
2019-02-08 00:00:00+07:00,4752.989938044893,4757.287397301716,4727.205182503963,4744.39501953125,65268500,0.0,0.0
2019-02-11 00:00:00+07:00,4744.395992095087,4752.990912370621,4692.826470441879,4722.90869140625,37639000,0.0,0.0
2019-02-12 00:00:00+07:00,4752.990609975961,4752.990609975961,4684.231252146291,4692.826171875,95883500,0.0,0.0
2019-02-13 00:00:00+07:00,4692.825474587754,4718.610229942631,4649.850882329624,4658.44580078125,103115500,0.0,0.0
2019-02-14 00:00:00+07:00,4645.554194227027,4645.554194227027,4624.06689453125,4624.06689453125,108738500,0.0,0.0
2019-02-15 00:00:00+07:00,4606.8779296875,4649.852537240555,4585.390625910973,4606.8779296875,81340000,0.0,0.0
2019-02-18 00:00:00+07:00,4649.851673878023,4727.205953110743,4649.851673878023,4710.01611328125,62991000,0.0,0.0
2019-02-19 00:00:00+07:00,4658.446574044494,4710.016093314359,4624.06689453125,4624.06689453125,64469000,0.0,0.0
2019-02-20 00:00:00+07:00,4684.2314541903415,4808.857795632102,4675.63653409091,4727.2060546875,89583000,0.0,0.0
2019-02-21 00:00:00+07:00,4761.58514631585,4778.774984389192,4701.420713059151,4731.5029296875,54561500,0.0,0.0
2019-02-22 00:00:00+07:00,4705.718460499915,4748.6930583127,4692.826081156079,4718.61083984375,48271500,0.0,0.0
2019-02-25 00:00:00+07:00,4718.61083984375,4727.205759406307,4688.528621374801,4718.61083984375,47887000,0.0,0.0
2019-02-26 00:00:00+07:00,4727.205484220297,4774.4775390625,4722.908024689188,4774.4775390625,98446000,0.0,0.0
2019-02-27 00:00:00+07:00,4783.07275390625,4787.370213703111,4765.882914718806,4783.07275390625,78519500,0.0,0.0
2019-02-28 00:00:00+07:00,4787.370695333749,4795.965615792157,4735.801172583296,4740.0986328125,99366000,0.0,0.0
2019-03-01 00:00:00+07:00,4783.0737291466885,4813.155953858303,4757.288965108162,4761.58642578125,72589500,0.0,0.0
2019-03-04 00:00:00+07:00,4744.396193258808,4761.586034538731,4740.098732938827,4757.28857421875,63910500,0.0,0.0
2019-03-05 00:00:00+07:00,4727.206151544017,4731.503611681785,4675.63662989081,4722.90869140625,46499500,0.0,0.0
2019-03-06 00:00:00+07:00,4774.47781700037,4774.47781700037,4718.61083984375,4718.61083984375,37777000,0.0,0.0
2019-03-07 00:00:00+07:00,4718.61083984375,4718.61083984375,4718.61083984375,4718.61083984375,0,0.0,0.0
2019-03-08 00:00:00+07:00,4765.883383358226,4787.370684455423,4675.63671875,4675.63671875,61126000,0.0,0.0
2019-03-11 00:00:00+07:00,4752.990227279178,4752.990227279178,4692.825794022479,4731.5029296875,32469000,0.0,0.0
2019-03-12 00:00:00+07:00,4761.585735085228,4761.585735085228,4684.2314541903415,4727.2060546875,40178500,0.0,0.0
2019-03-13 00:00:00+07:00,4684.2314541903415,4731.503514737216,4684.2314541903415,4727.2060546875,17722000,0.0,0.0
2019-03-14 00:00:00+07:00,4684.231353537009,4722.908493153371,4684.231353537009,4710.01611328125,41096000,0.0,0.0
2019-03-15 00:00:00+07:00,4744.396583088899,4765.883886454338,4714.314358377284,4761.58642578125,41759500,0.0,0.0
2019-03-18 00:00:00+07:00,4774.478612841357,4778.776073338964,4757.288770850929,4770.18115234375,42791000,0.0,0.0
2019-03-19 00:00:00+07:00,4761.585437656535,4765.882897437813,4714.313380062472,4718.61083984375,51527000,0.0,0.0
2019-03-20 00:00:00+07:00,4761.585828596321,4774.4782089986575,4697.123926584638,4701.42138671875,42388500,0.0,0.0
2019-03-21 00:00:00+07:00,4718.611619755993,4744.39638270548,4697.1243172980885,4705.71923828125,39866000,0.0,0.0
2019-03-22 00:00:00+07:00,4697.123637085518,4727.205856170237,4697.123637085518,4714.3134765625,29601000,0.0,0.0
2019-03-25 00:00:00+07:00,4675.636915673694,4727.206440478919,4675.636915673694,4688.529296875,23054500,0.0,0.0
2019-03-26 00:00:00+07:00,4710.016306986975,4735.801067791648,4688.529006316414,4701.42138671875,19895500,0.0,0.0
2019-03-27 00:00:00+07:00,4735.800775908729,4735.800775908729,4692.826177216271,4714.3134765625,17804500,0.0,0.0
2019-03-28 00:00:00+07:00,4692.826466450526,4714.313767121087,4662.744245511741,4701.42138671875,32187500,0.0,0.0
2019-03-29 00:00:00+07:00,4740.098241124093,4752.99062074637,4692.826182509075,4735.80078125,36234000,0.0,0.0
2019-04-01 00:00:00+07:00,4770.180655184659,4770.180655184659,4710.016214488636,4727.2060546875,21786000,0.0,0.0
2019-04-02 00:00:00+07:00,4752.990814985796,4787.370495383523,4710.016214488636,4727.2060546875,36853000,0.0,0.0
2019-04-03 00:00:00+07:00,4727.2060546875,4727.2060546875,4727.2060546875,4727.2060546875,0,0.0,0.0
2019-04-04 00:00:00+07:00,4761.58642578125,4778.776268473601,4718.611819050372,4761.58642578125,48112000,0.0,0.0
2019-04-05 00:00:00+07:00,4778.775482453662,4778.775482453662,4748.693262690014,4752.99072265625,21913500,0.0,0.0
2019-04-08 00:00:00+07:00,4731.503413068117,4761.585632769731,4684.231353537009,4710.01611328125,39910000,0.0,0.0
2019-04-09 00:00:00+07:00,4757.28857421875,4770.180955178693,4740.098732938827,4757.28857421875,29447000,0.0,0.0
2019-04-10 00:00:00+07:00,4770.180169152997,4774.477628764847,4740.097951870051,4748.69287109375,19508500,0.0,0.0
2019-04-11 00:00:00+07:00,4778.7754725992245,4778.7754725992245,4710.01611328125,4710.01611328125,25356000,0.0,0.0
2019-04-12 00:00:00+07:00,4692.826374289773,4735.800974786932,4692.826374289773,4727.2060546875,18577000,0.0,0.0
2019-04-15 00:00:00+07:00,4778.774984389192,4787.369903425863,4718.610551132493,4731.5029296875,68152000,0.0,0.0
2019-04-16 00:00:00+07:00,4722.90869140625,4731.503611681785,4705.718850855181,4722.90869140625,71017000,0.0,0.0
2019-04-17 00:00:00+07:00,4722.90869140625,4722.90869140625,4722.90869140625,4722.90869140625,0,0.0,0.0
2019-04-18 00:00:00+07:00,4813.154791666667,4989.35063671875,4795.964953125,4834.64208984375,129332500,0.0,0.0
2019-04-19 00:00:00+07:00,4834.64208984375,4834.64208984375,4834.64208984375,4834.64208984375,0,0.0,0.0
2019-04-22 00:00:00+07:00,4834.64208984375,4881.914145833333,4800.262412760417,4834.64208984375,62837500,0.0,0.0
2019-04-23 00:00:00+07:00,4881.915033858792,4907.699796361568,4808.858206767595,4838.9404296875,48654000,0.0,0.0
2019-04-24 00:00:00+07:00,4891.848783720027,4891.848783720027,4857.154820714921,4883.17529296875,46975000,51.0,0.0
2019-04-25 00:00:00+07:00,4800.776445731401,4874.501106596291,4792.102956217884,4852.8173828125,61482500,0.0,0.0
2019-04-26 00:00:00+07:00,4844.143278834658,4896.18420931453,4831.133046214691,4874.50048828125,66204500,0.0,0.0
2019-04-29 00:00:00+07:00,4865.827251504783,4939.551906830612,4852.817018211989,4930.87841796875,65480500,0.0,0.0
2019-04-30 00:00:00+07:00,4917.868914741848,4995.9303260869565,4917.868914741848,4987.2568359375,107607500,0.0,0.0
2019-05-01 00:00:00+07:00,4987.2568359375,4987.2568359375,4987.2568359375,4987.2568359375,0,0.0,0.0
2019-05-02 00:00:00+07:00,5030.623539880167,5039.297028742029,4922.204929106888,4930.87841796875,80879500,0.0,0.0
2019-05-03 00:00:00+07:00,4926.542800110132,4987.257236026982,4870.165109615914,4922.2060546875,58244500,0.0,0.0
2019-05-06 00:00:00+07:00,4857.153511454627,4909.194441934497,4852.81676724797,4874.50048828125,36649500,0.0,0.0
2019-05-07 00:00:00+07:00,4922.20554742712,4952.562762257067,4900.521822548587,4909.1953125,59177000,0.0,0.0
2019-05-08 00:00:00+07:00,4857.154262609649,4943.88916015625,4852.817517732319,4943.88916015625,59062000,0.0,0.0
2019-05-09 00:00:00+07:00,4943.889728227687,4943.889728227687,4878.838547593112,4883.17529296875,126636500,0.0,0.0
2019-05-10 00:00:00+07:00,4865.828125,4926.542557932264,4857.154634581105,4865.828125,76130500,0.0,0.0
2019-05-13 00:00:00+07:00,4926.542557932264,4939.552793560606,4857.154634581105,4865.828125,63720500,0.0,0.0
2019-05-14 00:00:00+07:00,4822.460201745906,4883.174628746303,4766.08251953125,4766.08251953125,114800500,0.0,0.0
2019-05-15 00:00:00+07:00,4818.123244959793,4818.123244959793,4722.71486387148,4735.72509765625,72065000,0.0,0.0
2019-05-16 00:00:00+07:00,4735.7253528941765,4753.072332208807,4579.6025390625,4579.6025390625,87939000,0.0,0.0
2019-05-17 00:00:00+07:00,4579.602572997104,4605.62304216186,4492.86767578125,4492.86767578125,74207000,0.0,0.0
2019-05-20 00:00:00+07:00,4492.867610435061,4675.010891939184,4458.173652053322,4666.33740234375,54764500,0.0,0.0
2019-05-21 00:00:00+07:00,4744.398586846097,4766.082309820713,4683.68416251717,4735.72509765625,97371000,0.0,0.0
2019-05-22 00:00:00+07:00,4796.439521985176,4796.439521985176,4683.68416251717,4735.72509765625,38519000,0.0,0.0
2019-05-23 00:00:00+07:00,4718.378150089206,4861.49072265625,4631.643257624331,4861.49072265625,54926000,0.0,0.0
2019-05-24 00:00:00+07:00,4865.828125,4883.1751058377895,4861.491379790552,4865.828125,37402000,0.0,0.0
2019-05-27 00:00:00+07:00,4800.776085040815,4943.888651261544,4796.439340609883,4930.87841796875,68564000,0.0,0.0
2019-05-28 00:00:00+07:00,4904.858179626199,5004.603306179163,4904.858179626199,4974.24609375,209923000,0.0,0.0
2019-05-29 00:00:00+07:00,5030.624931946864,5113.023098935649,4969.910493113022,4978.583984375,133044500,0.0,0.0
2019-05-30 00:00:00+07:00,4978.583984375,4978.583984375,4978.583984375,4978.583984375,0,0.0,0.0
2019-05-31 00:00:00+07:00,4978.583271249463,5091.338641504241,4974.246526239664,5047.97119140625,96875000,0.0,0.0
2019-06-03 00:00:00+07:00,5047.97119140625,5047.97119140625,5047.97119140625,5047.97119140625,0,0.0,0.0
2019-06-04 00:00:00+07:00,5047.97119140625,5047.97119140625,5047.97119140625,5047.97119140625,0,0.0,0.0
2019-06-05 00:00:00+07:00,5047.97119140625,5047.97119140625,5047.97119140625,5047.97119140625,0,0.0,0.0
2019-06-06 00:00:00+07:00,5047.97119140625,5047.97119140625,5047.97119140625,5047.97119140625,0,0.0,0.0
2019-06-07 00:00:00+07:00,5047.97119140625,5047.97119140625,5047.97119140625,5047.97119140625,0,0.0,0.0
2019-06-10 00:00:00+07:00,5204.093590561225,5368.889887595664,5039.297293526786,5100.01171875,179238000,0.0,0.0
2019-06-11 00:00:00+07:00,5117.358737177454,5169.399673487733,5069.654545559697,5126.0322265625,72901000,0.0,0.0
2019-06-12 00:00:00+07:00,5065.31706453165,5117.357993276839,5047.970088283255,5069.65380859375,69255500,0.0,0.0
2019-06-13 00:00:00+07:00,5104.348362386278,5104.348362386278,5021.950215499838,5034.96044921875,78802500,0.0,0.0
2019-06-14 00:00:00+07:00,5069.6552191372575,5069.6552191372575,5021.951021181304,5030.62451171875,57220500,0.0,0.0
2019-06-17 00:00:00+07:00,5039.297343480371,5065.317811691113,5021.95036467321,5026.287109375,83624000,0.0,0.0
2019-06-18 00:00:00+07:00,5026.287245514433,5117.35888671875,5026.287245514433,5117.35888671875,78788000,0.0,0.0
2019-06-19 00:00:00+07:00,5117.359261560921,5169.400203203914,5108.68577128709,5152.05322265625,66944500,0.0,0.0
2019-06-20 00:00:00+07:00,5117.358737177454,5152.05269471764,5034.960588019511,5126.0322265625,59504500,0.0,0.0
2019-06-21 00:00:00+07:00,5126.032186702806,5147.715909996811,5065.317761479592,5100.01171875,144149000,0.0,0.0
2019-06-24 00:00:00+07:00,5113.022272689495,5117.359017619681,5087.001803108378,5095.67529296875,30084000,0.0,0.0
2019-06-25 00:00:00+07:00,5143.379205332593,5169.399673487733,5095.675013714837,5126.0322265625,40561500,0.0,0.0
2019-06-26 00:00:00+07:00,5152.05362352142,5152.05362352142,5082.665695931905,5087.00244140625,59334500,0.0,0.0
2019-06-27 00:00:00+07:00,5073.991643685499,5147.71630859375,5034.960938734072,5147.71630859375,77525000,0.0,0.0
2019-06-28 00:00:00+07:00,5186.746114926501,5199.75634765625,5169.399137953503,5199.75634765625,80919000,0.0,0.0
2019-07-01 00:00:00+07:00,5199.757155072908,5225.777624572856,5173.73668557296,5195.42041015625,56612500,0.0,0.0
2019-07-02 00:00:00+07:00,5195.420260416667,5204.09375,5160.726302083333,5204.09375,48563500,0.0,0.0
2019-07-03 00:00:00+07:00,5160.726302083333,5204.09375,5152.0528125,5204.09375,43640000,0.0,0.0
2019-07-04 00:00:00+07:00,5204.093899989565,5212.767389822881,5173.73668557296,5195.42041015625,28224500,0.0,0.0
2019-07-05 00:00:00+07:00,5221.441674518425,5221.441674518425,5178.07421875,5178.07421875,32722500,0.0,0.0
2019-07-08 00:00:00+07:00,5147.715909996811,5169.399633290816,5087.001484773597,5100.01171875,38361000,0.0,0.0
2019-07-09 00:00:00+07:00,5091.338385416667,5204.09375,5091.338385416667,5204.09375,47740500,0.0,0.0
2019-07-10 00:00:00+07:00,5204.09375,5238.787708333333,5199.757005208334,5204.09375,52183500,0.0,0.0
2019-07-11 00:00:00+07:00,5221.44059906639,5225.77734375,5186.746641597511,5225.77734375,34279500,0.0,0.0
2019-07-12 00:00:00+07:00,5204.094087978369,5230.114558418261,5199.757342905054,5212.767578125,29838000,0.0,0.0
2019-07-15 00:00:00+07:00,5256.135307893121,5303.839506232085,5234.45158137541,5295.166015625,61453500,0.0,0.0
2019-07-16 00:00:00+07:00,5273.48161462613,5295.165338370481,5264.808125128389,5277.818359375,38075000,0.0,0.0
2019-07-17 00:00:00+07:00,5273.480894308943,5334.1953125,5243.123685213414,5334.1953125,45487000,0.0,0.0
2019-07-18 00:00:00+07:00,5290.828671684296,5351.54309906428,5251.797968368593,5329.859375,43625500,0.0,0.0
2019-07-19 00:00:00+07:00,5373.227707598286,5386.237944178427,5334.196997857863,5377.564453125,43973500,0.0,0.0
2019-07-22 00:00:00+07:00,5429.60453100159,5455.625,5377.563593004769,5455.625,37314500,0.0,0.0
2019-07-23 00:00:00+07:00,5412.257154671211,5455.624599820821,5381.899943066484,5407.92041015625,39129500,0.0,0.0
2019-07-24 00:00:00+07:00,5429.604153125,5433.94089765625,5347.20600703125,5420.9306640625,51343500,0.0,0.0
2019-07-25 00:00:00+07:00,5438.2776421875005,5442.61438671875,5377.5632187500005,5420.9306640625,53477500,0.0,0.0
2019-07-26 00:00:00+07:00,5420.930753127523,5420.930753127523,5368.889817897498,5373.2265625,51797500,0.0,0.0
2019-07-29 00:00:00+07:00,5394.91011523122,5403.58360416246,5342.86918164378,5368.8896484375,68509500,0.0,0.0
2019-07-30 00:00:00+07:00,5381.900409857944,5420.931113877864,5368.890175184636,5394.91064453125,38225500,0.0,0.0
2019-07-31 00:00:00+07:00,5368.8896484375,5412.2570930937,5360.21615950626,5368.8896484375,64129000,0.0,0.0
2019-08-01 00:00:00+07:00,5368.890324640198,5438.278244829408,5364.553579628372,5386.2373046875,78228000,0.0,0.0
2019-08-02 00:00:00+07:00,5342.870285888078,5381.900994145378,5342.870285888078,5347.20703125,62989500,0.0,0.0
2019-08-05 00:00:00+07:00,5390.573776041667,5390.573776041667,5204.09375,5204.09375,90924000,0.0,0.0
2019-08-06 00:00:00+07:00,5100.01171875,5165.062888632016,5000.266591597577,5100.01171875,183296000,0.0,0.0
2019-08-07 00:00:00+07:00,5182.410362611793,5247.461538711523,5121.695931585378,5212.767578125,92102000,0.0,0.0
2019-08-08 00:00:00+07:00,5212.7669203072965,5273.4813436719405,5186.74645315102,5208.43017578125,58295500,0.0,0.0
2019-08-09 00:00:00+07:00,5251.798677172429,5308.176367348517,5251.798677172429,5260.47216796875,48118500,0.0,0.0
2019-08-12 00:00:00+07:00,5264.8080658565295,5273.481555256622,5204.093640055878,5238.78759765625,52705000,0.0,0.0
2019-08-13 00:00:00+07:00,5204.093769482543,5238.787727945761,5204.093769482543,5217.10400390625,84406000,0.0,0.0
2019-08-14 00:00:00+07:00,5238.788048564892,5256.135028858153,5186.747107685108,5212.767578125,81942000,0.0,0.0
2019-08-15 00:00:00+07:00,5134.705833333333,5204.09375,5082.6648958333335,5204.09375,52561500,0.0,0.0
2019-08-16 00:00:00+07:00,5238.788315331376,5238.788315331376,5169.400390625,5169.400390625,49821500,0.0,0.0
2019-08-19 00:00:00+07:00,5230.114238329957,5230.114238329957,5173.736555827229,5217.10400390625,30619000,0.0,0.0
2019-08-20 00:00:00+07:00,5234.4504514867895,5234.4504514867895,5191.0830078125,5191.0830078125,58393500,0.0,0.0
2019-08-21 00:00:00+07:00,5204.09339042887,5208.430134920895,5182.40966796875,5182.40966796875,55927500,0.0,0.0
2019-08-22 00:00:00+07:00,5139.042578125001,5204.09375,5134.705833333333,5204.09375,65888000,0.0,0.0
2019-08-23 00:00:00+07:00,5134.705184007506,5199.75634765625,5121.694951277757,5199.75634765625,33083500,0.0,0.0
2019-08-26 00:00:00+07:00,5152.05296098967,5204.093899989565,5082.665042323142,5195.42041015625,41388500,0.0,0.0
2019-08-27 00:00:00+07:00,5238.7873874635725,5238.7873874635725,5160.725985994744,5208.43017578125,123780000,0.0,0.0
2019-08-28 00:00:00+07:00,5204.093091899499,5221.440068872498,5191.082859169751,5199.75634765625,55688000,0.0,0.0
2019-08-29 00:00:00+07:00,5195.419942203112,5225.777153885434,5191.083197677066,5208.43017578125,51525500,0.0,0.0
2019-08-30 00:00:00+07:00,5273.482120901639,5290.8291015625,5208.430943423412,5290.8291015625,73650000,0.0,0.0
2019-09-02 00:00:00+07:00,5290.828645833333,5290.828645833333,5204.09375,5204.09375,42429000,0.0,0.0
2019-09-03 00:00:00+07:00,5204.093659682081,5251.7978515625,5204.093659682081,5251.7978515625,42743500,0.0,0.0
2019-09-04 00:00:00+07:00,5256.135369082226,5256.135369082226,5208.431170187915,5221.44140625,41979000,0.0,0.0
2019-09-05 00:00:00+07:00,5277.81829995667,5277.81829995667,5217.103874156018,5238.78759765625,53650500,0.0,0.0
2019-09-06 00:00:00+07:00,5256.134556535269,5256.134556535269,5225.77734375,5225.77734375,54349000,0.0,0.0
2019-09-09 00:00:00+07:00,5247.461406767812,5251.798151732083,5186.74697726802,5234.451171875,25912000,0.0,0.0
2019-09-10 00:00:00+07:00,5221.440638547688,5251.7978515625,5191.083425532876,5251.7978515625,40291000,0.0,0.0
2019-09-11 00:00:00+07:00,5247.461649910349,5290.8291015625,5212.767688588627,5290.8291015625,45243500,0.0,0.0
2019-09-12 00:00:00+07:00,5290.829331914451,5295.16607726848,5212.767915541944,5221.44140625,40034000,0.0,0.0
2019-09-13 00:00:00+07:00,5273.481706053068,5282.155195701182,5212.767278516272,5230.1142578125,28419500,0.0,0.0
2019-09-16 00:00:00+07:00,5204.093431255204,5217.103664833342,5191.083197677066,5208.43017578125,77289000,0.0,0.0
2019-09-17 00:00:00+07:00,5195.420299220045,5234.451002636556,5191.083554395988,5230.1142578125,92037500,0.0,0.0
2019-09-18 00:00:00+07:00,5195.420150655785,5238.78759765625,5195.420150655785,5238.78759765625,28667000,0.0,0.0
2019-09-19 00:00:00+07:00,5217.104023340329,5243.12449228467,5204.093788868159,5230.1142578125,61988500,0.0,0.0
2019-09-20 00:00:00+07:00,5247.461349156145,5247.461349156145,5195.42041015625,5195.42041015625,133433000,0.0,0.0
2019-09-23 00:00:00+07:00,5230.11408843361,5230.11408843361,5204.09362033195,5225.77734375,47231500,0.0,0.0
2019-09-24 00:00:00+07:00,5186.747353671678,5204.094334787636,5152.05339143976,5156.39013671875,79718500,0.0,0.0
2019-09-25 00:00:00+07:00,5117.359093631529,5147.71630859375,5013.277213761057,5147.71630859375,88620000,0.0,0.0
2019-09-26 00:00:00+07:00,5204.093827351486,5256.134765625,5178.073358214728,5256.134765625,109859000,0.0,0.0
2019-09-27 00:00:00+07:00,5208.430906996499,5269.145338884885,5204.094161861614,5264.80859375,48010000,0.0,0.0
2019-09-30 00:00:00+07:00,5264.80859375,5264.80859375,5208.430906996499,5264.80859375,73391000,0.0,0.0
2019-10-01 00:00:00+07:00,5212.7671294559705,5260.471321156483,5212.7671294559705,5238.78759765625,40057000,0.0,0.0
2019-10-02 00:00:00+07:00,5212.766980888429,5264.807915805785,5212.766980888429,5247.4609375,52376500,0.0,0.0
2019-10-03 00:00:00+07:00,5212.7671294559705,5243.124342356296,5160.726193055412,5238.78759765625,50269000,0.0,0.0
2019-10-04 00:00:00+07:00,5186.745862735215,5260.470511285799,5186.745862735215,5243.12353515625,56890500,0.0,0.0
2019-10-07 00:00:00+07:00,5264.80859375,5273.482084019769,5247.461613210461,5264.80859375,56705500,0.0,0.0
2019-10-08 00:00:00+07:00,5273.482120901639,5290.8291015625,5217.104433753842,5290.8291015625,46997500,0.0,0.0
2019-10-09 00:00:00+07:00,5290.829064559308,5290.829064559308,5247.461613210461,5264.80859375,41496500,0.0,0.0
2019-10-10 00:00:00+07:00,5221.440068471256,5299.50146484375,5221.440068471256,5299.50146484375,65806500,0.0,0.0
2019-10-11 00:00:00+07:00,5273.481989795919,5338.533165656888,5273.481989795919,5312.5126953125,40863500,0.0,0.0
2019-10-14 00:00:00+07:00,5316.850015751008,5377.564453125,5316.850015751008,5377.564453125,37514500,0.0,0.0
2019-10-15 00:00:00+07:00,5368.8896278782895,5368.8896278782895,5329.858927837171,5355.87939453125,40935000,0.0,0.0
2019-10-16 00:00:00+07:00,5377.563496203741,5390.57373046875,5355.879772428726,5390.57373046875,65776500,0.0,0.0
2019-10-17 00:00:00+07:00,5364.552800251047,5386.236522159904,5295.164890142708,5303.83837890625,45666500,0.0,0.0
2019-10-18 00:00:00+07:00,5342.87060546875,5351.544096711394,5325.523622983462,5342.87060546875,41008500,0.0,0.0
2019-10-21 00:00:00+07:00,5377.56366496684,5425.267858768966,5364.553430293534,5394.91064453125,59971500,0.0,0.0
2019-10-22 00:00:00+07:00,5438.278357514881,5464.298828125,5399.247651599702,5464.298828125,67259500,0.0,0.0
2019-10-23 00:00:00+07:00,5464.29797995518,5468.634724383715,5429.604024526892,5442.6142578125,62219000,0.0,0.0
2019-10-24 00:00:00+07:00,5455.625337921627,5481.645808531745,5438.278357514881,5464.298828125,73101000,0.0,0.0
2019-10-25 00:00:00+07:00,5481.646345766128,5485.983091292843,5355.880725491431,5377.564453125,61929500,0.0,0.0
2019-10-28 00:00:00+07:00,5377.564133637188,5420.931586327811,5377.564133637188,5381.90087890625,43249500,0.0,0.0
2019-10-29 00:00:00+07:00,5381.900409857944,5412.25762409566,5334.196216055818,5394.91064453125,79861500,0.0,0.0
2019-10-30 00:00:00+07:00,5446.951641061452,5451.288385998603,5377.56372206704,5433.94140625,60738000,0.0,0.0
2019-10-31 00:00:00+07:00,5438.278020667726,5464.298489666136,5420.931041335452,5455.625,58420500,0.0,0.0
2019-11-01 00:00:00+07:00,5464.298210536067,5485.98193359375,5442.614487478384,5485.98193359375,42080500,0.0,0.0
2019-11-04 00:00:00+07:00,5507.6654242405375,5533.685890811753,5429.604024526892,5442.6142578125,43794500,0.0,0.0
2019-11-05 00:00:00+07:00,5507.666353429639,5516.33984375,5438.278430866745,5516.33984375,66161500,0.0,0.0
2019-11-06 00:00:00+07:00,5533.686578509731,5533.686578509731,5459.9619140625,5459.9619140625,63393000,0.0,0.0
2019-11-07 00:00:00+07:00,5494.655532921887,5494.655532921887,5420.930873048429,5451.2880859375,61972000,0.0,0.0
2019-11-08 00:00:00+07:00,5477.308874822726,5477.308874822726,5420.931190442127,5446.95166015625,90040500,0.0,0.0
2019-11-11 00:00:00+07:00,5494.655873802373,5498.9926187698575,5433.941444257595,5459.9619140625,70207000,0.0,0.0
2019-11-12 00:00:00+07:00,5394.910701815643,5446.951641061452,5394.910701815643,5433.94140625,47635500,0.0,0.0
2019-11-13 00:00:00+07:00,5433.941425299189,5451.288405108604,5433.941425299189,5446.95166015625,40083500,0.0,0.0
2019-11-14 00:00:00+07:00,5433.941575240481,5446.95181045654,5386.2373794482655,5438.2783203125,37862000,0.0,0.0
2019-11-15 00:00:00+07:00,5446.951002241036,5455.624491098108,5425.267280098356,5442.6142578125,47138000,0.0,0.0
2019-11-18 00:00:00+07:00,5416.594445489774,5451.288405108604,5386.237230823298,5446.95166015625,65599000,0.0,0.0
2019-11-19 00:00:00+07:00,5490.31882793943,5507.66580685867,5464.29835956057,5477.30859375,60115000,0.0,0.0
2019-11-20 00:00:00+07:00,5425.267862635335,5507.666015625,5425.267862635335,5507.666015625,43229500,0.0,0.0
2019-11-21 00:00:00+07:00,5507.666279141865,5507.666279141865,5464.298828125,5464.298828125,57523500,0.0,0.0
2019-11-22 00:00:00+07:00,5446.951529663957,5472.971998754709,5438.27803996704,5468.63525390625,56035000,0.0,0.0
2019-11-25 00:00:00+07:00,5490.318446526394,5494.65519095493,5442.6142578125,5442.6142578125,55133500,0.0,0.0
2019-11-26 00:00:00+07:00,5490.318788223449,5490.318788223449,5438.277851842184,5451.2880859375,192783500,0.0,0.0
2019-11-27 00:00:00+07:00,5438.278357514881,5464.298828125,5412.257886904762,5464.298828125,58833500,0.0,0.0
2019-11-28 00:00:00+07:00,5459.961364843751,5459.961364843751,5416.59391953125,5420.9306640625,44248000,0.0,0.0
2019-11-29 00:00:00+07:00,5403.584210632713,5459.961895013311,5399.247465680359,5446.95166015625,52954500,0.0,0.0
2019-12-02 00:00:00+07:00,5446.951203793775,5572.716796875,5438.277714615759,5572.716796875,49909000,0.0,0.0
2019-12-03 00:00:00+07:00,5568.379820772059,5568.379820772059,5503.328654641544,5529.34912109375,42823000,0.0,0.0
2019-12-04 00:00:00+07:00,5516.339524621956,5551.033483896308,5512.002779712662,5520.67626953125,37552000,0.0,0.0
2019-12-05 00:00:00+07:00,5516.339166009464,5538.022889146293,5490.318698245268,5498.9921875,54168000,0.0,0.0
2019-12-06 00:00:00+07:00,5516.3943556367285,5564.24951171875,5498.992480697811,5564.24951171875,69920500,20.0,0.0
2019-12-09 00:00:00+07:00,5542.497168045104,5564.24951171875,5533.7962305756455,5564.24951171875,51667500,0.0,0.0
2019-12-10 00:00:00+07:00,5564.24978635298,5568.600255302436,5533.796503706795,5538.14697265625,57654000,0.0,0.0
2019-12-11 00:00:00+07:00,5538.146348528728,5555.548222365424,5525.094943151205,5551.19775390625,48469000,0.0,0.0
2019-12-12 00:00:00+07:00,5568.599664826498,5572.950133314644,5516.39404296875,5516.39404296875,79198500,0.0,0.0
2019-12-13 00:00:00+07:00,5564.250159689465,5586.0025058962265,5525.095936517296,5533.796875,70822500,0.0,0.0
2019-12-16 00:00:00+07:00,5516.394998034592,5564.250159689465,5516.394998034592,5533.796875,78684000,0.0,0.0
2019-12-17 00:00:00+07:00,5564.249050856371,5655.60888671875,5538.146240609976,5655.60888671875,102914500,0.0,0.0
2019-12-18 00:00:00+07:00,5655.609487763693,5916.637617968171,5603.403861722798,5877.4833984375,181804000,0.0,0.0
2019-12-19 00:00:00+07:00,5829.627530184659,5847.029403409091,5733.917227450284,5742.6181640625,74171000,0.0,0.0
2019-12-20 00:00:00+07:00,5812.226583028341,5864.4322110196135,5751.320017038523,5794.82470703125,99453000,0.0,0.0
2019-12-23 00:00:00+07:00,5812.226583028341,5855.731273021068,5786.123769032704,5794.82470703125,46558500,0.0,0.0
2019-12-26 00:00:00+07:00,5794.823712925711,5851.379800214025,5794.823712925711,5812.2255859375,38188500,0.0,0.0
2019-12-27 00:00:00+07:00,5803.52548762486,5829.628300912528,5803.52548762486,5825.27783203125,29945000,0.0,0.0
2019-12-30 00:00:00+07:00,5812.225703534031,5847.02945026178,5803.524766852094,5816.576171875,61168000,0.0,0.0
2020-01-02 00:00:00+07:00,5825.277714887542,5899.235684382007,5812.226308506166,5820.92724609375,49445000,0.0,0.0
2020-01-03 00:00:00+07:00,5873.133006376378,5916.6376953125,5851.380661908318,5916.6376953125,47755500,0.0,0.0
2020-01-06 00:00:00+07:00,5847.030136414253,5873.132949523246,5820.927323305262,5860.08154296875,27300000,0.0,0.0
2020-01-07 00:00:00+07:00,5860.081659967892,5890.534942536397,5855.731191029535,5864.43212890625,45022500,0.0,0.0
2020-01-08 00:00:00+07:00,5803.524649431605,5868.781673225814,5803.524649431605,5812.2255859375,53692500,0.0,0.0
2020-01-09 00:00:00+07:00,5864.43212890625,5877.483535721323,5855.731191029535,5864.43212890625,40363500,0.0,0.0
2020-01-10 00:00:00+07:00,5886.18461169842,5938.39024018355,5838.329452253717,5851.380859375,73362000,0.0,0.0
2020-01-13 00:00:00+07:00,5864.432245818662,5881.834121919013,5860.081776793573,5868.78271484375,67855000,0.0,0.0
2020-01-14 00:00:00+07:00,5868.78270809168,5990.595840653998,5864.432239071597,5977.54443359375,93582000,0.0,0.0
2020-01-15 00:00:00+07:00,5977.544101762528,6142.861915348391,5916.637538862473,5947.0908203125,75623500,0.0,0.0
2020-01-16 00:00:00+07:00,5920.98835680885,5994.946330406022,5912.287418738594,5960.142578125,88931500,0.0,0.0
2020-01-17 00:00:00+07:00,5951.44125,5994.9459375,5916.6375,5981.89453125,38249500,0.0,0.0
2020-01-20 00:00:00+07:00,6047.151602219733,6068.90394611261,5942.740351533925,5947.0908203125,93554500,0.0,0.0
2020-01-21 00:00:00+07:00,5990.595389995882,5999.296327381497,5938.389765682193,5942.740234375,103984500,0.0,0.0
2020-01-22 00:00:00+07:00,5964.491834138569,5999.29557934142,5947.089961537144,5951.4404296875,94311500,0.0,0.0
2020-01-23 00:00:00+07:00,5990.594643040708,5999.29557934142,5942.739493386787,5951.4404296875,87728000,0.0,0.0
2020-01-24 00:00:00+07:00,5934.039805318465,5986.2454341042585,5925.3388671875,5925.3388671875,69653500,0.0,0.0
2020-01-27 00:00:00+07:00,5973.192770439282,6038.449792694627,5929.688088935718,5951.4404296875,39679000,0.0,0.0
2020-01-28 00:00:00+07:00,5947.0912334459,5955.792171607488,5877.48372815319,5907.93701171875,82615000,0.0,0.0
2020-01-29 00:00:00+07:00,5916.637832765291,5955.792053717414,5890.535018797209,5903.58642578125,43821000,0.0,0.0
2020-01-30 00:00:00+07:00,5955.791976611763,5955.791976611763,5855.731191029535,5864.43212890625,71990000,0.0,0.0
2020-01-31 00:00:00+07:00,5916.636495707948,5920.986963719498,5638.20654296875,5638.20654296875,163136500,0.0,0.0
2020-02-03 00:00:00+07:00,5638.2065763295805,5729.566405112699,5542.496279509171,5603.40283203125,149797000,0.0,0.0
2020-02-04 00:00:00+07:00,5716.515354225852,5760.020037286932,5673.010671164773,5742.6181640625,113316500,0.0,0.0
2020-02-05 00:00:00+07:00,5899.236136585252,5899.236136585252,5786.123939276095,5855.7314453125,123002500,0.0,0.0
2020-02-06 00:00:00+07:00,5864.43212890625,5899.235880413112,5812.226501645957,5864.43212890625,154693500,0.0,0.0
2020-02-07 00:00:00+07:00,5838.328810471755,5899.235370342548,5833.978341909556,5881.83349609375,82609000,0.0,0.0
2020-02-10 00:00:00+07:00,5881.834080807848,5903.58642578125,5768.721886946159,5903.58642578125,66578500,0.0,0.0
2020-02-11 00:00:00+07:00,5903.585331469511,5903.585331469511,5868.781585963427,5899.23486328125,77526500,0.0,0.0
2020-02-12 00:00:00+07:00,5916.6376953125,5916.6376953125,5881.833944163603,5916.6376953125,69971500,0.0,0.0
2020-02-13 00:00:00+07:00,5934.039826203517,5934.039826203517,5864.432320910807,5907.93701171875,49737000,0.0,0.0
2020-02-14 00:00:00+07:00,5899.234950996444,5912.286355755286,5807.875117684553,5812.2255859375,147028500,0.0,0.0
2020-02-17 00:00:00+07:00,5812.226036435082,5873.132596697126,5812.226036435082,5847.02978515625,115319000,0.0,0.0
2020-02-18 00:00:00+07:00,5816.576894268695,5847.03017643764,5803.52548762486,5825.27783203125,98436500,0.0,0.0
2020-02-19 00:00:00+07:00,5799.175018743583,5881.8339274878645,5799.175018743583,5825.27783203125,74594000,0.0,0.0
2020-02-20 00:00:00+07:00,5820.927960191196,5825.278429518693,5712.166227003767,5738.26904296875,136724500,0.0,0.0
2020-02-21 00:00:00+07:00,5742.618516156463,5794.824139030612,5738.268047583617,5755.669921875,98261000,0.0,0.0
2020-02-24 00:00:00+07:00,5712.165075730364,5742.618354885058,5664.309922772989,5677.361328125,84910000,0.0,0.0
2020-02-25 00:00:00+07:00,5699.113298448267,5707.814234781777,5664.309553114233,5681.71142578125,86446500,0.0,0.0
2020-02-26 00:00:00+07:00,5655.6094540985205,5686.062735774435,5586.001953125,5586.001953125,92824500,0.0,0.0
2020-02-27 00:00:00+07:00,5629.506522319654,5633.856991038602,5394.581211496423,5472.8896484375,129254500,0.0,0.0
2020-02-28 00:00:00+07:00,5394.581211496423,5472.8896484375,5251.015743771115,5472.8896484375,169946500,0.0,0.0
2020-03-02 00:00:00+07:00,5472.889101530376,5472.889101530376,5251.015219035901,5290.16943359375,144871500,0.0,0.0
2020-03-03 00:00:00+07:00,5394.581901453718,5525.095979714695,5394.581901453718,5498.9931640625,114663500,0.0,0.0
2020-03-04 00:00:00+07:00,5494.641131098966,5655.608448478746,5446.785982688762,5603.40283203125,83025000,0.0,0.0
2020-03-05 00:00:00+07:00,5690.413065450175,5690.413065450175,5516.394317271271,5599.05322265625,77583000,0.0,0.0
2020-03-06 00:00:00+07:00,5525.095112462198,5525.095112462198,5394.5810546875,5394.5810546875,77835500,0.0,0.0
2020-03-09 00:00:00+07:00,5220.5628443712185,5255.366596667027,5033.49267578125,5033.49267578125,140889500,0.0,0.0
2020-03-10 00:00:00+07:00,5081.347211234177,5229.263140328322,5081.347211234177,5155.30517578125,133667000,0.0,0.0
2020-03-11 00:00:00+07:00,5177.057713174413,5203.160525173612,5037.842715845353,5090.04833984375,93204500,0.0,0.0
2020-03-12 00:00:00+07:00,4872.525432778777,4907.329185870054,4750.712296959307,4837.7216796875,129845500,0.0,0.0
2020-03-13 00:00:00+07:00,4837.7216796875,4837.7216796875,4837.7216796875,4837.7216796875,0,0.0,0.0
2020-03-16 00:00:00+07:00,4837.7216796875,4837.7216796875,4837.7216796875,4837.7216796875,0,0.0,0.0
2020-03-17 00:00:00+07:00,4781.165030479431,4789.865967750549,4454.8798828125,4454.8798828125,212200000,0.0,0.0
2020-03-18 00:00:00+07:00,4454.88,4681.104375,4145.99671875,4350.46875,180053500,0.0,0.0
2020-03-19 00:00:00+07:00,4346.117599388861,4346.117599388861,4045.935302734375,4045.935302734375,264419000,0.0,0.0
2020-03-20 00:00:00+07:00,4002.4309084609295,4685.454443926545,3763.155147629026,4119.8935546875,335132000,0.0,0.0
2020-03-23 00:00:00+07:00,4141.646061124436,4350.468551601298,3832.762793960744,3854.51513671875,217843500,0.0,0.0
2020-03-24 00:00:00+07:00,3871.917428927952,4346.118552246094,3871.917428927952,3915.422119140625,253971000,0.0,0.0
2020-03-26 00:00:00+07:00,4045.9356966885657,4694.155501856949,4045.9356966885657,4594.0947265625,331633000,0.0,0.0
2020-03-27 00:00:00+07:00,4663.702727994555,5129.202907001474,4659.3522590318735,4794.216796875,269683000,0.0,0.0
2020-03-30 00:00:00+07:00,4768.113633132393,4833.370662782927,4485.333171313409,4781.1650390625,159964500,0.0,0.0
2020-03-31 00:00:00+07:00,4924.730224830317,4968.234908795249,4772.463830953055,4807.267578125,182638500,0.0,0.0
2020-04-01 00:00:00+07:00,4837.721269816378,5003.039082993556,4720.258613085224,4768.11376953125,152831500,0.0,0.0
2020-04-02 00:00:00+07:00,4759.413148213666,4759.413148213666,4663.702828962569,4707.20751953125,136623500,0.0,0.0
2020-04-03 00:00:00+07:00,4750.711758558917,4811.618319566082,4668.052854334906,4781.1650390625,110506000,0.0,0.0
2020-04-06 00:00:00+07:00,4802.917631593287,4994.338261837947,4781.165287247303,4989.98779296875,78184000,0.0,0.0
2020-04-07 00:00:00+07:00,4989.987378944242,5307.5715800453145,4855.122855188993,4920.3798828125,149153500,0.0,0.0
2020-04-08 00:00:00+07:00,4920.379901442574,4924.73036996728,4768.113503077861,4902.97802734375,106111500,0.0,0.0
2020-04-09 00:00:00+07:00,4872.525762399464,4955.184681583026,4785.516373785188,4868.17529296875,89997000,0.0,0.0
2020-04-13 00:00:00+07:00,4820.319866832387,4885.576904740767,4768.114236505682,4785.51611328125,58043000,0.0,0.0
2020-04-14 00:00:00+07:00,4789.8664446750345,4863.824418843496,4737.660815850239,4798.5673828125,95796000,0.0,0.0
2020-04-15 00:00:00+07:00,4798.566677764642,4898.627451643688,4737.660119751311,4772.4638671875,95342000,0.0,0.0
2020-04-16 00:00:00+07:00,4772.464484527821,4802.917767473759,4511.436344991203,4559.29150390625,176990500,0.0,0.0
2020-04-17 00:00:00+07:00,4611.496111751152,4737.659684619816,4594.094239631337,4720.2578125,160935500,0.0,0.0
2020-04-20 00:00:00+07:00,4724.609082304797,4785.515645060107,4637.599706940067,4659.35205078125,90744000,0.0,0.0
2020-04-21 00:00:00+07:00,4739.898717126181,4739.898717126181,4567.29736328125,4567.29736328125,73431000,91.0,0.0
2020-04-22 00:00:00+07:00,4567.297045827259,4633.682177307307,4465.506510891187,4554.02001953125,107263500,0.0,0.0
2020-04-23 00:00:00+07:00,4585.000200271606,4642.533986568451,4531.89208984375,4531.89208984375,105419500,0.0,0.0
2020-04-24 00:00:00+07:00,4531.892784552846,4549.595490742506,4354.86572265625,4354.86572265625,131149500,0.0,0.0
2020-04-27 00:00:00+07:00,4372.56829046434,4443.379112981981,4297.331791539346,4390.27099609375,151103500,0.0,0.0
2020-04-28 00:00:00+07:00,4390.270703933747,4403.547732272257,4253.074744435818,4275.203125,180488000,0.0,0.0
2020-04-29 00:00:00+07:00,4270.7778672680415,4292.90625,4248.649484536082,4292.90625,121161000,0.0,0.0
2020-04-30 00:00:00+07:00,4319.459721046905,4646.959740880379,4319.459721046905,4576.14892578125,174081000,0.0,0.0
2020-05-04 00:00:00+07:00,4558.44677921456,4691.217073754789,4425.67648467433,4620.40625,114497500,0.0,0.0
2020-05-05 00:00:00+07:00,4620.406148370979,4726.622381666864,4602.703442821666,4677.93994140625,118643500,0.0,0.0
2020-05-06 00:00:00+07:00,4704.494487573676,4753.1769328825285,4691.217457034897,4739.89990234375,86395500,0.0,0.0
2020-05-08 00:00:00+07:00,4731.048198339937,4779.730640044089,4558.446814116122,4642.53466796875,123028000,0.0,0.0
2020-05-11 00:00:00+07:00,4642.5342543820825,4713.345072370751,4642.5342543820825,4686.791015625,40615500,0.0,0.0
2020-05-12 00:00:00+07:00,4726.622485632184,4726.622485632184,4452.230543582376,4620.40625,118660000,0.0,0.0
2020-05-13 00:00:00+07:00,4567.298763148238,4576.150117340386,4500.91360670713,4523.0419921875,94973000,0.0,0.0
2020-05-14 00:00:00+07:00,4487.636019078697,4523.041431458016,4341.588693014006,4354.86572265625,131268000,0.0,0.0
2020-05-15 00:00:00+07:00,4354.863820043103,4421.248939251078,4142.431438577586,4235.37060546875,205790000,0.0,0.0
2020-05-18 00:00:00+07:00,4248.649167103882,4288.480253045481,4204.39240494655,4217.66943359375,139997500,0.0,0.0
2020-05-19 00:00:00+07:00,4284.054245125534,4390.27046607906,4142.4326171875,4142.4326171875,128504500,0.0,0.0
2020-05-20 00:00:00+07:00,4177.838347652151,4248.649167103882,4151.284290357752,4217.66943359375,119158000,0.0,0.0
2020-05-26 00:00:00+07:00,4226.520701356577,4425.676127074949,4226.520701356577,4399.1220703125,176076500,0.0,0.0
2020-05-27 00:00:00+07:00,4399.121965083711,4425.676021210977,4297.331416595858,4394.6962890625,151753500,0.0,0.0
2020-05-28 00:00:00+07:00,4425.676124291785,4708.919396246459,4425.676124291785,4686.791015625,229233000,0.0,0.0
2020-05-29 00:00:00+07:00,4686.791254120755,4686.791254120755,4593.85205078125,4593.85205078125,399414000,0.0,0.0
2020-06-02 00:00:00+07:00,4655.811186377682,4868.243635946245,4638.108482246968,4744.32470703125,181369500,0.0,0.0
2020-06-03 00:00:00+07:00,4788.5819704260375,5116.08203125,4779.730617430796,5116.08203125,279673500,0.0,0.0
2020-06-04 00:00:00+07:00,5116.081752954987,5301.960155744009,4956.757407707254,5124.93310546875,236158500,0.0,0.0
2020-06-05 00:00:00+07:00,5124.9337003616265,5182.467498379503,4943.480952766785,5067.39990234375,88157500,0.0,0.0
2020-06-08 00:00:00+07:00,5093.953719627251,5244.426722639698,5093.953719627251,5222.29833984375,173557500,0.0,0.0
2020-06-09 00:00:00+07:00,5257.703215843023,5306.385653026755,5129.358608722276,5138.2099609375,100110000,0.0,0.0
2020-06-10 00:00:00+07:00,5133.78466796875,5191.318461661504,4952.331934014682,5133.78466796875,115382500,0.0,0.0
2020-06-11 00:00:00+07:00,5089.52782859265,5142.635945064921,4961.183213784661,5027.568359375,85187500,0.0,0.0
2020-06-12 00:00:00+07:00,5027.568149250441,5027.568149250441,4850.541101741623,5018.716796875,96044000,0.0,0.0
2020-06-15 00:00:00+07:00,5027.567990056818,5054.12204634233,4868.24365234375,4868.24365234375,100844500,0.0,0.0
2020-06-16 00:00:00+07:00,4939.054565429688,5129.358639187282,4939.054565429688,5098.37890625,91518500,0.0,0.0
2020-06-17 00:00:00+07:00,5133.783957741478,5133.783957741478,5027.567737926137,5062.97314453125,79800000,0.0,0.0
2020-06-18 00:00:00+07:00,5062.973729856759,5080.676435205909,4943.48046875,4943.48046875,68032000,0.0,0.0
2020-06-19 00:00:00+07:00,4956.756796524664,5001.013553636491,4908.074363701654,4934.62841796875,110071000,0.0,0.0
2020-06-22 00:00:00+07:00,4952.331360964999,5009.865148000338,4894.797573929659,4903.64892578125,51590500,0.0,0.0
2020-06-23 00:00:00+07:00,4930.203199719195,5009.865369912144,4885.94643850089,4974.4599609375,69954000,0.0,0.0
2020-06-24 00:00:00+07:00,5001.014336896089,5098.379217791411,4992.162984087424,5049.69677734375,57333000,0.0,0.0
2020-06-25 00:00:00+07:00,5045.27151849072,5085.102609426173,4992.16339724345,5067.39990234375,51415000,0.0,0.0
2020-06-26 00:00:00+07:00,5062.974015998671,5098.379428697963,4992.1631906000885,4996.5888671875,57467500,0.0,0.0
2020-06-29 00:00:00+07:00,4992.163329432819,5040.84577324821,4943.480885617429,5023.14306640625,48796500,0.0,0.0
2020-06-30 00:00:00+07:00,5045.270402354038,5080.675808686347,5009.864996021729,5040.8447265625,74474000,0.0,0.0
2020-07-01 00:00:00+07:00,5045.271139210668,5133.78466796875,5023.142757021147,5133.78466796875,63959000,0.0,0.0
2020-07-02 00:00:00+07:00,5111.655807885036,5195.74365234375,5098.378779812607,5195.74365234375,75585500,0.0,0.0
2020-07-03 00:00:00+07:00,5195.74365234375,5226.72338451275,5169.189596198893,5195.74365234375,52219000,0.0,0.0
2020-07-06 00:00:00+07:00,5186.892204612469,5253.27734375,5178.040852727465,5253.27734375,67800000,0.0,0.0
2020-07-07 00:00:00+07:00,5257.702715789336,5306.385148342942,5222.297310295806,5301.95947265625,74168000,0.0,0.0
2020-07-08 00:00:00+07:00,5301.9604539440525,5545.372661762853,5293.10910093246,5487.8388671875,106444500,0.0,0.0
2020-07-09 00:00:00+07:00,5496.689578797387,5523.243634733607,5337.365243180072,5399.32470703125,93543500,0.0,0.0
2020-07-10 00:00:00+07:00,5399.325337071573,5523.244279233871,5381.622631048387,5487.8388671875,67224000,0.0,0.0
2020-07-13 00:00:00+07:00,5514.392397836538,5523.243750000001,5434.730228365385,5465.7099609375,86006000,0.0,0.0
2020-07-14 00:00:00+07:00,5465.710484658518,5487.8388671875,5408.176690083165,5487.8388671875,45616500,0.0,0.0
2020-07-15 00:00:00+07:00,5487.838303480691,5523.243711890244,5443.58154296875,5443.58154296875,61468000,0.0,0.0
2020-07-16 00:00:00+07:00,5443.58168518659,5487.838446854774,5434.730332852953,5470.1357421875,66520500,0.0,0.0
2020-07-17 00:00:00+07:00,5430.304371553309,5470.135454963235,5346.216528799019,5417.02734375,73348000,0.0,0.0
2020-07-20 00:00:00+07:00,5417.028250330823,5452.433663731677,5363.92013022954,5434.73095703125,59794500,0.0,0.0
2020-07-21 00:00:00+07:00,5399.325337071573,5518.818602728074,5399.325337071573,5487.8388671875,84159500,0.0,0.0
2020-07-22 00:00:00+07:00,5496.689799188411,5532.095208522957,5425.878980519316,5470.1357421875,44725500,0.0,0.0
2020-07-23 00:00:00+07:00,5470.136161164314,5501.115896704889,5434.730749117944,5487.8388671875,84026500,0.0,0.0
2020-07-24 00:00:00+07:00,5487.838226818648,5487.838226818648,5399.32470703125,5399.32470703125,58366500,0.0,0.0
2020-07-27 00:00:00+07:00,5399.32470703125,5434.730114946209,5310.811187243852,5399.32470703125,41972500,0.0,0.0
2020-07-28 00:00:00+07:00,5417.027249014754,5487.838062727365,5363.919138730294,5474.56103515625,65279000,0.0,0.0
2020-07-29 00:00:00+07:00,5474.561941680037,5474.561941680037,5399.325439652099,5430.30517578125,50262500,0.0,0.0
2020-07-30 00:00:00+07:00,5430.304456270658,5523.24365234375,5359.493640214969,5523.24365234375,80533500,0.0,0.0
2020-08-03 00:00:00+07:00,5505.542067062602,5518.819097770952,5155.91359174271,5425.8798828125,137079000,0.0,0.0
2020-08-04 00:00:00+07:00,5448.007986268367,5505.541783036433,5425.879602896034,5496.6904296875,79357000,0.0,0.0
2020-08-05 00:00:00+07:00,5487.8394597350925,5505.542167669722,5399.325920061946,5492.26513671875,49393000,0.0,0.0
2020-08-06 00:00:00+07:00,5501.116175057407,5571.927002733127,5474.562114679014,5540.947265625,55258500,0.0,0.0
2020-08-07 00:00:00+07:00,5545.372237023413,5563.074941690686,5452.433037520227,5470.1357421875,43621000,0.0,0.0
2020-08-10 00:00:00+07:00,5470.135454963235,5487.838158700981,5403.750315946691,5417.02734375,37774500,0.0,0.0
2020-08-11 00:00:00+07:00,5434.730228365385,5487.838341346154,5425.878876201923,5465.7099609375,38795500,0.0,0.0
2020-08-12 00:00:00+07:00,5465.710761219549,5540.947265625,5452.433731030351,5540.947265625,35612000,0.0,0.0
2020-08-13 00:00:00+07:00,5540.947126116072,5576.3525390625,5470.136300223214,5576.3525390625,48581000,0.0,0.0
2020-08-14 00:00:00+07:00,5576.35229892418,5669.29150390625,5523.24418179157,5669.29150390625,57316000,0.0,0.0
2020-08-18 00:00:00+07:00,5669.290553830704,5686.993256574907,5576.351364423644,5629.45947265625,81563500,0.0,0.0
2020-08-19 00:00:00+07:00,5629.460798652252,5673.717565937253,5585.20403136725,5602.90673828125,58793500,0.0,0.0
2020-08-24 00:00:00+07:00,5611.757776932403,5647.163188774248,5558.649659169636,5589.62939453125,66882500,0.0,0.0
2020-08-25 00:00:00+07:00,5594.054171985467,5647.162281213178,5580.77714467854,5633.88525390625,49211000,0.0,0.0
2020-08-26 00:00:00+07:00,5651.588409327558,5656.014085450759,5580.777591356344,5611.75732421875,42983000,0.0,0.0
2020-08-27 00:00:00+07:00,5633.885796934185,5841.892578125,5611.757415956439,5841.892578125,68326000,0.0,0.0
2020-08-28 00:00:00+07:00,5806.487406177829,5841.892817191108,5686.994144008011,5748.95361328125,52292500,0.0,0.0
2020-08-31 00:00:00+07:00,5753.379567666832,5788.784980390936,5554.22412109375,5554.22412109375,97032000,0.0,0.0
2020-09-01 00:00:00+07:00,5558.649563842025,5771.08203125,5523.244152607363,5771.08203125,67446000,0.0,0.0
2020-09-02 00:00:00+07:00,5771.081709523116,5806.4871187839935,5633.8857486372135,5695.84521484375,66065000,0.0,0.0
2020-09-03 00:00:00+07:00,5722.399659329928,5753.37939453125,5576.352336237981,5753.37939453125,68208500,0.0,0.0
2020-09-04 00:00:00+07:00,5709.122061893858,5709.122061893858,5545.372049265894,5647.16259765625,80613500,0.0,0.0
2020-09-07 00:00:00+07:00,5607.331466832613,5629.4598467332935,5487.838215368935,5563.07470703125,64249500,0.0,0.0
2020-09-08 00:00:00+07:00,5563.075751421296,5629.460903586228,5563.075751421296,5607.33251953125,39649000,0.0,0.0
2020-09-09 00:00:00+07:00,5576.351377977382,5594.054080764612,5496.689215434848,5527.6689453125,49285000,0.0,0.0
2020-09-10 00:00:00+07:00,5505.541190431369,5505.541190431369,5142.6357421875,5142.6357421875,175735000,0.0,0.0
2020-09-11 00:00:00+07:00,5133.78395229149,5288.682606024423,4974.459622737616,5226.72314453125,403032500,0.0,0.0
2020-09-14 00:00:00+07:00,5310.811111828512,5412.601658138559,5297.534084048942,5355.06787109375,138115000,0.0,0.0
2020-09-15 00:00:00+07:00,5346.216923528157,5399.325038662542,5186.892578125,5186.892578125,170087000,0.0,0.0
2020-09-16 00:00:00+07:00,5186.892712296196,5195.744065047555,5085.102155655571,5089.52783203125,158565500,0.0,0.0
2020-09-17 00:00:00+07:00,5089.5274489574285,5182.466645851434,5014.29095623371,5093.953125,138796000,0.0,0.0
2020-09-18 00:00:00+07:00,5045.270497405085,5076.250228529501,4930.202924657249,4983.31103515625,316912000,0.0,0.0
2020-09-21 00:00:00+07:00,4992.16333073149,5076.251188252676,4952.332240326717,4961.18359375,112443000,0.0,0.0
2020-09-22 00:00:00+07:00,4885.946774655964,4925.777862492832,4806.284598982225,4823.9873046875,163442500,0.0,0.0
2020-09-23 00:00:00+07:00,4823.986996019244,4943.480251883941,4801.858615303559,4872.66943359375,100517000,0.0,0.0
2020-09-24 00:00:00+07:00,4806.284007511192,4899.223201026602,4770.878600457702,4819.56103515625,88618500,0.0,0.0
2020-09-25 00:00:00+07:00,4850.541778074867,4978.886405414439,4832.839070855615,4965.609375,100705000,0.0,0.0
2020-09-28 00:00:00+07:00,5001.013756870467,5040.844839889789,4868.243480139392,4881.5205078125,93522000,0.0,0.0
2020-09-29 00:00:00+07:00,4934.6288995976665,4987.73701331531,4832.838348305518,4872.66943359375,117778500,0.0,0.0
2020-09-30 00:00:00+07:00,4925.777216724804,4925.777216724804,4797.4326171875,4797.4326171875,107377000,0.0,0.0
2020-10-01 00:00:00+07:00,4854.96711289904,4930.20361328125,4850.54143640597,4930.20361328125,56893000,0.0,0.0
2020-10-02 00:00:00+07:00,4921.351871168256,4925.7775473113925,4815.13564373297,4872.66943359375,66848000,0.0,0.0
2020-10-05 00:00:00+07:00,4881.519637398098,4921.350713315217,4832.837211277174,4885.9453125,58291000,0.0,0.0
2020-10-06 00:00:00+07:00,4983.311527720669,5058.548025030838,4956.7574698464905,5045.27099609375,141955500,0.0,0.0
2020-10-07 00:00:00+07:00,4956.757167680278,5093.953125,4939.054463509991,5093.953125,89937500,0.0,0.0
2020-10-08 00:00:00+07:00,5124.933384245242,5133.784737240484,5054.122560283305,5116.08203125,77384500,0.0,0.0
2020-10-09 00:00:00+07:00,5089.52738179789,5111.65576171875,5062.973325892857,5111.65576171875,54250500,0.0,0.0
2020-10-12 00:00:00+07:00,5169.189768360376,5200.169501561166,5160.338416017293,5182.466796875,82918500,0.0,0.0
2020-10-13 00:00:00+07:00,5169.189768360376,5186.892473046541,5107.230301958796,5182.466796875,48250500,0.0,0.0
2020-10-14 00:00:00+07:00,5169.190221133475,5222.29833984375,5142.636161778337,5222.29833984375,83117500,0.0,0.0
2020-10-15 00:00:00+07:00,5200.168999331515,5204.594675075627,5098.378457216941,5120.5068359375,82067000,0.0,0.0
2020-10-16 00:00:00+07:00,5120.507286919487,5124.932963053385,5071.824849446614,5098.37890625,89051500,0.0,0.0
2020-10-19 00:00:00+07:00,5089.528043068061,5222.29833984375,5054.122630594545,5222.29833984375,56871500,0.0,0.0
2020-10-20 00:00:00+07:00,5204.59510255168,5204.59510255168,5120.507256507051,5138.2099609375,74995500,0.0,0.0
2020-10-21 00:00:00+07:00,5186.892855211938,5191.318531709559,5071.825266273789,5116.08203125,77944000,0.0,0.0
2020-10-22 00:00:00+07:00,5080.676550713901,5133.78466796875,5049.696815648572,5133.78466796875,96872500,0.0,0.0
2020-10-23 00:00:00+07:00,5169.190431379982,5169.190431379982,5089.528250074469,5107.23095703125,66328000,0.0,0.0
2020-10-26 00:00:00+07:00,5067.399350245862,5164.764228591197,5067.399350245862,5147.0615234375,70452500,0.0,0.0
2020-10-27 00:00:00+07:00,5147.061486753158,5160.338515523802,5093.95337167058,5124.93310546875,89482000,0.0,0.0
2020-11-02 00:00:00+07:00,5098.379188144329,5155.912981066097,5062.97377711555,5151.4873046875,151006500,0.0,0.0
2020-11-03 00:00:00+07:00,5169.190013529287,5217.8724537251965,5164.764337147841,5213.44677734375,78152000,0.0,0.0
2020-11-04 00:00:00+07:00,5222.29812674506,5257.70353777384,5120.507570037317,5151.4873046875,78626000,0.0,0.0
2020-11-05 00:00:00+07:00,5222.297740409044,5470.1355992759145,5222.297740409044,5443.58154296875,161090000,0.0,0.0
2020-11-06 00:00:00+07:00,5452.43359375,5576.3525390625,5363.920061383928,5576.3525390625,137303500,0.0,0.0
2020-11-09 00:00:00+07:00,5576.3517349716585,5664.865254574384,5501.115243309343,5563.07470703125,82739500,0.0,0.0
2020-11-10 00:00:00+07:00,5660.439293378665,5841.8919994212965,5647.162266107253,5735.67578125,191073500,0.0,0.0
2020-11-11 00:00:00+07:00,5788.7841796875,5810.912559579271,5735.676067947247,5788.7841796875,131383500,0.0,0.0
2020-11-12 00:00:00+07:00,5673.717494310991,5748.9539977456925,5669.291817638362,5682.56884765625,83082500,0.0,0.0
2020-11-13 00:00:00+07:00,5682.567726672535,5709.12178147007,5594.054210680752,5656.013671875,82374500,0.0,0.0
2020-11-16 00:00:00+07:00,5740.1014570071375,5740.1014570071375,5651.587941864391,5735.67578125,54905000,0.0,0.0
2020-11-17 00:00:00+07:00,5753.379465350668,5810.913260004174,5744.528112327052,5797.63623046875,119784000,0.0,0.0
2020-11-18 00:00:00+07:00,5797.6366481461655,5819.765032299396,5788.785294484874,5815.33935546875,99789000,0.0,0.0
2020-11-19 00:00:00+07:00,5771.0820696334085,5877.298304043839,5766.656393199641,5855.169921875,147346500,0.0,0.0
2020-11-20 00:00:00+07:00,5877.297987689394,5886.149340080492,5797.635816169508,5841.892578125,68468500,0.0,0.0
2020-11-23 00:00:00+07:00,5841.892578125,5850.743930516099,5797.635816169508,5841.892578125,75265500,0.0,0.0
2020-11-24 00:00:00+07:00,5841.892820592155,5841.892820592155,5793.2103804205535,5810.9130859375,72349500,0.0,0.0
2020-11-25 00:00:00+07:00,5824.18978524766,5828.615461376267,5647.162740103354,5673.716796875,170140500,0.0,0.0
2020-11-26 00:00:00+07:00,5620.6082115644285,5744.527132764275,5576.351453993056,5735.67578125,64339000,0.0,0.0
2020-11-27 00:00:00+07:00,5735.675729248238,5744.527080682263,5647.162214907988,5651.587890625,87361500,0.0,0.0
2020-11-30 00:00:00+07:00,5651.589508130414,5664.866539081386,5430.305658947547,5492.26513671875,393091500,0.0,0.0
2020-12-01 00:00:00+07:00,5505.541747092455,5695.845842852082,5505.541747092455,5660.4404296875,114563500,0.0,0.0
2020-12-02 00:00:00+07:00,5717.974400436047,5740.102784338663,5611.758157703489,5709.123046875,93897500,0.0,0.0
2020-12-03 00:00:00+07:00,5753.379042303599,5775.507423235536,5686.993899507788,5717.9736328125,98210000,0.0,0.0
2020-12-04 00:00:00+07:00,5717.973133069249,5722.398808868838,5629.459617077465,5656.013671875,64995500,0.0,0.0
2020-12-07 00:00:00+07:00,5753.379325632669,5824.190148101994,5735.676620015338,5771.08203125,96636000,0.0,0.0
2020-12-08 00:00:00+07:00,5771.082380344761,5771.082380344761,5686.994523575934,5744.5283203125,70561500,19.6,0.0
2020-12-10 00:00:00+07:00,5850.711291735979,5859.589457580798,5806.3204625118815,5837.39404296875,151420500,0.0,0.0
2020-12-11 00:00:00+07:00,5859.589104259466,6019.396079830178,5855.150021604723,5979.4443359375,214160000,0.0,0.0
2020-12-14 00:00:00+07:00,6037.1513872342375,6063.785878648506,6032.712305331859,6054.90771484375,179785500,0.0,0.0
2020-12-15 00:00:00+07:00,6063.78658513784,6125.9337390118735,5864.027876257018,6028.27392578125,164024500,0.0,0.0
2020-12-16 00:00:00+07:00,6090.421221616456,6170.32470703125,6072.66489152428,6170.32470703125,138674000,0.0,0.0
2020-12-17 00:00:00+07:00,6183.64132837847,6214.714902892934,6054.907948247116,6157.0068359375,91920000,0.0,0.0
2020-12-18 00:00:00+07:00,6157.00757410386,6157.00757410386,5997.200600298714,6037.15234375,147238500,0.0,0.0
2020-12-21 00:00:00+07:00,6117.055117873811,6117.055117873811,6037.151640281845,6063.7861328125,93692500,0.0,0.0
2020-12-22 00:00:00+07:00,5983.883891590655,6054.909219680752,5957.249393556869,5961.6884765625,61790500,0.0,0.0
2020-12-23 00:00:00+07:00,6130.373388127324,6130.373388127324,5877.345666821561,5970.56640625,76948000,0.0,0.0
2020-12-28 00:00:00+07:00,6028.273183276871,6054.907674513735,5912.857054583794,6019.39501953125,60234000,0.0,0.0
2020-12-29 00:00:00+07:00,6014.956778267623,6046.030355719928,5983.883200815318,6006.07861328125,34212500,0.0,0.0
2020-12-30 00:00:00+07:00,6037.153053452732,6037.153053452732,5948.371390901957,6010.5185546875,52675500,0.0,0.0
2021-01-04 00:00:00+07:00,6037.152009418434,6085.981915376966,5966.12669166057,6068.2255859375,47937000,0.0,0.0
2021-01-05 00:00:00+07:00,6090.420868135137,6294.61865234375,6081.542703604328,6294.61865234375,104831000,0.0,0.0
2021-01-06 00:00:00+07:00,6259.106476950594,6281.301889989426,6108.177668286537,6165.8857421875,89753500,0.0,0.0
2021-01-07 00:00:00+07:00,6214.715668184674,6259.106494385992,6134.812181022299,6183.64208984375,71360000,0.0,0.0
2021-01-08 00:00:00+07:00,6245.788710314163,6285.740450465426,6192.519723445812,6259.10595703125,75033500,0.0,0.0
2021-01-11 00:00:00+07:00,6347.887513827433,6534.328965282505,6343.448431649932,6521.01171875,169034500,0.0,0.0
2021-01-12 00:00:00+07:00,6521.012165090891,6552.085742460283,6356.76611328125,6356.76611328125,95235000,0.0,0.0
2021-01-13 00:00:00+07:00,6432.229982526115,6458.864475207382,6276.862108552054,6321.2529296875,76581500,0.0,0.0
2021-01-14 00:00:00+07:00,6259.106174045139,6294.618833188658,6210.276267722801,6232.4716796875,89319500,0.0,0.0
2021-01-15 00:00:00+07:00,6299.05798015142,6303.497062589863,6072.664775790798,6174.763671875,89853500,0.0,0.0
2021-01-18 00:00:00+07:00,6174.763219940529,6325.692011801045,6077.103413442548,6321.2529296875,86343000,0.0,0.0
2021-01-19 00:00:00+07:00,6321.253518102537,6321.253518102537,6219.154619987117,6299.05810546875,73777000,0.0,0.0
2021-01-20 00:00:00+07:00,6361.205260843354,6476.621406539046,6276.862692834963,6299.05810546875,107216000,0.0,0.0
2021-01-21 00:00:00+07:00,6463.304643330388,6481.060974768109,6267.984997515459,6281.30224609375,66428000,0.0,0.0
2021-01-22 00:00:00+07:00,6281.302128161414,6356.766535354873,6281.302128161414,6285.7412109375,80829000,0.0,0.0
2021-01-25 00:00:00+07:00,6392.278784648188,6392.278784648188,6214.7154850746265,6245.7890625,76836500,0.0,0.0
2021-01-26 00:00:00+07:00,6174.762926207959,6214.714663329362,6054.90771484375,6054.90771484375,98658000,0.0,0.0
2021-01-27 00:00:00+07:00,6054.908420298692,6152.568233529317,5952.809524648495,6028.27392578125,97920000,0.0,0.0
2021-01-28 00:00:00+07:00,6028.274263332201,6148.129495371943,6028.274263332201,6125.93408203125,104627000,0.0,0.0
2021-01-29 00:00:00+07:00,6125.934459076831,6214.716117904031,6001.64013671875,6001.64013671875,132762500,0.0,0.0
2021-02-01 00:00:00+07:00,6001.638732015213,6143.689352891312,5855.149029236734,6054.90771484375,113129000,0.0,0.0
2021-02-02 00:00:00+07:00,6183.642069738052,6196.959317555147,6037.15234375,6037.15234375,86741000,0.0,0.0
2021-02-03 00:00:00+07:00,6214.715544871795,6214.715544871795,6059.34765625,6059.34765625,67291000,0.0,0.0
2021-02-04 00:00:00+07:00,6143.690497355944,6214.715821024799,6068.226090957786,6085.982421875,80950500,0.0,0.0
2021-02-05 00:00:00+07:00,6099.299234849512,6170.324553450379,6085.981987611849,6139.2509765625,51602000,0.0,0.0
2021-02-08 00:00:00+07:00,6259.105584469834,6263.544666444635,6108.17679732659,6143.689453125,45604000,0.0,0.0
2021-02-09 00:00:00+07:00,6214.715803523461,6241.350299824275,6174.764059072238,6196.95947265625,75574000,0.0,0.0
2021-02-10 00:00:00+07:00,6259.105584469834,6259.105584469834,6125.933125225794,6143.689453125,44984500,0.0,0.0
2021-02-11 00:00:00+07:00,6201.398470146712,6201.398470146712,6072.665073128634,6108.177734375,36926000,0.0,0.0
2021-02-15 00:00:00+07:00,6063.786839384191,6117.055830652574,5966.127022058824,6037.15234375,83922000,0.0,0.0
2021-02-16 00:00:00+07:00,6108.178269092218,6165.886348669398,6063.7874386482345,6161.447265625,47221000,0.0,0.0
2021-02-17 00:00:00+07:00,6117.055916694972,6179.203074048913,6081.543255349864,6125.93408203125,66011500,0.0,0.0
2021-02-18 00:00:00+07:00,6081.543236996567,6125.934063543987,5979.4443359375,5979.4443359375,91204000,0.0,0.0
2021-02-19 00:00:00+07:00,6019.395913461539,6081.543068910257,6001.639583333334,6059.34765625,70487500,0.0,0.0
2021-02-22 00:00:00+07:00,6125.9337390118735,6161.4463983684645,6028.27392578125,6028.27392578125,68913000,0.0,0.0
2021-02-23 00:00:00+07:00,6054.908573717949,6077.103986378205,6014.956830929487,6059.34765625,58360000,0.0,0.0
2021-02-24 00:00:00+07:00,6059.348062848513,6068.226228508364,5970.56640625,5970.56640625,71869000,0.0,0.0
2021-02-25 00:00:00+07:00,5983.8831474878825,6010.517642209638,5930.61415804437,5952.8095703125,78688000,0.0,0.0
2021-02-26 00:00:00+07:00,5952.809940707666,6046.030678034184,5899.540947949656,5957.2490234375,173631500,0.0,0.0
2021-03-01 00:00:00+07:00,6063.786925706397,6254.66748046875,6037.152429693045,6254.66748046875,205539000,0.0,0.0
2021-03-02 00:00:00+07:00,6321.253446854954,6356.766106668746,6214.715467413578,6228.03271484375,81446500,0.0,0.0
2021-03-03 00:00:00+07:00,6272.42389578683,6290.180226702008,6214.7158203125,6214.7158203125,84470000,0.0,0.0
2021-03-04 00:00:00+07:00,6130.373007638114,6214.715576171875,5966.126953125,5966.126953125,120802500,0.0,0.0
2021-03-05 00:00:00+07:00,5966.127022058824,6148.129408892463,5966.127022058824,6037.15234375,111871500,0.0,0.0
2021-03-08 00:00:00+07:00,6170.32475062779,6170.32475062779,5966.126953125,5966.126953125,90883000,0.0,0.0
2021-03-09 00:00:00+07:00,5948.369902062831,5961.687148112225,5859.588261733535,5864.02734375,135582000,0.0,0.0
2021-03-10 00:00:00+07:00,5966.126817673378,5966.126817673378,5877.3451686008575,5952.8095703125,50302000,0.0,0.0
2021-03-12 00:00:00+07:00,6103.738428131352,6108.177510624538,5961.687788349385,6006.07861328125,74328000,0.0,0.0
2021-03-15 00:00:00+07:00,6050.469847076027,6054.908929869186,5917.29736328125,5917.29736328125,57416000,0.0,0.0
2021-03-16 00:00:00+07:00,5957.249075029481,5957.249075029481,5877.345585200472,5881.78466796875,70755500,0.0,0.0
2021-03-17 00:00:00+07:00,5903.979946488512,5917.29719448811,5864.028202489717,5868.46728515625,71474500,0.0,0.0
2021-03-18 00:00:00+07:00,5877.3451686008575,5966.126817673378,5868.467003693606,5952.8095703125,70067500,0.0,0.0
2021-03-19 00:00:00+07:00,6010.51830260147,6010.51830260147,5881.78489730203,6001.64013671875,125853000,0.0,0.0
2021-03-22 00:00:00+07:00,5895.102034554381,5930.614697413143,5868.46753741031,5877.345703125,67523500,0.0,0.0
2021-03-23 00:00:00+07:00,5966.126689832445,5966.126689832445,5819.636972001737,5828.51513671875,127762500,0.0,0.0
2021-03-24 00:00:00+07:00,5784.125309345885,5815.198891207298,5699.782730007764,5717.5390625,152050000,0.0,0.0
2021-03-25 00:00:00+07:00,5682.025117739404,5717.537774725275,5619.877968014129,5655.390625,119101500,0.0,0.0
2021-03-26 00:00:00+07:00,5655.391516313085,5721.97775865586,5593.2443567931605,5695.34326171875,134467500,0.0,0.0
2021-03-29 00:00:00+07:00,5690.903518388856,5784.124246849205,5646.5126953125,5646.5126953125,113370500,0.0,0.0
2021-03-30 00:00:00+07:00,5655.391500012216,5730.85590778318,5655.391500012216,5677.5869140625,83115500,0.0,0.0
2021-03-31 00:00:00+07:00,5673.14717731798,5677.586259616352,5455.632144697807,5517.779296875,223390500,0.0,0.0
2021-04-01 00:00:00+07:00,5517.779062343123,5566.608965549699,5464.510077026857,5526.6572265625,112286000,0.0,0.0
2021-04-05 00:00:00+07:00,5548.853312538079,5584.365973738322,5464.5107421875,5464.5107421875,73311500,0.0,0.0
2021-04-06 00:00:00+07:00,5446.754663026536,5477.828243011202,5397.92475162206,5473.38916015625,80215000,0.0,0.0
2021-04-07 00:00:00+07:00,5464.5104613281255,5571.048439453125,5446.754131640625,5548.85302734375,107908000,0.0,0.0
2021-04-08 00:00:00+07:00,5581.622972060921,5595.12689860623,5514.103339334378,5523.10595703125,123697500,86.4,0.0
2021-04-09 00:00:00+07:00,5685.152654438633,5689.653962953629,5532.108164928805,5581.62255859375,116961000,0.0,0.0
2021-04-12 00:00:00+07:00,5667.147093820848,5667.147093820848,5455.585605806884,5460.0869140625,110411500,0.0,0.0
2021-04-13 00:00:00+07:00,5446.5833984375,5455.586015625,5383.565078125001,5401.5703125,119211500,0.0,0.0
2021-04-14 00:00:00+07:00,5496.098038820876,5676.150390625,5455.586259664949,5676.150390625,135519500,0.0,0.0
2021-04-15 00:00:00+07:00,5676.150587725791,5680.651896677199,5563.617863940585,5653.64404296875,102686500,0.0,0.0
2021-04-16 00:00:00+07:00,5734.666950168078,5734.666950168078,5595.12638858628,5649.14208984375,79293500,0.0,0.0
2021-04-19 00:00:00+07:00,5649.1424219840255,5653.643730686802,5608.630643659041,5644.64111328125,47095000,0.0,0.0
2021-04-20 00:00:00+07:00,5581.622190131315,5626.635272309793,5568.118265477771,5613.13134765625,72721000,0.0,0.0
2021-04-21 00:00:00+07:00,5581.622931239863,5604.1294753174425,5550.11376953125,5550.11376953125,68397000,0.0,0.0
2021-04-22 00:00:00+07:00,5581.622539345334,5649.142166837415,5563.617305347446,5595.12646484375,63758000,0.0,0.0
2021-04-23 00:00:00+07:00,5653.643574554969,5757.173671859718,5604.129180191828,5752.67236328125,108498500,0.0,0.0
2021-04-26 00:00:00+07:00,5757.173313817621,5761.67462211615,5653.643222951472,5658.14453125,108742000,0.0,0.0
2021-04-27 00:00:00+07:00,5734.667109588456,5793.184120910787,5721.163183898688,5766.17626953125,132650000,0.0,0.0
2021-04-28 00:00:00+07:00,5761.675731803798,5766.177040969269,5685.153475990778,5689.65478515625,87660000,0.0,0.0
2021-04-29 00:00:00+07:00,5815.6903291366025,5815.6903291366025,5725.664163050897,5770.67724609375,57355000,0.0,0.0
2021-04-30 00:00:00+07:00,5806.688046600556,5806.688046600556,5743.669726714968,5766.17626953125,65829500,0.0,0.0
2021-05-03 00:00:00+07:00,5833.695917693662,5833.695917693662,5712.160586075044,5752.67236328125,42065500,0.0,0.0
2021-05-04 00:00:00+07:00,5716.662204742432,5788.683145904541,5707.659587097168,5761.67529296875,50123500,0.0,0.0
2021-05-05 00:00:00+07:00,5779.680331955253,5788.682949294747,5761.675097276265,5784.181640625,51685000,0.0,0.0
2021-05-06 00:00:00+07:00,5761.675097276265,5806.688183973735,5761.675097276265,5784.181640625,38115500,0.0,0.0
2021-05-07 00:00:00+07:00,5815.690998840332,5815.690998840332,5748.171366500855,5761.67529296875,48864000,0.0,0.0
2021-05-10 00:00:00+07:00,5761.674941588785,5779.68017578125,5757.173633040669,5779.68017578125,68180500,0.0,0.0
2021-05-11 00:00:00+07:00,5761.674864969136,5833.69580078125,5676.150003692251,5833.69580078125,70680000,0.0,0.0
2021-05-17 00:00:00+07:00,5851.70068359375,5851.70068359375,5739.167978140024,5851.70068359375,129058500,0.0,0.0
2021-05-18 00:00:00+07:00,5761.674980438184,5811.189374801325,5730.165820388914,5752.67236328125,73563000,0.0,0.0
2021-05-19 00:00:00+07:00,5743.66931392829,5761.674546887312,5703.157539770488,5712.16015625,64912500,0.0,0.0
2021-05-20 00:00:00+07:00,5752.672539307406,5793.184317753233,5716.662069577782,5743.669921875,64950000,0.0,0.0
2021-05-21 00:00:00+07:00,5806.687610554245,5806.687610554245,5635.637897995282,5725.6640625,92620000,0.0,0.0
2021-05-24 00:00:00+07:00,5721.163124536808,5743.669667119565,5662.64611382164,5694.1552734375,59210000,0.0,0.0
2021-05-25 00:00:00+07:00,5671.648692589497,5797.685330202597,5671.648692589497,5721.1630859375,87470000,0.0,0.0
2021-05-27 00:00:00+07:00,5797.685609175637,5833.696078797847,5644.64111328125,5644.64111328125,537971500,0.0,0.0
2021-05-28 00:00:00+07:00,5698.656562684838,5734.667030695485,5698.656562684838,5707.6591796875,102108500,0.0,0.0
2021-05-31 00:00:00+07:00,5725.664044117647,5752.671893382353,5694.154886642157,5739.16796875,101442000,0.0,0.0
2021-06-02 00:00:00+07:00,5851.701544977765,5865.205471620021,5779.680602885731,5820.1923828125,141732500,0.0,0.0
2021-06-03 00:00:00+07:00,5847.200055486505,5941.7275390625,5788.683041844223,5941.7275390625,133810500,0.0,0.0
2021-06-04 00:00:00+07:00,5959.732637074943,5959.732637074943,5851.701229756364,5923.72216796875,62108500,0.0,0.0
2021-06-07 00:00:00+07:00,5905.716835758039,5914.71945288572,5788.6828130982,5878.708984375,62576000,0.0,0.0
2021-06-08 00:00:00+07:00,5919.220561120966,5919.220561120966,5788.6826171875,5788.6826171875,64348000,0.0,0.0
2021-06-09 00:00:00+07:00,5725.664493204441,5883.210292938839,5725.664493204441,5878.708984375,77198000,0.0,0.0
2021-06-10 00:00:00+07:00,5901.215895177375,5959.73291015625,5842.698880198499,5959.73291015625,73262500,0.0,0.0
2021-06-11 00:00:00+07:00,5914.719531853748,5923.722149101623,5815.690742127125,5824.693359375,72780500,0.0,0.0
2021-06-14 00:00:00+07:00,5869.706028788027,5869.706028788027,5761.674629485179,5770.67724609375,61478500,0.0,0.0
2021-06-15 00:00:00+07:00,5802.186816255313,5824.693359375,5766.176347263814,5824.693359375,87799000,0.0,0.0
2021-06-16 00:00:00+07:00,5779.6800576301885,5793.183982998483,5725.664356157009,5748.1708984375,48984000,0.0,0.0
2021-06-17 00:00:00+07:00,5752.671949052133,5752.671949052133,5649.141859202212,5698.65625,68448500,0.0,0.0
2021-06-18 00:00:00+07:00,5671.648730854743,5712.160507503705,5653.643496788537,5694.1552734375,118043000,0.0,0.0
2021-06-21 00:00:00+07:00,5671.648828125,5671.648828125,5590.6252734375,5626.6357421875,60823500,0.0,0.0
2021-06-22 00:00:00+07:00,5626.635626663545,5752.672264700808,5617.633009660883,5707.6591796875,65824000,0.0,0.0
2021-06-23 00:00:00+07:00,5667.14738138606,5707.659157742275,5608.63037109375,5608.63037109375,52451000,0.0,0.0
2021-06-24 00:00:00+07:00,5680.65116747182,5680.65116747182,5581.622383252818,5590.625,56010000,0.0,0.0
2021-06-25 00:00:00+07:00,5608.630586442347,5635.638438383481,5572.6201171875,5572.6201171875,68939500,0.0,0.0
2021-06-28 00:00:00+07:00,5491.596248258154,5536.609332260271,5451.08447265625,5451.08447265625,84420500,0.0,0.0
2021-06-29 00:00:00+07:00,5446.583828480408,5482.594300073666,5437.581210582092,5442.08251953125,53704000,0.0,0.0
2021-06-30 00:00:00+07:00,5401.570604253112,5464.588927969398,5401.570604253112,5424.0771484375,65795000,0.0,0.0
2021-07-01 00:00:00+07:00,5455.586310295643,5469.090236806276,5401.570604253112,5424.0771484375,58153000,0.0,0.0
2021-07-02 00:00:00+07:00,5464.58834128458,5527.606658235143,5437.58049116291,5491.59619140625,67392500,0.0,0.0
2021-07-05 00:00:00+07:00,5491.596991356383,5518.604845412234,5464.589137300532,5500.599609375,39710500,0.0,0.0
2021-07-06 00:00:00+07:00,5500.598865058578,5500.598865058578,5451.08447265625,5451.08447265625,34279500,0.0,0.0
2021-07-07 00:00:00+07:00,5563.617003941674,5563.617003941674,5428.577756273186,5460.0869140625,35595000,0.0,0.0
2021-07-08 00:00:00+07:00,5401.570293017456,5437.580761637572,5383.565058707398,5415.07421875,47297000,0.0,0.0
2021-07-09 00:00:00+07:00,5410.573066179142,5419.57568359375,5392.567831349928,5419.57568359375,40707500,0.0,0.0
2021-07-12 00:00:00+07:00,5464.588575168405,5563.617363186284,5419.575489705733,5554.61474609375,65981500,0.0,0.0
2021-07-13 00:00:00+07:00,5554.615243260184,5559.1165522093415,5415.074665836306,5442.08251953125,65946500,0.0,0.0
2021-07-14 00:00:00+07:00,5419.575723536624,5428.578341017581,5383.565253612792,5392.56787109375,59321000,0.0,0.0
2021-07-15 00:00:00+07:00,5401.57048497547,5505.1005859375,5397.069176237991,5505.1005859375,49724000,0.0,0.0
2021-07-16 00:00:00+07:00,5554.615317486702,5554.615317486702,5451.085210272607,5500.599609375,47998500,0.0,0.0
2021-07-19 00:00:00+07:00,5500.599260544598,5500.599260544598,5406.07177734375,5406.07177734375,47119000,0.0,0.0
2021-07-21 00:00:00+07:00,5446.583713017367,5509.602036969634,5410.5732421875,5410.5732421875,55009500,0.0,0.0
2021-07-22 00:00:00+07:00,5505.100371347608,5541.11083984375,5446.583360041379,5541.11083984375,60792000,0.0,0.0
2021-07-23 00:00:00+07:00,5563.617541878107,5572.620159259787,5424.07697246207,5433.07958984375,79938000,0.0,0.0
2021-07-26 00:00:00+07:00,5437.5809384107,5455.586173306099,5406.07177734375,5406.07177734375,48171500,0.0,0.0
2021-07-27 00:00:00+07:00,5406.07177734375,5455.586173306099,5401.5704686199,5406.07177734375,53107500,0.0,0.0
2021-07-28 00:00:00+07:00,5406.071974125993,5410.573283013691,5374.562811912103,5383.5654296875,74133000,0.0,0.0
2021-07-29 00:00:00+07:00,5451.084491653947,5478.092342149343,5383.564865415459,5437.58056640625,84605000,0.0,0.0
2021-07-30 00:00:00+07:00,5437.58082077052,5491.596524288108,5365.5598827470685,5374.5625,105685000,0.0,0.0
2021-08-02 00:00:00+07:00,5455.585737599622,5460.087045963978,5316.045178304583,5365.5595703125,119981500,0.0,0.0
2021-08-03 00:00:00+07:00,5424.076510771587,5563.61706831011,5388.066044310033,5532.10791015625,110071500,0.0,0.0
2021-08-04 00:00:00+07:00,5532.108104830474,5536.609413296568,5455.585860906863,5509.6015625,41112000,0.0,0.0
2021-08-05 00:00:00+07:00,5554.614900328621,5680.65154312376,5527.607048301092,5671.64892578125,93768000,0.0,0.0
2021-08-06 00:00:00+07:00,5725.664652242289,5725.664652242289,5523.105761243151,5545.6123046875,67285000,0.0,0.0
2021-08-09 00:00:00+07:00,5523.105547898816,5581.62255859375,5496.097696808845,5581.62255859375,52858500,0.0,0.0
2021-08-10 00:00:00+07:00,5626.635839068701,5671.64892578125,5505.100504944817,5671.64892578125,60446000,0.0,0.0
2021-08-12 00:00:00+07:00,5509.601813616072,5689.65416046627,5509.601813616072,5671.64892578125,118325500,0.0,0.0
2021-08-13 00:00:00+07:00,5716.661546442327,5793.183787615177,5694.1550049209,5770.67724609375,86929000,0.0,0.0
2021-08-16 00:00:00+07:00,5779.68017578125,5779.68017578125,5676.150079174577,5779.68017578125,69282000,0.0,0.0
2021-08-18 00:00:00+07:00,5869.706599195076,6085.769418797348,5815.690894294507,5941.7275390625,186354500,0.0,0.0
2021-08-19 00:00:00+07:00,5941.7275390625,5941.7275390625,5878.709216678504,5941.7275390625,100926000,0.0,0.0
2021-08-20 00:00:00+07:00,5941.7275390625,5941.7275390625,5860.703981711647,5941.7275390625,120163500,0.0,0.0
2021-08-23 00:00:00+07:00,5865.204981802447,5932.724609375,5865.204981802447,5932.724609375,68253000,0.0,0.0
2021-08-24 00:00:00+07:00,5914.719686612216,5941.7275390625,5851.70136422822,5941.7275390625,59561500,0.0,0.0
2021-08-25 00:00:00+07:00,5941.7275390625,5946.228847804214,5928.223612837358,5941.7275390625,80751500,0.0,0.0
2021-08-26 00:00:00+07:00,5905.71630859375,5923.721541241902,5824.692761677067,5905.71630859375,74337000,0.0,0.0
2021-08-27 00:00:00+07:00,5842.697892665131,5878.70835733487,5842.697892665131,5860.703125,71572500,0.0,0.0
2021-08-30 00:00:00+07:00,5878.708615467917,5923.721698281607,5869.70599890518,5910.2177734375,74564500,0.0,0.0
2021-08-31 00:00:00+07:00,5869.70650345897,5914.719590141937,5865.205194790673,5896.71435546875,115373500,0.0,0.0
2021-09-01 00:00:00+07:00,5896.713848593393,5941.726931407084,5883.209923749287,5910.2177734375,67362500,0.0,0.0
2021-09-02 00:00:00+07:00,5874.207987654099,5919.2210756821005,5811.189664414898,5887.7119140625,53257000,0.0,0.0
2021-09-03 00:00:00+07:00,5905.717069128788,5941.7275390625,5865.205290453362,5941.7275390625,35764500,0.0,0.0
2021-09-06 00:00:00+07:00,5941.727735860266,5946.2290447510695,5896.714646952233,5919.22119140625,36780000,0.0,0.0
2021-09-07 00:00:00+07:00,5937.226760562334,5946.229378849767,5914.72021484375,5914.72021484375,53902000,0.0,0.0
2021-09-08 00:00:00+07:00,5896.714833893391,5937.226615194949,5779.680799022224,5797.68603515625,77888000,0.0,0.0
2021-09-09 00:00:00+07:00,5770.678322244816,5914.72021484375,5770.678322244816,5914.72021484375,110074000,0.0,0.0
2021-09-10 00:00:00+07:00,5847.199999475772,5910.218321256111,5847.199999475772,5869.70654296875,41483500,0.0,0.0
2021-09-13 00:00:00+07:00,5905.716640446224,5905.716640446224,5874.207481541404,5901.21533203125,29929000,0.0,0.0
2021-09-14 00:00:00+07:00,5932.72466756589,5937.225976114878,5847.199805135122,5892.212890625,51990500,0.0,0.0
2021-09-15 00:00:00+07:00,5892.212791765902,5896.714100239366,5838.19709008432,5847.19970703125,44514000,0.0,0.0
2021-09-16 00:00:00+07:00,5923.721615084134,5923.721615084134,5833.695450721154,5851.70068359375,58672500,0.0,0.0
2021-09-17 00:00:00+07:00,5842.698690777176,5883.210469064537,5833.696073379985,5869.70654296875,117540000,0.0,0.0
2021-09-20 00:00:00+07:00,5914.720193710848,5932.725430221384,5860.704484179242,5928.22412109375,73157500,0.0,0.0
2021-09-21 00:00:00+07:00,5860.70347559948,5883.210017364455,5824.69300877552,5842.6982421875,57115500,0.0,0.0
2021-09-22 00:00:00+07:00,5851.700939466533,5923.721874106121,5851.700939466533,5901.21533203125,68722000,0.0,0.0
2021-09-23 00:00:00+07:00,5901.215624777379,5932.724785245298,5892.213007500832,5923.72216796875,60998500,0.0,0.0
2021-09-24 00:00:00+07:00,5851.701865923975,5928.22412109375,5851.701865923975,5928.22412109375,60539500,0.0,0.0
2021-09-27 00:00:00+07:00,5928.223476607024,5937.2260938835725,5901.215624777379,5923.72216796875,55052500,0.0,0.0
2021-09-28 00:00:00+07:00,5887.711777763133,5905.717012557516,5851.701308174368,5869.70654296875,80186000,0.0,0.0
2021-09-29 00:00:00+07:00,5869.706464309461,5923.72216796875,5865.205155671187,5923.72216796875,74079000,0.0,0.0
2021-09-30 00:00:00+07:00,5941.727343750001,6301.83203125,5937.22603515625,6301.83203125,156848000,0.0,0.0
2021-10-01 00:00:00+07:00,6211.806178346893,6211.806178346893,6040.756443001109,6085.76953125,103954500,0.0,0.0
2021-10-04 00:00:00+07:00,6067.763719580639,6265.8212890625,6067.763719580639,6265.8212890625,74719000,0.0,0.0
2021-10-05 00:00:00+07:00,6220.808709756345,6252.31787109375,6175.79562213148,6252.31787109375,54986500,0.0,0.0
2021-10-06 00:00:00+07:00,6283.827043708653,6463.87939453125,6274.824426167523,6463.87939453125,174312000,0.0,0.0
2021-10-07 00:00:00+07:00,6459.377460160069,6459.377460160069,6373.852601802549,6445.87353515625,107263500,0.0,0.0
2021-10-08 00:00:00+07:00,6481.884162808642,6571.91033173654,6459.377620576668,6562.90771484375,94643500,0.0,0.0
2021-10-11 00:00:00+07:00,6517.894512405238,6562.907596054445,6508.891895675396,6531.3984375,47201000,0.0,0.0
2021-10-12 00:00:00+07:00,6531.398033934212,6589.9150390625,6522.39541776063,6589.9150390625,91067000,0.0,0.0
2021-10-13 00:00:00+07:00,6661.936526681893,7427.158965557516,6661.936526681893,6774.46923828125,210893300,0.0,5.0
2021-10-14 00:00:00+07:00,6841.989062500001,7112.067578125,6841.989062500001,6977.0283203125,138811900,0.0,0.0
2021-10-15 00:00:00+07:00,7022.040709252451,7089.560331456802,6706.949138965482,6887.00146484375,142378200,0.0,0.0
2021-10-18 00:00:00+07:00,6887.001949880606,6909.508492200477,6729.456153641508,6774.46923828125,116644300,0.0,0.0
2021-10-19 00:00:00+07:00,6729.456834309895,6774.469923502604,6616.924111328125,6751.96337890625,134601200,0.0,0.0
2021-10-21 00:00:00+07:00,6751.962692673143,6796.975777290963,6616.923438819679,6661.9365234375,106120100,0.0,0.0
2021-10-22 00:00:00+07:00,6706.949611321636,6796.975780601121,6684.443069001764,6774.46923828125,96730700,0.0,0.0
2021-10-25 00:00:00+07:00,6661.936526681893,6774.46923828125,6661.936526681893,6774.46923828125,60329800,0.0,0.0
2021-10-26 00:00:00+07:00,6841.988865240864,6841.988865240864,6751.962695961379,6774.46923828125,70103000,0.0,0.0
2021-10-27 00:00:00+07:00,6819.4824202364725,6819.4824202364725,6684.443164390205,6706.94970703125,57067000,0.0,0.0
2021-10-28 00:00:00+07:00,6616.923632812501,6684.44326171875,6616.923632812501,6639.43017578125,75271900,0.0,0.0
2021-10-29 00:00:00+07:00,6706.949999346781,6729.45654296875,6639.430368480874,6729.45654296875,60639200,0.0,0.0
2021-11-01 00:00:00+07:00,6796.975777290963,6796.975777290963,6661.9365234375,6661.9365234375,38593400,0.0,0.0
2021-11-02 00:00:00+07:00,6639.430274440818,6684.443361047196,6526.897557924872,6571.91064453125,90535400,0.0,0.0
2021-11-03 00:00:00+07:00,6571.910255899235,6661.9364237882655,6526.89717195472,6616.92333984375,61621500,0.0,0.0
2021-11-04 00:00:00+07:00,6684.44326171875,6729.456347656251,6639.43017578125,6639.43017578125,61081400,0.0,0.0
2021-11-05 00:00:00+07:00,6729.456249672295,6729.456249672295,6639.430079108117,6706.94970703125,43120400,0.0,0.0
2021-11-08 00:00:00+07:00,6751.9623104888615,6841.9884746287125,6706.949228418936,6819.48193359375,85441700,0.0,0.0
2021-11-09 00:00:00+07:00,6841.989159201955,6909.5087890625,6819.482615915106,6909.5087890625,101785800,0.0,0.0
2021-11-10 00:00:00+07:00,6909.508005578534,6909.508005578534,6819.4818426394,6887.00146484375,47503900,0.0,0.0
2021-11-11 00:00:00+07:00,6932.015332349349,6977.028418923046,6841.989159201955,6909.5087890625,55790000,0.0,0.0
2021-11-12 00:00:00+07:00,6977.028119160091,6977.028119160091,6774.46923828125,6774.46923828125,52590100,0.0,0.0
2021-11-15 00:00:00+07:00,6864.496101888021,6864.496101888021,6751.96337890625,6751.96337890625,67344200,0.0,0.0
2021-11-16 00:00:00+07:00,6661.936912102843,6729.45654296875,6594.417281236935,6729.45654296875,98616900,0.0,0.0
2021-11-17 00:00:00+07:00,6774.620010829208,6842.3662109375,6706.873810720916,6842.3662109375,61968100,25.0,0.0
2021-11-18 00:00:00+07:00,6706.874059728674,6774.620262352196,6684.2919921875,6684.2919921875,78839600,0.0,0.0
2021-11-19 00:00:00+07:00,6706.87353515625,6729.455600931187,6661.709403606376,6706.87353515625,68203700,0.0,0.0
2021-11-22 00:00:00+07:00,6706.874436598558,6797.202711838942,6684.292367788462,6752.03857421875,66328300,0.0,0.0
2021-11-23 00:00:00+07:00,6684.292367788462,6774.620643028846,6684.292367788462,6752.03857421875,43477500,0.0,0.0
2021-11-24 00:00:00+07:00,6842.366849459135,6842.366849459135,6706.874436598558,6752.03857421875,35181400,0.0,0.0
2021-11-25 00:00:00+07:00,6729.455600931187,6797.201798255997,6706.87353515625,6706.87353515625,40216100,0.0,0.0
2021-11-26 00:00:00+07:00,6684.291680090206,6729.455813063788,6548.7992811694585,6571.38134765625,113288400,0.0,0.0
2021-11-29 00:00:00+07:00,6571.38165448163,6706.874059728674,6481.053384316934,6684.2919921875,87907900,0.0,0.0
2021-11-30 00:00:00+07:00,6616.545480629832,6706.873746576997,6571.38134765625,6571.38134765625,144923700,0.0,0.0
2021-12-01 00:00:00+07:00,6571.381799149186,6729.456275417379,6571.381799149186,6593.9638671875,76538100,0.0,0.0
2021-12-02 00:00:00+07:00,6661.710262044271,6774.62060546875,6593.964055989583,6774.62060546875,66831000,0.0,0.0
2021-12-03 00:00:00+07:00,6797.20236692267,6797.20236692267,6639.127893273305,6661.7099609375,63283700,0.0,0.0
2021-12-06 00:00:00+07:00,6729.456200839711,6752.038268627764,6639.1279296875,6639.1279296875,56944100,0.0,0.0
2021-12-07 00:00:00+07:00,6729.456200839711,6752.038268627764,6639.1279296875,6639.1279296875,51258200,0.0,0.0
2021-12-08 00:00:00+07:00,6729.455600931187,6752.037666706124,6684.291469381313,6706.87353515625,74775000,0.0,0.0
2021-12-09 00:00:00+07:00,6684.292065263605,6729.456200839711,6639.1279296875,6639.1279296875,54886400,0.0,0.0
2021-12-10 00:00:00+07:00,6616.545825609111,6661.7099609375,6571.38169028072,6661.7099609375,91092400,0.0,0.0
2021-12-13 00:00:00+07:00,6661.710071302439,6684.292139340753,6593.9638671875,6593.9638671875,59977100,0.0,0.0
2021-12-14 00:00:00+07:00,6593.9638671875,6661.710071302439,6571.381799149186,6593.9638671875,49763600,0.0,0.0
2021-12-15 00:00:00+07:00,6593.9638671875,6661.710071302439,6571.381799149186,6593.9638671875,52477600,0.0,0.0
2021-12-16 00:00:00+07:00,6661.709613603414,6684.291680090206,6571.38134765625,6571.38134765625,95171400,0.0,0.0
2021-12-17 00:00:00+07:00,6616.546124674479,6774.62060546875,6593.964055989583,6774.62060546875,107096800,0.0,0.0
2021-12-20 00:00:00+07:00,6639.127893273305,6684.292028601695,6616.545825609111,6661.7099609375,74753000,0.0,0.0
2021-12-21 00:00:00+07:00,6616.545825609111,6684.292028601695,6616.545825609111,6661.7099609375,52386100,0.0,0.0
2021-12-22 00:00:00+07:00,6706.874170088524,6706.874170088524,6616.5458984375,6616.5458984375,33232000,0.0,0.0
2021-12-23 00:00:00+07:00,6616.545935225813,6639.128003264126,6593.9638671875,6593.9638671875,37136400,0.0,0.0
2021-12-24 00:00:00+07:00,6593.9638671875,6639.128003264126,6593.9638671875,6593.9638671875,30802100,0.0,0.0
2021-12-27 00:00:00+07:00,6593.963794111394,6639.1279296875,6593.963794111394,6639.1279296875,20722100,0.0,0.0
2021-12-28 00:00:00+07:00,6661.709997475553,6684.292065263605,6616.545861899447,6639.1279296875,39343800,0.0,0.0
2021-12-29 00:00:00+07:00,6639.128003264126,6661.710071302439,6593.9638671875,6593.9638671875,42079500,0.0,0.0
2021-12-30 00:00:00+07:00,6639.128003264126,6639.128003264126,6593.9638671875,6593.9638671875,49954700,0.0,0.0
2022-01-03 00:00:00+07:00,6616.5458984375,6684.292102175768,6593.9638305247445,6616.5458984375,54287400,0.0,0.0
2022-01-04 00:00:00+07:00,6616.545789563978,6729.456127269848,6616.545789563978,6684.2919921875,70624000,0.0,0.0
2022-01-05 00:00:00+07:00,6729.45654296875,6797.2027497771605,6661.71033616034,6729.45654296875,76164900,0.0,0.0
2022-01-06 00:00:00+07:00,6774.620643028846,6797.202711838942,6706.874436598558,6752.03857421875,63657100,0.0,0.0
2022-01-07 00:00:00+07:00,6819.784039266748,6955.276437397875,6774.619906556372,6910.1123046875,143433300,0.0,0.0
2022-01-10 00:00:00+07:00,6842.36714895148,6910.113358347039,6819.78507915296,6864.94921875,45351900,0.0,0.0
2022-01-11 00:00:00+07:00,6910.112234933035,6955.2763671875,6887.530168805803,6955.2763671875,110334600,0.0,0.0
2022-01-12 00:00:00+07:00,6955.2763671875,6955.2763671875,6910.112234933035,6955.2763671875,62606000,0.0,0.0
2022-01-13 00:00:00+07:00,6955.2763671875,7000.440499441964,6910.112234933035,6955.2763671875,50025200,0.0,0.0
2022-01-14 00:00:00+07:00,6955.276640873806,7090.76904296875,6910.112506842158,7090.76904296875,65898700,0.0,0.0
2022-01-17 00:00:00+07:00,7135.933820564516,7135.933820564516,6955.277268145161,7000.44140625,63902600,0.0,0.0
2022-01-18 00:00:00+07:00,7023.023095544076,7023.023095544076,6819.784485062093,6932.69482421875,71476300,0.0,0.0
2022-01-19 00:00:00+07:00,6910.112756387419,6977.858959881413,6842.366552893424,6932.69482421875,60389700,0.0,0.0
2022-01-20 00:00:00+07:00,6977.859299638264,7023.0234375,6887.531023914791,7023.0234375,59925500,0.0,0.0
2022-01-21 00:00:00+07:00,7023.022702007173,7181.09716796875,6955.276502309355,7181.09716796875,63370500,0.0,0.0
2022-01-24 00:00:00+07:00,7068.187047713842,7090.769114958934,7023.022913223657,7045.60498046875,40278300,0.0,0.0
2022-01-25 00:00:00+07:00,6932.695161776528,7023.0234375,6887.531023914791,7023.0234375,106796900,0.0,0.0
2022-01-26 00:00:00+07:00,6955.2763671875,7000.440499441964,6910.112234933035,6955.2763671875,53350200,0.0,0.0
2022-01-27 00:00:00+07:00,6887.5305097531045,7045.60498046875,6887.5305097531045,7045.60498046875,71945100,0.0,0.0
2022-01-28 00:00:00+07:00,7045.605506430868,7068.187575361737,6955.277230707396,7023.0234375,70595000,0.0,0.0
2022-01-31 00:00:00+07:00,7023.023668032787,7023.023668032787,6887.53125,6887.53125,68122000,0.0,0.0
2022-02-02 00:00:00+07:00,7023.022913223657,7045.60498046875,6932.694644243289,7045.60498046875,65308100,0.0,0.0
2022-02-03 00:00:00+07:00,7045.605089502427,7068.187157096986,6955.27681912419,6977.85888671875,35100600,0.0,0.0
2022-02-04 00:00:00+07:00,7000.440954313309,7045.605089502427,6955.27681912419,6977.85888671875,39324700,0.0,0.0
2022-02-07 00:00:00+07:00,7023.022913223657,7045.60498046875,6955.276711488381,7045.60498046875,56813200,0.0,0.0
2022-02-08 00:00:00+07:00,7000.440954313309,7090.769224691545,6977.85888671875,6977.85888671875,61883100,0.0,0.0
2022-02-09 00:00:00+07:00,7090.7689017049925,7181.09716796875,7045.604768573113,7181.09716796875,108922200,0.0,0.0
2022-02-10 00:00:00+07:00,7181.097958669355,7181.097958669355,7000.44140625,7000.44140625,93277000,0.0,0.0
2022-02-11 00:00:00+07:00,6932.695087859425,7068.1875,6910.113019169329,7068.1875,71968800,0.0,0.0
2022-02-14 00:00:00+07:00,7000.440499441964,7023.022565569197,6955.2763671875,6955.2763671875,57710700,0.0,0.0
2022-02-15 00:00:00+07:00,7000.441220238095,7113.3515625,6977.859151785714,7113.3515625,55617000,0.0,0.0
2022-02-16 00:00:00+07:00,7090.769347570533,7203.6796875,7068.187279584639,7203.6796875,77055100,0.0,0.0
2022-02-17 00:00:00+07:00,7090.769457080696,7158.515662084652,7045.605320411392,7135.93359375,48704600,0.0,0.0
2022-02-18 00:00:00+07:00,7181.097693217665,7181.097693217665,7090.769420347004,7158.515625,56813400,0.0,0.0
2022-02-21 00:00:00+07:00,7158.515101402811,7203.679234534689,7135.933034836871,7181.09716796875,43821700,0.0,0.0
2022-02-22 00:00:00+07:00,7135.93359375,7181.097730419303,7090.769457080696,7135.93359375,80095500,0.0,0.0
2022-02-23 00:00:00+07:00,7135.934333753882,7316.590899165373,7113.352263077446,7271.4267578125,99240300,0.0,0.0
2022-02-24 00:00:00+07:00,7339.172058105469,7361.754125976562,7158.515515136719,7226.26171875,124947700,0.0,0.0
2022-02-25 00:00:00+07:00,7181.098475106754,7384.337111194682,7158.516404430318,7271.4267578125,135899900,0.0,0.0
2022-03-01 00:00:00+07:00,7226.262616459628,7384.337111194682,7226.262616459628,7271.4267578125,136616800,0.0,0.0
2022-03-02 00:00:00+07:00,7429.500367358934,7429.500367358934,7203.6796875,7203.6796875,100301000,0.0,0.0
2022-03-04 00:00:00+07:00,7203.679798753955,7248.843935423259,7135.93359375,7135.93359375,132983400,0.0,0.0
2022-03-07 00:00:00+07:00,7045.604631696428,7090.768763950892,6955.2763671875,6955.2763671875,130990900,0.0,0.0
2022-03-08 00:00:00+07:00,6955.276437397875,7090.768835529003,6910.1123046875,6910.1123046875,119256500,0.0,0.0
2022-03-09 00:00:00+07:00,6955.276640873806,7181.097311032047,6910.112506842158,7090.76904296875,132814500,0.0,0.0
2022-03-10 00:00:00+07:00,7158.515625,7203.679761435332,7045.605283911672,7158.515625,86484000,0.0,0.0
2022-03-11 00:00:00+07:00,6977.858568875295,7181.09716796875,6977.858568875295,7181.09716796875,61053900,0.0,0.0
2022-03-14 00:00:00+07:00,7271.426231738584,7316.590369823916,7181.097955567918,7294.00830078125,78432100,0.0,0.0
2022-03-15 00:00:00+07:00,7361.75390625,7406.918040644172,7294.007704658742,7361.75390625,111214500,0.0,0.0
2022-03-16 00:00:00+07:00,7474.665155178163,7474.665155178163,7294.008595536395,7406.9189453125,149761300,0.0,0.0
2022-03-17 00:00:00+07:00,7497.246533203125,7497.246533203125,7226.26171875,7226.26171875,132439400,0.0,0.0
2022-03-18 00:00:00+07:00,7226.261867088607,7316.5901404272145,7135.93359375,7135.93359375,143981700,0.0,0.0
2022-03-21 00:00:00+07:00,7045.605320411392,7181.097730419303,7045.605320411392,7135.93359375,85485500,0.0,0.0
2022-03-22 00:00:00+07:00,7135.933556782335,7181.097693217665,7113.351488564669,7158.515625,60010900,0.0,0.0
2022-03-23 00:00:00+07:00,7158.515662084652,7181.097730419303,7068.187388746044,7135.93359375,82208000,0.0,0.0
2022-03-24 00:00:00+07:00,7090.769420347004,7181.097693217665,7045.605283911672,7158.515625,95245100,0.0,0.0
2022-03-25 00:00:00+07:00,7135.933034836871,7181.09716796875,7135.933034836871,7181.09716796875,85101200,0.0,0.0
2022-03-28 00:00:00+07:00,7176.511927351166,7245.29638671875,7153.583774228639,7245.29638671875,83911500,120.0,0.0
2022-03-29 00:00:00+07:00,7222.368583922173,7245.296738156847,7176.5122754528265,7199.4404296875,62180600,0.0,0.0
2022-03-30 00:00:00+07:00,7245.296806795635,7245.296806795635,7176.51234343998,7222.36865234375,71430600,0.0,0.0
2022-03-31 00:00:00+07:00,7268.224261914675,7337.008718652038,7222.367957423099,7314.08056640625,112691900,0.0,0.0
2022-04-01 00:00:00+07:00,7405.7935294262625,7405.7935294262625,7199.44014934937,7268.224609375,105575400,0.0,0.0
2022-04-04 00:00:00+07:00,7268.224539841278,7268.224539841278,7176.511927351166,7245.29638671875,57321200,0.0,0.0
2022-04-05 00:00:00+07:00,7245.29638671875,7245.29638671875,7199.440080473694,7245.29638671875,48528300,0.0,0.0
2022-04-06 00:00:00+07:00,7176.511013104839,7199.439163306452,7107.7265625,7107.7265625,119263000,0.0,0.0
2022-04-07 00:00:00+07:00,7084.798412298387,7176.511013104839,7061.870262096774,7107.7265625,68619400,0.0,0.0
2022-04-08 00:00:00+07:00,7153.584121218153,7222.368583922173,7130.65596698348,7199.4404296875,69791600,0.0,0.0
2022-04-11 00:00:00+07:00,7176.512423518406,7222.368732933859,7084.7998046875,7084.7998046875,62776200,0.0,0.0
2022-04-12 00:00:00+07:00,7084.800006573017,7153.58447265625,7061.8718512119385,7153.58447265625,73471300,0.0,0.0
2022-04-13 00:00:00+07:00,7153.58447265625,7199.440783378405,7107.728161934094,7153.58447265625,57622100,0.0,0.0
2022-04-14 00:00:00+07:00,7153.5841999797085,7153.5841999797085,7061.87158203125,7061.87158203125,93342900,0.0,0.0
2022-04-18 00:00:00+07:00,7061.87158203125,7084.799736518365,6993.087118569907,7061.87158203125,68464700,0.0,0.0
2022-04-19 00:00:00+07:00,7061.870882428279,7061.870882428279,6993.08642578125,6993.08642578125,98632000,0.0,0.0
2022-04-20 00:00:00+07:00,7084.799598843443,7084.799598843443,6993.086982677185,7016.01513671875,124388800,0.0,0.0
2022-04-21 00:00:00+07:00,7153.583842665616,7268.224609375,7107.727535981861,7268.224609375,129323400,0.0,0.0
2022-04-22 00:00:00+07:00,7199.440497891866,7268.22496124752,7153.584188988096,7222.36865234375,85956100,0.0,0.0
2022-04-25 00:00:00+07:00,7222.368507385254,7337.00927734375,7176.512199401856,7337.00927734375,91279600,0.0,0.0
2022-04-26 00:00:00+07:00,7268.225150240384,7451.650390625,7268.225150240384,7451.650390625,128360900,0.0,0.0
2022-04-27 00:00:00+07:00,7405.793318585652,7520.43408203125,7405.793318585652,7520.43408203125,89463100,0.0,0.0
2022-04-28 00:00:00+07:00,7566.291165865385,7566.291165865385,7405.794080528846,7451.650390625,133730600,0.0,0.0
2022-05-09 00:00:00+07:00,7222.367874948602,7245.296026932566,6970.158203125,6970.158203125,456796600,0.0,0.0
2022-05-10 00:00:00+07:00,6649.164811954942,6970.1589752906975,6649.164811954942,6901.37451171875,268445700,0.0,0.0
2022-05-11 00:00:00+07:00,6901.374366510927,7061.871444801879,6832.589904386234,7016.01513671875,156535200,0.0,0.0
2022-05-12 00:00:00+07:00,6901.374817104274,6924.302972642827,6672.09326171875,6672.09326171875,240529600,0.0,0.0
2022-05-13 00:00:00+07:00,6649.164272477602,6855.517646451045,6649.164272477602,6717.94873046875,212968600,0.0,0.0
2022-05-17 00:00:00+07:00,6672.092631572002,6855.517858556799,6672.092631572002,6786.7333984375,159657600,0.0,0.0
2022-05-18 00:00:00+07:00,6878.446492110149,6947.23095703125,6763.805717241647,6947.23095703125,153514300,0.0,0.0
2022-05-19 00:00:00+07:00,6786.733051069631,6855.51750766831,6763.804898870072,6832.58935546875,140908900,0.0,0.0
2022-05-20 00:00:00+07:00,6809.6615518106,6855.517858556799,6786.7333984375,6786.7333984375,86520200,0.0,0.0
2022-05-23 00:00:00+07:00,6832.590128442796,6855.518283236229,6740.877509269068,6763.8056640625,71603500,0.0,0.0
2022-05-24 00:00:00+07:00,6717.948800223215,6855.517717633928,6717.948800223215,6740.876953125,108710800,0.0,0.0
2022-05-25 00:00:00+07:00,6786.733818855932,6832.590128442796,6740.877509269068,6763.8056640625,76747400,0.0,0.0
2022-05-27 00:00:00+07:00,6901.37464708385,6947.23095703125,6855.518337136448,6947.23095703125,84336900,0.0,0.0
2022-05-30 00:00:00+07:00,6947.23095703125,6970.159112004951,6855.518337136448,6947.23095703125,105411400,0.0,0.0
2022-05-31 00:00:00+07:00,6970.157661290323,7107.7265625,6901.373210685484,7107.7265625,286292700,0.0,0.0
2022-06-02 00:00:00+07:00,6993.087266978651,7038.943576926053,6901.37464708385,6947.23095703125,149226300,0.0,0.0
2022-06-03 00:00:00+07:00,6970.158203125,7038.942659076892,6947.230051141036,6970.158203125,80563100,0.0,0.0
2022-06-06 00:00:00+07:00,6924.301964266989,6947.230116466548,6809.661203269191,6832.58935546875,81140300,0.0,0.0
2022-06-07 00:00:00+07:00,6695.021199682204,6855.518283236229,6695.021199682204,6763.8056640625,129242500,0.0,0.0
2022-06-08 00:00:00+07:00,6878.445595189145,6970.158203125,6809.661139237253,6970.158203125,108910500,0.0,0.0
2022-06-09 00:00:00+07:00,6878.44580078125,6947.230258789062,6878.44580078125,6878.44580078125,107828300,0.0,0.0
2022-06-10 00:00:00+07:00,6786.733258928572,6832.589564732143,6740.876953125,6740.876953125,111768600,0.0,0.0
2022-06-13 00:00:00+07:00,6695.020647321428,6786.733258928572,6672.092494419643,6740.876953125,85539500,0.0,0.0
2022-06-14 00:00:00+07:00,6695.020784945102,6786.7333984375,6649.164478198903,6786.7333984375,80865100,0.0,0.0
2022-06-15 00:00:00+07:00,6695.020577805034,6763.805035796182,6695.020577805034,6717.94873046875,130367100,0.0,0.0
2022-06-16 00:00:00+07:00,6786.733872215346,6970.159112004951,6763.805717241647,6947.23095703125,132666300,0.0,0.0
2022-06-17 00:00:00+07:00,6809.661342773437,6924.302106119792,6809.661342773437,6878.44580078125,117839400,0.0,0.0
2022-06-20 00:00:00+07:00,6970.158273565574,7016.014577996926,6878.445664702868,6993.08642578125,88138700,0.0,0.0
2022-06-21 00:00:00+07:00,6970.158828635621,7016.01513671875,6924.302520552492,7016.01513671875,44295700,0.0,0.0
2022-06-22 00:00:00+07:00,6993.086564127604,7016.014716796874,6878.44580078125,6878.44580078125,53041800,0.0,0.0
2022-06-23 00:00:00+07:00,6832.5900481468025,6947.230820766715,6832.5900481468025,6901.37451171875,60443000,0.0,0.0
2022-06-24 00:00:00+07:00,6970.158340301004,6970.158340301004,6855.517578125,6855.517578125,57956600,0.0,0.0
2022-06-27 00:00:00+07:00,6855.517717633928,6878.445870535715,6740.876953125,6740.876953125,76354100,0.0,0.0
2022-06-28 00:00:00+07:00,6695.02099609375,6786.733612478596,6695.02099609375,6695.02099609375,146078100,0.0,0.0
2022-06-29 00:00:00+07:00,6717.949572795855,6786.734039411512,6672.09326171875,6672.09326171875,98517800,0.0,0.0
2022-06-30 00:00:00+07:00,6695.020858028017,6786.733472521551,6649.16455078125,6649.16455078125,101343900,0.0,0.0
2022-07-01 00:00:00+07:00,6695.020858028017,6717.949011651401,6649.16455078125,6649.16455078125,68738800,0.0,0.0
2022-07-04 00:00:00+07:00,6649.163982851285,6672.09213451629,6419.882466201241,6465.73876953125,102238600,0.0,0.0
2022-07-05 00:00:00+07:00,6511.595629040949,6717.949011651401,6511.595629040949,6649.16455078125,69172900,0.0,0.0
2022-07-06 00:00:00+07:00,6695.02099609375,6717.949150189961,6580.380225612693,6695.02099609375,66801100,0.0,0.0
2022-07-07 00:00:00+07:00,6626.236969423966,6649.165125027509,6511.59619140625,6511.59619140625,86126800,0.0,0.0
2022-07-08 00:00:00+07:00,6534.523507498361,6580.379812814139,6488.667202182583,6557.45166015625,64312400,0.0,0.0
2022-07-11 00:00:00+07:00,6603.308388157894,6603.308388157894,6534.52392578125,6534.52392578125,36830800,0.0,0.0
2022-07-12 00:00:00+07:00,6580.3798828125,6649.164341517857,6557.451729910715,6580.3798828125,34269000,0.0,0.0
2022-07-13 00:00:00+07:00,6511.594928850446,6534.52308000837,6419.88232421875,6419.88232421875,71988200,0.0,0.0
2022-07-14 00:00:00+07:00,6442.81103515625,6511.595494606317,6419.882882006228,6442.81103515625,83316300,0.0,0.0
2022-07-15 00:00:00+07:00,6511.594928850446,6511.594928850446,6419.88232421875,6419.88232421875,57419900,0.0,0.0
2022-07-18 00:00:00+07:00,6442.810896866805,6557.45166015625,6442.810896866805,6557.45166015625,60077700,0.0,0.0
2022-07-19 00:00:00+07:00,6511.595424107143,6580.3798828125,6511.595424107143,6580.3798828125,59641000,0.0,0.0
2022-07-20 00:00:00+07:00,6603.308171452703,6786.7333984375,6580.380018079603,6786.7333984375,105792900,0.0,0.0
2022-07-21 00:00:00+07:00,6786.7333984375,6786.7333984375,6649.164478198903,6786.7333984375,64337100,0.0,0.0
2022-07-22 00:00:00+07:00,6786.733188459898,6786.733188459898,6695.020577805034,6717.94873046875,38956500,0.0,0.0
2022-07-25 00:00:00+07:00,6740.877304286173,6763.805458382384,6695.02099609375,6695.02099609375,31247600,0.0,0.0
2022-07-26 00:00:00+07:00,6649.164687901327,6763.805458382384,6649.164687901327,6695.02099609375,44379900,0.0,0.0
2022-07-27 00:00:00+07:00,6717.94873046875,6740.876883132466,6672.092425141318,6717.94873046875,58465500,0.0,0.0
2022-07-28 00:00:00+07:00,6763.805106026785,6832.589564732143,6717.948800223215,6740.876953125,86909700,0.0,0.0
2022-07-29 00:00:00+07:00,6786.733258928572,6855.517717633928,6740.876953125,6740.876953125,131553000,0.0,0.0
2022-08-01 00:00:00+07:00,6740.876884765625,6878.44580078125,6740.876884765625,6878.44580078125,104841600,0.0,0.0
2022-08-02 00:00:00+07:00,6970.158203125,6993.086355108963,6878.445595189145,6970.158203125,106466900,0.0,0.0
2022-08-03 00:00:00+07:00,6993.08642578125,6993.08642578125,6947.230121349898,6993.08642578125,60170600,0.0,0.0
2022-08-04 00:00:00+07:00,7038.943695850861,7153.58447265625,7016.015540489783,7153.58447265625,164221000,0.0,0.0
2022-08-05 00:00:00+07:00,7176.51234343998,7222.36865234375,7084.799725632441,7222.36865234375,118734200,0.0,0.0
2022-08-08 00:00:00+07:00,7222.36865234375,7268.22496124752,7107.727880084326,7222.36865234375,84328900,0.0,0.0
2022-08-09 00:00:00+07:00,7222.368233596222,7314.080846086333,7222.368233596222,7245.29638671875,92875800,0.0,0.0
2022-08-10 00:00:00+07:00,7153.583774228639,7245.29638671875,7084.799314861056,7245.29638671875,104376300,0.0,0.0
2022-08-11 00:00:00+07:00,7199.439735652515,7291.15234375,7176.511583628144,7291.15234375,73204700,0.0,0.0
2022-08-12 00:00:00+07:00,7268.224609375,7314.080916058754,7199.44014934937,7268.224609375,59381200,0.0,0.0
2022-08-15 00:00:00+07:00,7291.15234375,7314.08049577437,7245.2960397012575,7291.15234375,81411000,0.0,0.0
2022-08-16 00:00:00+07:00,7291.152414160462,7314.08056640625,7199.439805177311,7314.08056640625,83556700,0.0,0.0
2022-08-18 00:00:00+07:00,7245.296661376953,7359.937431335449,7222.368507385254,7337.00927734375,86136900,0.0,0.0
2022-08-19 00:00:00+07:00,7382.865305453916,7382.865305453916,7245.29638671875,7245.29638671875,58194900,0.0,0.0
2022-08-22 00:00:00+07:00,7199.440353393555,7337.00927734375,7176.512199401856,7337.00927734375,97293300,0.0,0.0
2022-08-23 00:00:00+07:00,7337.008999208861,7337.008999208861,7245.29638671875,7245.29638671875,71671800,0.0,0.0
2022-08-24 00:00:00+07:00,7291.15234375,7359.936799823113,7245.2960397012575,7291.15234375,108892400,0.0,0.0
2022-08-25 00:00:00+07:00,7337.008997678018,7428.721610148994,7245.296385207043,7405.79345703125,99503500,0.0,0.0
2022-08-26 00:00:00+07:00,7359.937431335449,7451.650047302246,7337.00927734375,7337.00927734375,80472400,0.0,0.0
2022-08-29 00:00:00+07:00,7337.009202453988,7474.578125,7291.15289493865,7474.578125,57762100,0.0,0.0
2022-08-30 00:00:00+07:00,7428.721401949541,7589.218469275612,7405.793249474388,7497.505859375,124467000,0.0,0.0
2022-08-31 00:00:00+07:00,7405.793318585652,7543.36223472037,7382.865165896533,7520.43408203125,137659900,0.0,0.0
2022-09-01 00:00:00+07:00,7474.578125,7566.290740030675,7451.649971242331,7474.578125,74960800,0.0,0.0
2022-09-02 00:00:00+07:00,7474.577845982143,7543.3623046875,7474.577845982143,7543.3623046875,71430600,0.0,0.0
2022-09-05 00:00:00+07:00,7543.361472691655,7612.145923810423,7520.433322318731,7589.2177734375,62906000,0.0,0.0
2022-09-06 00:00:00+07:00,7612.145923810423,7658.002224556269,7566.289623064577,7589.2177734375,67079900,0.0,0.0
2022-09-07 00:00:00+07:00,7566.290388875933,7680.93115234375,7566.290388875933,7680.93115234375,117931700,0.0,0.0
2022-09-08 00:00:00+07:00,7703.859725860778,7795.572341644835,7658.00341796875,7658.00341796875,132777400,0.0,0.0
2022-09-09 00:00:00+07:00,7795.571915811567,7795.571915811567,7589.218541569497,7680.93115234375,91234600,0.0,0.0
2022-09-12 00:00:00+07:00,7635.074846956623,7726.787457730877,7635.074846956623,7680.93115234375,52395300,0.0,0.0
2022-09-13 00:00:00+07:00,7680.931564733779,7864.356796130407,7680.931564733779,7818.50048828125,124485200,0.0,0.0
2022-09-14 00:00:00+07:00,7680.931015912224,7933.140691061581,7680.931015912224,7795.57177734375,116642400,0.0,0.0
2022-09-15 00:00:00+07:00,7795.5724609375,8139.494775390625,7795.5724609375,8024.85400390625,190404800,0.0,0.0
2022-09-16 00:00:00+07:00,7978.996850730399,8001.925002600314,7749.715332031249,7749.71533203125,363127600,0.0,0.0
2022-09-19 00:00:00+07:00,7772.64356033237,8024.853233381503,7749.715408236994,7933.140625,102530600,0.0,0.0
2022-09-20 00:00:00+07:00,7841.42822265625,7933.140833447552,7841.42822265625,7841.42822265625,89238400,0.0,0.0
2022-09-21 00:00:00+07:00,7818.500350006914,7887.28481056416,7726.787735930587,7772.64404296875,90933700,0.0,0.0
2022-09-22 00:00:00+07:00,7680.931428892422,7818.500350006914,7680.931428892422,7772.64404296875,61908500,0.0,0.0
2022-09-23 00:00:00+07:00,7680.93115234375,7772.643763118004,7680.93115234375,7680.93115234375,60567600,0.0,0.0
2022-09-26 00:00:00+07:00,7520.434694918397,7795.572549610533,7520.434694918397,7726.7880859375,106228200,0.0,0.0
2022-09-27 00:00:00+07:00,7680.930940559112,7749.715396743223,7612.146484375,7612.146484375,89567100,0.0,0.0
2022-09-28 00:00:00+07:00,7566.290250211148,7726.787316124718,7566.290250211148,7635.07470703125,89153400,0.0,0.0
2022-09-29 00:00:00+07:00,7635.074846956623,7749.71561042444,7635.074846956623,7680.93115234375,62643700,0.0,0.0
2022-09-30 00:00:00+07:00,7680.931153771473,7864.356375354076,7589.218542980172,7841.42822265625,176524800,0.0,0.0
2022-10-03 00:00:00+07:00,7749.71547277114,7818.499929630056,7749.71547277114,7795.57177734375,115079600,0.0,0.0
2022-10-04 00:00:00+07:00,7818.500069958425,7910.212680749726,7818.500069958425,7841.42822265625,80524500,0.0,0.0
2022-10-05 00:00:00+07:00,7818.499787640994,7841.42793951091,7726.787180161335,7749.71533203125,63788000,0.0,0.0
2022-10-06 00:00:00+07:00,7772.644395052855,7795.572549610533,7726.7880859375,7726.7880859375,43967400,0.0,0.0
2022-10-07 00:00:00+07:00,7635.074845476849,7680.931150855088,7520.43408203125,7520.43408203125,112043400,0.0,0.0
2022-10-10 00:00:00+07:00,7474.577572006778,7680.930940559112,7451.649419945406,7612.146484375,80238200,0.0,0.0
2022-10-11 00:00:00+07:00,7520.434221117423,7612.146833570076,7474.577914891098,7566.29052734375,64060000,0.0,0.0
2022-10-12 00:00:00+07:00,7520.433945664414,7635.07470703125,7497.505793391047,7635.07470703125,47569700,0.0,0.0
2022-10-13 00:00:00+07:00,7589.2177734375,7680.930374929192,7589.2177734375,7589.2177734375,62282800,0.0,0.0
2022-10-14 00:00:00+07:00,7612.146833570076,7658.003139796401,7566.290527343749,7566.29052734375,70642900,0.0,0.0
2022-10-17 00:00:00+07:00,7566.290527343749,7612.146833570076,7497.506068004261,7566.29052734375,56387500,0.0,0.0
2022-10-18 00:00:00+07:00,7589.21833231363,7772.643548804594,7566.290180252259,7612.146484375,85665300,0.0,0.0
2022-10-19 00:00:00+07:00,7566.289623064577,7658.002224556269,7543.361472691655,7589.2177734375,66753500,0.0,0.0
2022-10-20 00:00:00+07:00,7566.290254480698,7795.57177734375,7566.290254480698,7795.57177734375,91812300,0.0,0.0
2022-10-21 00:00:00+07:00,7749.715408236994,8001.925081286127,7749.715408236994,7933.140625,122777800,0.0,0.0
2022-10-24 00:00:00+07:00,8024.852966994383,8162.421875,8001.924815660112,8162.421875,89416500,0.0,0.0
2022-10-25 00:00:00+07:00,8093.637337520205,8139.493639715786,7978.996582031249,7978.99658203125,84696300,0.0,0.0
2022-10-26 00:00:00+07:00,7910.212680749726,7933.140833447552,7841.42822265625,7841.42822265625,98962100,0.0,0.0
2022-10-27 00:00:00+07:00,7841.427675444504,7978.996582031249,7841.427675444504,7978.99658203125,77003400,0.0,0.0
2022-10-28 00:00:00+07:00,7933.14138671875,8024.85400390625,7933.14138671875,8024.85400390625,84980600,0.0,0.0
2022-10-31 00:00:00+07:00,8116.567740700462,8116.567740700462,8047.783268321645,8070.71142578125,138922800,0.0,0.0
2022-11-01 00:00:00+07:00,8254.136685458097,8254.136685458097,8001.926953402432,8070.71142578125,118118400,0.0,0.0
2022-11-02 00:00:00+07:00,8070.7103125,8093.638466796875,8001.925849609375,8024.85400390625,68323600,0.0,0.0
2022-11-03 00:00:00+07:00,7978.998795942827,8093.639583240856,7978.998795942827,8070.71142578125,81856300,0.0,0.0
2022-11-04 00:00:00+07:00,8047.7822265625,8070.71038105413,7956.069608595975,8047.7822265625,84458300,0.0,0.0
2022-11-07 00:00:00+07:00,8001.925637800141,8116.56640625,7956.069330420198,8116.56640625,94794000,0.0,0.0
2022-11-08 00:00:00+07:00,8116.56662109375,8139.494775390625,8001.925849609375,8024.85400390625,42525500,0.0,0.0
2022-11-09 00:00:00+07:00,7956.069397832306,8139.49462890625,7956.069397832306,8139.49462890625,96599500,0.0,0.0
2022-11-10 00:00:00+07:00,8001.926953402432,8070.71142578125,8001.926953402432,8070.71142578125,89463000,0.0,0.0
2022-11-11 00:00:00+07:00,8162.422713629943,8185.350867319915,8093.6382525600275,8116.56640625,59597900,0.0,0.0
2022-11-14 00:00:00+07:00,8139.494775390625,8162.4229296875,8024.85400390625,8024.85400390625,49208200,0.0,0.0
2022-11-15 00:00:00+07:00,8047.783268321645,8116.567740700462,8024.855110862039,8070.71142578125,59092900,0.0,0.0
2022-11-16 00:00:00+07:00,7910.212331372638,7956.068634742915,7841.427876317224,7887.2841796875,143424800,0.0,0.0
2022-11-17 00:00:00+07:00,7910.213164845988,8093.638397654011,7887.285010744986,8001.92578125,72679800,0.0,0.0
2022-11-18 00:00:00+07:00,8001.926535111987,8162.423628939448,8001.926535111987,8093.63916015625,83556900,0.0,0.0
2022-11-21 00:00:00+07:00,8139.494705856017,8162.42285995702,8001.92578125,8001.92578125,35901000,0.0,0.0
2022-11-22 00:00:00+07:00,8162.421875,8208.27817766854,8116.565572331461,8162.421875,84684200,0.0,0.0
2022-11-23 00:00:00+07:00,8162.422782790493,8231.207244443221,8139.49462890625,8139.49462890625,84642100,0.0,0.0
2022-11-24 00:00:00+07:00,8231.206613498265,8254.134765625,8208.278461371528,8254.134765625,53520800,0.0,0.0
2022-11-25 00:00:00+07:00,8254.13616382312,8254.13616382312,8162.423539780641,8231.2080078125,75048300,0.0,0.0
2022-11-28 00:00:00+07:00,8299.990650969528,8345.846952908587,8231.206198060941,8277.0625,96209700,0.0,0.0
2022-11-29 00:00:00+07:00,8231.2080078125,8322.920631854979,8185.351695791261,8231.2080078125,91562100,0.0,0.0
2022-11-30 00:00:00+07:00,8139.494812668011,8620.986055107527,8116.566658266129,8529.2734375,644359600,0.0,0.0
2022-12-01 00:00:00+07:00,8506.344439019098,8575.128895399306,8254.134765625,8254.134765625,155775400,0.0,0.0
2022-12-02 00:00:00+07:00,8194.2890625,8263.342060217698,8194.2890625,8194.2890625,130982100,35.0,0.0
2022-12-05 00:00:00+07:00,8102.218349358975,8194.289012419873,8079.20068359375,8079.20068359375,114656300,0.0,0.0
2022-12-06 00:00:00+07:00,8033.165213549171,8056.182878917507,7895.059221339157,7987.1298828125,180553800,0.0,0.0
2022-12-07 00:00:00+07:00,7826.006523899779,7895.059522640071,7779.97119140625,7779.97119140625,229308700,0.0,0.0
2022-12-08 00:00:00+07:00,7710.918019014246,7895.059344841452,7687.900353285846,7826.00634765625,172590100,0.0,0.0
2022-12-09 00:00:00+07:00,7826.007539176385,7918.078216107872,7779.972200710642,7895.060546875,90851300,0.0,0.0
2022-12-12 00:00:00+07:00,7849.024762033046,8010.1484375,7802.989426185344,8010.1484375,102851800,0.0,0.0
2022-12-13 00:00:00+07:00,7941.095433728448,8010.1484375,7872.042429956896,8010.1484375,104580200,0.0,0.0
2022-12-14 00:00:00+07:00,7918.077547554348,8010.148216711957,7849.024545686141,7941.09521484375,118164300,0.0,0.0
2022-12-15 00:00:00+07:00,7895.059344841452,7918.077010569853,7826.00634765625,7826.00634765625,113255700,0.0,0.0
2022-12-16 00:00:00+07:00,7756.953485533249,7964.112480695858,7733.93581940407,7918.0771484375,181516700,0.0,0.0
2022-12-19 00:00:00+07:00,7964.11181640625,8010.147144824784,7918.076487987717,7964.11181640625,67482900,0.0,0.0
2022-12-20 00:00:00+07:00,7872.042877642129,7964.113554573615,7872.042877642129,7895.060546875,41243700,0.0,0.0
2022-12-21 00:00:00+07:00,7918.076886707493,8010.147548180836,7895.059221339157,7987.1298828125,33617700,0.0,0.0
2022-12-22 00:00:00+07:00,7964.113554573615,7987.131223806487,7895.060546875,7895.060546875,59591500,0.0,0.0
2022-12-23 00:00:00+07:00,7849.024013384651,7895.059344841452,7826.00634765625,7826.00634765625,47393000,0.0,0.0
2022-12-26 00:00:00+07:00,7826.007539176385,7941.095885340744,7826.007539176385,7895.060546875,20495900,0.0,0.0
2022-12-27 00:00:00+07:00,7918.0771484375,7964.112480695858,7895.059482308321,7918.0771484375,27193800,0.0,0.0
2022-12-28 00:00:00+07:00,7964.11181640625,7964.11181640625,7872.041159569184,7964.11181640625,40420200,0.0,0.0
2022-12-29 00:00:00+07:00,7849.025208409257,7918.078216107872,7826.007539176385,7895.060546875,47020900,0.0,0.0
2022-12-30 00:00:00+07:00,7895.060148540296,7964.113152754934,7872.04248046875,7872.04248046875,44681400,0.0,0.0
2023-01-02 00:00:00+07:00,7895.060148540296,7918.077816611842,7826.0071443256575,7872.04248046875,10653900,0.0,0.0
2023-01-03 00:00:00+07:00,7872.04248046875,7918.077816611842,7849.024812397203,7872.04248046875,27399100,0.0,0.0
2023-01-04 00:00:00+07:00,7849.024550021052,7895.0598846252815,7687.90087890625,7687.90087890625,90918800,0.0,0.0
2023-01-05 00:00:00+07:00,7687.900745738636,7710.918412642045,7503.759410511363,7595.830078125,128838500,0.0,0.0
2023-01-06 00:00:00+07:00,7457.723903426205,7664.8829007436,7457.723903426205,7641.865234375,69286600,0.0,0.0
2023-01-09 00:00:00+07:00,7664.88286017243,7779.97119140625,7664.88286017243,7779.97119140625,86916900,0.0,0.0
2023-01-10 00:00:00+07:00,7733.935851490825,7756.9535177155,7503.759189244075,7526.77685546875,101759100,0.0,0.0
2023-01-11 00:00:00+07:00,7411.689182692308,7503.759855769231,7365.653846153847,7480.7421875,96069100,0.0,0.0
2023-01-12 00:00:00+07:00,7503.759189244075,7618.847520367451,7480.7415230194,7526.77685546875,103804600,0.0,0.0
2023-01-13 00:00:00+07:00,7503.75963521448,7526.777302807162,7388.671297251068,7411.68896484375,119748200,0.0,0.0
2023-01-16 00:00:00+07:00,7411.688129074003,7549.794119056748,7411.688129074003,7503.7587890625,105710700,0.0,0.0
2023-01-17 00:00:00+07:00,7526.776815878378,7710.918144707207,7503.759149774775,7664.8828125,88695900,0.0,0.0
2023-01-18 00:00:00+07:00,7549.794568900603,7664.8829007436,7526.776902532003,7641.865234375,96814600,0.0,0.0
2023-01-19 00:00:00+07:00,7687.900478603604,7687.900478603604,7595.829814189189,7664.8828125,66391800,0.0,0.0
2023-01-20 00:00:00+07:00,7618.847568006401,7664.8829007436,7595.829901637801,7641.865234375,96859500,0.0,0.0
2023-01-24 00:00:00+07:00,7641.86599425342,7687.901331568199,7572.81298828125,7572.81298828125,42474500,0.0,0.0
2023-01-25 00:00:00+07:00,7641.865097418064,7641.865097418064,7549.79443359375,7549.79443359375,66124500,0.0,0.0
2023-01-26 00:00:00+07:00,7572.812109663072,7802.98876953125,7572.812109663072,7802.98876953125,77582300,0.0,0.0
2023-01-27 00:00:00+07:00,8010.1484375,8148.254445043103,7872.042429956896,8010.1484375,196804700,0.0,0.0
2023-01-30 00:00:00+07:00,8033.16610542385,8079.201441271552,7895.060097880747,8010.1484375,68544300,0.0,0.0
2023-01-31 00:00:00+07:00,7941.094765452158,7987.130097425793,7802.98876953125,7802.98876953125,200589000,0.0,0.0
2023-02-01 00:00:00+07:00,7895.059344841452,7895.059344841452,7779.971016199448,7826.00634765625,77396200,0.0,0.0
2023-02-02 00:00:00+07:00,7756.953525159486,7849.024190146542,7733.935858912722,7779.97119140625,99109500,0.0,0.0
2023-02-03 00:00:00+07:00,7872.042429956896,8010.1484375,7826.007094109195,8010.1484375,71716700,0.0,0.0
2023-02-06 00:00:00+07:00,8056.18319361121,8056.18319361121,7964.112528541368,8033.16552734375,117757700,0.0,0.0
2023-02-07 00:00:00+07:00,8079.201391187765,8148.25439453125,8056.183723406603,8148.25439453125,116014700,0.0,0.0
2023-02-08 00:00:00+07:00,8125.236328125,8148.253994776912,8102.218661473087,8125.236328125,54495500,0.0,0.0
2023-02-09 00:00:00+07:00,8125.236064782303,8194.2890625,8102.218398876404,8194.2890625,72381700,0.0,0.0
2023-02-10 00:00:00+07:00,8171.271661428824,8194.289328080737,8010.147994865439,8125.236328125,62060900,0.0,0.0
2023-02-13 00:00:00+07:00,8171.27197265625,8194.28964018486,8079.201302541813,8171.27197265625,63775000,0.0,0.0
2023-02-14 00:00:00+07:00,8148.254522739176,8240.3251953125,8125.236854595844,8240.3251953125,81678200,0.0,0.0
2023-02-15 00:00:00+07:00,8171.27197265625,8194.28964018486,8056.1836350132035,8171.27197265625,38037000,0.0,0.0
2023-02-16 00:00:00+07:00,8125.236777119252,8148.254445043103,8010.1484375,8010.1484375,66040400,0.0,0.0
2023-02-17 00:00:00+07:00,8079.200859878671,8148.253858681053,8033.16552734375,8033.16552734375,43588900,0.0,0.0
2023-02-20 00:00:00+07:00,8033.165439453124,8125.236103515625,8010.147773437499,8056.18310546875,40077000,0.0,0.0
2023-02-21 00:00:00+07:00,8079.201441271552,8102.219109195402,8010.1484375,8010.1484375,25390500,0.0,0.0
2023-02-22 00:00:00+07:00,8010.147548180836,8056.182878917507,7941.094552075829,7987.1298828125,38671900,0.0,0.0
2023-02-23 00:00:00+07:00,7941.094862273908,8056.18319361121,7941.094862273908,8033.16552734375,53412300,0.0,0.0
2023-02-24 00:00:00+07:00,8079.200544285843,8148.25354039085,7987.1298828125,7987.1298828125,44123400,0.0,0.0
2023-02-27 00:00:00+07:00,7987.130020532852,8079.20068359375,7964.112354767629,8079.20068359375,59983900,0.0,0.0
2023-02-28 00:00:00+07:00,8079.200771484375,8079.200771484375,7987.130107421874,8056.18310546875,106349400,0.0,0.0
2023-03-01 00:00:00+07:00,8033.165479083394,8056.1831452125725,7918.0771484375,7918.0771484375,67034700,0.0,0.0
2023-03-02 00:00:00+07:00,7918.077547554348,8010.148216711957,7918.077547554348,7941.09521484375,56672000,0.0,0.0
2023-03-03 00:00:00+07:00,7964.112431438975,7987.130097425793,7802.98876953125,7802.98876953125,95376900,0.0,0.0
2023-03-06 00:00:00+07:00,7872.042532784598,7872.042532784598,7733.9365234375,7733.9365234375,92652000,0.0,0.0
2023-03-07 00:00:00+07:00,7687.900613756491,7802.988946297756,7687.900613756491,7756.95361328125,106115600,0.0,0.0
2023-03-08 00:00:00+07:00,7733.936862244898,7895.060546875,7733.936862244898,7895.060546875,79350900,0.0,0.0
2023-03-09 00:00:00+07:00,7964.113554573615,7964.113554573615,7872.042877642129,7895.060546875,54201400,0.0,0.0
2023-03-10 00:00:00+07:00,7826.006523899779,7872.041856393306,7779.97119140625,7779.97119140625,59580100,0.0,0.0
2023-03-13 00:00:00+07:00,7779.971808182566,7941.095484683388,7779.971808182566,7872.04248046875,82077700,0.0,0.0
2023-03-14 00:00:00+07:00,7756.953476914415,7802.988809121622,7664.8828125,7664.8828125,90495300,0.0,0.0
2023-03-15 00:00:00+07:00,7779.971143018018,7802.988809121622,7664.8828125,7664.8828125,86747400,0.0,0.0
2023-03-16 00:00:00+07:00,7641.865234375,7687.900567112199,7595.829901637801,7641.865234375,105894000,0.0,0.0
2023-03-17 00:00:00+07:00,7710.91845703125,7779.971458138993,7664.883122959422,7710.91845703125,198558600,0.0,0.0
2023-03-20 00:00:00+07:00,7733.9365234375,7802.989528111049,7710.918855212983,7733.9365234375,37277900,0.0,0.0
2023-03-21 00:00:00+07:00,7733.935684742647,7826.00634765625,7710.918019014246,7826.00634765625,91617400,0.0,0.0
2023-03-24 00:00:00+07:00,8010.147994865439,8125.236328125,7941.094994909702,8125.236328125,145603600,0.0,0.0
2023-03-27 00:00:00+07:00,8125.236777119252,8125.236777119252,8010.1484375,8010.1484375,110692800,0.0,0.0
2023-03-28 00:00:00+07:00,8102.218209654179,8102.218209654179,7987.1298828125,7987.1298828125,98296600,0.0,0.0
2023-03-29 00:00:00+07:00,8146.779219193892,8264.16796875,8099.823719371448,8264.16796875,101068200,170.0,0.0
2023-03-30 00:00:00+07:00,8358.078755754248,8358.078755754248,8264.167758498583,8287.6455078125,118912100,0.0,0.0
2023-03-31 00:00:00+07:00,8287.64515904018,8311.122907366072,8193.734165736607,8217.2119140625,97146900,0.0,0.0
2023-04-03 00:00:00+07:00,8287.64571866122,8287.64571866122,8217.212468927557,8264.16796875,60288900,0.0,0.0
2023-04-04 00:00:00+07:00,8287.644948584402,8287.644948584402,8123.300714476495,8240.689453125,60975800,0.0,0.0
2023-04-05 00:00:00+07:00,8240.689872851002,8264.167621776503,8193.734375,8193.734375,36922100,0.0,0.0
2023-04-06 00:00:00+07:00,8170.256417410715,8240.689662388393,8170.256417410715,8217.2119140625,45489400,0.0,0.0
2023-04-10 00:00:00+07:00,8193.734719016335,8264.16796875,8170.256969105113,8264.16796875,32996000,0.0,0.0
2023-04-11 00:00:00+07:00,8287.6455078125,8287.6455078125,8217.21225987075,8287.6455078125,44554300,0.0,0.0
2023-04-12 00:00:00+07:00,8358.078125,8358.078125,8287.644882373595,8358.078125,91903600,0.0,0.0
2023-04-13 00:00:00+07:00,8405.034390318628,8405.034390318628,8334.601141237745,8381.556640625,51726500,0.0,0.0
2023-04-14 00:00:00+07:00,8451.990234375,8451.990234375,8405.034733072916,8451.990234375,110354200,0.0,0.0
2023-04-17 00:00:00+07:00,8475.4677734375,8498.945523502423,8358.079023112881,8475.4677734375,83946900,0.0,0.0
2023-04-18 00:00:00+07:00,8498.945654965753,8616.334407106164,8475.46790453767,8569.37890625,91178700,0.0,0.0
2023-04-26 00:00:00+07:00,8569.378277322521,8639.8115234375,8451.989533797554,8639.8115234375,186928200,0.0,0.0
2023-04-27 00:00:00+07:00,8545.899974385246,8616.333215932376,8522.42222720287,8592.85546875,54842400,0.0,0.0
2023-04-28 00:00:00+07:00,8545.90081146409,8569.378560946132,8498.9453125,8498.9453125,145775300,0.0,0.0
2023-05-02 00:00:00+07:00,8545.90081146409,8545.90081146409,8358.078815607734,8498.9453125,83645900,0.0,0.0
2023-05-03 00:00:00+07:00,8498.945389093136,8498.945389093136,8334.601141237745,8381.556640625,83728800,0.0,0.0
2023-05-04 00:00:00+07:00,8381.556982421875,8475.467985026042,8334.601481119793,8451.990234375,67565000,0.0,0.0
2023-05-05 00:00:00+07:00,8451.990234375,8498.945735677084,8405.034733072916,8451.990234375,64815100,0.0,0.0
2023-05-08 00:00:00+07:00,8451.990234375,8522.423486328125,8405.034733072916,8451.990234375,84754500,0.0,0.0
2023-05-09 00:00:00+07:00,8405.034390318628,8428.512140012255,8358.078890931372,8381.556640625,40929600,0.0,0.0
2023-05-10 00:00:00+07:00,8381.556640625,8405.034390318628,8358.078890931372,8381.556640625,45322600,0.0,0.0
2023-05-11 00:00:00+07:00,8358.078755754248,8358.078755754248,8264.167758498583,8287.6455078125,81993900,0.0,0.0
2023-05-12 00:00:00+07:00,8217.212468927557,8334.601218483665,8193.734719016335,8264.16796875,96525600,0.0,0.0
2023-05-15 00:00:00+07:00,8334.600444043803,8334.600444043803,8193.733957665598,8240.689453125,64830300,0.0,0.0
2023-05-16 00:00:00+07:00,8264.167340158046,8287.645088283494,8170.25634765625,8170.25634765625,49497000,0.0,0.0
2023-05-17 00:00:00+07:00,8240.689453125,8311.122696314102,8217.211705395299,8240.689453125,69996100,0.0,0.0
2023-05-19 00:00:00+07:00,8358.079231770833,8451.990234375,8287.64597981771,8451.990234375,123592500,0.0,0.0
2023-05-22 00:00:00+07:00,8451.990234375,8522.423486328125,8381.556982421875,8451.990234375,91000000,0.0,0.0
2023-05-23 00:00:00+07:00,8498.945654965753,8592.856656678083,8475.46790453767,8569.37890625,102980500,0.0,0.0
2023-05-24 00:00:00+07:00,8639.812023891967,8639.812023891967,8475.4677734375,8475.4677734375,77392900,0.0,0.0
2023-05-25 00:00:00+07:00,8545.90081146409,8592.856310428177,8498.9453125,8498.9453125,76325700,0.0,0.0
2023-05-26 00:00:00+07:00,8616.333215932376,8639.810963114754,8545.899974385246,8592.85546875,55675900,0.0,0.0
2023-05-29 00:00:00+07:00,8686.766457479507,8686.766457479507,8522.42222720287,8592.85546875,79148200,0.0,0.0
2023-05-30 00:00:00+07:00,8639.81110641892,8757.199844277871,8592.855611275338,8686.7666015625,97189500,0.0,0.0
2023-05-31 00:00:00+07:00,8733.722807320442,8757.200556802487,8498.9453125,8498.9453125,722827900,0.0,0.0
2023-06-05 00:00:00+07:00,8592.856026027514,8757.200266962465,8545.900528617527,8639.8115234375,163535600,0.0,0.0
2023-06-06 00:00:00+07:00,8498.944480020491,8639.810963114754,8498.944480020491,8592.85546875,74872200,0.0,0.0
2023-06-07 00:00:00+07:00,8569.379118196257,8616.33462021377,8522.423616178743,8545.9013671875,87492200,0.0,0.0
2023-06-08 00:00:00+07:00,8522.423405393836,8569.37890625,8522.423405393836,8569.37890625,53188400,0.0,0.0
2023-06-09 00:00:00+07:00,8616.33462021377,8616.33462021377,8545.9013671875,8545.9013671875,44632400,0.0,0.0
2023-06-12 00:00:00+07:00,8592.85546875,8592.85546875,8545.899974385246,8592.85546875,38082300,0.0,0.0
2023-06-13 00:00:00+07:00,8616.333215932376,8616.333215932376,8545.899974385246,8592.85546875,45552600,0.0,0.0
2023-06-14 00:00:00+07:00,8545.900600464876,8569.378349367253,8498.945102660124,8522.4228515625,72223700,0.0,0.0
2023-06-15 00:00:00+07:00,8545.90081146409,8545.90081146409,8498.9453125,8498.9453125,59073000,0.0,0.0
2023-06-16 00:00:00+07:00,8545.90081146409,8545.90081146409,8428.512064053868,8498.9453125,112769400,0.0,0.0
2023-06-19 00:00:00+07:00,8451.990234375,8498.945735677084,8451.990234375,8451.990234375,32330600,0.0,0.0
2023-06-20 00:00:00+07:00,8475.467563017955,8498.9453125,8405.034314571823,8498.9453125,54990100,0.0,0.0
2023-06-21 00:00:00+07:00,8498.945654965753,8569.37890625,8451.99015410959,8569.37890625,42676300,0.0,0.0
2023-06-22 00:00:00+07:00,8569.378560946132,8592.856310428177,8498.9453125,8498.9453125,48291100,0.0,0.0
2023-06-23 00:00:00+07:00,8475.467563017955,8592.856310428177,8475.467563017955,8498.9453125,47813500,0.0,0.0
2023-06-26 00:00:00+07:00,8475.467353757747,8569.378349367253,8475.467353757747,8522.4228515625,36389900,0.0,0.0
2023-06-27 00:00:00+07:00,8498.944480020491,8592.85546875,8498.944480020491,8592.85546875,36225100,0.0,0.0
2023-07-03 00:00:00+07:00,8475.467353757747,8522.4228515625,8475.467353757747,8522.4228515625,108855900,0.0,0.0
2023-07-04 00:00:00+07:00,8592.856310428177,8592.856310428177,8498.9453125,8498.9453125,35049300,0.0,0.0
2023-07-05 00:00:00+07:00,8498.9453125,8522.423061982045,8475.467563017955,8498.9453125,44609200,0.0,0.0
2023-07-06 00:00:00+07:00,8498.945102660124,8545.900600464876,8475.467353757747,8522.4228515625,52532400,0.0,0.0
2023-07-07 00:00:00+07:00,8475.4677734375,8545.901023632272,8475.4677734375,8475.4677734375,37641300,0.0,0.0
2023-07-10 00:00:00+07:00,8545.90081146409,8545.90081146409,8498.9453125,8498.9453125,28981500,0.0,0.0
2023-07-11 00:00:00+07:00,8545.901023632272,8545.901023632272,8475.4677734375,8475.4677734375,43703500,0.0,0.0
2023-07-12 00:00:00+07:00,8522.422021351329,8616.3330078125,8498.944274736035,8616.3330078125,61566500,0.0,0.0
2023-07-13 00:00:00+07:00,8639.812157534247,8663.28990796233,8569.37890625,8569.37890625,65230900,0.0,0.0
2023-07-14 00:00:00+07:00,8616.333774732508,8639.8115234375,8569.378277322521,8639.8115234375,55554500,0.0,0.0
2023-07-17 00:00:00+07:00,8639.810754427794,8686.76624765838,8616.3330078125,8616.3330078125,62550100,0.0,0.0
2023-07-18 00:00:00+07:00,8639.810963114754,8686.766457479507,8545.899974385246,8592.85546875,52924600,0.0,0.0
2023-07-20 00:00:00+07:00,8639.810963114754,8663.28871029713,8569.377721567622,8592.85546875,83476600,0.0,0.0
2023-07-21 00:00:00+07:00,8592.85546875,8616.333215932376,8569.377721567622,8592.85546875,42667800,0.0,0.0
2023-07-24 00:00:00+07:00,8639.812371222528,8639.812371222528,8545.9013671875,8545.9013671875,62061200,0.0,0.0
2023-07-25 00:00:00+07:00,8616.333215932376,8733.721951844262,8592.85546875,8592.85546875,122802700,0.0,0.0
2023-07-26 00:00:00+07:00,8616.33349870488,8780.677734375,8569.37800279913,8780.677734375,113868700,0.0,0.0
2023-07-27 00:00:00+07:00,8827.633299457995,8827.633299457995,8663.2890625,8663.2890625,77848400,0.0,0.0
2023-07-28 00:00:00+07:00,8639.812157534247,8663.28990796233,8569.37890625,8569.37890625,74510200,0.0,0.0
2023-07-31 00:00:00+07:00,8616.334407106164,8639.812157534247,8545.901155821917,8569.37890625,80868000,0.0,0.0
2023-08-01 00:00:00+07:00,8616.334407106164,8616.334407106164,8545.901155821917,8569.37890625,49756400,0.0,0.0
2023-08-02 00:00:00+07:00,8569.378277322521,8639.8115234375,8569.378277322521,8639.8115234375,60629900,0.0,0.0
2023-08-03 00:00:00+07:00,8592.855611275338,8733.722096706082,8592.855611275338,8686.7666015625,64596100,0.0,0.0
2023-08-04 00:00:00+07:00,8686.766457479507,8710.244204661885,8569.377721567622,8592.85546875,52675900,0.0,0.0
2023-08-07 00:00:00+07:00,8592.856368977426,8710.2451171875,8592.856368977426,8710.2451171875,55589300,0.0,0.0
2023-08-08 00:00:00+07:00,8710.244769552479,8733.722518257473,8639.8115234375,8639.8115234375,43373400,0.0,0.0
2023-08-09 00:00:00+07:00,8710.24504186752,8827.6337890625,8686.767292428523,8827.6337890625,77056800,0.0,0.0
2023-08-10 00:00:00+07:00,8827.6337890625,8851.111538501496,8780.678290184507,8827.6337890625,76738100,0.0,0.0
2023-08-11 00:00:00+07:00,8851.111538501496,8874.589287940491,8804.156039623504,8827.6337890625,68898600,0.0,0.0
2023-08-14 00:00:00+07:00,8757.199986422125,8780.677734375,8663.288994610628,8780.677734375,75495400,0.0,0.0
2023-08-15 00:00:00+07:00,8757.20040532594,8804.155903477822,8733.72265625,8733.72265625,59303700,0.0,0.0
2023-08-16 00:00:00+07:00,8710.24490717406,8757.20040532594,8686.767158098119,8733.72265625,53440000,0.0,0.0
2023-08-18 00:00:00+07:00,8686.7666015625,8780.677591849662,8686.7666015625,8686.7666015625,79328900,0.0,0.0
2023-08-21 00:00:00+07:00,8663.288501043085,8686.76624765838,8616.3330078125,8616.3330078125,73573000,0.0,0.0
2023-08-22 00:00:00+07:00,8592.856161794354,8757.20040532594,8592.856161794354,8733.72265625,65664600,0.0,0.0
2023-08-23 00:00:00+07:00,8733.72265625,8757.20040532594,8710.24490717406,8733.72265625,63749800,0.0,0.0
2023-08-24 00:00:00+07:00,8686.767020847486,8757.200266962465,8639.8115234375,8639.8115234375,53725900,0.0,0.0
2023-08-25 00:00:00+07:00,8639.811868261455,8710.2451171875,8616.334118619441,8710.2451171875,50379000,0.0,0.0
2023-08-28 00:00:00+07:00,8686.767020847486,8686.767020847486,8639.8115234375,8639.8115234375,44423100,0.0,0.0
2023-08-29 00:00:00+07:00,8710.244349134291,8733.722096706082,8639.81110641892,8686.7666015625,45428500,0.0,0.0
2023-08-30 00:00:00+07:00,8733.722518257473,8733.722518257473,8639.8115234375,8639.8115234375,56227000,0.0,0.0
2023-08-31 00:00:00+07:00,8639.810754427794,8663.288501043085,8545.89976796662,8616.3330078125,136107200,0.0,0.0
2023-09-01 00:00:00+07:00,8639.811314363144,8710.244558773713,8616.333566226287,8663.2890625,42152700,0.0,0.0
2023-09-04 00:00:00+07:00,8663.2890625,8710.244558773713,8616.333566226287,8663.2890625,40610600,0.0,0.0
2023-09-05 00:00:00+07:00,8686.766810636856,8686.766810636856,8639.811314363144,8663.2890625,42007200,0.0,0.0
2023-09-06 00:00:00+07:00,8639.810963114754,8686.766457479507,8592.85546875,8592.85546875,49318400,0.0,0.0
2023-09-07 00:00:00+07:00,8569.377514581915,8616.3330078125,8545.89976796662,8616.3330078125,61405200,0.0,0.0
2023-09-08 00:00:00+07:00,8545.901155821917,8592.856656678083,8498.945654965753,8569.37890625,80732300,0.0,0.0
2023-09-11 00:00:00+07:00,8522.423405393836,8569.37890625,8522.423405393836,8569.37890625,53155900,0.0,0.0
2023-09-12 00:00:00+07:00,8545.9013671875,8569.379118196257,8522.423616178743,8545.9013671875,66479000,0.0,0.0
2023-09-13 00:00:00+07:00,8498.945102660124,8522.4228515625,8451.989604855373,8522.4228515625,69490200,0.0,0.0
2023-09-14 00:00:00+07:00,8451.990363152472,8569.379118196257,8451.990363152472,8545.9013671875,112757900,0.0,0.0
2023-09-15 00:00:00+07:00,8498.945735677084,8545.901236979167,8451.990234375,8451.990234375,121005300,0.0,0.0
2023-09-18 00:00:00+07:00,8498.945735677084,8522.423486328125,8451.990234375,8451.990234375,34272200,0.0,0.0
2023-09-19 00:00:00+07:00,8451.989604855373,8522.4228515625,8428.511855952996,8522.4228515625,33325800,0.0,0.0
2023-09-20 00:00:00+07:00,8569.377721567622,8616.333215932376,8522.42222720287,8592.85546875,54305500,0.0,0.0
2023-09-21 00:00:00+07:00,8569.37890625,8592.856656678083,8522.423405393836,8569.37890625,40607000,0.0,0.0
2023-09-22 00:00:00+07:00,8569.378349367253,8592.856098269629,8522.4228515625,8522.4228515625,42445300,0.0,0.0
2023-09-25 00:00:00+07:00,8522.423486328125,8522.423486328125,8451.990234375,8451.990234375,56132200,0.0,0.0
2023-09-26 00:00:00+07:00,8451.989677898046,8475.467427003317,8405.0341796875,8405.0341796875,73544700,0.0,0.0
2023-09-27 00:00:00+07:00,8358.0783340669,8451.989326584506,8334.6005859375,8334.6005859375,84345000,0.0,0.0
2023-09-29 00:00:00+07:00,8287.6455078125,8358.078755754248,8287.6455078125,8287.6455078125,118960000,0.0,0.0
2023-10-02 00:00:00+07:00,8358.078609245867,8545.900600464876,8334.600860343491,8522.4228515625,93663000,0.0,0.0
2023-10-03 00:00:00+07:00,8522.422779912535,8639.8115234375,8475.467282502548,8639.8115234375,98380200,0.0,0.0
2023-10-04 00:00:00+07:00,8639.8115234375,8686.767020847486,8569.378277322521,8639.8115234375,112582800,0.0,0.0
2023-10-05 00:00:00+07:00,8639.81159607438,8639.81159607438,8522.4228515625,8522.4228515625,72855700,0.0,0.0
2023-10-06 00:00:00+07:00,8545.901023632272,8545.901023632272,8475.4677734375,8475.4677734375,53344400,0.0,0.0
2023-10-09 00:00:00+07:00,8475.467563017955,8569.378560946132,8475.467563017955,8498.9453125,43774500,0.0,0.0
2023-10-10 00:00:00+07:00,8451.989889705883,8451.989889705883,8381.556640625,8381.556640625,71966100,0.0,0.0
2023-10-11 00:00:00+07:00,8381.556640625,8475.46763939951,8381.556640625,8381.556640625,84305800,0.0,0.0
2023-10-12 00:00:00+07:00,8451.989813535913,8545.90081146409,8451.989813535913,8498.9453125,71064500,0.0,0.0
2023-10-13 00:00:00+07:00,8545.900600464876,8569.378349367253,8475.467353757747,8522.4228515625,62941800,0.0,0.0
2023-10-16 00:00:00+07:00,8569.379118196257,8569.379118196257,8498.945865169986,8545.9013671875,29429200,0.0,0.0
2023-10-17 00:00:00+07:00,8498.94517610859,8522.422925213861,8405.0341796875,8405.0341796875,59606000,0.0,0.0
2023-10-18 00:00:00+07:00,8381.556293034957,8405.034041754943,8311.123046875,8311.123046875,50919200,0.0,0.0
2023-10-19 00:00:00+07:00,8287.64515904018,8311.122907366072,8217.2119140625,8217.2119140625,89509700,0.0,0.0
2023-10-20 00:00:00+07:00,8193.73423354805,8475.46721579039,8193.73423354805,8428.51171875,64554500,0.0,0.0
2023-10-23 00:00:00+07:00,8334.600795594986,8381.556293034957,8311.123046875,8311.123046875,50633500,0.0,0.0
2023-10-24 00:00:00+07:00,8240.689453125,8334.600444043803,8240.689453125,8240.689453125,76963200,0.0,0.0
2023-10-25 00:00:00+07:00,8287.645089678697,8381.556082196303,8287.645089678697,8334.6005859375,54748400,0.0,0.0
2023-10-26 00:00:00+07:00,8381.556366404011,8405.034115329512,8193.734375,8193.734375,63199400,0.0,0.0
2023-10-27 00:00:00+07:00,8193.7340957817,8264.167340158046,8170.25634765625,8170.25634765625,52450700,0.0,0.0
2023-10-30 00:00:00+07:00,8170.256554555084,8311.123046875,8170.256554555084,8311.123046875,51958200,0.0,0.0
2023-10-31 00:00:00+07:00,8264.167410714286,8287.64515904018,8193.734165736607,8217.2119140625,64907600,0.0,0.0
2023-11-01 00:00:00+07:00,8217.212197946948,8240.68994708394,8076.345703125,8076.345703125,67027600,0.0,0.0
2023-11-02 00:00:00+07:00,8193.73430327507,8358.07854431497,8193.73430327507,8311.123046875,56050900,0.0,0.0
2023-11-03 00:00:00+07:00,8381.555872542134,8405.033620084268,8311.12262991573,8358.078125,60414100,0.0,0.0
2023-11-06 00:00:00+07:00,8428.512064053868,8498.9453125,8405.034314571823,8498.9453125,84994200,0.0,0.0
2023-11-07 00:00:00+07:00,8451.989467270194,8475.46721579039,8358.078473189415,8428.51171875,60648200,0.0,0.0
2023-11-08 00:00:00+07:00,8405.034733072916,8451.990234375,8358.079231770833,8451.990234375,31829300,0.0,0.0
2023-11-09 00:00:00+07:00,8358.079231770833,8498.945735677084,8358.079231770833,8451.990234375,46076800,0.0,0.0
2023-11-10 00:00:00+07:00,8405.034254382083,8451.989753009915,8287.6455078125,8287.6455078125,50754600,0.0,0.0
2023-11-13 00:00:00+07:00,8334.6005859375,8381.556082196303,8311.122837808098,8334.6005859375,20827700,0.0,0.0
2023-11-14 00:00:00+07:00,8358.078890931372,8405.034390318628,8334.601141237745,8381.556640625,37195700,0.0,0.0
2023-11-15 00:00:00+07:00,8428.512064053868,8498.9453125,8405.034314571823,8498.9453125,84977900,0.0,0.0
2023-11-16 00:00:00+07:00,8498.945102660124,8522.4228515625,8405.03410705062,8522.4228515625,48714300,0.0,0.0
2023-11-17 00:00:00+07:00,8475.467353757747,8522.4228515625,8428.511855952996,8522.4228515625,57050500,0.0,0.0
2023-11-20 00:00:00+07:00,8428.511578455105,8475.467074713908,8334.6005859375,8334.6005859375,49216000,0.0,0.0
2023-11-21 00:00:00+07:00,8287.644948584402,8358.078191773504,8240.689453125,8240.689453125,107614800,0.0,0.0
2023-11-22 00:00:00+07:00,8240.689593419895,8334.6005859375,8240.689593419895,8334.6005859375,40364800,0.0,0.0
2023-11-23 00:00:00+07:00,8311.123391544117,8428.512140012255,8311.123391544117,8381.556640625,55542100,0.0,0.0
2023-11-24 00:00:00+07:00,8381.556640625,8428.512140012255,8358.078890931372,8381.556640625,43631900,0.0,0.0
2023-11-27 00:00:00+07:00,8358.0783340669,8405.033830325703,8334.6005859375,8334.6005859375,35679000,0.0,0.0
2023-11-28 00:00:00+07:00,8334.6005859375,8405.033830325703,8311.122837808098,8334.6005859375,69070600,0.0,0.0
2023-11-29 00:00:00+07:00,8358.078125,8405.033620084268,8358.078125,8358.078125,54715600,0.0,0.0
2023-11-30 00:00:00+07:00,8381.55622170961,8428.51171875,8358.078473189415,8428.51171875,205312100,0.0,0.0
2023-12-01 00:00:00+07:00,8381.556430582228,8428.511928792772,8358.078681476956,8405.0341796875,80566400,0.0,0.0
2023-12-04 00:00:00+07:00,8445.136642156864,8515.905943627451,8421.546875,8421.546875,54747400,42.5,0.0
2023-12-05 00:00:00+07:00,8445.136565133427,8445.136565133427,8327.18773042486,8397.95703125,94363900,0.0,0.0
2023-12-06 00:00:00+07:00,8350.777188387785,8445.136252663353,8303.59765625,8303.59765625,81852800,0.0,0.0
2023-12-07 00:00:00+07:00,8256.418201133145,8327.1875,8232.828434844192,8327.1875,91322500,0.0,0.0
2023-12-08 00:00:00+07:00,8303.598482142857,8350.778018973215,8256.4189453125,8256.4189453125,43891600,0.0,0.0
2023-12-11 00:00:00+07:00,8185.649640066965,8280.008713727679,8185.649640066965,8256.4189453125,78642800,0.0,0.0
2023-12-12 00:00:00+07:00,8209.23828125,8256.417811602012,8209.23828125,8209.23828125,87589300,0.0,0.0
2023-12-13 00:00:00+07:00,8209.23869213797,8256.418224851404,8185.64892578125,8185.64892578125,51560500,0.0,0.0
2023-12-14 00:00:00+07:00,8280.007696499482,8539.4951171875,8256.41793098239,8539.4951171875,115332800,0.0,0.0
2023-12-15 00:00:00+07:00,8610.264955432758,8704.6240234375,8563.085421430387,8704.6240234375,275013500,0.0,0.0
2023-12-18 00:00:00+07:00,8681.0341796875,8704.62394648013,8633.854646102242,8681.0341796875,111712200,0.0,0.0
2023-12-19 00:00:00+07:00,8610.264067778717,8728.212890625,8610.264067778717,8728.212890625,65174500,0.0,0.0
2023-12-20 00:00:00+07:00,8728.214019447245,8775.3935546875,8704.624251827117,8775.3935546875,72938100,0.0,0.0
2023-12-21 00:00:00+07:00,8775.393630613271,8798.9833984375,8728.214094964811,8798.9833984375,88116700,0.0,0.0
2023-12-22 00:00:00+07:00,8751.803862789042,8822.573166261729,8751.803862789042,8798.9833984375,64449600,0.0,0.0
2023-12-27 00:00:00+07:00,8846.162109375,8869.751875,8798.982578125,8846.162109375,64464700,0.0,0.0
2023-12-28 00:00:00+07:00,8798.98362439744,8893.34269811752,8798.98362439744,8869.7529296875,70184600,0.0,0.0
2023-12-29 00:00:00+07:00,8893.34269811752,8916.93246654754,8822.57339282746,8869.7529296875,79903400,0.0,0.0
2024-01-02 00:00:00+07:00,8869.753004807691,8893.3427734375,8822.573467548076,8893.3427734375,30545200,0.0,0.0
2024-01-03 00:00:00+07:00,8893.341561873329,8893.341561873329,8798.982500208891,8822.572265625,34603300,0.0,0.0
2024-01-04 00:00:00+07:00,8869.752185026386,8940.521484375,8846.162418576847,8940.521484375,56501800,0.0,0.0
2024-01-05 00:00:00+07:00,8964.11155760444,9058.470626631854,8940.521790347584,9034.880859375,85290100,0.0,0.0
2024-01-08 00:00:00+07:00,9058.470626631854,9082.060393888709,8940.521790347584,9034.880859375,50896000,0.0,0.0
2024-01-09 00:00:00+07:00,9058.47077922078,9082.060546875,9034.881011566558,9082.060546875,59848600,0.0,0.0
2024-01-10 00:00:00+07:00,9105.65008385144,9105.65008385144,9011.291015625,9011.291015625,52774900,0.0,0.0
2024-01-11 00:00:00+07:00,9082.060393888709,9105.65016114556,9034.880859375,9034.880859375,39381500,0.0,0.0
2024-01-12 00:00:00+07:00,9105.649570111147,9152.8291015625,9058.470038659794,9152.8291015625,68253400,0.0,0.0
2024-01-15 00:00:00+07:00,9200.008711238754,9200.008711238754,9105.64964753374,9176.4189453125,88399500,0.0,0.0
2024-01-16 00:00:00+07:00,9152.8291015625,9200.008633013853,9129.239335836824,9152.8291015625,44869200,0.0,0.0
2024-01-17 00:00:00+07:00,9200.0087890625,9200.0087890625,9105.649724559296,9200.0087890625,107706100,0.0,0.0
2024-01-18 00:00:00+07:00,9129.240234375,9200.00953851744,9082.060698280038,9129.240234375,71048900,0.0,0.0
2024-01-19 00:00:00+07:00,9223.599152800323,9223.599152800323,9058.47077922078,9082.060546875,63176500,0.0,0.0
2024-01-22 00:00:00+07:00,9058.47077922078,9105.65031452922,8987.701476258117,9082.060546875,52868300,0.0,0.0
2024-01-23 00:00:00+07:00,8916.932098388672,9058.470703125,8916.932098388672,9058.470703125,92348600,0.0,0.0
2024-01-24 00:00:00+07:00,9058.471456692914,9058.471456692914,8940.522609600557,8987.7021484375,84906000,0.0,0.0
2024-01-25 00:00:00+07:00,8916.931794819078,9034.880628083882,8916.931794819078,8964.111328125,63212700,0.0,0.0
2024-01-26 00:00:00+07:00,8869.75179645722,8916.931327289438,8775.39273479278,8822.572265625,78977300,0.0,0.0
2024-01-29 00:00:00+07:00,8869.75241328534,9011.291015625,8846.16264622873,9011.291015625,73452800,0.0,0.0
2024-01-30 00:00:00+07:00,8964.11178351684,9105.650390625,8940.52201566548,9105.650390625,73136400,0.0,0.0
2024-01-31 00:00:00+07:00,9152.82961796466,9152.82961796466,9011.291015625,9011.291015625,102581200,0.0,0.0
2024-02-01 00:00:00+07:00,9105.649570111147,9176.418867288176,9034.880272934117,9152.8291015625,104208700,0.0,0.0
2024-02-02 00:00:00+07:00,9223.598398739528,9247.188164465206,9082.05980438547,9152.8291015625,99324000,0.0,0.0
2024-02-05 00:00:00+07:00,9129.239928402416,9129.239928402416,8987.701324861293,9034.880859375,57983300,0.0,0.0
2024-02-06 00:00:00+07:00,9200.009385146104,9200.009385146104,9082.060546875,9082.060546875,87651000,0.0,0.0
2024-02-07 00:00:00+07:00,9152.8291015625,9176.418867288176,9105.649570111147,9152.8291015625,92953500,0.0,0.0
2024-02-12 00:00:00+07:00,9200.008943518813,9247.1884765625,9152.829410475128,9247.1884765625,87949400,0.0,0.0
2024-02-13 00:00:00+07:00,9200.008711238754,9247.18824309126,9152.829179386246,9176.4189453125,66072400,0.0,0.0
2024-02-15 00:00:00+07:00,9388.727231717956,9412.31699863182,9294.3681640625,9294.3681640625,164748900,0.0,0.0
2024-02-16 00:00:00+07:00,9412.317306748586,9435.907074434674,9317.95823600424,9388.7275390625,142277200,0.0,0.0
2024-02-19 00:00:00+07:00,9341.547774920886,9412.317076246043,9270.778473595728,9317.9580078125,53341300,0.0,0.0
2024-02-20 00:00:00+07:00,9294.367733011222,9459.49609375,9294.367733011222,9459.49609375,63997700,0.0,0.0
2024-02-21 00:00:00+07:00,9388.727614935777,9435.907150689223,9294.368543428884,9412.3173828125,75371600,0.0,0.0
2024-02-22 00:00:00+07:00,9412.317076246043,9412.317076246043,9317.9580078125,9317.9580078125,66913000,0.0,0.0
2024-02-23 00:00:00+07:00,9341.546636450385,9365.136400683845,9247.18757951654,9270.77734375,55192300,0.0,0.0
2024-02-26 00:00:00+07:00,9200.008943518813,9317.957776128029,9176.419176996971,9247.1884765625,41356000,0.0,0.0
2024-02-27 00:00:00+07:00,9200.00917227057,9341.547774920886,9200.00917227057,9317.9580078125,43735800,0.0,0.0
2024-02-28 00:00:00+07:00,9412.317458496094,9435.9072265625,9341.548154296876,9435.9072265625,54043100,0.0,0.0
2024-02-29 00:00:00+07:00,9435.90684335443,9435.90684335443,9294.368240704114,9317.9580078125,126671200,0.0,0.0
2024-03-01 00:00:00+07:00,9341.546636450385,9365.136400683845,9247.18757951654,9270.77734375,51520600,0.0,0.0
2024-03-04 00:00:00+07:00,9247.188321314105,9270.778087439903,9200.0087890625,9200.0087890625,43822900,0.0,0.0
2024-03-05 00:00:00+07:00,9341.547542649872,9341.547542649872,9223.598710040656,9247.1884765625,61952900,0.0,0.0
2024-03-06 00:00:00+07:00,9341.548003690326,9435.907074434674,9223.599165259891,9388.7275390625,70242200,0.0,0.0
2024-03-07 00:00:00+07:00,9483.08616898148,9601.035001929013,9435.906635802468,9553.85546875,118369300,0.0,0.0
2024-03-08 00:00:00+07:00,9671.804379618226,9718.98391317734,9553.855545720444,9577.4453125,100947200,0.0,0.0
2024-03-13 00:00:00+07:00,9813.343515625,9813.343515625,9435.9072265625,9435.9072265625,141622600,0.0,0.0
2024-03-14 00:00:00+07:00,9483.085819272095,9742.5732421875,9459.496053552512,9742.5732421875,110681100,0.0,0.0
2024-03-15 00:00:00+07:00,9624.624846059114,9718.98391317734,9483.086245381774,9577.4453125,154176800,0.0,0.0
2024-03-18 00:00:00+07:00,9601.035079279556,9695.394146397784,9577.4453125,9577.4453125,62444100,0.0,0.0
2024-03-19 00:00:00+07:00,9577.446363444413,9671.805440916767,9577.446363444413,9601.0361328125,55004800,0.0,0.0
2024-03-20 00:00:00+07:00,9530.265702160494,9577.445235339506,9506.675935570987,9553.85546875,66269700,0.0,0.0
2024-03-21 00:00:00+07:00,9601.035001929013,9648.214535108023,9483.08616898148,9553.85546875,90279400,0.0,0.0
2024-03-22 00:00:00+07:00,9435.907526299505,9553.85637037825,9388.727988668008,9530.2666015625,91968200,0.0,0.0
2024-03-25 00:00:00+07:00,9725.74609375,9725.74609375,9580.94590376861,9725.74609375,66971000,227.5,0.0
2024-03-26 00:00:00+07:00,9701.61328125,9701.61328125,9605.079815764926,9701.61328125,65742700,0.0,0.0
2024-03-27 00:00:00+07:00,9677.479363756203,9725.74609375,9653.345998759303,9725.74609375,39514100,0.0,0.0
2024-03-28 00:00:00+07:00,9677.479363756203,9749.879458746898,9629.212633762409,9725.74609375,79229700,0.0,0.0
2024-04-01 00:00:00+07:00,9725.746185457643,9749.879550682106,9484.41253321304,9508.5458984375,79248700,0.0,0.0
2024-04-02 00:00:00+07:00,9580.94586489899,9605.07922979798,9460.27904040404,9556.8125,76763100,0.0,0.0
2024-04-03 00:00:00+07:00,9412.01279527559,9460.279527559056,9194.8125,9194.8125,177418400,0.0,0.0
2024-04-04 00:00:00+07:00,9243.078880968433,9508.5458984375,9243.078880968433,9508.5458984375,75993500,0.0,0.0
2024-04-05 00:00:00+07:00,9605.078930104964,9605.078930104964,9484.412109375,9484.412109375,70428600,0.0,0.0
2024-04-16 00:00:00+07:00,9025.879066004289,9243.07936438407,8929.345600057717,9146.5458984375,283265900,0.0,0.0
2024-04-17 00:00:00+07:00,9218.945866141732,9339.612696850394,9194.8125,9194.8125,95620700,0.0,0.0
2024-04-18 00:00:00+07:00,9194.812631410785,9243.07936438407,9122.412531950857,9146.5458984375,127134000,0.0,0.0
2024-04-19 00:00:00+07:00,9025.879066004289,9170.679264924142,8977.612333031002,9146.5458984375,147784300,0.0,0.0
2024-04-22 00:00:00+07:00,9074.145638368984,9098.279004428476,9025.87890625,9025.87890625,128908000,0.0,0.0
2024-04-23 00:00:00+07:00,9074.145163881749,9436.145635845116,9074.145163881749,9387.87890625,178833000,0.0,0.0
2024-04-24 00:00:00+07:00,9484.412278678548,9605.0791015625,9412.012184948178,9605.0791015625,132832700,0.0,0.0
2024-04-25 00:00:00+07:00,9653.345788043478,9653.345788043478,9363.745414402174,9436.1455078125,104874100,0.0,0.0
2024-04-26 00:00:00+07:00,9363.745799512986,9484.4126268263,9291.345703125,9291.345703125,100932900,0.0,0.0
2024-04-29 00:00:00+07:00,9194.812275789222,9508.546027981503,9194.812275789222,9460.279296875,90063500,0.0,0.0
2024-04-30 00:00:00+07:00,9701.612952407526,9701.612952407526,9460.279296875,9460.279296875,109623000,0.0,0.0
2024-05-02 00:00:00+07:00,9556.813430546466,9556.813430546466,9170.679554564793,9218.9462890625,97079400,0.0,0.0
2024-05-03 00:00:00+07:00,9412.012437539655,9508.5458984375,9339.612341866276,9508.5458984375,81200400,0.0,0.0
2024-05-06 00:00:00+07:00,9508.546027981503,9532.679393534758,9436.145931321747,9460.279296875,53076200,0.0,0.0
2024-05-07 00:00:00+07:00,9363.7451171875,9412.011844595683,9291.345026075223,9363.7451171875,66746800,0.0,0.0
2024-05-08 00:00:00+07:00,9267.212,9363.745458333333,9050.01171875,9050.01171875,112808900,0.0,0.0
2024-05-13 00:00:00+07:00,8881.078740157482,9194.8125,8881.078740157482,9194.8125,145469900,0.0,0.0
2024-05-14 00:00:00+07:00,9291.346390809063,9339.613125306774,9194.812921813646,9218.9462890625,95363500,0.0,0.0
2024-05-15 00:00:00+07:00,9170.6787109375,9267.212171052632,9098.278615851152,9170.6787109375,54741900,0.0,0.0
2024-05-16 00:00:00+07:00,9243.07952372233,9339.612991333008,9194.812789916992,9267.212890625,61126000,0.0,0.0
2024-05-17 00:00:00+07:00,9267.21153846154,9508.54517227564,9243.078175080129,9412.01171875,99848500,0.0,0.0
2024-05-20 00:00:00+07:00,9363.746196817285,9460.279662763853,9146.5458984375,9146.5458984375,87890100,0.0,0.0
2024-05-21 00:00:00+07:00,9122.4118125,9243.078635416668,9050.01171875,9050.01171875,75311400,0.0,0.0
2024-05-22 00:00:00+07:00,9146.545048802222,9243.078505781665,9001.744863333057,9098.2783203125,121712700,0.0,0.0
2024-05-27 00:00:00+07:00,8977.611328125,9050.011419480848,8953.477964339718,8977.611328125,128578500,0.0,0.0
2024-05-28 00:00:00+07:00,8977.611328125,9074.144783266129,8977.611328125,8977.611328125,73945700,0.0,0.0
2024-05-29 00:00:00+07:00,8953.479337431694,9001.746072404372,8832.8125,8832.8125,117351600,0.0,0.0
2024-05-30 00:00:00+07:00,8688.01171875,8929.345377604166,8470.81142578125,8688.01171875,207115100,0.0,0.0
2024-05-31 00:00:00+07:00,8784.544541807432,8929.3447265625,8712.1444494299,8929.3447265625,756431600,0.0,0.0
2024-06-03 00:00:00+07:00,9025.878611438678,9025.878611438678,8905.211785082547,8953.478515625,72197700,0.0,0.0
2024-06-04 00:00:00+07:00,9194.812468666443,9194.812468666443,9025.87890625,9025.87890625,75353100,0.0,0.0
2024-06-05 00:00:00+07:00,9170.678840112434,9170.678840112434,8977.611917162698,9122.412109375,82087300,0.0,0.0
2024-06-06 00:00:00+07:00,9194.812631410785,9194.812631410785,9122.412531950857,9146.5458984375,44991300,0.0,0.0
2024-06-07 00:00:00+07:00,9170.67867166555,9170.67867166555,9001.7451171875,9001.7451171875,51599800,0.0,0.0
2024-06-10 00:00:00+07:00,9170.679133858268,9194.8125,9122.412401574804,9194.8125,45584700,0.0,0.0
2024-06-11 00:00:00+07:00,9218.944965977822,9218.944965977822,8977.611328125,8977.611328125,68690900,0.0,0.0
2024-06-12 00:00:00+07:00,8977.611454814189,9001.744818940033,8929.3447265625,8929.3447265625,49785700,0.0,0.0
2024-06-13 00:00:00+07:00,9146.545134171196,9146.545134171196,8881.078125,8881.078125,84652200,0.0,0.0
2024-06-14 00:00:00+07:00,8881.078125,8929.344853940218,8784.544667119566,8881.078125,52986300,0.0,0.0
2024-06-19 00:00:00+07:00,8929.345244518301,8929.345244518301,8736.2783203125,8736.2783203125,100051000,0.0,0.0
2024-06-20 00:00:00+07:00,8832.811313619031,9098.2783203125,8784.54458512931,9098.2783203125,81474800,0.0,0.0
2024-06-21 00:00:00+07:00,9146.546056111654,9339.612991333008,9074.145955403646,9267.212890625,166841200,0.0,0.0
2024-06-24 00:00:00+07:00,9267.212890625,9412.013092041016,9243.07952372233,9267.212890625,79592300,0.0,0.0
2024-06-25 00:00:00+07:00,9267.212890625,9267.212890625,9122.412689208984,9267.212890625,80029000,0.0,0.0
2024-06-26 00:00:00+07:00,9194.812075966283,9315.478901110197,9122.411980879931,9170.6787109375,77913200,0.0,0.0
2024-06-27 00:00:00+07:00,9243.078175080129,9412.01171875,9218.944811698717,9412.01171875,89150700,0.0,0.0
2024-06-28 00:00:00+07:00,9460.27945922544,9629.213020997324,9436.146093258028,9580.9462890625,166172300,0.0,0.0
2024-07-01 00:00:00+07:00,9508.546321202532,9556.813053797468,9484.412954905065,9532.6796875,68634600,0.0,0.0
2024-07-02 00:00:00+07:00,9653.34595959596,9653.34595959596,9508.54577020202,9556.8125,78848500,0.0,0.0
2024-07-03 00:00:00+07:00,9629.21331298828,9653.3466796875,9580.946579589843,9653.3466796875,55860200,0.0,0.0
2024-07-04 00:00:00+07:00,9629.212294250954,9653.345658396947,9484.412109375,9484.412109375,67054000,0.0,0.0
2024-07-05 00:00:00+07:00,9580.94573698571,9629.21246613929,9532.67900783213,9605.0791015625,36946900,0.0,0.0
2024-07-08 00:00:00+07:00,9653.346548507465,9701.61328125,9605.079815764926,9701.61328125,72903600,0.0,0.0
2024-07-09 00:00:00+07:00,9749.879458746898,9798.146188740697,9725.74609375,9725.74609375,61853200,0.0,0.0
2024-07-10 00:00:00+07:00,9822.279980952197,9870.546713045327,9701.61315071937,9749.8798828125,62325900,0.0,0.0
2024-07-11 00:00:00+07:00,9653.345998759303,9774.012823743797,9653.345998759303,9725.74609375,55908400,0.0,0.0
2024-07-12 00:00:00+07:00,9701.612728753102,9749.879458746898,9677.479363756203,9725.74609375,62646500,0.0,0.0
2024-07-15 00:00:00+07:00,9701.61328125,9725.746647621268,9605.079815764926,9701.61328125,36682600,0.0,0.0
2024-07-16 00:00:00+07:00,9629.21246613929,9677.47919529287,9605.0791015625,9605.0791015625,37192700,0.0,0.0
2024-07-17 00:00:00+07:00,9556.81275908801,9605.079490194516,9460.279296875,9460.279296875,90666000,0.0,0.0
2024-07-18 00:00:00+07:00,9460.279490253712,9749.8798828125,9460.279490253712,9749.8798828125,65383200,0.0,0.0
2024-07-19 00:00:00+07:00,9701.613570601852,9774.013671875,9629.213469328704,9774.013671875,53880300,0.0,0.0
2024-07-22 00:00:00+07:00,9774.013248859066,9798.14661490563,9749.8798828125,9749.8798828125,31285300,0.0,0.0
2024-07-23 00:00:00+07:00,9846.413640202702,9846.413640202702,9774.013539907097,9822.2802734375,39321100,0.0,0.0
2024-07-24 00:00:00+07:00,9774.012823743797,9822.279553737591,9725.74609375,9725.74609375,24658000,0.0,0.0
2024-07-25 00:00:00+07:00,9870.546194724666,9942.9462890625,9846.412829945388,9942.9462890625,98088100,0.0,0.0
2024-07-26 00:00:00+07:00,10015.346809738196,10039.480175544792,9942.946712318402,9967.080078125,75565800,0.0,0.0
2024-07-29 00:00:00+07:00,10039.479878048782,10063.613243140244,9822.27959222561,9894.6796875,69092500,0.0,0.0
2024-07-30 00:00:00+07:00,9942.947107263511,9942.947107263511,9822.2802734375,9822.2802734375,32122900,0.0,0.0
2024-07-31 00:00:00+07:00,9991.212591240876,9991.212591240876,9870.545772506082,9918.8125,82519900,0.0,0.0
2024-08-01 00:00:00+07:00,9846.41312123494,10015.3466796875,9846.41312123494,10015.3466796875,61176200,0.0,0.0
2024-08-02 00:00:00+07:00,9918.813182157628,9991.213278377758,9846.4130859375,9846.4130859375,55699900,0.0,0.0
2024-08-05 00:00:00+07:00,9653.34651898734,9798.146716772151,9532.6796875,9532.6796875,126328300,0.0,0.0
2024-08-06 00:00:00+07:00,9725.746779785157,9725.746779785157,9605.079946289065,9653.3466796875,78473900,0.0,0.0
2024-08-07 00:00:00+07:00,9653.346418626235,9749.8798828125,9653.346418626235,9749.8798828125,52327400,0.0,0.0
2024-08-08 00:00:00+07:00,9798.145806272922,9870.5458984375,9725.745714108343,9870.5458984375,54162100,0.0,0.0
2024-08-09 00:00:00+07:00,9870.546581550185,9894.679947275246,9749.879752924877,9798.146484375,47062400,0.0,0.0
2024-08-12 00:00:00+07:00,9749.879624310664,9846.4130859375,9725.746258903951,9846.4130859375,40364100,0.0,0.0
2024-08-13 00:00:00+07:00,9894.679559503944,9942.9462890625,9822.279465166112,9942.9462890625,55207100,0.0,0.0
2024-08-14 00:00:00+07:00,9942.946547564336,9942.946547564336,9846.4130859375,9846.4130859375,47999100,0.0,0.0
2024-08-15 00:00:00+07:00,9846.41253438264,9942.945990602078,9822.279170327782,9870.5458984375,33396600,0.0,0.0
2024-08-16 00:00:00+07:00,9942.946712318402,9967.080078125,9894.679980705205,9967.080078125,40731400,0.0,0.0
2024-08-19 00:00:00+07:00,9967.079948701054,10063.613410673946,9918.813217714607,10015.3466796875,51054400,0.0,0.0
2024-08-20 00:00:00+07:00,9967.079820518586,10087.746646432854,9942.946455335732,10063.61328125,60304400,0.0,0.0
2024-08-21 00:00:00+07:00,10136.01337679856,10136.01337679856,10063.61328125,10063.61328125,84848800,0.0,0.0
2024-08-22 00:00:00+07:00,9991.213443931598,10039.480175544792,9870.546614898609,9967.080078125,56611600,0.0,0.0
2024-08-23 00:00:00+07:00,9967.080078125,10015.346809738196,9942.946712318402,9967.080078125,46651600,0.0,0.0
2024-08-26 00:00:00+07:00,9918.813346511804,10015.346809738196,9894.679980705205,9967.080078125,35145600,0.0,0.0
2024-08-27 00:00:00+07:00,9918.813182157628,9942.946547564336,9822.27972053079,9846.4130859375,60448400,0.0,0.0
2024-08-28 00:00:00+07:00,9942.946161684782,9991.212890625,9894.679432744566,9991.212890625,38489900,0.0,0.0
2024-08-29 00:00:00+07:00,10136.012903040952,10136.012903040952,9870.5458984375,9870.5458984375,53004700,0.0,0.0
2024-08-30 00:00:00+07:00,9967.080078125,9967.080078125,9846.41324909201,9967.080078125,158403700,0.0,0.0
2024-09-02 00:00:00+07:00,10015.345954987835,10015.345954987835,9846.412408759124,9918.8125,72008600,0.0,0.0
2024-09-03 00:00:00+07:00,9967.080474028717,9967.080474028717,9798.146906672297,9822.2802734375,50950200,0.0,0.0
2024-09-04 00:00:00+07:00,9798.146100386832,9942.9462890625,9774.012735607555,9942.9462890625,44817000,0.0,0.0
2024-09-05 00:00:00+07:00,9991.213147865854,9991.213147865854,9894.6796875,9894.6796875,39332900,0.0,0.0
2024-09-06 00:00:00+07:00,9870.546194724666,9942.9462890625,9870.546194724666,9942.9462890625,31541800,0.0,0.0
2024-09-09 00:00:00+07:00,9942.94586374696,9991.212591240876,9846.412408759124,9918.8125,36185100,0.0,0.0
2024-09-10 00:00:00+07:00,9991.212890625,9991.212890625,9918.812797214674,9991.212890625,55093100,0.0,0.0
2024-09-11 00:00:00+07:00,10063.61328125,10063.61328125,9991.21318570144,10063.61328125,64621300,0.0,0.0
2024-09-12 00:00:00+07:00,10087.746517937052,10136.013247687948,10015.34642331071,10111.8798828125,70759100,0.0,0.0
2024-09-13 00:00:00+07:00,10039.479916067146,10063.61328125,9967.079820518586,10063.61328125,70057100,0.0,0.0
2024-09-17 00:00:00+07:00,10087.746940104167,10136.013671875,9991.2134765625,10136.013671875,89745000,0.0,0.0
2024-09-18 00:00:00+07:00,10136.013832720588,10256.6806640625,10087.747100183824,10256.6806640625,65420200,0.0,0.0
2024-09-19 00:00:00+07:00,10329.08053504874,10522.1474609375,10280.813803576548,10522.1474609375,140886600,0.0,0.0
2024-09-20 00:00:00+07:00,10522.147295533645,10522.147295533645,10401.48046875,10401.48046875,142194600,0.0,0.0
2024-09-23 00:00:00+07:00,10353.21377354452,10570.4140625,10353.21377354452,10570.4140625,72553800,0.0,0.0
2024-09-24 00:00:00+07:00,10401.479917173032,10570.413465711805,10401.479917173032,10425.61328125,105191100,0.0,0.0
2024-09-25 00:00:00+07:00,10304.946336315525,10473.8798828125,10160.146153603831,10473.8798828125,158369100,0.0,0.0
2024-09-26 00:00:00+07:00,10498.01462333893,10498.01462333893,10304.947687737294,10329.0810546875,84960100,0.0,0.0
2024-09-27 00:00:00+07:00,10136.01424955986,10377.347922168428,10039.480780516433,10280.814453125,93027400,0.0,0.0
2024-09-30 00:00:00+07:00,10111.880272964589,10184.280370384382,9967.080078125,9967.080078125,144692100,0.0,0.0
2024-10-01 00:00:00+07:00,10039.480079976303,10184.2802734375,10015.346714399437,10184.2802734375,59797700,0.0,0.0
2024-10-02 00:00:00+07:00,9967.080110677083,10184.280403645833,9967.080110677083,10136.013671875,86746200,0.0,0.0
2024-10-03 00:00:00+07:00,10087.7470703125,10160.14716890326,10039.48033791866,10087.7470703125,60887000,0.0,0.0
2024-10-04 00:00:00+07:00,10039.479788186158,10111.8798828125,9991.213058435262,10111.8798828125,58500400,0.0,0.0
2024-10-07 00:00:00+07:00,9991.213018621056,10015.346383400334,9894.679559503944,9942.9462890625,91867900,0.0,0.0
2024-10-08 00:00:00+07:00,9846.412578876205,10136.012948843148,9798.145850548375,10039.4794921875,99622900,0.0,0.0
2024-10-09 00:00:00+07:00,10039.479916067146,10160.146741981414,10039.479916067146,10063.61328125,56835200,0.0,0.0
2024-10-10 00:00:00+07:00,10063.613574218749,10136.013671875,10039.480208333332,10136.013671875,51080000,0.0,0.0
2024-10-11 00:00:00+07:00,10208.413603633284,10208.413603633284,10015.3466796875,10015.3466796875,44632100,0.0,0.0
2024-10-14 00:00:00+07:00,10015.346842447916,10136.013671875,10015.346842447916,10136.013671875,31738600,0.0,0.0
2024-10-15 00:00:00+07:00,10184.280565257352,10256.6806640625,10087.747100183824,10256.6806640625,66635200,0.0,0.0
2024-10-16 00:00:00+07:00,10329.080166691529,10353.213531566977,10111.8798828125,10111.8798828125,63255900,0.0,0.0
2024-10-17 00:00:00+07:00,10184.280307583042,10425.61396416084,10136.013576267482,10353.2138671875,66993300,0.0,0.0
2024-10-18 00:00:00+07:00,10498.01350154433,10498.01350154433,10353.213315316134,10377.3466796875,56299600,0.0,0.0
2024-10-21 00:00:00+07:00,10473.880827356556,10473.880827356556,10304.947265625,10304.947265625,36472500,0.0,0.0
2024-10-22 00:00:00+07:00,10111.880305989584,10232.547135416666,10111.880305989584,10136.013671875,94799500,0.0,0.0
2024-10-23 00:00:00+07:00,10111.880882299003,10280.814453125,10111.880882299003,10280.814453125,48903000,0.0,0.0
2024-10-24 00:00:00+07:00,10353.214421637704,10473.881256388726,10329.0810546875,10329.0810546875,85341200,0.0,0.0
2024-10-25 00:00:00+07:00,10280.813222202034,10377.3466796875,10256.679857830668,10377.3466796875,34847500,0.0,0.0
2024-10-28 00:00:00+07:00,10449.747162441035,10449.747162441035,10232.546875,10232.546875,39061500,0.0,0.0
2024-10-29 00:00:00+07:00,10160.147037760416,10208.41376953125,10136.013671875,10136.013671875,49680100,0.0,0.0
2024-10-30 00:00:00+07:00,9918.812797214674,10039.479619565218,9918.812797214674,9991.212890625,114484100,0.0,0.0
2024-10-31 00:00:00+07:00,9967.07978277439,10111.879973323172,9894.6796875,9894.6796875,97553400,0.0,0.0
2024-11-01 00:00:00+07:00,9918.813090152877,10063.61328125,9918.813090152877,10063.61328125,47710000,0.0,0.0
2024-11-04 00:00:00+07:00,10063.613410673946,10136.013507153615,9942.946583207831,10015.3466796875,49275700,0.0,0.0
2024-11-05 00:00:00+07:00,9942.946744791669,10208.41376953125,9942.946744791669,10136.013671875,50296500,0.0,0.0
2024-11-06 00:00:00+07:00,10111.88043650942,10136.01380270634,10015.34697172174,10087.7470703125,50324900,0.0,0.0
2024-11-07 00:00:00+07:00,9967.080474028717,10087.74730785473,9822.2802734375,9822.2802734375,131579100,0.0,0.0
2024-11-08 00:00:00+07:00,9846.412918734492,9870.54628373139,9701.612728753102,9725.74609375,92166100,0.0,0.0
2024-11-11 00:00:00+07:00,9460.279617537311,9701.61328125,9460.279617537311,9701.61328125,128707600,0.0,0.0
2024-11-12 00:00:00+07:00,9749.879752924877,9870.546581550185,9653.34629002463,9798.146484375,80378500,0.0,0.0
2024-11-13 00:00:00+07:00,9870.546581550185,9894.679947275246,9798.146484375,9798.146484375,62933100,0.0,0.0
2024-11-14 00:00:00+07:00,9774.013248859066,9822.279980952197,9701.61315071937,9749.8798828125,56381400,0.0,0.0
2024-11-15 00:00:00+07:00,9701.613439611489,9918.81374049831,9701.613439611489,9822.2802734375,63598200,0.0,0.0
2024-11-18 00:00:00+07:00,9725.746779785157,9774.013513183594,9653.3466796875,9653.3466796875,65716200,0.0,0.0
2024-11-19 00:00:00+07:00,9556.812923095087,9677.479752932148,9556.812923095087,9580.9462890625,85295300,0.0,0.0
2024-11-20 00:00:00+07:00,9677.479363756203,9798.146188740697,9653.345998759303,9725.74609375,58584400,0.0,0.0
2024-11-21 00:00:00+07:00,9701.493099619289,9701.493099619289,9555.970703125,9555.970703125,93181200,50.0,0.0
2024-11-22 00:00:00+07:00,9628.731901372144,9652.985634121193,9555.970703125,9555.970703125,58396100,0.0,0.0
2024-11-25 00:00:00+07:00,9652.984974854116,9895.522285780098,9604.477512668918,9871.2685546875,165369400,0.0,0.0
2024-11-26 00:00:00+07:00,9944.030493164062,9944.030493164062,9701.4931640625,9701.4931640625,62310100,0.0,0.0
2024-11-28 00:00:00+07:00,9677.239431152344,9774.254362792968,9628.731965332032,9701.4931640625,57443500,0.0,0.0
2024-11-29 00:00:00+07:00,9701.4931640625,9798.508095703126,9652.985698242188,9701.4931640625,76886000,0.0,0.0
2024-12-02 00:00:00+07:00,9701.492387820514,9749.999849759615,9458.955078125,9458.955078125,87879600,0.0,0.0
2024-12-03 00:00:00+07:00,9725.74634028416,9919.776192459403,9604.477682674633,9895.5224609375,126087100,0.0,0.0
2024-12-04 00:00:00+07:00,9871.268729415591,9944.02992398131,9750.000071806066,9895.5224609375,97876300,0.0,0.0
2024-12-05 00:00:00+07:00,9944.0302734375,10041.04520293445,9919.776541063262,9944.0302734375,96904400,0.0,0.0
2024-12-06 00:00:00+07:00,9798.507638027297,9871.26883335918,9750.000174472703,9774.25390625,68247200,0.0,0.0
2024-12-09 00:00:00+07:00,9725.746409835449,10041.044921875,9701.492678140095,10041.044921875,64458400,0.0,0.0
2024-12-10 00:00:00+07:00,10016.79119017965,10041.044921875,9968.28372678895,10041.044921875,61230400,0.0,0.0
2024-12-11 00:00:00+07:00,9919.776777015888,10113.806640625,9919.776777015888,10113.806640625,37934300,0.0,0.0
2024-12-12 00:00:00+07:00,9992.53721015049,10065.298403428284,9871.2685546875,9871.2685546875,44780100,0.0,0.0
2024-12-13 00:00:00+07:00,9822.76119402985,9919.776119402984,9725.746268656716,9750.0,75126400,0.0,0.0
2024-12-16 00:00:00+07:00,9701.492883663366,9822.761544709158,9701.492883663366,9798.5078125,57746100,0.0,0.0
2024-12-17 00:00:00+07:00,9652.985001380996,9749.999926017992,9604.4775390625,9604.4775390625,99845900,0.0,0.0
2024-12-18 00:00:00+07:00,9604.477818080357,9725.746477399554,9507.462890625,9507.462890625,84868500,0.0,0.0
2024-12-19 00:00:00+07:00,9410.448068071706,9483.209264474322,9264.925675266471,9386.1943359375,104254100,0.0,0.0
2024-12-20 00:00:00+07:00,9361.9404296875,9458.955356420012,9337.686698004372,9361.9404296875,91576900,0.0,0.0
2024-12-23 00:00:00+07:00,9410.447790121483,9555.970178628517,9410.447790121483,9483.208984375,43292100,0.0,0.0
2024-12-24 00:00:00+07:00,9555.970002003203,9604.477463942309,9458.955078125,9458.955078125,32415700,0.0,0.0
2024-12-27 00:00:00+07:00,9507.462890625,9531.71662248884,9434.701695033482,9507.462890625,24016700,0.0,0.0
2024-12-30 00:00:00+07:00,9507.462996608529,9531.716728742733,9386.1943359375,9386.1943359375,56350100,0.0,0.0
2025-01-02 00:00:00+07:00,9361.940227470011,9604.4775390625,9361.940227470011,9604.4775390625,38124800,0.0,0.0
2025-01-03 00:00:00+07:00,9555.970703125,9628.731901372144,9531.716970375952,9555.970703125,41916000,0.0,0.0
2025-01-06 00:00:00+07:00,9555.97046087694,9580.224193011143,9361.940603803296,9386.1943359375,41593900,0.0,0.0
2025-01-07 00:00:00+07:00,9386.194266732284,9434.701730643044,9240.671875,9240.671875,71318600,0.0,0.0
2025-01-08 00:00:00+07:00,9386.1943359375,9483.209264474322,9289.17940740068,9386.1943359375,55943100,0.0,0.0
2025-01-09 00:00:00+07:00,9458.955772128807,9580.224435874048,9434.70203937976,9555.970703125,42733800,0.0,0.0
2025-01-10 00:00:00+07:00,9507.463347525709,9628.73201267272,9434.7021484375,9434.7021484375,72531300,0.0,0.0
2025-01-13 00:00:00+07:00,9337.68687166909,9434.701800205912,9337.68687166909,9386.1943359375,88270100,0.0,0.0
2025-01-14 00:00:00+07:00,9313.433070866142,9434.701730643044,9240.671875,9240.671875,70942600,0.0,0.0
2025-01-15 00:00:00+07:00,9289.179303850447,9507.462890625,9264.925571986609,9507.462890625,77098000,0.0,0.0
2025-01-16 00:00:00+07:00,9555.970002003203,9628.73119491186,9458.955078125,9458.955078125,76979000,0.0,0.0
2025-01-17 00:00:00+07:00,9458.955152107008,9604.4775390625,9361.940227470011,9604.4775390625,71033100,0.0,0.0
2025-01-20 00:00:00+07:00,9555.97010450487,9580.223835734578,9337.6865234375,9337.6865234375,112111200,0.0,0.0
2025-01-21 00:00:00+07:00,9313.433420365536,9386.19461896214,9264.925954634466,9289.1796875,124547900,0.0,0.0
2025-01-22 00:00:00+07:00,9361.940078735352,9386.193809509276,9289.178886413574,9313.4326171875,90154800,0.0,0.0
2025-01-23 00:00:00+07:00,9313.4326171875,9458.955001831057,9313.4326171875,9313.4326171875,120515400,0.0,0.0
2025-01-24 00:00:00+07:00,9337.686552159928,9361.940283464235,9070.8955078125,9070.8955078125,152057000,0.0,0.0
2025-01-30 00:00:00+07:00,8876.8662109375,8998.134875021346,8876.8662109375,8876.8662109375,154645800,0.0,0.0
2025-01-31 00:00:00+07:00,8973.881267567791,9216.418599123675,8949.627534412202,9167.9111328125,112982800,0.0,0.0
2025-02-03 00:00:00+07:00,9119.402970421124,9119.402970421124,8949.626851290943,9070.8955078125,90439900,0.0,0.0
2025-02-04 00:00:00+07:00,9070.896250212874,9119.403716791554,8901.1201171875,8901.1201171875,94607700,0.0,0.0
2025-02-05 00:00:00+07:00,8828.35857234589,8901.119769370718,8828.35857234589,8852.6123046875,98229900,0.0,0.0
2025-02-06 00:00:00+07:00,8804.104595844972,8828.358327513966,8585.821010824022,8682.8359375,171477800,0.0,0.0
2025-02-07 00:00:00+07:00,8682.835806943516,9070.8955078125,8561.567150421957,9070.8955078125,131162200,0.0,0.0
2025-02-10 00:00:00+07:00,8755.597546853654,8973.881142204576,8755.597546853654,8876.8662109375,76209100,0.0,0.0
2025-02-11 00:00:00+07:00,8755.597029420627,8828.358223570936,8731.343298037189,8804.1044921875,71188300,0.0,0.0
2025-02-12 00:00:00+07:00,8682.836348403347,8876.8662109375,8682.836348403347,8876.8662109375,121172600,0.0,0.0
2025-02-13 00:00:00+07:00,8828.358680555555,8876.866145833334,8731.34375,8731.34375,90439700,0.0,0.0
2025-02-14 00:00:00+07:00,8731.343575905292,8804.104772371169,8682.836111594708,8707.08984375,116274500,0.0,0.0
2025-02-17 00:00:00+07:00,8707.089369868465,9046.6416015625,8707.089369868465,9046.6416015625,89096400,0.0,0.0
2025-02-18 00:00:00+07:00,9046.642404863913,9289.179734753025,8973.881205897176,9022.388671875,107318300,0.0,0.0
2025-02-19 00:00:00+07:00,8949.626985858938,8973.880717527933,8682.8359375,8682.8359375,154438200,0.0,0.0
2025-02-20 00:00:00+07:00,8707.090017361112,8755.597482638888,8682.836284722222,8731.34375,119260800,0.0,0.0
2025-02-21 00:00:00+07:00,8682.836284722222,8731.34375,8658.582552083333,8731.34375,106054700,0.0,0.0
2025-02-24 00:00:00+07:00,8658.58203125,8707.089493609943,8610.074568890055,8658.58203125,108530300,0.0,0.0
2025-02-25 00:00:00+07:00,8634.328578700424,8731.343506550991,8561.5673828125,8561.5673828125,101592700,0.0,0.0
2025-02-26 00:00:00+07:00,8537.31330128205,8634.328225160256,8464.552108373397,8513.0595703125,117843500,0.0,0.0
2025-02-27 00:00:00+07:00,8537.313508064515,8537.313508064515,8246.268729380497,8270.5224609375,199991600,0.0,0.0
2025-02-28 00:00:00+07:00,8270.522742025223,8416.045136313056,8173.5078125,8173.5078125,293095000,0.0,0.0
2025-03-03 00:00:00+07:00,8343.283624822443,8634.32840243253,8294.77616188743,8537.3134765625,192944300,0.0,0.0
2025-03-04 00:00:00+07:00,8634.328753972457,8658.582486427436,8416.045161877648,8585.8212890625,125418500,0.0,0.0
2025-03-05 00:00:00+07:00,8561.567621527778,8901.119878472222,8561.567621527778,8731.34375,155207900,0.0,0.0
2025-03-06 00:00:00+07:00,8925.373433147632,8925.373433147632,8707.08984375,8707.08984375,96270100,0.0,0.0
2025-03-07 00:00:00+07:00,8731.343224789916,8731.343224789916,8658.58203125,8658.58203125,82295300,0.0,0.0
2025-03-10 00:00:00+07:00,8488.805912990196,8707.089493609943,8464.552181810224,8658.58203125,97652100,0.0,0.0
2025-03-11 00:00:00+07:00,8682.835762429972,8779.85068714986,8610.074568890055,8658.58203125,109295600,0.0,0.0
2025-03-12 00:00:00+07:00,8755.597375321062,8852.6123046875,8707.089910637842,8852.6123046875,87968900,0.0,0.0
2025-03-13 00:00:00+07:00,8876.865968837048,8901.11970099234,8707.08984375,8707.08984375,83030700,0.0,0.0
2025-03-14 00:00:00+07:00,8537.314107142858,8658.5827734375,8488.806640625,8488.806640625,111397800,0.0,0.0
2025-03-17 00:00:00+07:00,8488.806578170423,8513.060311250909,8294.776713526526,8343.2841796875,151365700,0.0,0.0
2025-03-18 00:00:00+07:00,8246.268619399472,8294.776081866528,7833.9551884295,8052.23876953125,417305700,0.0,0.0
2025-03-19 00:00:00+07:00,8052.238944022148,8149.253871058559,7979.477748744839,8076.49267578125,214108200,0.0,0.0
2025-03-20 00:00:00+07:00,8197.76119402985,8222.014925373134,8100.746268656717,8125.0,152917300,0.0,0.0
2025-03-21 00:00:00+07:00,8275.0,8275.0,7900.0,7900.0,377916400,250.0,0.0
2025-03-24 00:00:00+07:00,7825.0,8100.0,7625.0,7950.0,331836800,0.0,0.0
2025-03-25 00:00:00+07:00,8075.0,8150.0,8000.0,8050.0,136341700,0.0,0.0
2025-03-26 00:00:00+07:00,8300.0,8650.0,8275.0,8525.0,283104600,0.0,0.0
2025-03-27 00:00:00+07:00,8425.0,8575.0,8375.0,8500.0,122943900,0.0,0.0
2025-04-08 00:00:00+07:00,7400.0,8000.0,7275.0,7775.0,533073600,0.0,0.0
2025-04-09 00:00:00+07:00,7700.0,7950.0,7675.0,7925.0,136753900,0.0,0.0
2025-04-10 00:00:00+07:00,8500.0,8650.0,8175.0,8225.0,144148600,0.0,0.0
2025-04-11 00:00:00+07:00,8200.0,8325.0,8050.0,8275.0,82603000,0.0,0.0
2025-04-14 00:00:00+07:00,8250.0,8400.0,8250.0,8400.0,83319300,0.0,0.0
2025-04-15 00:00:00+07:00,8575.0,8600.0,8450.0,8575.0,83431800,0.0,0.0
2025-04-16 00:00:00+07:00,8500.0,8550.0,8425.0,8475.0,76874900,0.0,0.0
2025-04-17 00:00:00+07:00,8450.0,8500.0,8350.0,8500.0,83540600,0.0,0.0
2025-04-21 00:00:00+07:00,8500.0,8500.0,8300.0,8300.0,40683800,0.0,0.0
2025-04-22 00:00:00+07:00,8325.0,8500.0,8325.0,8500.0,56537100,0.0,0.0
2025-04-23 00:00:00+07:00,8550.0,8725.0,8550.0,8725.0,92329600,0.0,0.0
2025-04-24 00:00:00+07:00,8850.0,8850.0,8475.0,8475.0,143675300,0.0,0.0
2025-04-25 00:00:00+07:00,8650.0,8650.0,8575.0,8600.0,58297000,0.0,0.0
2025-04-28 00:00:00+07:00,8750.0,8775.0,8650.0,8775.0,73235400,0.0,0.0
2025-04-29 00:00:00+07:00,8800.0,8825.0,8700.0,8725.0,60315700,0.0,0.0
2025-04-30 00:00:00+07:00,8800.0,8925.0,8675.0,8825.0,164597500,0.0,0.0
2025-05-02 00:00:00+07:00,9000.0,9000.0,8850.0,8975.0,92219000,0.0,0.0
2025-05-05 00:00:00+07:00,9000.0,9050.0,8975.0,8975.0,86385600,0.0,0.0
2025-05-06 00:00:00+07:00,9050.0,9050.0,8975.0,9025.0,48860500,0.0,0.0
2025-05-07 00:00:00+07:00,9075.0,9100.0,9000.0,9075.0,77382000,0.0,0.0
2025-05-08 00:00:00+07:00,9075.0,9200.0,8925.0,8975.0,99614500,0.0,0.0
2025-05-09 00:00:00+07:00,9050.0,9050.0,8975.0,9000.0,47167500,0.0,0.0
2025-05-14 00:00:00+07:00,9250.0,9300.0,9150.0,9275.0,149002900,0.0,0.0
2025-05-15 00:00:00+07:00,9275.0,9400.0,9250.0,9275.0,101401300,0.0,0.0
2025-05-16 00:00:00+07:00,9300.0,9325.0,9225.0,9300.0,63007500,0.0,0.0
2025-05-19 00:00:00+07:00,9275.0,9500.0,9250.0,9500.0,111597200,0.0,0.0
2025-05-20 00:00:00+07:00,9500.0,9675.0,9475.0,9475.0,160614800,0.0,0.0
2025-05-21 00:00:00+07:00,9700.0,9725.0,9550.0,9700.0,169739200,0.0,0.0
2025-05-22 00:00:00+07:00,9800.0,9800.0,9650.0,9650.0,103113000,0.0,0.0
2025-05-23 00:00:00+07:00,9675.0,9700.0,9625.0,9675.0,48521800,0.0,0.0
2025-05-26 00:00:00+07:00,9600.0,9650.0,9500.0,9625.0,56625300,0.0,0.0
2025-05-27 00:00:00+07:00,9550.0,9600.0,9450.0,9450.0,93212000,0.0,0.0
2025-05-28 00:00:00+07:00,9450.0,9550.0,9400.0,9400.0,236950800,0.0,0.0
2025-06-02 00:00:00+07:00,9025.0,9175.0,9025.0,9100.0,264428700,0.0,0.0
2025-06-03 00:00:00+07:00,9050.0,9125.0,8950.0,9050.0,128318100,0.0,0.0
2025-06-04 00:00:00+07:00,9100.0,9125.0,8950.0,8975.0,93357200,0.0,0.0
2025-06-05 00:00:00+07:00,9000.0,9050.0,8900.0,8925.0,95529000,0.0,0.0
2025-06-10 00:00:00+07:00,8975.0,9100.0,8950.0,9100.0,80406400,0.0,0.0
2025-06-11 00:00:00+07:00,9100.0,9125.0,9050.0,9050.0,56632600,0.0,0.0
2025-06-12 00:00:00+07:00,9000.0,9125.0,9000.0,9125.0,41337300,0.0,0.0
2025-06-13 00:00:00+07:00,9100.0,9125.0,8975.0,9025.0,83318000,0.0,0.0
2025-06-16 00:00:00+07:00,8925.0,9000.0,8900.0,8925.0,57825000,0.0,0.0
2025-06-17 00:00:00+07:00,8975.0,9100.0,8975.0,9075.0,54927900,0.0,0.0
2025-06-18 00:00:00+07:00,8950.0,9025.0,8900.0,8900.0,86270200,0.0,0.0
2025-06-19 00:00:00+07:00,8900.0,8925.0,8750.0,8775.0,78879500,0.0,0.0
2025-06-20 00:00:00+07:00,8700.0,8875.0,8625.0,8700.0,445915100,0.0,0.0
2025-06-23 00:00:00+07:00,8575.0,8700.0,8500.0,8625.0,87324500,0.0,0.0
2025-06-24 00:00:00+07:00,8725.0,8850.0,8700.0,8775.0,110158900,0.0,0.0
2025-06-25 00:00:00+07:00,8725.0,8775.0,8475.0,8600.0,117561000,0.0,0.0
2025-06-26 00:00:00+07:00,8525.0,8650.0,8525.0,8650.0,117281700,0.0,0.0
