Date,original,trend,seasonal,residual
2005-03-20 00:00:00+07:00,240.6117401123047,,1.011332521864057,
2005-03-27 00:00:00+07:00,243.4567413330078,,1.007725825993044,
2005-04-03 00:00:00+07:00,219.80205993652345,,1.0101280508254868,
2005-04-10 00:00:00+07:00,223.3786743164062,,1.0110100742721553,
2005-04-17 00:00:00+07:00,220.4523468017578,,1.0037461049887915,
2005-04-24 00:00:00+07:00,216.6318244934082,,1.019337133767705,
2005-05-01 00:00:00+07:00,204.51993103027343,,1.0173201114793093,
2005-05-08 00:00:00+07:00,206.87726593017578,,1.005975675571597,
2005-05-15 00:00:00+07:00,211.67323608398434,,1.0008038517491118,
2005-05-22 00:00:00+07:00,212.97382507324218,,0.9958348767243159,
2005-05-29 00:00:00+07:00,213.38027572631836,,0.992694542115615,
2005-06-05 00:00:00+07:00,226.30504150390624,,0.9694457187515342,
2005-06-12 00:00:00+07:00,228.25591735839845,,0.9646326889949312,
2005-06-19 00:00:00+07:00,233.13321228027343,,0.9646804531188442,
2005-06-26 00:00:00+07:00,236.38477478027343,,0.9650851048269049,
2005-07-03 00:00:00+07:00,232.80807189941407,,0.9640800894327847,
2005-07-10 00:00:00+07:00,229.2313812255859,,0.9661182934031073,
2005-07-17 00:00:00+07:00,228.58107299804686,,0.9714249729425775,
2005-07-24 00:00:00+07:00,234.05056762695312,,0.9677760358637573,
2005-07-31 00:00:00+07:00,240.1712860107422,,0.9874931661415601,
2005-08-07 00:00:00+07:00,246.8242401123047,,0.9970121593719635,
2005-08-14 00:00:00+07:00,237.5101104736328,,1.0009771130705472,
2005-08-21 00:00:00+07:00,227.03168869018555,,1.000531491026718,
2005-08-28 00:00:00+07:00,223.20624694824218,,1.0024961517279551,
2005-09-04 00:00:00+07:00,225.78424072265625,,0.9973067591770324,
2005-09-11 00:00:00+07:00,229.85919189453125,,0.9995975942818868,
2005-09-18 00:00:00+07:00,231.18981018066407,229.51691555610068,0.9987949464495404,1.0085040653744257
2005-09-25 00:00:00+07:00,228.8612396240234,229.92715775416443,1.0026614032647314,0.9927220713724761
2005-10-02 00:00:00+07:00,226.20008850097656,230.76136696155257,1.008767338539659,0.9717144370076751
2005-10-09 00:00:00+07:00,233.84140319824218,232.00926415370063,1.0109623966777883,0.996967680531091
2005-10-16 00:00:00+07:00,230.12960205078124,233.40340240185083,1.0083279013264599,0.9778303643387909
2005-10-23 00:00:00+07:00,224.05581054687497,235.0473534877484,1.0112499750088417,0.9426323098799138
2005-10-30 00:00:00+07:00,223.38095092773438,236.94183775094842,1.0061809619924444,0.9369756120465227
2005-11-06 00:00:00+07:00,214.27027893066406,238.75815469301662,1.0066283373995177,0.8915271415422376
2005-11-13 00:00:00+07:00,206.50930480957032,240.51542378939115,1.01279286208039,0.8477661282826284
2005-11-20 00:00:00+07:00,211.9082061767578,242.15242579533503,1.014966239348846,0.8621986817739797
2005-11-27 00:00:00+07:00,217.98203125,243.48100422345672,1.009668788335947,0.8866999412308347
2005-12-04 00:00:00+07:00,223.38093872070309,244.5581048672016,1.0088798114677757,0.9053669147901448
2005-12-11 00:00:00+07:00,232.49168701171874,245.4943873038659,1.0140454828808017,0.9339173134749168
2005-12-18 00:00:00+07:00,231.47940063476562,246.31518104259786,1.0125377657816381,0.9281324120011449
2005-12-25 00:00:00+07:00,228.44246826171872,247.1150169519278,1.0153377383521816,0.9104732227708898
2006-01-01 00:00:00+07:00,228.10501098632807,247.97437375875623,1.009795287894764,0.9109503016424051
2006-01-08 00:00:00+07:00,239.57778930664062,249.04847771571232,1.0148239317599488,0.9479206000593084
2006-01-15 00:00:00+07:00,244.63929443359376,250.34236419384297,1.0173984807084868,0.9605075466445365
2006-01-22 00:00:00+07:00,241.93982543945313,251.3676478312566,1.0036381186605239,0.9590049173418529
2006-01-29 00:00:00+07:00,243.28955078125,252.0758097868699,1.0014333666350494,0.9637629528774009
2006-02-05 00:00:00+07:00,246.66388549804688,252.84028662168063,1.004743359204678,0.9709662845643878
2006-02-12 00:00:00+07:00,248.013623046875,253.73982574756332,1.0053659001929562,0.9722159652568837
2006-02-19 00:00:00+07:00,244.30185241699218,254.85289945602415,0.9976635783649274,0.960844400073173
2006-02-26 00:00:00+07:00,237.55318603515624,256.2561091789832,0.9992794749300457,0.9276831418340085
2006-03-05 00:00:00+07:00,247.33877258300782,257.8272304241474,1.0032776105772796,0.956185816423309
2006-03-12 00:00:00+07:00,249.0259246826172,259.43390268179087,1.0062123806814889,0.9539556309658417
2006-03-19 00:00:00+07:00,255.4371551513672,260.9885983100304,1.011332521864057,0.9677619897243116
2006-03-26 00:00:00+07:00,271.2965148925781,262.6524103311392,1.007725825993044,1.0249919046656644
2006-04-02 00:00:00+07:00,278.7200439453125,264.5864637228159,1.0101280508254868,1.0428555301412128
2006-04-09 00:00:00+07:00,294.24199829101565,266.51575678311866,1.0110100742721553,1.092009176635514
2006-04-16 00:00:00+07:00,294.57940063476565,268.29648977426376,1.0037461049887915,1.093864455747942
2006-04-23 00:00:00+07:00,313.47568359375,270.2355692349948,1.019337133767705,1.1380032462900294
2006-04-30 00:00:00+07:00,304.7024353027344,272.31133739764874,1.0173201114793093,1.0998984043205953
2006-05-07 00:00:00+07:00,295.5917236328125,274.4274876814622,1.005975675571597,1.0707231202283813
2006-05-14 00:00:00+07:00,305.7147644042969,276.82671235891485,1.0008038517491118,1.1034672551669202
2006-05-21 00:00:00+07:00,289.1805053710938,279.4232063586895,0.9958348767243159,1.0392480258467212
2006-05-28 00:00:00+07:00,275.345751953125,282.11415440486024,0.992694542115615,0.9831909448206789
2006-06-04 00:00:00+07:00,276.3580322265625,284.9331250117375,0.9694457187515342,1.0004736465283042
2006-06-11 00:00:00+07:00,275.5763000488281,287.6461486816407,0.9646326889949312,0.993164817233825
2006-06-18 00:00:00+07:00,271.1753784179688,290.18059645432703,0.9646804531188442,0.96872031438185
2006-06-25 00:00:00+07:00,281.5255432128906,292.65327295156635,0.9650851048269049,0.9967788327292468
2006-07-02 00:00:00+07:00,277.0404113769531,295.1600740872897,0.9640800894327847,0.9735816931853486
2006-07-09 00:00:00+07:00,296.7058532714844,297.6202280337995,0.9661182934031073,1.0318899039498302
2006-07-16 00:00:00+07:00,295.67079467773436,299.8089432643011,0.9714249729425775,1.0152069470821634
2006-07-23 00:00:00+07:00,273.59034423828126,301.9212366250846,0.9677760358637573,0.9363371189811986
2006-07-30 00:00:00+07:00,274.2803527832031,304.23113646874066,0.9874931661415601,0.9129709120725074
2006-08-06 00:00:00+07:00,292.22076416015625,306.5493224804219,0.9970121593719635,0.9561152749861829
2006-08-13 00:00:00+07:00,285.6656555175781,308.7348060314473,1.0009771130705472,0.9243752073607484
2006-08-20 00:00:00+07:00,294.63580932617185,310.8758642343375,1.000531491026718,0.9472568639188325
2006-08-27 00:00:00+07:00,301.5359375,313.13764440096344,1.0024961517279551,0.9605524520949571
2006-09-03 00:00:00+07:00,310.8511596679688,315.2527333186223,0.9973067591770324,0.9887007617101427
2006-09-10 00:00:00+07:00,311.8861877441406,317.0863073495718,0.9995975942818868,0.983996267961475
2006-09-17 00:00:00+07:00,310.8511596679688,318.95950229351337,0.9987949464495404,0.9757546073156007
2006-09-24 00:00:00+07:00,322.23634033203126,320.74276114243725,1.0026614032647314,1.0019899270758976
2006-10-01 00:00:00+07:00,333.96654052734374,322.32228772090036,1.008767338539659,1.0271209998716957
2006-10-08 00:00:00+07:00,326.7214294433594,323.8574197769165,1.0109623966777883,0.9979040080847136
2006-10-15 00:00:00+07:00,322.4458068847656,325.3877600449782,1.0083279013264599,0.9827741773913907
2006-10-22 00:00:00+07:00,333.40386962890625,326.67777305016153,1.0112499750088417,1.0092355171995904
2006-10-29 00:00:00+07:00,329.91278076171875,327.8905901395358,1.0061809619924444,0.9999863946099042
2006-11-05 00:00:00+07:00,327.8180786132813,329.30222385113063,1.0066283373995177,0.9889380453535804
2006-11-12 00:00:00+07:00,342.4808715820312,330.71083714411816,1.01279286208039,1.0225092877876123
2006-11-19 00:00:00+07:00,345.9720153808594,332.29075368245446,1.014966239348846,1.0258198960287672
2006-11-26 00:00:00+07:00,363.7768188476563,334.2231044671475,1.009668788335947,1.0780021343508093
2006-12-03 00:00:00+07:00,370.75909423828125,336.1892321121999,1.0088798114677757,1.0931218662268887
2006-12-10 00:00:00+07:00,367.2679931640625,338.0994328327668,1.0140454828808017,1.071226246333529
2006-12-17 00:00:00+07:00,360.28566284179686,340.1307649367895,1.0125377657816381,1.0461400622653896
2006-12-24 00:00:00+07:00,356.7945617675781,342.1563418363914,1.0153377383521816,1.0270299387098183
2006-12-31 00:00:00+07:00,360.4602355957031,344.1392436003074,1.009795287894764,1.0372652357514072
2007-01-07 00:00:00+07:00,363.07857513427734,346.209414545695,1.0148239317599488,1.0334061661832958
2007-01-14 00:00:00+07:00,348.764892578125,348.4365781832964,1.0173984807084868,0.9838251865545379
2007-01-21 00:00:00+07:00,357.49273681640625,351.0506419744247,1.0036381186605239,1.014659447436837
2007-01-28 00:00:00+07:00,367.9662231445312,354.15163538028037,1.0014333666350494,1.0375204032648817
2007-02-04 00:00:00+07:00,363.07855834960935,357.203826483702,1.004743359204678,1.011647832525869
2007-02-11 00:00:00+07:00,358.8892395019531,360.04364634782837,1.0053659001929562,0.991473554908397
2007-02-18 00:00:00+07:00,356.0962890625,362.59957089546396,0.9976635783649274,0.9843647296362787
2007-02-25 00:00:00+07:00,360.98388671875,364.7628033466828,0.9992794749300457,0.9903536459496317
2007-03-04 00:00:00+07:00,343.8773193359375,366.9141756400084,1.0032776105772796,0.9341528026601014
2007-03-11 00:00:00+07:00,343.1790771484375,369.17182041070396,1.0062123806814889,0.923852423159063
2007-03-18 00:00:00+07:00,356.0962768554688,371.39516606453134,1.011332521864057,0.9480630330499629
2007-03-25 00:00:00+07:00,356.0963134765625,373.5464295509534,1.007725825993044,0.9459768297324416
2007-04-01 00:00:00+07:00,358.1910095214844,375.77040193019775,1.0101280508254868,0.943660290594622
2007-04-08 00:00:00+07:00,374.42476654052734,378.26680150154317,1.0110100742721553,0.9790634935811207
2007-04-15 00:00:00+07:00,373.55202026367186,381.3610243039254,1.0037461049887915,0.9758676269038629
2007-04-22 00:00:00+07:00,368.66441650390624,384.7499884580955,1.019337133767705,0.9400149495900871
2007-04-29 00:00:00+07:00,375.6466796875,387.929958773882,1.0173201114793093,0.9518501968111535
2007-05-06 00:00:00+07:00,371.45738525390624,391.31912943522144,1.005975675571597,0.9436054466123223
2007-05-13 00:00:00+07:00,376.3448852539063,394.7795275957157,1.0008038517491118,0.9525382560745181
2007-05-20 00:00:00+07:00,382.86170450846356,397.85957344250806,0.9958348767243159,0.966328489070551
2007-05-27 00:00:00+07:00,382.6290344238281,400.5839348034981,0.992694542115615,0.9622075483204166
2007-06-03 00:00:00+07:00,373.5520248413086,403.0637905023037,0.9694457187515342,0.9559910204711581
2007-06-10 00:00:00+07:00,377.04318237304693,405.8440817808494,0.9646326889949312,0.9630967118443093
2007-06-17 00:00:00+07:00,380.9670349121094,409.10034838945444,0.9646804531188442,0.9653261470310084
2007-06-24 00:00:00+07:00,382.3938842773438,412.2914095951961,0.9650851048269049,0.961039059575794
2007-07-01 00:00:00+07:00,382.39385375976565,415.3955318939992,0.9640800894327847,0.9548517945581195
2007-07-08 00:00:00+07:00,406.6501892089844,418.51700163621166,0.9661182934031073,1.0057211143689533
2007-07-15 00:00:00+07:00,417.3514770507812,421.58962359306145,0.9714249729425775,1.019067092575781
2007-07-22 00:00:00+07:00,423.7722961425781,424.5690553714067,0.9677760358637573,1.0313578064911764
2007-07-29 00:00:00+07:00,446.6017150878906,427.08503560775364,0.9874931661415601,1.0589414131567154
2007-08-05 00:00:00+07:00,437.3272766113281,429.6302606044672,0.9970121593719635,1.0209659254522547
2007-08-12 00:00:00+07:00,435.90040893554686,432.54158775133965,1.0009771130705472,1.006781574419398
2007-08-19 00:00:00+07:00,410.2172088623047,435.26427236703734,1.000531491026718,0.9419548626972302
2007-08-26 00:00:00+07:00,410.930712890625,438.00598983764644,1.0024961517279551,0.9358491231464968
2007-09-02 00:00:00+07:00,425.1991027832031,441.18319379366363,0.9973067591770324,0.966372620019477
2007-09-09 00:00:00+07:00,432.33330078125,444.5039459521954,0.9995975942818868,0.9730112592885741
2007-09-16 00:00:00+07:00,421.6319946289062,447.4445150522086,0.9987949464495404,0.9434481428945253
2007-09-23 00:00:00+07:00,435.18690795898436,449.5350151062013,1.0026614032647314,0.9655127182364645
2007-09-30 00:00:00+07:00,452.30910034179686,451.25972348726725,1.008767338539659,0.993614087681517
2007-10-07 00:00:00+07:00,468.0044250488281,452.9257174711961,1.0109623966777883,1.022087263330898
2007-10-14 00:00:00+07:00,502.9619827270508,454.01540319002595,1.0083279013264599,1.0986586705136407
2007-10-21 00:00:00+07:00,505.3399658203125,455.0429562788744,1.0112499750088417,1.0981779681144412
2007-10-28 00:00:00+07:00,488.6935974121094,456.278497343797,1.0061809619924444,1.0644629523188431
2007-11-04 00:00:00+07:00,521.5110107421875,457.3143579629751,1.0066283373995177,1.1328684796882245
2007-11-11 00:00:00+07:00,508.6693481445312,458.53706855773936,1.01279286208039,1.0953186595142308
2007-11-18 00:00:00+07:00,500.1083068847656,459.9750327379276,1.014966239348846,1.0712188658950104
2007-11-25 00:00:00+07:00,492.97410888671874,461.1313570364929,1.009668788335947,1.058816069889436
2007-12-02 00:00:00+07:00,499.466796875,461.89328764401955,1.0088798114677757,1.0718290911997617
2007-12-09 00:00:00+07:00,527.7105834960937,462.3287135197566,1.0140454828808017,1.125608859635998
2007-12-16 00:00:00+07:00,538.4947998046875,462.4687099163349,1.0125377657816381,1.1499737551025264
2007-12-23 00:00:00+07:00,510.45579020182294,462.3318598233737,1.0153377383521816,1.087411154968236
2007-12-30 00:00:00+07:00,529.6277262369791,461.87122479952296,1.009795287894764,1.1355766837790653
2008-01-06 00:00:00+07:00,518.5439376831055,461.2765375577486,1.0148239317599488,1.1077289242242643
2008-01-13 00:00:00+07:00,512.8522135416666,460.89830105121325,1.0173984807084868,1.0936945357581818
2008-01-20 00:00:00+07:00,503.2663208007813,460.51128463745124,1.0036381186605239,1.0888810588924211
2008-01-27 00:00:00+07:00,483.8545837402344,460.0555467458872,1.0014333666350494,1.0502254321612299
2008-02-03 00:00:00+07:00,511.8935974121094,459.89630561241745,1.004743359204678,1.1078083449298552
2008-02-10 00:00:00+07:00,512.8522237141927,459.97456424419704,1.0053659001929562,1.1090069695236255
2008-02-17 00:00:00+07:00,485.2925048828125,460.28338790306674,0.9976635783649274,1.056803310580916
2008-02-24 00:00:00+07:00,516.9262878417969,460.77031700427716,0.9992794749300457,1.1226830280948534
2008-03-02 00:00:00+07:00,518.3641296386719,461.2902990194468,1.0032776105772796,1.1200553868940815
2008-03-09 00:00:00+07:00,514.0504913330078,462.07028488746056,1.0062123806814889,1.105625588379104
2008-03-16 00:00:00+07:00,491.04404907226564,462.73579791142396,1.011332521864057,1.04928479714987
2008-03-23 00:00:00+07:00,438.560546875,462.82129079378575,1.007725825993044,0.9403160341641565
2008-03-30 00:00:00+07:00,455.09644775390626,462.9235236241268,1.0101280508254868,0.9732351011817238
2008-04-06 00:00:00+07:00,450.78270263671874,463.14234968332147,1.0110100742721553,0.9627139506389223
2008-04-13 00:00:00+07:00,410.52139892578134,462.5128267875085,1.0037461049887915,0.8842766263940008
2008-04-20 00:00:00+07:00,438.56055908203126,461.09216232299815,1.019337133767705,0.9330909691635848
2008-04-27 00:00:00+07:00,434.24680786132814,459.38363119272094,1.0173201114793093,0.9291877768121669
2008-05-04 00:00:00+07:00,420.5867614746094,456.6836535527156,1.005975675571597,0.9154879916951857
2008-05-11 00:00:00+07:00,454.3774108886719,454.0324703509992,1.0008038517491118,0.9999559102763748
2008-05-18 00:00:00+07:00,454.37745361328126,452.3734469487118,0.9958348767243159,1.0086310556531775
2008-05-25 00:00:00+07:00,431.3710123697917,450.666976928711,0.992694542115615,0.9642276646663395
2008-06-01 00:00:00+07:00,404.050830078125,448.7116384066068,0.9694457187515342,0.9288491160047926
2008-06-08 00:00:00+07:00,391.82866821289065,446.4860546992376,0.9646326889949312,0.9097589444944036
2008-06-15 00:00:00+07:00,380.7411743164063,444.21462475703316,0.9646804531188442,0.8884919836124597
2008-06-22 00:00:00+07:00,368.3873352050781,442.7466991326748,0.9650851048269049,0.8621518141647603
2008-06-29 00:00:00+07:00,348.4943603515625,441.7477703192295,0.9640800894327847,0.8182919418922555
2008-07-06 00:00:00+07:00,378.70220947265625,440.78442141704073,0.9661182934031073,0.8892856748754073
2008-07-13 00:00:00+07:00,405.9628601074219,440.1476785219633,0.9714249729425775,0.9494642654600282
2008-07-20 00:00:00+07:00,394.9112060546875,439.18686657440975,0.9677760358637573,0.9291273604167266
2008-07-27 00:00:00+07:00,428.066064453125,437.89016611148156,0.9874931661415601,0.9899460085439395
2008-08-03 00:00:00+07:00,439.3018493652344,436.34972107716106,0.9970121593719635,1.009782579155667
2008-08-10 00:00:00+07:00,442.0647338867187,434.4587037600004,1.0009771130705472,1.016513662827797
2008-08-17 00:00:00+07:00,436.17054443359376,432.653062624809,1.000531491026718,1.007594501246687
2008-08-24 00:00:00+07:00,435.61800384521484,430.4853794489151,1.0024961517279551,1.0094032537115882
2008-08-31 00:00:00+07:00,454.58994140625,427.6553060189271,0.9973067591770324,1.065852712389211
2008-09-07 00:00:00+07:00,484.0609924316406,424.759611139542,0.9995975942818868,1.1400703999598247
2008-09-14 00:00:00+07:00,439.11765747070314,422.64140661190714,0.9987949464495404,1.0402375378294506
2008-09-21 00:00:00+07:00,426.5925048828125,421.79435648795885,1.0026614032647314,1.0086910296839977
2008-09-28 00:00:00+07:00,471.5357177734375,421.8041643974109,1.008767338539659,1.1081861539435074
2008-10-05 00:00:00+07:00,471.5357177734375,422.1125931470822,1.0109623966777883,1.1049720280701865
2008-10-12 00:00:00+07:00,433.96030883789064,422.8585966354761,1.0083279013264599,1.0177780040763131
2008-10-19 00:00:00+07:00,426.5925354003906,424.06651465587123,1.0112499750088417,0.9947655738041501
2008-10-26 00:00:00+07:00,389.7537902832031,425.46782757196667,1.0061809619924444,0.9104320247340292
2008-11-02 00:00:00+07:00,339.65314331054685,426.955866984832,1.0066283373995177,0.7902845659718621
2008-11-09 00:00:00+07:00,414.8041625976563,428.25751751630736,1.01279286208039,0.9563513579047083
2008-11-16 00:00:00+07:00,421.43505859375,429.0835852207282,1.014966239348846,0.9676920291065935
2008-11-23 00:00:00+07:00,394.1744750976562,430.19544266920826,1.009668788335947,0.9074939981105291
2008-11-30 00:00:00+07:00,394.9112243652344,432.06385593903366,1.0088798114677757,0.9059664372638329
2008-12-07 00:00:00+07:00,400.8054504394531,434.4344560085198,1.0140454828808017,0.9098125455516335
2008-12-14 00:00:00+07:00,429.1712188720703,437.7447367937136,1.0125377657816381,0.968274346819347
2008-12-21 00:00:00+07:00,467.1151062011719,441.5039271036783,1.0153377383521816,1.042026618070999
2008-12-28 00:00:00+07:00,469.07981363932294,445.2675720410469,1.009795287894764,1.0432594725489737
2009-01-04 00:00:00+07:00,478.903564453125,448.85180043929665,1.0148239317599488,1.0513671361640355
2009-01-11 00:00:00+07:00,486.2713256835938,451.77403548803085,1.0173984807084868,1.0579528402156773
2009-01-18 00:00:00+07:00,429.9227661132812,454.62064997355145,1.0036381186605239,0.9422456412632532
2009-01-25 00:00:00+07:00,422.34129028320314,457.4079106453138,1.0014333666350494,0.9220146329545962
2009-02-01 00:00:00+07:00,413.2006072998047,459.84857420309993,1.004743359204678,0.8943159212959488
2009-02-08 00:00:00+07:00,414.87941284179686,462.650636545817,1.0053659001929562,0.8919583386286548
2009-02-15 00:00:00+07:00,395.4786376953125,466.37998753083053,0.9976635783649274,0.8499610126070662
2009-02-22 00:00:00+07:00,381.3011047363281,470.4795037832016,0.9992794749300457,0.8110364782542313
2009-03-01 00:00:00+07:00,359.66167602539065,474.39461674812515,1.0032776105772796,0.7556719313033895
2009-03-08 00:00:00+07:00,371.6006774902344,477.9296392489703,1.0062123806814889,0.7727212861111183
2009-03-15 00:00:00+07:00,413.2005920410156,481.7884923983843,1.011332521864057,0.8480286782160852
2009-03-22 00:00:00+07:00,428.310791015625,486.37863290248777,1.007725825993044,0.873860562129147
2009-03-29 00:00:00+07:00,466.36622619628906,491.01812079992055,1.0101280508254868,0.9402712135938096
2009-04-05 00:00:00+07:00,471.5895141601562,495.6448750324738,1.0110100742721553,0.9411049047862293
2009-04-12 00:00:00+07:00,467.2989501953125,500.9648152767083,1.0037461049887915,0.9293166273220573
2009-04-19 00:00:00+07:00,507.40648193359374,506.7898423904027,1.019337133767705,0.9822233712057016
2009-04-26 00:00:00+07:00,511.1374282836914,512.8429900438358,1.0173201114793093,0.979705688591759
2009-05-03 00:00:00+07:00,498.4522399902344,519.5789165105575,1.005975675571597,0.9536402050237851
2009-05-10 00:00:00+07:00,511.8835876464844,525.8332669673822,1.0008038517491118,0.9726893898917036
2009-05-17 00:00:00+07:00,482.7823181152344,531.4587818928254,0.9958348767243159,0.9122091739997646
2009-05-24 00:00:00+07:00,518.5993225097657,537.5010550767948,0.992694542115615,0.9719344813702522
2009-05-31 00:00:00+07:00,511.1375,543.7327176216321,0.9694457187515342,0.9696807656853207
2009-06-07 00:00:00+07:00,531.2844055175781,550.1654161795592,0.9646326889949312,1.0010869653577104
2009-06-14 00:00:00+07:00,585.554638671875,556.4176398839707,0.9646804531188442,1.0908952663092257
2009-06-21 00:00:00+07:00,554.5296630859375,561.9237774384328,0.9650851048269049,1.0225434247178733
2009-06-28 00:00:00+07:00,553.7711059570313,566.9064249772292,0.9640800894327847,1.0132247718132172
2009-07-05 00:00:00+07:00,546.1852172851562,571.6807148175362,0.9661182934031073,0.9889084644239273
2009-07-12 00:00:00+07:00,542.3922973632813,576.7457386603724,0.9714249729425775,0.9680991862842253
2009-07-19 00:00:00+07:00,554.5296752929687,582.6102750044603,0.9677760358637573,0.9834941671456678
2009-07-26 00:00:00+07:00,558.322705078125,589.0453908186694,0.9874931661415601,0.9598479211213865
2009-08-02 00:00:00+07:00,562.87421875,595.420633169321,0.9970121593719635,0.9481717725312167
2009-08-09 00:00:00+07:00,609.9068481445313,601.551340513963,1.0009771130705472,1.0129002146531805
2009-08-16 00:00:00+07:00,656.1809326171875,607.4773238255427,1.000531491026718,1.0795997445153136
2009-08-23 00:00:00+07:00,641.9573059082031,613.7261748974139,1.0024961517279551,1.0433950826814393
2009-08-30 00:00:00+07:00,655.4223876953125,620.8839503655066,0.9973067591770324,1.0584785846282476
2009-09-06 00:00:00+07:00,650.8708862304687,628.363018652109,0.9995975942818868,1.0362368352481384
2009-09-13 00:00:00+07:00,673.6284912109375,635.5792123354399,0.9987949464495404,1.0611442538063696
2009-09-20 00:00:00+07:00,669.4562835693359,643.1033460763787,1.0026614032647314,1.0382146566672241
2009-09-27 00:00:00+07:00,711.1786804199219,650.8665272052475,1.008767338539659,1.0831678957398698
2009-10-04 00:00:00+07:00,713.0751953125,658.2871219048134,1.0109623966777883,1.0714822190384445
2009-10-11 00:00:00+07:00,745.6946166992187,665.7723021580623,1.0083279013264599,1.110793934861558
2009-10-18 00:00:00+07:00,720.6610473632812,673.2882156665509,1.0112499750088417,1.0584528372713458
2009-10-25 00:00:00+07:00,725.2126342773438,680.4267381081213,1.0061809619924444,1.0592729800535023
2009-11-01 00:00:00+07:00,704.7306518554688,687.3130086458647,1.0066283373995177,1.018590087596153
2009-11-08 00:00:00+07:00,700.1791015625,693.4786269554726,1.01279286208039,0.9969088044499084
2009-11-15 00:00:00+07:00,721.113671875,699.2616482661319,1.014966239348846,1.0160437843953745
2009-11-22 00:00:00+07:00,722.8922729492188,705.0168721712552,1.009668788335947,1.0155355731147786
2009-11-29 00:00:00+07:00,714.2863311767578,710.4810626690204,1.0088798114677757,0.9965071089464933
2009-12-06 00:00:00+07:00,750.4309936523438,716.244125542274,1.0140454828808017,1.033218692882314
2009-12-13 00:00:00+07:00,729.7769409179688,721.902892127404,1.0125377657816381,0.9983897746202848
2009-12-20 00:00:00+07:00,739.1476898193359,727.4781955425556,1.0153377383521816,1.0006926605406186
2009-12-27 00:00:00+07:00,715.2425740559896,733.7315782987154,1.009795287894764,0.9653455681113083
2010-01-03 00:00:00+07:00,729.2669474283854,740.3482727050781,1.0148239317599488,0.9706435270931164
2010-01-10 00:00:00+07:00,762.6704223632812,747.029683274489,1.0173984807084868,1.0034782422544277
2010-01-17 00:00:00+07:00,763.43544921875,753.8841391930214,1.0036381186605239,1.0089986100661654
2010-01-24 00:00:00+07:00,758.0806518554688,760.9131914578951,1.0014333666350494,0.9948514602167758
2010-01-31 00:00:00+07:00,740.4864501953125,767.9811969463641,1.004743359204678,0.9596467228561114
2010-02-07 00:00:00+07:00,725.1871337890625,774.4340111365684,1.0053659001929562,0.9314113409556314
2010-02-14 00:00:00+07:00,701.4731811523437,779.9598479050857,0.9976635783649274,0.9014771188203566
2010-02-21 00:00:00+07:00,725.1870727539062,785.3004216120793,0.9992794749300457,0.9241176306609349
2010-02-28 00:00:00+07:00,760.1843566894531,790.6482903113731,1.0032776105772796,0.9583286493669588
2010-03-07 00:00:00+07:00,748.9010986328125,795.8322326660157,1.0062123806814889,0.9352189239932844
2010-03-14 00:00:00+07:00,786.3843139648437,800.9156106802135,1.011332521864057,0.9708544155276857
2010-03-21 00:00:00+07:00,837.6369781494141,806.6248173151263,1.007725825993044,1.0304854706425555
2010-03-28 00:00:00+07:00,864.4108764648438,812.4944188827125,1.0101280508254868,1.0532304459917121
2010-04-04 00:00:00+07:00,845.2867126464844,818.4511660257976,1.0110100742721553,1.021540965548893
2010-04-11 00:00:00+07:00,872.060498046875,824.776272015694,1.0037461049887915,1.0533836745288978
2010-04-18 00:00:00+07:00,884.2999389648437,830.9688414549216,1.019337133767705,1.0439916135858183
2010-04-25 00:00:00+07:00,876.6503051757812,837.1944668305225,1.0173201114793093,1.029301033395974
2010-05-02 00:00:00+07:00,849.1114990234375,843.8861451564691,1.005975675571597,1.000215052210645
2010-05-09 00:00:00+07:00,802.4486328125,851.3250894595415,1.0008038517491118,0.9418306955951918
2010-05-16 00:00:00+07:00,793.6514892578125,858.6809971931654,0.9958348767243159,0.9281339335641451
2010-05-23 00:00:00+07:00,806.2734375,865.5391564784906,0.992694542115615,0.938382712459267
2010-05-30 00:00:00+07:00,791.7391967773438,871.9276045481364,0.9694457187515342,0.9366519072862933
2010-06-06 00:00:00+07:00,850.0412475585938,877.3013912103115,0.9646326889949312,1.0044520442279188
2010-06-13 00:00:00+07:00,855.309521484375,882.5112403478378,0.9646804531188442,1.0046610895791048
2010-06-20 00:00:00+07:00,864.6063354492187,888.0244587727082,0.9650851048269049,1.0088529612422925
2010-06-27 00:00:00+07:00,894.046240234375,893.5462633866531,0.9640800894327847,1.0378386123450203
2010-07-04 00:00:00+07:00,894.0463012695312,899.0881224999063,0.9661182934031073,1.0292655687085264
2010-07-11 00:00:00+07:00,889.3979125976563,904.1552069639549,0.9714249729425775,1.012613829143541
2010-07-18 00:00:00+07:00,920.3874755859375,908.0243029863407,0.9677760358637573,1.0473657404898573
2010-07-25 00:00:00+07:00,923.4863403320312,910.783267172789,0.9874931661415601,1.0267892992236787
2010-08-01 00:00:00+07:00,932.783154296875,913.5230471880009,0.9970121593719635,1.0241433061497331
2010-08-08 00:00:00+07:00,911.0905883789062,916.6653053772756,1.0009771130705472,0.9929482587938726
2010-08-15 00:00:00+07:00,929.6842163085937,920.4974911225148,1.000531491026718,1.0094436638138375
2010-08-22 00:00:00+07:00,923.8736877441406,924.7606525616768,1.0024961517279551,0.9965533226394021
2010-08-29 00:00:00+07:00,929.6843505859375,928.953966600467,0.9973067591770324,1.0034888806837927
2010-09-05 00:00:00+07:00,915.7389282226562,933.6163174751478,0.9995975942818868,0.9812463192875689
2010-09-12 00:00:00+07:00,937.4317626953124,938.9411641830053,0.9987949464495404,0.9995970108773323
2010-09-19 00:00:00+07:00,999.4105021158854,943.5776760883821,1.0026614032647314,1.0563600147652175
2010-09-26 00:00:00+07:00,991.6630249023438,947.3739897703513,1.008767338539659,1.0376518175168923
2010-10-03 00:00:00+07:00,1052.0925537109374,951.5614535600711,1.0109623966777883,1.0936594344242703
2010-10-10 00:00:00+07:00,1064.48828125,955.9751743218839,1.0083279013264599,1.1043137656213442
2010-10-17 00:00:00+07:00,1045.8946044921875,960.2985858819426,1.0112499750088417,1.077018366355429
2010-10-24 00:00:00+07:00,1047.4441162109374,965.2899086781038,1.0061809619924444,1.0784425130909447
2010-10-31 00:00:00+07:00,1078.4337158203125,971.1592373383351,1.0066283373995177,1.1031481974754487
2010-11-07 00:00:00+07:00,1100.1262451171874,977.4947011116224,1.01279286208039,1.1112390175508553
2010-11-14 00:00:00+07:00,1086.1809326171874,984.0036636548165,1.014966239348846,1.0875615942305135
2010-11-21 00:00:00+07:00,1071.0735778808594,990.3109555953589,1.009668788335947,1.0711956271128855
2010-11-28 00:00:00+07:00,1030.5036254882812,996.4417595692172,1.0088798114677757,1.0250809732457424
2010-12-05 00:00:00+07:00,993.0875122070313,1002.0205543713693,1.0140454828808017,0.977357512920062
2010-12-12 00:00:00+07:00,1028.9447326660156,1006.9364765069424,1.0125377657816381,1.0092034910368373
2010-12-19 00:00:00+07:00,1013.3546142578125,1011.7837009332119,1.0153377383521816,0.9864231180522431
2010-12-26 00:00:00+07:00,1015.3033294677734,1016.6883958278557,1.009795287894764,0.9889506127968039
2011-01-02 00:00:00+07:00,1005.5595397949219,1022.0631624857584,1.0148239317599488,0.9694811172308101
2011-01-09 00:00:00+07:00,1013.3546142578125,1028.300110704471,1.0173984807084868,0.9686134204785609
2011-01-16 00:00:00+07:00,915.1372436523437,1034.9839414352025,1.0036381186605239,0.8809991131544203
2011-01-23 00:00:00+07:00,893.3111328125,1041.7033272572053,1.0014333666350494,0.8563210847229812
2011-01-30 00:00:00+07:00,890.1930908203125,1048.6214358011882,1.004743359204678,0.8449097923096438
2011-02-06 00:00:00+07:00,902.2753448486328,1056.385389259534,1.0053659001929562,0.8495570603106525
2011-02-13 00:00:00+07:00,922.9322875976562,1063.6947022853753,0.9976635783649274,0.8696985089209321
2011-02-20 00:00:00+07:00,947.0967559814453,1070.1922915140788,0.9992794749300457,0.8856162228965049
2011-02-27 00:00:00+07:00,974.3793334960938,1076.6596024928951,1.0032776105772796,0.9020456684141523
2011-03-06 00:00:00+07:00,1019.5906127929687,1082.8947907863521,1.0062123806814889,0.9357286074230059
2011-03-13 00:00:00+07:00,1069.478857421875,1089.615614690536,1.011332521864057,0.9705209438156389
2011-03-20 00:00:00+07:00,1036.7396728515625,1095.5621807196203,1.007725825993044,0.9390534170897864
2011-03-27 00:00:00+07:00,1060.1248046875,1099.9881406930776,1.0101280508254868,0.9540970693128826
2011-04-03 00:00:00+07:00,1085.0690185546875,1103.3171339181754,1.0110100742721553,0.9727506231872787
2011-04-10 00:00:00+07:00,1091.3051513671876,1105.5371405381422,1.0037461049887915,0.9834425504922291
2011-04-17 00:00:00+07:00,1114.690087890625,1108.240626349816,1.019337133767705,0.9867388487115767
2011-04-24 00:00:00+07:00,1165.3577270507812,1111.7589610760028,1.0173201114793093,1.0303647470770314
2011-05-01 00:00:00+07:00,1170.8142578125,1115.1915005610538,1.005975675571597,1.0436408553800318
2011-05-08 00:00:00+07:00,1139.6341064453125,1118.3596993666429,1.0008038517491118,1.0182043809652397
2011-05-15 00:00:00+07:00,1133.3981201171875,1121.7107620826134,0.9958348767243159,1.0146453490470717
2011-05-22 00:00:00+07:00,1122.4851684570312,1125.5228412334736,0.992694542115615,1.004640459292651
2011-05-29 00:00:00+07:00,1113.1310791015626,1129.1436238802398,0.9694457187515342,1.0168891770567385
2011-06-05 00:00:00+07:00,1108.8440246582031,1133.12066691472,0.9646326889949312,1.0144539203483043
2011-06-12 00:00:00+07:00,1107.762646484375,1137.6069244384769,0.9646804531188442,1.0094179217457029
2011-06-19 00:00:00+07:00,1116.26455078125,1142.1159965515137,0.9650851048269049,1.0127244751737656
2011-06-26 00:00:00+07:00,1152.4762939453126,1146.7829755049486,0.9640800894327847,1.0424077944731525
2011-07-03 00:00:00+07:00,1194.5919799804688,1151.6619086045484,0.9661182934031073,1.0736538517739875
2011-07-10 00:00:00+07:00,1237.4948486328126,1156.6813595111557,0.9714249729425775,1.1013374291853182
2011-07-17 00:00:00+07:00,1267.408935546875,1162.7377021202676,0.9677760358637573,1.1263157209752361
2011-07-24 00:00:00+07:00,1275.281005859375,1169.8265297522912,0.9874931661415601,1.103952344847815
2011-07-31 00:00:00+07:00,1300.47177734375,1177.1399819007288,0.9970121593719635,1.1080831882048272
2011-08-07 00:00:00+07:00,1350.853125,1184.4433514815112,1.0009771130705472,1.1393828801817687
2011-08-14 00:00:00+07:00,1250.090234375,1191.0665817847623,1.000531491026718,1.0489977593879967
2011-08-21 00:00:00+07:00,1279.2169494628906,1196.3454869490408,1.0024961517279551,1.0666080947763468
2011-08-28 00:00:00+07:00,1246.9414306640624,1200.5816987257742,0.9973067591770324,1.0414191843242613
2011-09-04 00:00:00+07:00,1246.9414306640624,1204.349192105807,0.9995975942818868,1.0357821611884168
2011-09-11 00:00:00+07:00,1305.1949462890625,1207.3392704890327,0.9987949464495404,1.0823549814582853
2011-09-18 00:00:00+07:00,1250.090185546875,1210.4841266338644,1.0026614032647314,1.0299780021759448
2011-09-25 00:00:00+07:00,1201.2831787109376,1214.2669361994817,1.008767338539659,0.9807091196175977
2011-10-02 00:00:00+07:00,1188.6876953125,1217.9960475041319,1.0109623966777883,0.96535463494321
2011-10-09 00:00:00+07:00,1158.773828125,1221.4253457289476,1.0083279013264599,0.9408707456626398
2011-10-16 00:00:00+07:00,1232.77158203125,1224.4023790799654,1.0112499750088417,0.9956344741028538
2011-10-23 00:00:00+07:00,1226.4739501953125,1226.6217029278096,1.0061809619924444,0.993737292551813
2011-10-30 00:00:00+07:00,1256.38798828125,1228.331816805326,1.0066283373995177,1.016105781410641
2011-11-06 00:00:00+07:00,1251.6646484375,1230.4414974506087,1.01279286208039,1.004399261907695
2011-11-13 00:00:00+07:00,1283.1530517578126,1232.971839435284,1.014966239348846,1.0253537095388685
2011-11-20 00:00:00+07:00,1270.5576904296875,1235.1799553504356,1.009668788335947,1.0187912885351882
2011-11-27 00:00:00+07:00,1207.580908203125,1236.6391494750976,1.0088798114677757,0.9679074116761797
2011-12-04 00:00:00+07:00,1229.622705078125,1237.4379402160646,1.0140454828808017,0.9799208798065602
2011-12-11 00:00:00+07:00,1258.980322265625,1237.8316763070916,1.0125377657816381,1.0044911608057066
2011-12-18 00:00:00+07:00,1252.2625244140625,1238.2175445556643,1.0153377383521816,0.9960655095071286
2011-12-25 00:00:00+07:00,1261.76123046875,1238.7274367112382,1.009795287894764,1.0087140783599076
2012-01-01 00:00:00+07:00,1266.5106811523438,1238.7609329223635,1.0148239317599488,1.0074665974860386
2012-01-08 00:00:00+07:00,1274.4263671875,1238.0538189227764,1.0173984807084868,1.0117754545543618
2012-01-15 00:00:00+07:00,1283.9251220703125,1236.7234170766976,1.0036381186605239,1.0344034606065071
2012-01-22 00:00:00+07:00,1261.761328125,1235.537067589393,1.0014333666350494,1.019763294210728
2012-01-29 00:00:00+07:00,1282.3419189453125,1234.570937875601,1.004743359204678,1.0337907585802328
2012-02-05 00:00:00+07:00,1269.676953125,1233.0934049166167,1.0053659001929562,1.0241725004986104
2012-02-12 00:00:00+07:00,1244.346630859375,1232.3001868614786,0.9976635783649274,1.0121403625323502
2012-02-19 00:00:00+07:00,1174.6885498046875,1232.2880294212928,0.9992794749300457,0.9539454450377506
2012-02-26 00:00:00+07:00,1187.353564453125,1232.2907748882587,1.0032776105772796,0.9603858275316209
2012-03-04 00:00:00+07:00,1198.435693359375,1232.4039857130786,1.0062123806814889,0.9664335192779312
2012-03-11 00:00:00+07:00,1201.6019287109375,1232.0954412607045,1.011332521864057,0.9643224839411038
2012-03-18 00:00:00+07:00,1231.681640625,1232.0179965679463,1.007725825993044,0.9920624856621453
2012-03-25 00:00:00+07:00,1258.5950317382812,1232.9397044255184,1.0101280508254868,1.0105731219321865
2012-04-01 00:00:00+07:00,1274.4263671875,1234.2673202514648,1.0110100742721553,1.021292246274991
2012-04-08 00:00:00+07:00,1258.5948181152344,1235.896053255521,1.0037461049887915,1.0145655719261546
2012-04-15 00:00:00+07:00,1257.0118896484375,1237.285403559758,1.019337133767705,0.9966706067325579
2012-04-22 00:00:00+07:00,1253.84560546875,1238.4389182457555,1.0173201114793093,0.9952033760334856
2012-04-29 00:00:00+07:00,1260.17822265625,1239.6305726858284,1.005975675571597,1.0105369825958317
2012-05-06 00:00:00+07:00,1269.6769287109375,1240.7183863713192,1.0008038517491118,1.0225181881758303
2012-05-13 00:00:00+07:00,1266.5108642578125,1241.9908794696514,0.9958348767243159,1.024007601672438
2012-05-20 00:00:00+07:00,1219.0164794921875,1244.1374685434193,0.992694542115615,0.9870191368992569
2012-05-27 00:00:00+07:00,1168.35595703125,1247.6257178673377,0.9694457187515342,0.9659782805496954
2012-06-03 00:00:00+07:00,1136.6933837890624,1251.5741985614484,0.9646326889949312,0.9415096066139732
2012-06-10 00:00:00+07:00,1120.8618408203124,1255.2011758657602,0.9646804531188442,0.9256680370085122
2012-06-17 00:00:00+07:00,1143.295654296875,1259.2144376314604,0.9650851048269049,0.9407911979611234
2012-06-24 00:00:00+07:00,1178.473974609375,1263.4769782433143,0.9640800894327847,0.9674745494548732
2012-07-01 00:00:00+07:00,1172.0779052734374,1267.3811278905625,0.9661182934031073,0.9572358113542391
2012-07-08 00:00:00+07:00,1186.4690673828125,1271.1634961250502,0.9714249729425775,0.9608282054162702
2012-07-15 00:00:00+07:00,1180.0729248046875,1274.5827695406401,0.9677760358637573,0.9566783352501681
2012-07-22 00:00:00+07:00,1239.236669921875,1278.2937267596908,0.9874931661415601,0.9817242065427174
2012-07-29 00:00:00+07:00,1236.038623046875,1282.440807753343,0.9970121593719635,0.9667056517452993
2012-08-05 00:00:00+07:00,1261.6228515625,1287.0214916522687,1.0009771130705472,0.9793086711587051
2012-08-12 00:00:00+07:00,1256.825830078125,1292.9830808199367,1.000531491026718,0.9715194358720293
2012-08-19 00:00:00+07:00,1271.2169799804688,1300.5994220440202,1.0024961517279551,0.9749748531100146
2012-08-26 00:00:00+07:00,1255.2269287109375,1309.3198237492488,0.9973067591770324,0.9612752084876914
2012-09-02 00:00:00+07:00,1250.4298583984375,1319.1556769737833,0.9995975942818868,0.9482832564215163
2012-09-09 00:00:00+07:00,1269.6178955078126,1329.4105785663312,0.9987949464495404,0.9561754054466421
2012-09-16 00:00:00+07:00,1277.61298828125,1339.071644592285,1.0026614032647314,0.9515710197042868
2012-09-23 00:00:00+07:00,1269.6179931640625,1348.2310374333308,1.008767338539659,0.9335073366694839
2012-09-30 00:00:00+07:00,1258.4249267578125,1357.4041833730844,1.0109623966777883,0.9170291200185525
2012-10-07 00:00:00+07:00,1258.4248291015624,1367.0561549846946,1.0083279013264599,0.9129334904342752
2012-10-14 00:00:00+07:00,1277.6130126953126,1376.446951411321,1.0112499750088417,0.9178703147712678
2012-10-21 00:00:00+07:00,1301.598046875,1385.651723421537,1.0061809619924444,0.9335696106839994
2012-10-28 00:00:00+07:00,1305.1959533691406,1395.1813052837667,1.0066283373995177,0.9293427566112957
2012-11-04 00:00:00+07:00,1315.989306640625,1404.4042049701397,1.01279286208039,0.9252084857145703
2012-11-11 00:00:00+07:00,1351.16767578125,1413.6395835289586,1.014966239348846,0.9417138396197591
2012-11-18 00:00:00+07:00,1425.788330078125,1423.6864444439225,1.009668788335947,0.9918860322697779
2012-11-25 00:00:00+07:00,1415.1281982421874,1434.603732886681,1.0088798114677757,0.9777422829065832
2012-12-02 00:00:00+07:00,1432.7174072265625,1446.0070064838114,1.0140454828808017,0.9770858083079879
2012-12-09 00:00:00+07:00,1433.091259765625,1456.3997091440053,1.0125377657816381,0.9718114982037163
2012-12-16 00:00:00+07:00,1495.530810546875,1464.7360005305363,1.0153377383521816,1.005600499429241
2012-12-23 00:00:00+07:00,1461.79716796875,1472.199612544133,1.009795287894764,0.9833023504649171
2012-12-30 00:00:00+07:00,1472.5063069661458,1479.2776427048902,1.0148239317599488,0.9808820109902614
2013-01-06 00:00:00+07:00,1461.7970377604167,1486.2010604858401,1.0173984807084868,0.9667594497666521
2013-01-13 00:00:00+07:00,1452.15888671875,1493.311903850849,1.0036381186605239,0.9689167464685895
2013-01-20 00:00:00+07:00,1479.4671142578125,1500.7082720243016,1.0014333666350494,0.9844348553762298
2013-01-27 00:00:00+07:00,1495.9325561523438,1508.6703569852396,1.004743359204678,0.9868758291510172
2013-02-03 00:00:00+07:00,1532.47744140625,1516.7436789879432,1.0053659001929562,1.004980756120685
2013-02-10 00:00:00+07:00,1601.551416015625,1524.8347824096682,0.9976635783649274,1.052771157269828
2013-02-17 00:00:00+07:00,1609.583251953125,1533.1445774958686,0.9992794749300457,1.0506144410053906
2013-02-24 00:00:00+07:00,1659.3806396484374,1540.0083159226638,1.0032776105772796,1.0739939434447334
2013-03-03 00:00:00+07:00,1749.337353515625,1544.6776720487155,1.0062123806814889,1.1255014116668836
2013-03-10 00:00:00+07:00,1717.2100341796875,1548.1048056969275,1.011332521864057,1.0968041510958852
2013-03-17 00:00:00+07:00,1720.8244018554688,1552.4210506732645,1.007725825993044,1.0999796330989708
2013-03-24 00:00:00+07:00,1722.0291259765625,1559.178197655311,1.0101280508254868,1.0933729064636803
2013-03-31 00:00:00+07:00,1764.9994506835938,1567.1304104144756,1.0110100742721553,1.1139968252259544
2013-04-07 00:00:00+07:00,1771.8267822265625,1575.0658718402567,1.0037461049887915,1.1207239877527368
2013-04-14 00:00:00+07:00,1720.42275390625,1582.9101136427657,1.019337133767705,1.0662549940807637
2013-04-21 00:00:00+07:00,1747.7310302734375,1590.8626458192484,1.0173201114793093,1.079901842913232
2013-04-28 00:00:00+07:00,1757.3693115234375,1598.7676167610366,1.005975675571597,1.0926730094784685
2013-05-05 00:00:00+07:00,1731.6674072265625,1606.55494134365,1.0008038517491118,1.0770104880267886
2013-05-12 00:00:00+07:00,1764.999755859375,1613.58540211213,0.9958348767243159,1.0984122332989272
2013-05-19 00:00:00+07:00,1765.401123046875,1618.8138423821865,0.992694542115615,1.0985778922646185
2013-05-26 00:00:00+07:00,1757.3693115234375,1622.871468255459,0.9694457187515342,1.1170057690039688
2013-06-02 00:00:00+07:00,1733.6204833984375,1626.378871819912,0.9646326889949312,1.1050204896673854
2013-06-09 00:00:00+07:00,1604.7758178710938,1629.130208724584,0.9646804531188442,1.0211160343947203
2013-06-16 00:00:00+07:00,1526.3559814453124,1631.1154893924027,0.9650851048269049,0.9696288040769916
2013-06-23 00:00:00+07:00,1571.629296875,1632.4498909192207,0.9640800894327847,0.9986128334572469
2013-06-30 00:00:00+07:00,1515.0377197265625,1633.7089169233273,0.9661182934031073,0.9598833544706175
2013-07-07 00:00:00+07:00,1563.5447021484374,1635.3011547382062,0.9714249729425775,0.9842451762593427
2013-07-14 00:00:00+07:00,1542.525,1636.9640862098108,0.9677760358637573,0.9736843645869093
2013-07-21 00:00:00+07:00,1646.006884765625,1638.8931499187765,0.9874931661415601,1.0170607829250529
2013-07-28 00:00:00+07:00,1657.325244140625,1641.3697066086988,0.9970121593719635,1.0127467935739183
2013-08-04 00:00:00+07:00,1679.96171875,1643.3658352191635,1.0009771130705472,1.0212709626827752
2013-08-11 00:00:00+07:00,1679.96171875,1644.369827387883,1.000531491026718,1.0211019933067875
2013-08-18 00:00:00+07:00,1712.2997802734376,1645.0912321824294,1.0024961517279551,1.0382623341437371
2013-08-25 00:00:00+07:00,1527.9729248046874,1645.8657363891602,0.9973067591770324,0.930877411893817
2013-09-01 00:00:00+07:00,1463.2968994140624,1645.4370242779073,0.9995975942818868,0.8896639335945962
2013-09-08 00:00:00+07:00,1413.17275390625,1644.6084527822643,0.9987949464495404,0.8603128331108956
2013-09-15 00:00:00+07:00,1582.947607421875,1644.4054779052735,1.0026614032647314,0.9600709490863444
2013-09-22 00:00:00+07:00,1667.02666015625,1644.3826457096982,1.008767338539659,1.0049597043390788
2013-09-29 00:00:00+07:00,1688.04638671875,1643.6851454514724,1.0109623966777883,1.0158527118466512
2013-10-06 00:00:00+07:00,1654.091357421875,1642.9344471271222,1.0083279013264599,0.9984756366674817
2013-10-13 00:00:00+07:00,1697.7476318359375,1643.518287071815,1.0112499750088417,1.0215039932623857
2013-10-20 00:00:00+07:00,1708.5267740885417,1644.7047718928413,1.0061809619924444,1.03242316562568
2013-10-27 00:00:00+07:00,1720.3842041015625,1645.6843827467706,1.0066283373995177,1.0385077613837732
2013-11-03 00:00:00+07:00,1710.6828125,1646.4771150442273,1.01279286208039,1.0258719645867211
2013-11-10 00:00:00+07:00,1687.64208984375,1647.2992892925558,1.014966239348846,1.009383591262822
2013-11-17 00:00:00+07:00,1633.0717041015625,1648.4545748197118,1.009668788335947,0.9811814718175591
2013-11-24 00:00:00+07:00,1629.8379150390624,1650.0763903104341,1.0088798114677757,0.9790411246479481
2013-12-01 00:00:00+07:00,1582.7776611328125,1651.754785586626,1.0140454828808017,0.9449675682739852
2013-12-08 00:00:00+07:00,1569.1700439453125,1654.6094878367887,1.0125377657816381,0.9366196562287032
2013-12-15 00:00:00+07:00,1565.9212158203125,1659.5409931280676,1.0153377383521816,0.9293330774238766
2013-12-22 00:00:00+07:00,1530.184521484375,1664.6418131119165,1.009795287894764,0.9103107377751556
2013-12-29 00:00:00+07:00,1535.0576578776042,1669.4189854939775,1.0148239317599488,0.9060843807897317
2014-01-05 00:00:00+07:00,1564.8384195963542,1674.2974839821843,1.0173984807084868,0.9186409288036153
2014-01-12 00:00:00+07:00,1522.0623779296875,1679.59578321408,1.0036381186605239,0.9029226093538174
2014-01-19 00:00:00+07:00,1610.1862487792969,1684.8874972221179,1.0014333666350494,0.9542960984883856
2014-01-26 00:00:00+07:00,1622.7753173828125,1689.562878457094,1.004743359204678,0.9559361601337917
2014-02-02 00:00:00+07:00,1613.2320556640625,1694.0847619081153,1.0053659001929562,0.9471909855024861
2014-02-09 00:00:00+07:00,1625.2119873046875,1698.4676206539839,0.9976635783649274,0.9591104596492445
2014-02-16 00:00:00+07:00,1660.948779296875,1702.6968029706907,0.9992794749300457,0.9761845999512225
2014-02-23 00:00:00+07:00,1688.5635498046875,1708.5053685506189,1.0032776105772796,0.985099144291518
2014-03-02 00:00:00+07:00,1675.5683837890624,1716.637425857935,1.0062123806814889,0.9700495615064211
2014-03-09 00:00:00+07:00,1704.807568359375,1725.9283708230041,1.011332521864057,0.9766942337585394
2014-03-16 00:00:00+07:00,1712.11748046875,1734.988824971517,1.007725825993044,0.9792520530025249
2014-03-23 00:00:00+07:00,1728.3614990234375,1742.3553824009036,1.0101280508254868,0.9820224372388995
2014-03-30 00:00:00+07:00,1686.12705078125,1749.40333795792,1.0110100742721553,0.9533335165659621
2014-04-06 00:00:00+07:00,1772.6265563964844,1757.3069526476736,1.0037461049887915,1.0049530001089255
2014-04-13 00:00:00+07:00,1780.342333984375,1764.8735276833559,1.019337133767705,0.9896282503959842
2014-04-20 00:00:00+07:00,1811.2058715820312,1771.7201041588417,1.0173201114793093,1.0048820162038568
2014-04-27 00:00:00+07:00,1795.7739990234375,1779.0331220969176,1.005975675571597,1.0034140218486503
2014-05-04 00:00:00+07:00,1775.7068786621094,1787.2218162732245,1.0008038517491118,0.9927590430728017
2014-05-11 00:00:00+07:00,1806.46640625,1795.6860215015902,0.9958348767243159,1.0102111448858138
2014-05-18 00:00:00+07:00,1844.0841674804688,1804.3067464583958,0.992694542115615,1.0295672799957163
2014-05-25 00:00:00+07:00,1847.355078125,1813.8135354457759,0.9694457187515342,1.0505923720077652
2014-06-01 00:00:00+07:00,1818.1878255208333,1824.4015270135342,0.9646326889949312,1.0331332604993677
2014-06-08 00:00:00+07:00,1817.097509765625,1835.6516739674103,0.9646804531188442,1.0261349499194656
2014-06-15 00:00:00+07:00,1826.91083984375,1847.268760055151,0.9650851048269049,1.0247587945480336
2014-06-22 00:00:00+07:00,1801.559716796875,1858.9368276351538,0.9640800894327847,1.0052426752514911
2014-06-29 00:00:00+07:00,1781.9332275390625,1870.6990721482493,0.9661182934031073,0.9859552180370408
2014-07-06 00:00:00+07:00,1804.013037109375,1882.422776168432,0.9714249729425775,0.9865366839034905
2014-07-13 00:00:00+07:00,1853.07978515625,1894.1504106961766,0.9677760358637573,1.0108920755402575
2014-07-20 00:00:00+07:00,1885.7903564453125,1905.1236557593713,0.9874931661415601,1.0023886535225126
2014-07-27 00:00:00+07:00,1903.7814208984375,1915.2232224684496,0.9970121593719635,0.9970047565875763
2014-08-03 00:00:00+07:00,1903.7814208984375,1925.7670832707333,1.0009771130705472,0.9876184111628372
2014-08-10 00:00:00+07:00,1911.959326171875,1937.0847125713642,1.000531491026718,0.9865049599294254
2014-08-17 00:00:00+07:00,1920.1371337890625,1948.91437119704,1.0024961517279551,0.9827810511439957
2014-08-24 00:00:00+07:00,1924.2263916015625,1960.797892643855,0.9973067591770324,0.9839988093967865
2014-08-31 00:00:00+07:00,1912.777392578125,1972.8407757098857,0.9995975942818868,0.969945186940518
2014-09-07 00:00:00+07:00,1929.950537109375,1985.3273313082184,0.9987949464495404,0.9732798246170897
2014-09-14 00:00:00+07:00,2008.4570556640624,1997.786064969576,1.0026614032647314,1.002672891206395
2014-09-21 00:00:00+07:00,2007.6391845703124,2009.6710275503308,1.008767338539659,0.9903066140289347
2014-09-28 00:00:00+07:00,2080.421240234375,2022.1926553579476,1.0109623966777883,1.0176390136242859
2014-10-05 00:00:00+07:00,2083.692431640625,2035.1213714012733,1.0083279013264599,1.0154101836142564
2014-10-12 00:00:00+07:00,2055.070361328125,2048.099227787898,1.0112499750088417,0.9922410221832973
2014-10-19 00:00:00+07:00,2063.247998046875,2060.954018460787,1.0061809619924444,0.9949632368934307
2014-10-26 00:00:00+07:00,2126.216845703125,2073.389462162898,1.0066283373995177,1.0187262940871005
2014-11-02 00:00:00+07:00,2156.474365234375,2084.5925761883077,1.01279286208039,1.021415587570115
2014-11-09 00:00:00+07:00,2122.127880859375,2093.936973219652,1.014966239348846,0.9985190369309632
2014-11-16 00:00:00+07:00,2095.14130859375,2102.4053992638223,1.009668788335947,0.9870017557482503
2014-11-23 00:00:00+07:00,2156.474365234375,2110.750802377554,1.0088798114677757,1.0126699090505062
2014-11-30 00:00:00+07:00,2157.292333984375,2120.2450088892224,1.0140454828808017,1.0033801749031075
2014-12-07 00:00:00+07:00,2164.670654296875,2129.7600140693858,1.0125377657816381,1.0038063301376214
2014-12-14 00:00:00+07:00,2178.59755859375,2137.8007242838544,1.0153377383521816,1.0036892306078182
2014-12-21 00:00:00+07:00,2130.98720703125,2145.657136261769,1.009795287894764,0.9835290168552383
2014-12-28 00:00:00+07:00,2157.5284016927085,2154.3432852720603,1.0148239317599488,0.9868494735536361
2015-01-04 00:00:00+07:00,2161.6328938802085,2163.013790502304,1.0173984807084868,0.9822715540850322
2015-01-11 00:00:00+07:00,2144.94189453125,2170.563206442808,1.0036381186605239,0.9846138653760043
2015-01-18 00:00:00+07:00,2128.52421875,2177.3077628111228,1.0014333666350494,0.9761953116298835
2015-01-25 00:00:00+07:00,2154.79228515625,2184.105080707256,1.004743359204678,0.9819214299968353
2015-02-01 00:00:00+07:00,2177.776611328125,2189.945474399665,1.0053659001929562,0.9891356997297546
2015-02-08 00:00:00+07:00,2237.70087890625,2195.5244954427085,0.9976635783649274,1.021597044453199
2015-02-15 00:00:00+07:00,2278.744384765625,2201.5183067126154,0.9992794749300457,1.0358248914612536
2015-02-22 00:00:00+07:00,2306.6541748046875,2205.640248205723,1.0032776105772796,1.0423814859952731
2015-03-01 00:00:00+07:00,2309.93759765625,2207.6797908293897,1.0062123806814889,1.0398591290526864
2015-03-08 00:00:00+07:00,2369.04013671875,2209.6702519734704,1.011332521864057,1.0601101104145843
2015-03-15 00:00:00+07:00,2343.593212890625,2210.5103018344985,1.007725825993044,1.0520764506072018
2015-03-22 00:00:00+07:00,2332.921875,2209.999503541604,1.0101280508254868,1.0450368091377096
2015-03-29 00:00:00+07:00,2383.815966796875,2208.9556498992138,1.0110100742721553,1.0674074870769241
2015-04-05 00:00:00+07:00,2419.5241088867188,2206.9024329943536,1.0037461049887915,1.092252248539617
2015-04-12 00:00:00+07:00,2483.141845703125,2206.618464112894,1.019337133767705,1.1039678736404688
2015-04-19 00:00:00+07:00,2445.30458984375,2208.310814999312,1.0173201114793093,1.0884666661102307
2015-04-26 00:00:00+07:00,2454.96142578125,2209.8672898903874,1.005975675571597,1.1043099857918475
2015-05-03 00:00:00+07:00,2281.643310546875,2211.09941597963,1.0008038517491118,1.03107561074247
2015-05-10 00:00:00+07:00,2272.347265625,2212.347020114996,0.9958348767243159,1.0314166075658342
2015-05-17 00:00:00+07:00,2258.9196166992188,2213.5662325736803,0.992694542115615,1.0279988330349321
2015-05-24 00:00:00+07:00,2300.441552734375,2214.1461374527366,0.9694457187515342,1.0717202208281649
2015-05-31 00:00:00+07:00,2352.498828125,2214.8450918735602,0.9646326889949312,1.1010932088381216
2015-06-07 00:00:00+07:00,2272.3470458984375,2215.5131103906874,0.9646804531188442,1.063204624697331
2015-06-14 00:00:00+07:00,2207.895166015625,2215.6650865212464,0.9650851048269049,1.0325443665020289
2015-06-21 00:00:00+07:00,2237.642236328125,2216.5398982512643,0.9640800894327847,1.0471333318558533
2015-06-28 00:00:00+07:00,2249.210205078125,2217.598680584247,0.9661182934031073,1.0498246969218428
2015-07-05 00:00:00+07:00,2238.468603515625,2218.317577694624,0.9714249729425775,1.0387667097266498
2015-07-12 00:00:00+07:00,2203.7634765625,2219.120262145996,0.9677760358637573,1.026146287864678
2015-07-19 00:00:00+07:00,2236.54052734375,2219.791811312162,0.9874931661415601,1.020305971528116
2015-07-26 00:00:00+07:00,2259.9523111979165,2220.121294109638,0.9970121593719635,1.0209914791739043
2015-08-02 00:00:00+07:00,2155.011474609375,2220.112840270996,1.0009771130705472,0.9697290160964164
2015-08-09 00:00:00+07:00,2240.9474609375,2219.6024145273063,1.000531491026718,1.0090802909134047
2015-08-16 00:00:00+07:00,2214.50537109375,2218.448289841873,1.0024961517279551,0.9957371571493805
2015-08-23 00:00:00+07:00,2058.540069580078,2216.83861119197,0.9973067591770324,0.9311003405250164
2015-08-30 00:00:00+07:00,1990.5761474609376,2214.6816444983856,0.9995975942818868,0.8991709910525449
2015-09-06 00:00:00+07:00,2059.1597412109377,2212.188121267466,0.9987949464495404,0.9319479265677151
2015-09-13 00:00:00+07:00,1966.613037109375,2209.8477379432097,1.0026614032647314,0.8875692862242361
2015-09-20 00:00:00+07:00,1996.3601806640625,2208.038164696327,1.008767338539659,0.8962750579891008
2015-09-27 00:00:00+07:00,1983.1394653320312,2206.031337209848,1.0109623966777883,0.8892145857532093
2015-10-04 00:00:00+07:00,1967.4396484375,2202.5454885629506,1.0083279013264599,0.8858796960377483
2015-10-11 00:00:00+07:00,2141.790380859375,2197.486204763559,1.0112499750088417,0.9638118963179015
2015-10-18 00:00:00+07:00,2152.532470703125,2191.9894020667443,1.0061809619924444,0.9759670726963255
2015-10-25 00:00:00+07:00,2198.80576171875,2186.7893114530125,1.0066283373995177,0.9988741448117456
2015-11-01 00:00:00+07:00,2212.0265625,2183.265910574106,1.01279286208039,1.0003755579325329
2015-11-08 00:00:00+07:00,2196.326513671875,2181.495734542455,1.014966239348846,0.9919526444654169
2015-11-15 00:00:00+07:00,2147.740771484375,2180.129065802159,1.009668788335947,0.9757099310077634
2015-11-22 00:00:00+07:00,2164.185009765625,2178.374284049792,1.0088798114677757,0.9847419779426378
2015-11-29 00:00:00+07:00,2222.27294921875,2175.510562877166,1.0140454828808017,1.0073462376604863
2015-12-06 00:00:00+07:00,2169.16396484375,2173.1100311670552,1.0125377657816381,0.9858241069829188
2015-12-13 00:00:00+07:00,2189.909765625,2172.1481816609703,1.0153377383521816,0.9929473995710858
2015-12-20 00:00:00+07:00,2210.655419921875,2171.1339299519855,1.009795287894764,1.008326309664373
2015-12-27 00:00:00+07:00,2187.9735514322915,2169.4087102254234,1.0148239317599488,0.9938251617787675
2016-01-03 00:00:00+07:00,2205.9530436197915,2168.06969326704,1.0173984807084868,1.0000735480531098
2016-01-10 00:00:00+07:00,2184.100927734375,2167.6181180905073,1.0036381186605239,1.0039516162910846
2016-01-17 00:00:00+07:00,2159.206298828125,2168.2227328178205,1.0014333666350494,0.9944161924661037
2016-01-24 00:00:00+07:00,2158.376416015625,2170.2497566810016,1.004743359204678,0.989833906350136
2016-01-31 00:00:00+07:00,2173.31328125,2174.146627298991,1.0053659001929562,0.9942814867805126
2016-02-07 00:00:00+07:00,2189.079931640625,2179.2478033995017,0.9976635783649274,1.0068641665305287
2016-02-14 00:00:00+07:00,2207.3363647460938,2184.6536989260944,0.9992794749300457,1.0111112593266314
2016-02-21 00:00:00+07:00,2210.655615234375,2192.101081398206,1.0032776105772796,1.005169714389526
2016-02-28 00:00:00+07:00,2181.61162109375,2202.127952536559,1.0062123806814889,0.9845669018838396
2016-03-06 00:00:00+07:00,2238.039697265625,2211.901516801883,1.011332521864057,1.0004791119911507
2016-03-13 00:00:00+07:00,2231.1937866210938,2221.623963889098,1.007725825993044,0.9966079602159938
2016-03-20 00:00:00+07:00,2257.12568359375,2232.006556075659,1.0101280508254868,1.0011147156113207
2016-03-27 00:00:00+07:00,2250.902099609375,2242.5198145548507,1.0110100742721553,0.992807007834902
2016-04-03 00:00:00+07:00,2189.909716796875,2254.2603276961895,1.0037461049887915,0.9678281941299907
2016-04-10 00:00:00+07:00,2186.59072265625,2265.424520248022,1.019337133767705,0.9468911526520323
2016-04-17 00:00:00+07:00,2170.188232421875,2274.8572332137674,1.0173201114793093,0.9377468800827898
2016-04-24 00:00:00+07:00,2189.268359375,2283.7980281732025,1.005975675571597,0.9529142623903021
2016-05-01 00:00:00+07:00,2180.902685546875,2291.9898025121443,1.0008038517491118,0.9507681791771536
2016-05-08 00:00:00+07:00,2188.9895833333335,2299.529736875876,0.9958348767243159,0.9559107210150276
2016-05-15 00:00:00+07:00,2200.14375,2307.1408255552633,0.992694542115615,0.9606414433517856
2016-05-22 00:00:00+07:00,2176.7201171875,2313.6935176751554,0.9694457187515342,0.9704502229632799
2016-05-29 00:00:00+07:00,2178.39326171875,2318.580383379032,0.9646326889949312,0.9739847405420741
2016-06-05 00:00:00+07:00,2196.797314453125,2323.167930329151,0.9646804531188442,0.9802252970755685
2016-06-12 00:00:00+07:00,2183.412548828125,2328.255189475035,0.9650851048269049,0.9717165725151667
2016-06-19 00:00:00+07:00,2156.64267578125,2333.5228665474133,0.9640800894327847,0.958634423820145
2016-06-26 00:00:00+07:00,2150.7869140625,2338.7444947854065,0.9661182934031073,0.9518846022651127
2016-07-03 00:00:00+07:00,2197.634130859375,2344.5569660675837,0.9714249729425775,0.9649067358058336
2016-07-10 00:00:00+07:00,2197.634130859375,2352.0476000663566,0.9677760358637573,0.9654603015718599
2016-07-17 00:00:00+07:00,2305.5498046875,2360.3696614583337,0.9874931661415601,0.9891459693251106
2016-07-24 00:00:00+07:00,2401.753515625,2368.3004884377515,0.9970121593719635,1.017164455813817
2016-07-31 00:00:00+07:00,2418.484814453125,2375.8046716934596,1.0009771130705472,1.016970804423104
2016-08-07 00:00:00+07:00,2507.996435546875,2383.2803787622697,1.000531491026718,1.051770571508435
2016-08-14 00:00:00+07:00,2509.66953125,2390.978606982109,1.0024961517279551,1.0470276087996788
2016-08-21 00:00:00+07:00,2537.9036865234375,2398.598714427459,0.9973067591770324,1.0609350015677224
2016-08-28 00:00:00+07:00,2554.00712890625,2406.466177994166,0.9995975942818868,1.0617374609629802
2016-09-04 00:00:00+07:00,2512.179443359375,2414.0460809952174,0.9987949464495404,1.0419065428747183
2016-09-11 00:00:00+07:00,2524.72783203125,2421.2219797378934,1.0026614032647314,1.0399816165386429
2016-09-18 00:00:00+07:00,2518.0349731445312,2428.6266114846258,1.008767338539659,1.0278032719945822
2016-09-25 00:00:00+07:00,2554.8435546875,2437.175498766777,1.0109623966777883,1.0369134452376263
2016-10-02 00:00:00+07:00,2616.74892578125,2447.8519740569286,1.0083279013264599,1.0601690418392002
2016-10-09 00:00:00+07:00,2653.55712890625,2460.1006694304638,1.0112499750088417,1.0666379686440108
2016-10-16 00:00:00+07:00,2621.76787109375,2473.822229864658,1.0061809619924444,1.0532941047893845
2016-10-23 00:00:00+07:00,2659.413037109375,2487.9936813745744,1.0066283373995177,1.0618602617689337
2016-10-30 00:00:00+07:00,2603.363818359375,2502.6314035660184,1.01279286208039,1.0271109114571848
2016-11-06 00:00:00+07:00,2589.142431640625,2518.407947442471,1.014966239348846,1.0129272721892058
2016-11-13 00:00:00+07:00,2546.478076171875,2534.4881461510295,1.009668788335947,0.9951092103068535
2016-11-20 00:00:00+07:00,2446.927685546875,2550.3076087364784,1.0088798114677757,0.9510188752606898
2016-11-27 00:00:00+07:00,2447.764306640625,2565.7355566171495,1.0140454828808017,0.9408064149467751
2016-12-04 00:00:00+07:00,2420.777490234375,2580.7505547156693,1.0125377657816381,0.9263980078182847
2016-12-11 00:00:00+07:00,2467.37119140625,2595.9453362098106,1.0153377383521816,0.9361133053726373
2016-12-18 00:00:00+07:00,2481.0324096679688,2612.251071636493,1.009795287894764,0.9405549679892705
2016-12-25 00:00:00+07:00,2460.6458984375,2629.4650576077975,1.0148239317599488,0.9221275902962311
2017-01-01 00:00:00+07:00,2537.7777099609375,2646.7084061842697,1.0173984807084868,0.942445829697296
2017-01-08 00:00:00+07:00,2631.302197265625,2664.0225395789507,1.0036381186605239,0.9841372849191207
2017-01-15 00:00:00+07:00,2577.4994140625,2680.6899515005257,1.0014333666350494,0.9601297602341525
2017-01-22 00:00:00+07:00,2564.889306640625,2695.2888007530796,1.004743359204678,0.9471269092947723
2017-01-29 00:00:00+07:00,2547.23544921875,2709.31483600323,1.0053659001929562,0.9351590133312762
2017-02-05 00:00:00+07:00,2592.631298828125,2722.9952930157006,0.9976635783649274,0.9543545562944518
2017-02-12 00:00:00+07:00,2604.400732421875,2735.986292677659,0.9992794749300457,0.9525919879361826
2017-02-19 00:00:00+07:00,2606.082421875,2748.706011962891,1.0032776105772796,0.945015069723608
2017-02-26 00:00:00+07:00,2604.401025390625,2761.2274505615233,1.0062123806814889,0.9373807243146244
2017-03-05 00:00:00+07:00,2603.560205078125,2774.3953108567453,1.011332521864057,0.9279088348640069
2017-03-12 00:00:00+07:00,2611.966748046875,2787.7714047945465,1.007725825993044,0.9297540866598354
2017-03-19 00:00:00+07:00,2646.434423828125,2801.026040532038,1.0101280508254868,0.9353358041396829
2017-03-26 00:00:00+07:00,2750.67763671875,2814.463478910006,1.0110100742721553,0.9666930492095874
2017-04-02 00:00:00+07:00,2800.4876098632812,2828.3362943209136,1.0037461049887915,0.9864583105892728
2017-04-09 00:00:00+07:00,2849.8771484375,2843.1168644831732,1.019337133767705,0.9833623625521196
2017-04-16 00:00:00+07:00,2933.944091796875,2858.948669433594,1.0173201114793093,1.0087599830557192
2017-04-23 00:00:00+07:00,2899.34345703125,2874.846332726112,1.005975675571597,1.0025303979334916
2017-04-30 00:00:00+07:00,2993.1506958007812,2891.2956026517427,1.0008038517491118,1.0343966823002126
2017-05-07 00:00:00+07:00,3017.5021362304688,2909.414170954778,0.9958348767243159,1.041489040027164
2017-05-14 00:00:00+07:00,3043.9718627929688,2928.267037729117,0.992694542115615,1.0471630773384544
2017-05-21 00:00:00+07:00,2978.11611328125,2948.1697223369897,0.9694457187515342,1.0419950303039698
2017-05-28 00:00:00+07:00,2981.5038452148438,2969.3554997370798,0.9646326889949312,1.0409052598788417
2017-06-04 00:00:00+07:00,2955.246533203125,2990.9664475661057,0.9646804531188442,1.0242328403341876
2017-06-11 00:00:00+07:00,3005.22060546875,3012.4773489145127,0.9650851048269049,1.0336820031783533
2017-06-18 00:00:00+07:00,3030.631103515625,3033.78002565824,0.9640800894327847,1.0361815969429866
2017-06-25 00:00:00+07:00,3067.05302734375,3055.3190455510066,0.9661182934031073,1.0390451317872336
2017-07-02 00:00:00+07:00,3074.67626953125,3077.260751577524,0.9714249729425775,1.0285510084002472
2017-07-09 00:00:00+07:00,3121.261865234375,3099.0167013315054,0.9677760358637573,1.0407140690149288
2017-07-16 00:00:00+07:00,3115.33291015625,3121.7314295842098,0.9874931661415601,1.0105896062504045
2017-07-23 00:00:00+07:00,3110.250732421875,3145.7632763202378,0.9970121593719635,0.9916739566574734
2017-07-30 00:00:00+07:00,3168.695263671875,3170.2577930157004,1.0009771130705472,0.9985314504850901
2017-08-06 00:00:00+07:00,3180.553515625,3195.6055567814756,1.000531491026718,0.9947610621716491
2017-08-13 00:00:00+07:00,3188.176416015625,3222.0795586219206,1.0024961517279551,0.9870141321553235
2017-08-20 00:00:00+07:00,3182.247607421875,3249.151804997371,0.9973067591770324,0.9820536259936935
2017-08-27 00:00:00+07:00,3211.892822265625,3276.9925084040715,0.9995975942818868,0.9805288899425862
2017-09-03 00:00:00+07:00,3223.751220703125,3304.334256450947,0.9987949464495404,0.9767900127802619
2017-09-10 00:00:00+07:00,3204.26982421875,3329.7720334566566,1.0026614032647314,0.9597547741266387
2017-09-17 00:00:00+07:00,3216.97509765625,3355.091859083909,1.008767338539659,0.9505003288903394
2017-09-24 00:00:00+07:00,3253.397021484375,3379.8627354548535,1.0109623966777883,0.9521447997517254
2017-10-01 00:00:00+07:00,3360.96826171875,3402.9724821824293,1.0083279013264599,0.9794994341999019
2017-10-08 00:00:00+07:00,3446.51708984375,3424.6787564791166,1.0112499750088417,0.9951809925311689
2017-10-15 00:00:00+07:00,3475.315625,3444.7664259690505,1.0061809619924444,1.0026708230562453
2017-10-22 00:00:00+07:00,3459.222265625,3464.2881596491893,1.0066283373995177,0.9919626181866604
2017-10-29 00:00:00+07:00,3514.278662109375,3483.2240040705765,1.01279286208039,0.9961716066865044
2017-11-05 00:00:00+07:00,3562.55869140625,3499.936370732234,1.014966239348846,1.0028830294439888
2017-11-12 00:00:00+07:00,3533.7599609375,3515.55874035175,1.009668788335947,0.995551556379751
2017-11-19 00:00:00+07:00,3529.525,3531.502163226788,1.0088798114677757,0.9906434086482202
2017-11-26 00:00:00+07:00,3568.487841796875,3547.3131172767057,1.0140454828808017,0.9920356098774428
2017-12-03 00:00:00+07:00,3547.592529296875,3564.1841801570017,1.0125377657816381,0.9830200204321762
2017-12-10 00:00:00+07:00,3577.689892578125,3581.8980562650245,1.0153377383521816,0.9837368596045163
2017-12-17 00:00:00+07:00,3586.19208984375,3598.04686701848,1.009795287894764,0.9870369081220317
2017-12-24 00:00:00+07:00,3595.544287109375,3612.0113177959734,1.0148239317599488,0.9809002375054994
2017-12-31 00:00:00+07:00,3684.816748046875,3624.2672274076017,1.0173984807084868,0.9993200427141736
2018-01-07 00:00:00+07:00,3746.88193359375,3634.7992408165564,1.0036381186605239,1.027099297314525
2018-01-14 00:00:00+07:00,3824.251416015625,3646.4642418494595,1.0014333666350494,1.0472549445668557
2018-01-21 00:00:00+07:00,3817.449365234375,3661.505360295222,1.004743359204678,1.0376681017320324
2018-01-28 00:00:00+07:00,3842.105126953125,3677.6890911395735,1.0053659001929562,1.0391304741808547
2018-02-04 00:00:00+07:00,3933.929052734375,3693.715791203426,0.9976635783649274,1.0675271508863928
2018-02-11 00:00:00+07:00,4016.399169921875,3710.3789095365087,0.9992794749300457,1.0832573359359532
2018-02-18 00:00:00+07:00,4009.597607421875,3727.058686711239,1.0032776105772796,1.0722929197366353
2018-02-25 00:00:00+07:00,4096.318994140625,3744.1035137469958,1.0062123806814889,1.0873172181654776
2018-03-04 00:00:00+07:00,3955.184033203125,3763.1875295785753,1.011332521864057,1.0392424107924878
2018-03-11 00:00:00+07:00,3905.871728515625,3782.929697829026,1.007725825993044,1.0245834050909264
2018-03-18 00:00:00+07:00,3985.79130859375,3801.7320589505703,1.0101280508254868,1.0379026462838155
2018-03-25 00:00:00+07:00,3987.49189453125,3818.908810190054,1.0110100742721553,1.032773395579973
2018-04-01 00:00:00+07:00,3967.08701171875,3834.3138549804685,1.0037461049887915,1.0307662597050022
2018-04-08 00:00:00+07:00,3940.7302734375,3847.4995319073014,1.019337133767705,1.004801533061961
2018-04-15 00:00:00+07:00,3932.20859375,3858.3830618051384,1.0173201114793093,1.0017828105911535
2018-04-22 00:00:00+07:00,3931.3392578125,3869.3009371243998,1.005975675571597,1.0099980493785234
2018-04-29 00:00:00+07:00,3930.48271484375,3879.4158189039968,1.0008038517491118,1.0123497739147118
2018-05-06 00:00:00+07:00,3818.25625,3888.248772723858,0.9958348767243159,0.9861062136764095
2018-05-13 00:00:00+07:00,3867.944189453125,3898.6819195087137,0.992694542115615,0.9994170654398411
2018-05-20 00:00:00+07:00,3812.259765625,3910.338810847356,0.9694457187515342,1.0056447718195451
2018-05-27 00:00:00+07:00,3791.6994140625,3923.152748929537,0.9646326889949312,1.001928449913541
2018-06-03 00:00:00+07:00,3899.64150390625,3938.297122427134,0.9646804531188442,1.0264380126144776
2018-06-10 00:00:00+07:00,3903.06875,3955.2070429875303,0.9650851048269049,1.02251895143094
2018-06-17 00:00:00+07:00,3812.25927734375,3972.132267878606,0.9640800894327847,0.9955099718227224
2018-06-24 00:00:00+07:00,3737.727734375,3988.332102144682,0.9661182934031073,0.9700319600405669
2018-07-01 00:00:00+07:00,3678.616162109375,4003.790231088492,0.9714249729425775,0.9458099860811939
2018-07-08 00:00:00+07:00,3612.6513671875,4018.2559945913463,0.9677760358637573,0.9289954514021878
2018-07-15 00:00:00+07:00,3837.103515625,4031.8521113469055,0.9874931661415601,0.9637509584566881
2018-07-22 00:00:00+07:00,3952.7564453125,4045.554807222807,0.9970121593719635,0.9799897006206424
2018-07-29 00:00:00+07:00,4009.29755859375,4061.333733191858,1.0009771130705472,0.9862237651023291
2018-08-05 00:00:00+07:00,4006.72802734375,4078.1827171912564,1.000531491026718,0.9819568901853767
2018-08-12 00:00:00+07:00,4094.9662109375,4093.322738412711,1.0024961517279551,0.9979105646613676
2018-08-19 00:00:00+07:00,4010.154638671875,4106.561638465295,0.9973067591770324,0.9791607849207072
2018-08-26 00:00:00+07:00,4156.647802734375,4118.651917912411,0.9995975942818868,1.0096316022366172
2018-09-02 00:00:00+07:00,4263.73388671875,4132.174483079178,0.9987949464495404,1.0330827342665339
2018-09-09 00:00:00+07:00,4217.47265625,4147.685296630861,1.0026614032647314,1.0141266159998137
2018-09-16 00:00:00+07:00,4159.217822265625,4162.670408278245,1.008767338539659,0.9904866520646196
2018-09-23 00:00:00+07:00,4097.53642578125,4176.90376915565,1.0109623966777883,0.9703610397691761
2018-09-30 00:00:00+07:00,4118.953515625,4191.0938420222365,1.0083279013264599,0.9746702740298578
2018-10-07 00:00:00+07:00,4059.842236328125,4205.898832820013,1.0112499750088417,0.9545348990873697
2018-10-14 00:00:00+07:00,3993.877587890625,4221.254064941406,1.0061809619924444,0.9403232231928854
2018-10-21 00:00:00+07:00,4076.1193359375,4236.98884371244,1.0066283373995177,0.9556974293701418
2018-10-28 00:00:00+07:00,3949.329296875,4253.95340200571,1.01279286208039,0.9166636011167453
2018-11-04 00:00:00+07:00,4046.13525390625,4273.758897047776,1.014966239348846,0.9327790464143696
2018-11-11 00:00:00+07:00,4135.2306640625,4294.535940786509,1.009668788335947,0.9536841541184102
2018-11-18 00:00:00+07:00,4140.37099609375,4312.835314941408,1.0088798114677757,0.951561694723777
2018-11-25 00:00:00+07:00,4290.29140625,4330.691885141227,1.0140454828808017,0.9769493999365739
2018-12-02 00:00:00+07:00,4400.80380859375,4350.53547269381,1.0125377657816381,0.9990289262723089
2018-12-09 00:00:00+07:00,4483.1103515625,4371.951950307993,1.0153377383521816,1.009935226087826
2018-12-16 00:00:00+07:00,4440.99501953125,4395.075985952524,1.009795287894764,1.0006462183176992
2018-12-23 00:00:00+07:00,4425.52412109375,4420.331929837741,1.0148239317599488,0.986550064854492
2018-12-30 00:00:00+07:00,4462.48232421875,4447.440018873948,1.0173984807084868,0.9862234494004406
2019-01-06 00:00:00+07:00,4473.65576171875,4476.626456392729,1.0036381186605239,0.9957138735792136
2019-01-13 00:00:00+07:00,4511.47373046875,4504.847749211238,1.0014333666350494,1.000037435465684
2019-01-20 00:00:00+07:00,4555.307421875,4531.024764310397,1.004743359204678,1.0006129311579157
2019-01-27 00:00:00+07:00,4745.25537109375,4557.72277738131,1.0053659001929562,1.0355892482469282
2019-02-03 00:00:00+07:00,4783.07314453125,4584.385545935998,0.9976635783649274,1.04578346288112
2019-02-10 00:00:00+07:00,4741.81728515625,4608.1229276216945,0.9992794749300457,1.029754722571198
2019-02-17 00:00:00+07:00,4661.02509765625,4630.242782358023,1.0032776105772796,1.0033594779856663
2019-02-24 00:00:00+07:00,4702.28056640625,4651.786220609226,1.0062123806814889,1.0046137861156919
2019-03-03 00:00:00+07:00,4755.56923828125,4671.00815241887,1.011332521864057,1.006694997695881
2019-03-10 00:00:00+07:00,4718.6111328125,4689.928789813704,1.007725825993044,0.9984022489770372
2019-03-17 00:00:00+07:00,4731.503515625,4710.0962500939,1.0101280508254868,0.9944729020177889
2019-03-24 00:00:00+07:00,4722.04921875,4731.3418832632215,1.0110100742721553,0.9871671510274708
2019-03-31 00:00:00+07:00,4708.297265625,4752.632737379809,1.0037461049887915,0.9869740784353775
2019-04-07 00:00:00+07:00,4739.2390625,4774.536230938252,1.019337133767705,0.9737771458892851
2019-04-14 00:00:00+07:00,4730.6439453125,4798.376287841797,1.0173201114793093,0.9690994105231295
2019-04-21 00:00:00+07:00,4769.3208984375,4823.0939847506015,1.005975675571597,0.982976963259276
2019-04-28 00:00:00+07:00,4856.81513671875,4849.607774000902,1.0008038517491118,1.0006817745627536
2019-05-05 00:00:00+07:00,4951.6953125,4877.143781926082,0.9958348767243159,1.0195323777164245
2019-05-12 00:00:00+07:00,4895.31767578125,4903.22587045523,0.992694542115615,1.0057344955282888
2019-05-19 00:00:00+07:00,4688.02119140625,4928.535283954328,0.9694457187515342,0.9811788972895582
2019-05-26 00:00:00+07:00,4773.0212890625,4952.445468374399,0.9646326889949312,0.9991062925861961
2019-06-02 00:00:00+07:00,4982.052734375,4973.859829477165,0.9646804531188442,1.0383201912302467
2019-06-09 00:00:00+07:00,5047.97119140625,4994.037707519532,0.9650851048269049,1.0473683302814922
2019-06-16 00:00:00+07:00,5072.25654296875,5014.747788649339,0.9640800894327847,1.049153422668972
2019-06-23 00:00:00+07:00,5104.3486328125,5037.777637657754,0.9661182934031073,1.0487477201361932
2019-06-30 00:00:00+07:00,5131.2365234375,5063.197214605871,0.9714249729425775,1.0432488776782145
2019-07-07 00:00:00+07:00,5195.4205078125,5089.40892928686,0.9677760358637573,1.0548203335482589
2019-07-14 00:00:00+07:00,5189.348828125,5115.531634364986,0.9874931661415601,1.0272780095202605
2019-07-21 00:00:00+07:00,5322.920703125,5141.789521985176,0.9970121593719635,1.0383296282686645
2019-07-28 00:00:00+07:00,5415.72666015625,5166.69469870543,1.0009771130705472,1.0471762633513306
2019-08-04 00:00:00+07:00,5373.22685546875,5188.506257825021,1.000531491026718,1.0350517632215719
2019-08-11 00:00:00+07:00,5197.155078125,5208.870043319312,1.0024961517279551,0.9952666219444972
2019-08-18 00:00:00+07:00,5208.4306640625,5230.742019731571,0.9973067591770324,0.9984235666883376
2019-08-25 00:00:00+07:00,5198.88935546875,5253.0778229542275,0.9995975942818868,0.990082849666453
2019-09-01 00:00:00+07:00,5220.5732421875,5271.526148712941,0.9987949464495404,0.9915291616276705
2019-09-08 00:00:00+07:00,5228.37958984375,5286.730286896534,1.0026614032647314,0.986337757938056
2019-09-15 00:00:00+07:00,5245.7267578125,5296.518586926582,1.008767338539659,0.981802541589216
2019-09-22 00:00:00+07:00,5220.57333984375,5295.548250482022,1.0109623966777883,0.9751518963998785
2019-09-29 00:00:00+07:00,5210.1654296875,5288.057823024655,1.0083279013264599,0.9771326676315207
2019-10-06 00:00:00+07:00,5246.59365234375,5284.317531253131,1.0112499750088417,0.9818157607210917
2019-10-13 00:00:00+07:00,5286.49208984375,5286.427925774991,1.0061809619924444,0.9938690705588319
2019-10-20 00:00:00+07:00,5354.1453125,5287.847490594326,1.0066283373995177,1.0058705219864492
2019-10-27 00:00:00+07:00,5428.73740234375,5284.333728575096,1.01279286208039,1.0143503077461828
2019-11-03 00:00:00+07:00,5430.47197265625,5275.762645154123,1.014966239348846,1.0141465823164486
2019-11-10 00:00:00+07:00,5463.43115234375,5268.135861753807,1.009668788335947,1.0271398451563651
2019-11-17 00:00:00+07:00,5444.34951171875,5264.0103948348615,1.0088798114677757,1.0251556938383057
2019-11-24 00:00:00+07:00,5472.9720703125,5256.468501868617,1.0140454828808017,1.0267665947258608
2019-12-01 00:00:00+07:00,5445.21669921875,5246.43130790515,1.0125377657816381,1.0250379537934444
2019-12-08 00:00:00+07:00,5537.19677734375,5241.640696051183,1.0153377383521816,1.0404283592866135
2019-12-15 00:00:00+07:00,5540.75703125,5241.651011696841,1.009795287894764,1.046809521378767
2019-12-22 00:00:00+07:00,5720.86640625,5240.814967150567,1.0148239317599488,1.075653214056299
2019-12-29 00:00:00+07:00,5810.776041666667,5238.356454154773,1.0173984807084868,1.0903050031416226
2020-01-05 00:00:00+07:00,5851.38037109375,5236.332933083559,1.0036381186605239,1.1134069580878334
2020-01-12 00:00:00+07:00,5850.51044921875,5237.47841836,1.0014333666350494,1.1154483243627038
2020-01-19 00:00:00+07:00,5947.091015625,5240.6576203957575,1.004743359204678,1.1294412705573393
2020-01-26 00:00:00+07:00,5943.61015625,5242.3324776673935,1.0053659001929562,1.127720834733116
2020-02-02 00:00:00+07:00,5853.1205078125,5243.523621466221,0.9976635783649274,1.1188712619524286
2020-02-09 00:00:00+07:00,5789.60361328125,5247.097279162286,0.9992794749300457,1.1041872996552473
2020-02-16 00:00:00+07:00,5887.92431640625,5252.99596831493,1.0032776105772796,1.1172079846502119
2020-02-23 00:00:00+07:00,5798.3048828125,5260.137591474485,1.0062123806814889,1.0955048041308633
2020-03-01 00:00:00+07:00,5578.17080078125,5268.61782359588,1.011332521864057,1.0468902087605023
2020-03-08 00:00:00+07:00,5477.23994140625,5277.469837756035,1.007725825993044,1.0298965843459844
2020-03-15 00:00:00+07:00,4990.85791015625,5283.467139063127,1.0101280508254868,0.9351467386415159
2020-03-22 00:00:00+07:00,4361.779833984375,5284.322306393356,1.0110100742721553,0.8164300071662152
2020-03-29 00:00:00+07:00,4289.562194824219,5280.472439731696,1.0037461049887915,0.8093126259676494
2020-04-05 00:00:00+07:00,4768.9837890625,5273.768037688427,1.019337133767705,0.8871294092905919
2020-04-12 00:00:00+07:00,4920.3802490234375,5267.88721869053,1.0173201114793093,0.9181308236576723
2020-04-19 00:00:00+07:00,4727.2193359375,5263.763830018656,1.005975675571597,0.8927335949539634
2020-04-26 00:00:00+07:00,4533.48544921875,5259.166349362106,1.0008038517491118,0.8613236062868058
2020-05-03 00:00:00+07:00,4383.63232421875,5253.592398697291,0.9958348767243159,0.8378965716429284
2020-05-10 00:00:00+07:00,4670.1951904296875,5249.2593725742445,0.992694542115615,0.8962338974016898
2020-05-17 00:00:00+07:00,4484.0951171875,5250.073928989508,0.9694457187515342,0.8810202695469266
2020-05-24 00:00:00+07:00,4192.590494791667,5255.622435036685,0.9646326889949312,0.8269824868635387
2020-05-31 00:00:00+07:00,4518.6153564453125,5261.71581225273,0.9646804531188442,0.8902141790258205
2020-06-07 00:00:00+07:00,5013.1849365234375,5265.63414815267,0.9650851048269049,0.9865007775427923
2020-06-14 00:00:00+07:00,5108.115625,5269.502624668219,0.9640800894327847,1.005490519953613
2020-06-21 00:00:00+07:00,4981.54091796875,5275.858604000776,0.9661182934031073,0.9773277916524098
2020-06-28 00:00:00+07:00,4998.35888671875,5281.210248193984,0.9714249729425775,0.9742820794069362
2020-07-05 00:00:00+07:00,5117.851953125,5284.561414747972,0.9677760358637573,1.0007000128177717
2020-07-12 00:00:00+07:00,5386.0478515625,5289.411435719025,0.9874931661415601,1.0311664131700402
2020-07-19 00:00:00+07:00,5456.85869140625,5296.314775750576,0.9970121593719635,1.0334000163614776
2020-07-26 00:00:00+07:00,5455.973828125,5303.313185080505,1.0009771130705472,1.0277816411304561
2020-08-02 00:00:00+07:00,5456.858642578125,5309.004154694387,1.000531491026718,1.0273037565816086
2020-08-09 00:00:00+07:00,5485.18369140625,5314.041780520708,1.0024961517279551,1.0296354749320697
2020-08-16 00:00:00+07:00,5533.86572265625,5319.29110091772,0.9973067591770324,1.0431484006057399
2020-08-23 00:00:00+07:00,5616.18310546875,5324.431148665992,0.9995975942818868,1.0552195798172175
2020-08-30 00:00:00+07:00,5685.2236328125,5331.064213757638,0.9987949464495404,1.0677198152722231
2020-09-06 00:00:00+07:00,5684.338671875,5341.433229495317,1.0026614032647314,1.0613725317679588
2020-09-13 00:00:00+07:00,5413.48701171875,5357.003439409305,1.008767338539659,1.0017610959013803
2020-09-20 00:00:00+07:00,5141.75048828125,5381.224811338768,1.0109623966777883,0.9451372063601575
2020-09-27 00:00:00+07:00,4888.6021484375,5410.339085701185,1.0083279013264599,0.8961040184252195
2020-10-04 00:00:00+07:00,4870.89912109375,5432.34307423127,1.0112499750088417,0.8866728728653325
2020-10-11 00:00:00+07:00,5050.5814453125,5446.007173117615,1.0061809619924444,0.9216946659024637
2020-10-18 00:00:00+07:00,5161.22353515625,5459.841937099359,1.0066283373995177,0.9390818503039187
2020-10-25 00:00:00+07:00,5143.52119140625,5478.481850335537,1.01279286208039,0.9269998724360067
2020-11-01 00:00:00+07:00,5135.997314453125,5501.983629745092,1.014966239348846,0.9197163295922469
2020-11-08 00:00:00+07:00,5307.27109375,5525.495317742762,1.009668788335947,0.9513079483551192
2020-11-15 00:00:00+07:00,5685.2234375,5548.776807423127,1.0088798114677757,1.0155723073730767
2020-11-22 00:00:00+07:00,5809.1427734375,5576.53811332507,1.0140454828808017,1.027282620597746
2020-11-29 00:00:00+07:00,5742.7572265625,5602.86380803035,1.0125377657816381,1.0122765131721918
2020-12-06 00:00:00+07:00,5647.16318359375,5622.251374230019,1.0153377383521816,0.9892579516346703
2020-12-13 00:00:00+07:00,5833.1121826171875,5637.645675424429,1.009795287894764,1.0246350598363647
2020-12-20 00:00:00+07:00,6089.53310546875,5652.296823824369,1.0148239317599488,1.06161815110998
2020-12-27 00:00:00+07:00,5998.680338541667,5665.648793851412,1.0173984807084868,1.040674672857004
2021-01-03 00:00:00+07:00,6011.997395833333,5674.798858642579,1.0036381186605239,1.0555800251117684
2021-01-10 00:00:00+07:00,6194.29560546875,5678.567780480018,1.0014333666350494,1.0892587455404796
2021-01-17 00:00:00+07:00,6321.25322265625,5679.388652625451,1.004743359204678,1.1077619768833775
2021-01-24 00:00:00+07:00,6297.28251953125,5679.522012329102,1.0053659001929562,1.1028520121310013
2021-01-31 00:00:00+07:00,6091.308984375,5678.910923884465,0.9976635783649274,1.0751311759979756
2021-02-07 00:00:00+07:00,6075.32822265625,5678.761252065806,0.9992794749300457,1.0706047561088796
2021-02-14 00:00:00+07:00,6148.1290283203125,5680.48967566857,1.0032776105772796,1.078787928047919
2021-02-21 00:00:00+07:00,6072.66513671875,5684.57685147799,1.0062123806814889,1.0616748627545847
2021-02-28 00:00:00+07:00,5993.64931640625,5689.541551325873,1.011332521864057,1.0416458367304833
2021-03-07 00:00:00+07:00,6140.1390625,5693.928814697267,1.007725825993044,1.0700985734194628
2021-03-14 00:00:00+07:00,5947.2606201171875,5700.608651498648,1.0101280508254868,1.0328073299040872
2021-03-21 00:00:00+07:00,5924.3998046875,5712.150770451473,1.0110100742721553,1.0258626397269917
2021-03-28 00:00:00+07:00,5754.8267578125,5728.947608830379,1.0037461049887915,1.0007682775052864
2021-04-04 00:00:00+07:00,5592.134033203125,5749.77708974985,1.019337133767705,0.9541325643395845
2021-04-11 00:00:00+07:00,5518.2962890625,5773.7927616999705,1.0173201114793093,0.9394770881670673
2021-04-18 00:00:00+07:00,5568.11875,5802.045814396784,1.005975675571597,0.9539812860936151
2021-04-25 00:00:00+07:00,5631.13701171875,5832.698962167592,1.0008038517491118,0.9646673151949441
2021-05-02 00:00:00+07:00,5730.1658203125,5863.334982065054,0.9958348767243159,0.9813753621590895
2021-05-09 00:00:00+07:00,5768.87724609375,5891.422642164964,0.992694542115615,0.986405497948618
2021-05-16 00:00:00+07:00,5806.68798828125,5915.527734374999,0.9694457187515342,1.012538391004678
2021-05-23 00:00:00+07:00,5757.1734375,5935.802909029447,0.9646326889949312,1.0054671025774427
2021-05-30 00:00:00+07:00,5691.9046630859375,5954.052567232573,0.9646804531188442,0.990972205965891
2021-06-06 00:00:00+07:00,5856.2025146484375,5973.034752478967,0.9650851048269049,1.0159104611533019
2021-06-13 00:00:00+07:00,5866.10537109375,5990.67044137808,0.9640800894327847,1.0156903288690922
2021-06-20 00:00:00+07:00,5747.27060546875,6003.748584453877,0.9661182934031073,0.9908521207000954
2021-06-27 00:00:00+07:00,5621.23408203125,6014.93073808719,0.9714249729425775,0.9620370015161507
2021-07-04 00:00:00+07:00,5446.58349609375,6026.771573423728,0.9677760358637573,0.9338230093423471
2021-07-11 00:00:00+07:00,5449.2841796875,6037.817169189454,0.9874931661415601,0.9139562352510502
2021-07-18 00:00:00+07:00,5478.99306640625,6049.233031757062,0.9970121593719635,0.9084478072247201
2021-07-25 00:00:00+07:00,5447.7088623046875,6062.307686204178,1.0009771130705472,0.8977424625408684
2021-08-01 00:00:00+07:00,5401.57041015625,6078.114469557543,1.000531491026718,0.8882197062974656
2021-08-08 00:00:00+07:00,5524.9060546875,6095.653728543796,1.0024961517279551,0.904111295529932
2021-08-15 00:00:00+07:00,5673.8994140625,6112.994057758038,0.9973067591770324,0.930676818081123
2021-08-22 00:00:00+07:00,5901.2156982421875,6131.717088435246,0.9995975942818868,0.9627957800414761
2021-08-29 00:00:00+07:00,5916.51982421875,6153.488877986028,0.9987949464495404,0.9626503382000536
2021-09-05 00:00:00+07:00,5909.31787109375,6175.4804244603865,1.0026614032647314,0.9543601684609666
2021-09-12 00:00:00+07:00,5883.21083984375,6196.398063229293,1.008767338539659,0.9412047078154396
2021-09-19 00:00:00+07:00,5872.40703125,6220.171803322815,1.0109623966777883,0.9338535363101506
2021-09-26 00:00:00+07:00,5904.816796875,6246.707840357071,1.0083279013264599,0.9374615165168143
2021-10-03 00:00:00+07:00,6020.95048828125,6276.101306308843,1.0112499750088417,0.948673101494215
2021-10-10 00:00:00+07:00,6398.1599609375,6308.029662772937,1.0061809619924444,1.0080574209272852
2021-10-17 00:00:00+07:00,6751.9625,6338.8771849803425,1.0066283373995177,1.0581531573940486
2021-10-24 00:00:00+07:00,6740.7095947265625,6367.978315773988,1.01279286208039,1.0451615141565085
2021-10-31 00:00:00+07:00,6724.95498046875,6398.662897354517,1.014966239348846,1.0354963061633713
2021-11-07 00:00:00+07:00,6639.430078125,6431.175676238232,1.009668788335947,1.0224957164052233
2021-11-14 00:00:00+07:00,6859.99404296875,6457.330856714494,1.0088798114677757,1.0530070236219367
2021-11-21 00:00:00+07:00,6742.99033203125,6477.81141748673,1.0140454828808017,1.0265185493512758
2021-11-28 00:00:00+07:00,6706.87412109375,6498.89962408604,1.0125377657816381,1.0192227182304048
2021-12-05 00:00:00+07:00,6657.1935546875,6520.523751987555,1.0153377383521816,1.0055372748426465
2021-12-12 00:00:00+07:00,6657.19345703125,6540.792540251903,1.009795287894764,1.007923250305347
2021-12-19 00:00:00+07:00,6625.5787109375,6560.389140124198,1.0148239317599488,0.9951843009542282
2021-12-26 00:00:00+07:00,6625.5787109375,6583.2221244616385,1.0173984807084868,0.9892230425344327
2022-01-02 00:00:00+07:00,6616.5458984375,6607.667647298177,1.0036381186605239,0.9977138272933075
2022-01-09 00:00:00+07:00,6738.4890625,6630.371405185797,1.0014333666350494,1.0148517708258746
2022-01-16 00:00:00+07:00,6964.30947265625,6650.8234540890435,1.004743359204678,1.0421914297527346
2022-01-23 00:00:00+07:00,7013.99033203125,6672.348871240861,1.0053659001929562,1.0455920350876389
2022-01-30 00:00:00+07:00,7018.506640625,6696.911554581079,0.9976635783649274,1.0504757569011909
2022-02-06 00:00:00+07:00,6972.2135009765625,6724.171181233724,0.9992794749300457,1.0376358051901904
2022-02-13 00:00:00+07:00,7054.63798828125,6753.971093906501,1.0032776105772796,1.041104717938322
2022-02-20 00:00:00+07:00,7113.3513671875,6782.588759358724,1.0062123806814889,1.0422913148350965
2022-02-27 00:00:00+07:00,7217.22919921875,6809.534925411909,1.011332521864057,1.0479946668532587
2022-03-06 00:00:00+07:00,7203.680013020833,6838.3763307229065,1.007725825993044,1.0453435097166015
2022-03-13 00:00:00+07:00,7059.1541015625,6870.580400359325,1.0101280508254868,1.0171448512781929
2022-03-20 00:00:00+07:00,7284.97529296875,6906.137678566958,1.0110100742721553,1.0433676520162962
2022-03-27 00:00:00+07:00,7153.99912109375,6943.030451065455,1.0037461049887915,1.0265401482940801
2022-04-03 00:00:00+07:00,7249.88212890625,6977.392605512571,1.019337133767705,1.0193420485295421
2022-04-10 00:00:00+07:00,7181.097265625,7006.305593793822,1.0173201114793093,1.0074977918378254
2022-04-17 00:00:00+07:00,7113.4600830078125,7027.175488437752,1.005975675571597,1.0062655854428955
2022-04-24 00:00:00+07:00,7112.31328125,7044.487078309672,1.0008038517491118,1.008817327493807
2022-05-01 00:00:00+07:00,7440.18603515625,7065.938504419572,0.9958348767243159,1.057369086441063
2022-05-08 00:00:00+07:00,7440.18603515625,7091.803009189704,0.992694542115615,1.0568454868229094
2022-05-15 00:00:00+07:00,6855.51796875,7117.295014523237,0.9694457187515342,0.9935776382045808
2022-05-22 00:00:00+07:00,6838.32177734375,7141.394409805689,0.9646326889949312,0.9926691803404768
2022-05-29 00:00:00+07:00,6803.9298095703125,7167.583404697515,0.9646804531188442,0.9840192416021899
2022-06-05 00:00:00+07:00,6993.086669921875,7197.304201722756,0.9650851048269049,1.0067773560089408
2022-06-12 00:00:00+07:00,6837.1751953125,7225.15305050581,0.9640800894327847,0.9815593027657231
2022-06-19 00:00:00+07:00,6814.24716796875,7249.881864733575,0.9661182934031073,0.9728741117138271
2022-06-26 00:00:00+07:00,6928.887890625,7274.914667843551,0.9714249729425775,0.9804520682991462
2022-07-03 00:00:00+07:00,6681.2640625,7299.724472906651,0.9677760358637573,0.9457520791474102
2022-07-10 00:00:00+07:00,6575.79443359375,7321.722278458033,0.9874931661415601,0.9094961769648869
2022-07-17 00:00:00+07:00,6479.4958984375,7336.879287171975,0.9970121593719635,0.8857871803809167
2022-07-24 00:00:00+07:00,6685.8494140625,7348.324887006712,1.0009771130705472,0.9089585807652503
2022-07-31 00:00:00+07:00,6717.94892578125,7361.064215479142,1.000531491026718,0.9121480395166679
2022-08-07 00:00:00+07:00,7043.5287109375,7376.728337136293,1.0024961517279551,0.9524535065987119
2022-08-14 00:00:00+07:00,7254.46767578125,7395.807543632312,0.9973067591770324,0.9835380956141934
2022-08-21 00:00:00+07:00,7296.8846435546875,7415.831424341447,0.9995975942818868,0.9843565361750058
2022-08-28 00:00:00+07:00,7323.2521484375,7433.229572628706,0.9987949464495404,0.9863932810254743
2022-09-04 00:00:00+07:00,7502.09169921875,7448.165641276042,1.0026614032647314,1.0045666228458305
2022-09-11 00:00:00+07:00,7639.66025390625,7462.674019681491,1.008767338539659,1.0148189341098466
2022-09-18 00:00:00+07:00,7813.91455078125,7474.010418231671,1.0109623966777883,1.0341414763193961
2022-09-25 00:00:00+07:00,7800.1576171875,7485.2316074469145,1.0083279013264599,1.0334663753412616
2022-10-02 00:00:00+07:00,7699.27373046875,7501.04352307442,1.0112499750088417,1.0150082004698684
2022-10-09 00:00:00+07:00,7726.7875,7519.805371876253,1.0061809619924444,1.021212853714137
2022-10-16 00:00:00+07:00,7593.80400390625,7541.758076437927,1.0066283373995177,1.0002709007881243
2022-10-23 00:00:00+07:00,7699.2734375,7567.19401558118,1.01279286208039,1.0046024728798173
2022-10-30 00:00:00+07:00,7997.339453125,7591.685632167719,1.014966239348846,1.037900492097807
2022-11-06 00:00:00+07:00,8056.9541015625,7612.290945982321,1.009668788335947,1.0482782607235217
2022-11-13 00:00:00+07:00,8093.63857421875,7636.365945982322,1.0088798114677757,1.0505522156885563
2022-11-20 00:00:00+07:00,8015.68291015625,7664.591426986303,1.0140454828808017,1.031321531547152
2022-11-27 00:00:00+07:00,8157.83701171875,7694.893180103792,1.0125377657816381,1.0470349971352784
2022-12-04 00:00:00+07:00,8297.1935546875,7726.754399852264,1.0153377383521816,1.0576052176844513
2022-12-11 00:00:00+07:00,7913.47373046875,7758.882896540716,1.009795287894764,1.0100308247513266
2022-12-18 00:00:00+07:00,7941.0951171875,7792.234360445462,1.0148239317599488,1.0042172834966103
2022-12-25 00:00:00+07:00,7913.473828125,7823.981580059345,1.0173984807084868,0.9941416434881055
2023-01-01 00:00:00+07:00,7908.8705078125,7857.165505277193,1.0036381186605239,1.0029318327019618
2023-01-08 00:00:00+07:00,7733.93623046875,7893.744558011568,1.0014333666350494,0.9783527291135572
2023-01-15 00:00:00+07:00,7545.1912109375,7932.286267559345,1.004743359204678,0.9467094815684796
2023-01-22 00:00:00+07:00,7623.4509765625,7970.684025691106,1.0053659001929562,0.9513314797910782
2023-01-29 00:00:00+07:00,7733.9361572265625,8007.4662085899945,0.9976635783649274,0.9681025193794047
2023-02-05 00:00:00+07:00,7885.85263671875,8040.933335054838,0.9992794749300457,0.9814207330609939
2023-02-12 00:00:00+07:00,8125.236328125,8070.550964824969,1.0032776105772796,1.0034868753026633
2023-02-19 00:00:00+07:00,8125.23662109375,8098.906365732048,1.0062123806814889,0.9970569901767081
2023-02-26 00:00:00+07:00,8014.7513671875,8125.832833158054,1.011332521864057,0.9752774827868143
2023-03-05 00:00:00+07:00,7959.508984375,8149.973462853066,1.007725825993044,0.9691426219855107
2023-03-12 00:00:00+07:00,7812.196484375,8170.439611816407,1.0101280508254868,0.9465668738632279
2023-03-19 00:00:00+07:00,7710.918359375,8186.733585298979,1.0110100742721553,0.9316224899210422
2023-03-26 00:00:00+07:00,7895.059733072917,8200.626477989785,1.0037461049887915,0.959145549647598
2023-04-02 00:00:00+07:00,8153.2607421875,8214.109173583985,1.019337133767705,0.9737624312742942
2023-04-09 00:00:00+07:00,8228.950927734375,8228.568247633715,1.0173201114793093,0.9830204819464541
2023-04-16 00:00:00+07:00,8348.6876953125,8244.876720252405,1.005975675571597,1.0065759959384823
2023-04-23 00:00:00+07:00,8522.42333984375,8259.73406982422,1.0008038517491118,1.030974848042858
2023-04-30 00:00:00+07:00,8577.2041015625,8268.724688251203,0.9958348767243159,1.0416453516830853
2023-05-07 00:00:00+07:00,8446.12060546875,8273.057030311,0.992694542115615,1.0284321064158515
2023-05-14 00:00:00+07:00,8353.3833984375,8278.133956204929,0.9694457187515342,1.0408939108131432
2023-05-21 00:00:00+07:00,8275.906372070312,8285.504002028245,0.9646326889949312,1.0354631844297328
2023-05-28 00:00:00+07:00,8517.7275390625,8291.39891075721,0.9646804531188442,1.0649088961251345
2023-06-04 00:00:00+07:00,8592.855794270834,8293.819442044773,0.9650851048269049,1.0735377837938815
2023-06-11 00:00:00+07:00,8578.7697265625,8298.654435847357,0.9640800894327847,1.072270150224582
2023-06-18 00:00:00+07:00,8541.2048828125,8306.979991736778,0.9661182934031073,1.0642549276799085
2023-06-25 00:00:00+07:00,8503.641015625,8319.297660945012,0.9714249729425775,1.0522259075128706
2023-07-02 00:00:00+07:00,8557.63916015625,8336.56753086188,0.9677760358637573,1.0606982045668019
2023-07-09 00:00:00+07:00,8503.6408203125,8357.162837884365,0.9874931661415601,1.0304144605064167
2023-07-16 00:00:00+07:00,8559.9873046875,8383.190630008014,0.9970121593719635,1.0241494208006132
2023-07-23 00:00:00+07:00,8598.724853515625,8412.446955128205,1.0009771130705472,1.0211453545573694
2023-07-30 00:00:00+07:00,8630.4205078125,8439.11722232134,1.000531491026718,1.0221253865973228
2023-08-06 00:00:00+07:00,8611.63828125,8462.674652412612,1.0024961517279551,1.0150686634974186
2023-08-13 00:00:00+07:00,8766.5916015625,8483.497851092998,0.9973067591770324,1.0361605624039651
2023-08-20 00:00:00+07:00,8733.722412109375,8503.845219695262,0.9995975942818868,1.0274455967915288
2023-08-27 00:00:00+07:00,8686.7669921875,8527.810500081381,0.9987949464495404,1.0198687742010593
2023-09-03 00:00:00+07:00,8649.20234375,8553.76625804412,1.0026614032647314,1.008473246571696
2023-09-10 00:00:00+07:00,8621.0291015625,8582.032579783905,1.008767338539659,0.9958133400286372
2023-09-17 00:00:00+07:00,8527.1189453125,8615.259876583785,1.0109623966777883,0.9790366202705839
2023-09-24 00:00:00+07:00,8531.8140625,8649.323552527796,1.0083279013264599,0.9782671134159538
2023-10-01 00:00:00+07:00,8369.817626953125,8680.42628533779,1.0112499750088417,0.9534906042128358
2023-10-08 00:00:00+07:00,8559.9873046875,8707.235198818109,1.0061809619924444,0.9770499100531242
2023-10-15 00:00:00+07:00,8456.6853515625,8729.577630928234,1.0066283373995177,0.9623604989510298
2023-10-22 00:00:00+07:00,8381.5564453125,8746.290393379404,1.01279286208039,0.9461939124117699
2023-10-29 00:00:00+07:00,8250.08076171875,8759.831265806542,1.014966239348846,0.9279206990233553
2023-11-05 00:00:00+07:00,8254.7763671875,8776.542358241937,1.009668788335947,0.9315430450487313
2023-11-12 00:00:00+07:00,8423.8166015625,8794.848647367038,1.0088798114677757,0.9493822365328406
2023-11-19 00:00:00+07:00,8451.9896484375,8813.26007072253,1.0140454828808017,0.9457251439556007
2023-11-26 00:00:00+07:00,8334.60078125,8828.23485107422,1.0125377657816381,0.9323944805330946
2023-12-03 00:00:00+07:00,8372.1650390625,8836.588443697416,1.0153377383521816,0.9331310135453267
2023-12-10 00:00:00+07:00,8341.3416015625,8843.890990897937,1.009795287894764,0.9340264750501418
2023-12-17 00:00:00+07:00,8379.08505859375,8852.571976099258,1.0148239317599488,0.9326880927273822
2023-12-24 00:00:00+07:00,8756.521484375,8861.82065147987,1.0173984807084868,0.9712199090244517
2023-12-31 00:00:00+07:00,8861.889322916666,8874.43849283854,1.0036381186605239,0.9949661147675377
2024-01-07 00:00:00+07:00,8922.829345703125,8892.176940291967,1.0014333666350494,1.0020108715477152
2024-01-14 00:00:00+07:00,9063.1884765625,8913.605634327423,1.004743359204678,1.011981216385735
2024-01-21 00:00:00+07:00,9148.1115234375,8935.001857190253,1.0053659001929562,1.0183865443084252
2024-01-28 00:00:00+07:00,8982.9833984375,8956.834686122796,0.9976635783649274,1.0052681446593823
2024-02-04 00:00:00+07:00,9086.778125,8980.863860927484,0.9992794749300457,1.012522875095156
2024-02-11 00:00:00+07:00,9089.923502604166,9002.423440630007,1.0032776105772796,1.0064209559265238
2024-02-18 00:00:00+07:00,9276.67578125,9022.762723326074,1.0062123806814889,1.0217936161139882
2024-02-25 00:00:00+07:00,9355.7013671875,9046.700578738482,1.011332521864057,1.0225679128579666
2024-03-03 00:00:00+07:00,9317.9578125,9071.775999411559,1.007725825993044,1.0192624688202658
2024-03-10 00:00:00+07:00,9393.4451171875,9096.416076034155,1.0101280508254868,1.0222995126981473
2024-03-17 00:00:00+07:00,9585.30859375,9123.204646496895,1.0110100742721553,1.0392097180219486
2024-03-24 00:00:00+07:00,9563.291796875,9154.935165014023,1.0037461049887915,1.040706486035533
2024-03-31 00:00:00+07:00,9719.712890625,9191.891024858525,1.019337133767705,1.0373629290402322
2024-04-07 00:00:00+07:00,9450.62578125,9226.34829226763,1.0173201114793093,1.0068692818949185
2024-04-14 00:00:00+07:00,9450.62578125,9256.350286708735,1.005975675571597,1.0149234937705192
2024-04-21 00:00:00+07:00,9158.612548828125,9289.506681315106,1.0008038517491118,0.9851175750651298
2024-04-28 00:00:00+07:00,9349.265625,9327.016588729468,0.9958348767243159,1.0065779610605794
2024-05-05 00:00:00+07:00,9412.0126953125,9363.981942357772,0.992694542115615,1.012526276654653
2024-05-12 00:00:00+07:00,9291.345377604166,9396.120856495392,0.9694457187515342,1.0200148926583326
2024-05-19 00:00:00+07:00,9252.732421875,9423.578873697918,0.9646326889949312,1.0178696337690532
2024-05-26 00:00:00+07:00,9098.278645833334,9448.596363556691,0.9646804531188442,0.9981790673733174
2024-06-02 00:00:00+07:00,8881.0783203125,9474.092202837042,0.9650851048269049,0.9713203334294372
2024-06-09 00:00:00+07:00,9050.012109375,9501.246887520032,0.9640800894327847,0.9879965846718012
2024-06-16 00:00:00+07:00,8972.7849609375,9530.445571977665,0.9661182934031073,0.9745042751664978
2024-06-23 00:00:00+07:00,9033.923177083334,9553.133486077726,0.9714249729425775,0.9734671102888135
2024-06-30 00:00:00+07:00,9339.6125,9566.561512795473,0.9677760358637573,1.008783860872769
2024-07-07 00:00:00+07:00,9566.466015625,9578.234953581983,0.9874931661415601,1.0114209570969164
2024-07-14 00:00:00+07:00,9725.7462890625,9587.179918807593,0.9970121593719635,1.0174934063373093
2024-07-21 00:00:00+07:00,9658.173046875,9593.227986340646,1.0009771130705472,1.0057871183329168
2024-07-28 00:00:00+07:00,9841.5865234375,9598.741282614685,1.000531491026718,1.024755048344574
2024-08-04 00:00:00+07:00,9899.5064453125,9600.833133951823,1.0024961517279551,1.0285417073098544
2024-08-11 00:00:00+07:00,9720.9197265625,9598.538508175581,0.9973067591770324,1.0154849300922923
2024-08-18 00:00:00+07:00,9894.6796875,9592.27241868239,0.9995975942818868,1.0319413934491783
2024-08-25 00:00:00+07:00,10015.3466796875,9582.751146521934,0.9987949464495404,1.0464041189023234
2024-09-01 00:00:00+07:00,9928.46640625,9569.334794734075,1.0026614032647314,1.0347754680005623
2024-09-08 00:00:00+07:00,9904.3330078125,9553.643208195612,1.008767338539659,1.0276972716492414
2024-09-15 00:00:00+07:00,10029.8263671875,9537.666390286959,1.0109623966777883,1.04019864836444
2024-09-22 00:00:00+07:00,10329.08056640625,9514.819633601262,1.0083279013264599,1.0766122578294817
2024-09-29 00:00:00+07:00,10415.960546875,9486.67202242338,1.0112499750088417,1.085742695160179
2024-10-06 00:00:00+07:00,10097.4001953125,9461.115881347658,1.0061809619924444,1.060696440949293
2024-10-13 00:00:00+07:00,10039.4798828125,9436.163943246695,1.0066283373995177,1.0569308737672773
2024-10-20 00:00:00+07:00,10247.026953125,9416.24338238056,1.01279286208039,1.0744830563563514
2024-10-27 00:00:00+07:00,10285.640625,9401.816669170672,1.014966239348846,1.0778739379597846
2024-11-03 00:00:00+07:00,10063.61328125,9388.198608398438,1.009668788335947,1.0616778087668584
2024-11-10 00:00:00+07:00,9957.4267578125,9379.84901154347,1.0088798114677757,1.0522328148645264
2024-11-17 00:00:00+07:00,9774.01328125,9377.4380070613,1.0140454828808017,1.0278536637596358
2024-11-24 00:00:00+07:00,9614.39609375,9382.556490384615,1.0125377657816381,1.0120211568572712
2024-12-01 00:00:00+07:00,9743.93701171875,9393.251775966546,1.0153377383521816,1.0216637307380019
2024-12-08 00:00:00+07:00,9793.6568359375,9398.762124399038,1.009795287894764,1.0319077749481451
2024-12-15 00:00:00+07:00,9963.4330078125,9399.544524363982,1.0148239317599488,1.0445073378946628
2024-12-22 00:00:00+07:00,9531.7166015625,,1.0173984807084868,
2024-12-29 00:00:00+07:00,9483.208984375,,1.0036381186605239,
2025-01-05 00:00:00+07:00,9515.547526041666,,1.0014333666350494,
2025-01-12 00:00:00+07:00,9400.7466796875,,1.004743359204678,
2025-01-19 00:00:00+07:00,9439.55234375,,1.0053659001929562,
2025-01-26 00:00:00+07:00,9264.925390625,,0.9976635783649274,
2025-02-02 00:00:00+07:00,9022.388671875,,0.9992794749300457,
2025-02-09 00:00:00+07:00,8915.671875,,1.0032776105772796,
2025-02-16 00:00:00+07:00,8799.2541015625,,1.0062123806814889,
2025-02-23 00:00:00+07:00,8842.9107421875,,1.011332521864057,
2025-03-02 00:00:00+07:00,8435.4478515625,,1.007725825993044,
2025-03-09 00:00:00+07:00,8644.030078125,,1.0101280508254868,
2025-03-16 00:00:00+07:00,8673.1345703125,,1.0110100742721553,
2025-03-23 00:00:00+07:00,8099.403125,,1.0037461049887915,
2025-03-30 00:00:00+07:00,8256.25,,1.019337133767705,
2025-04-06 00:00:00+07:00,8256.25,,1.0173201114793093,
2025-04-13 00:00:00+07:00,8050.0,,1.005975675571597,
2025-04-20 00:00:00+07:00,8487.5,,1.0008038517491118,
2025-04-27 00:00:00+07:00,8520.0,,0.9958348767243159,
2025-05-04 00:00:00+07:00,8825.0,,0.992694542115615,
2025-05-11 00:00:00+07:00,9010.0,,0.9694457187515342,
2025-05-18 00:00:00+07:00,9283.333333333334,,0.9646326889949312,
2025-05-25 00:00:00+07:00,9600.0,,0.9646804531188442,
2025-06-01 00:00:00+07:00,9491.666666666666,,0.9650851048269049,
2025-06-08 00:00:00+07:00,9012.5,,0.9640800894327847,
2025-06-15 00:00:00+07:00,9091.666666666666,,0.9661182934031073,
