Date,Open,High,Low,Close,Volume,Dividends,Stock Splits,MA5,MA10,MA20,MA50,MA200,EMA5,EMA10,EMA20,EMA50,EMA200,BB_Upper,BB_Middle,BB_Lower,RSI,MACD,MACD_Signal,MACD_Hist,%K,%D,ATR,OBV,Return,Volatility_21,Close_lag_1,Volume_lag_1,Close_change_1,Close_lag_2,Volume_lag_2,Close_change_2,Close_lag_3,Volume_lag_3,Close_change_3,Close_lag_5,Volume_lag_5,Close_change_5,Close_lag_10,Volume_lag_10,Close_change_10,Close_rolling_mean_5,Volume_rolling_mean_5,Close_rolling_std_5,Close_rolling_min_5,Close_rolling_max_5,Close_rolling_mean_10,Volume_rolling_mean_10,Close_rolling_std_10,Close_rolling_min_10,Close_rolling_max_10,Close_rolling_mean_20,Volume_rolling_mean_20,Close_rolling_std_20,Close_rolling_min_20,Close_rolling_max_20,golden_cross,death_cross,macd_cross_above,macd_cross_below,roc_5,roc_10,roc_20,atr_ratio,bb_width,bb_position,day_of_week,day_of_month,month,quarter,year,is_month_end,is_month_start,next_day_return,next_day_direction,target_close_1d,target_return_1d,target_direction_1d,target_close_3d,target_return_3d,target_direction_3d,target_close_5d,target_return_5d,target_direction_5d,target_close_10d,target_return_10d,target_direction_10d
2005-03-28 00:00:00+07:00,234.1087484920726,234.1087484920726,221.1027069091797,221.1027069091797,1046370000,0.0,0.0,238.98593444824212,237.1976058959961,226.79277267456047,207.8039517211914,158.42204036712647,233.80566646934145,233.8564421604594,227.94076454941376,212.56360025846053,168.8402741103461,253.53266347294044,226.79277267456047,200.05288187618063,51.923102261682246,8.499697901408837,9.429707170044251,-0.9300092686354162,20.000124235790818,51.38099468548801,9.754527040043737,13606550000,-0.0555552513904797,0.0305234455255348,234.10867309570312,1949960000.0,-0.0555552513904797,245.4889068603516,0.0,-0.0993372786699653,245.4889068603516,780220000.0,-0.0993372786699653,240.6117401123047,272000000.0,-0.0810809696734632,216.22537231445312,420230000.0,0.0225567172923328,238.98593444824215,828178000.0,11.43815911611988,221.1027069091797,248.740478515625,237.1976058959961,688200000.0,10.686900851629629,217.8511657714844,248.740478515625,226.79277267456052,556347500.0,13.369945399189923,208.0965576171875,248.740478515625,0,0,0,1,-8.108096967346324,2.2556717292332884,1.4925516355078772,0.0441176283022645,0.235809020570075,0.3936034217887382,0,28,3,1,2005,0,0,-0.007353597300021,0,219.476806640625,-0.007353597300021,0,221.1027069091797,0.0,0,224.3541412353516,0.0147055383067176,1,221.1027069091797,0.0,0
2006-01-04 00:00:00+07:00,236.20343889508928,248.0136108398437,236.20343889508928,248.0136108398437,830650000,0.0,0.0,234.178857421875,230.97320556640625,231.14194030761715,223.17850463867188,225.9959041595459,236.52524040062912,233.1181366689095,230.50334763859104,227.21210802509395,218.0537112317968,241.23532096088127,231.14194030761715,221.04855965435297,78.94714795848887,3.006395538989153,1.980405451691381,1.0259900872977723,100.0,80.95256956242302,3.976911362365925,9616560000,0.0575539821115629,0.0180820665975482,234.51626586914065,171000000.0,0.0575539821115629,229.45480346679688,15680000.0,0.0808821915804101,229.45480346679688,0.0,0.0808821915804101,227.7675170898437,28800000.0,0.0888892938232885,226.0804138183593,175910000.0,0.0970150251012291,234.178857421875,220220000.0,8.038412528412907,229.45480346679688,248.0136108398437,230.9732055664062,127674000.0,6.38504846281352,226.0804138183593,248.0136108398437,231.1419403076172,171151500.0,5.046690326632215,226.0804138183593,248.0136108398437,0,0,1,0,8.888929382328858,9.701502510122918,4.999976743933621,0.0160350528702799,0.0873349132557362,1.3357789680096113,2,4,1,1,2006,0,0,-0.0204080640735531,0,242.9521331787109,-0.0204080640735531,0,246.3264617919922,-0.0068026470085184,0,244.6392822265625,-0.0136054170650343,0,236.2034912109375,-0.0476188366796234,0
2006-03-17 00:00:00+07:00,258.13660293484327,273.32110898983404,258.13660293484327,271.6339416503906,510420000,0.0,0.0,255.4371551513672,252.23153991699212,247.3387596130371,245.82030700683595,233.0928935241699,258.46516915405994,254.07815040998105,250.26340390552284,244.9373865180144,229.4266493237614,265.40758470014663,247.3387596130371,229.2699345259276,71.1111115577299,4.0883023774695175,2.284285569212535,1.8040168082569823,94.99999469602916,76.11112826056676,7.230725297377047,9876230000,0.0592102875322029,0.0226530152400729,256.4494934082031,359460000.0,0.0592102875322029,248.0136108398437,117390000.0,0.0952380425032395,249.70079040527344,80700000.0,0.0878377325499006,258.1366271972656,249050000.0,0.0522874827941812,254.7622833251953,60190000.0,0.0662251024954867,255.4371551513672,239666000.0,9.588688127913086,248.0136108398437,271.6339416503906,252.23153991699215,181345000.0,8.236643109916095,242.9521331787109,271.6339416503906,247.3387596130371,154409000.0,9.034412543554833,234.51626586914065,271.6339416503906,0,0,0,0,5.228748279418127,6.622510249548674,11.03447458565878,0.0266193733133815,0.1461058923023492,1.1722955676483344,4,17,3,1,2006,0,0,0.0372670137551243,1,281.7569274902344,0.0372670137551243,1,266.5724792480469,-0.0186333945293852,0,264.88525390625,-0.0248447881849264,0,281.7569274902344,0.0372670137551243,1
2006-04-19 00:00:00+07:00,323.93609619140625,325.6232633590698,308.7515916824341,323.93609619140625,217470000,0.0,0.0,301.3280395507812,300.65320739746096,289.5179077148438,265.5601519775391,239.4589672088623,306.18372377554874,299.78423170690604,290.58489527308694,272.5356776200902,241.56102382419752,319.9440904572351,289.5179077148438,259.0917249724524,75.51024099609998,11.863168731476378,10.769872146330895,1.093296585145481,96.6666659923508,72.49995679598881,9.158914089568368,11759150000,0.0607734773502532,0.026099338727803,305.37725830078125,317180000.0,0.0607734773502532,293.56707763671875,54320000.0,0.1034483117084006,291.8798828125,0.0,0.1098267310169462,286.8185119628906,365920000.0,0.1294113966859922,296.9414978027344,270320000.0,0.090908810619003,301.3280395507812,185694000.0,13.840956062398114,291.8798828125,323.93609619140625,300.65320739746096,194421000.0,10.957209332035433,286.8185119628906,323.93609619140625,289.5179077148438,162888000.0,15.213091371195729,264.88525390625,323.93609619140625,0,0,1,0,12.941139668599222,9.0908810619003,21.51895691002006,0.02827382992279,0.210185152155487,1.0656014881651463,2,19,4,2,2006,0,0,0.0052086071271848,1,325.62335205078125,0.0052086071271848,1,310.4387512207031,-0.0416666902188259,0,308.751708984375,-0.0468746378855512,0,298.628662109375,-0.0781247733104669,0
2006-06-16 00:00:00+07:00,288.0806579589844,288.0806579589844,270.8303191590452,288.0806579589844,610130000,0.0,0.0,271.1753784179688,273.37583923339844,274.6138656616211,290.16999755859376,251.17793174743653,274.97222672763195,274.1401569770936,276.9746842477944,280.5432808154218,257.0682258483689,286.2965638348902,274.6138656616211,262.931167488352,58.5211994442332,-4.188635108766903,-5.119760471655134,0.9311253628882312,100.0,61.012758572253176,10.0118138167789,13092120000,0.0774191184678274,0.0267484552840551,267.3803100585937,136380000.0,0.0774191184678274,267.3803100585937,368740000.0,0.0774191184678274,263.9302673339844,498550000.0,0.0915029218473053,274.2803955078125,479390000.0,0.0503144325193989,275.0083312988281,171970000.0,0.0475342932281992,271.1753784179688,380964000.0,9.635484290908424,263.9302673339844,288.0806579589844,273.37583923339844,312302000.0,7.63861886809374,263.9302673339844,288.0806579589844,274.61386566162105,245972000.0,5.8413490866346605,263.9302673339844,288.0806579589844,0,0,1,0,5.031443251939893,4.753429322819924,2.2443921876487583,0.0347535092696307,0.0850845469519336,1.0763562533942848,4,16,6,2,2006,0,0,-0.0179638885331266,0,282.9056091308594,-0.0179638885331266,0,279.4554748535156,-0.0299401673356937,0,281.1805114746094,-0.0239521338685549,0,282.9056091308594,-0.0179638885331266,0
2006-11-28 00:00:00+07:00,359.5874938964844,373.5520567662508,359.5874938964844,359.5874938964844,206470000,0.0,0.0,368.6644104003906,360.6347961425781,349.55042724609376,336.94514038085936,298.5506615447998,366.8710527799352,361.58255295826655,352.90205661151265,337.9901091248476,300.56880625465806,379.7075512476303,349.55042724609376,319.3933032445573,61.40361423980301,10.4370658773189,8.501117249502904,1.9359486278159963,46.66672736676462,73.33333436698149,11.221515951580406,19902420000,-0.0550456294981308,0.0237065015975432,380.53424072265625,140070000.0,-0.0550456294981308,380.53424072265625,315160000.0,-0.0550456294981308,363.0785827636719,104390000.0,-0.0096152431812808,359.5874938964844,146570000.0,0.0,347.368408203125,221250000.0,0.0351761570851147,368.6644104003906,200662000.0,10.928952838491275,359.5874938964844,380.53424072265625,360.6347961425781,192343000.0,11.64292673609705,349.1140441894531,380.53424072265625,349.55042724609376,216491500.0,15.078562000768285,328.16717529296875,380.53424072265625,0,0,0,0,0.0,3.517615708511479,10.752698683192063,0.0312066357758559,0.1725480597413489,0.6664128623452156,1,28,11,4,2006,0,0,0.0194171024724427,1,366.5696411132813,0.0194171024724427,1,377.0431518554688,0.0485435624299255,1,373.552001953125,0.0388347990229622,1,356.0962829589844,-0.0097089331435564,0
2007-01-10 00:00:00+07:00,356.09633714325577,356.09633714325577,335.14949378188777,342.1317749023437,424290000,0.0,0.0,359.5874328613281,360.98389587402346,359.76200408935546,356.340693359375,313.57698684692383,356.43754041853464,358.9663519603881,359.7500561361959,353.90091379371967,315.9971813110736,371.41807755475327,359.76200408935546,348.10593062395765,44.44442286053398,0.0708656161078238,1.489097601401016,-1.4182319852931922,22.222210547223792,69.3119168859915,7.979758814864449,19181820000,-0.0576922155580916,0.0175472307545952,363.0785827636719,171920000.0,-0.0576922155580916,366.5696411132813,136480000.0,-0.0666663669602294,363.0785827636719,70200000.0,-0.0576922155580916,359.5874938964844,117480000.0,-0.0485437321665188,356.0962829589844,121210000.0,-0.0392155400797854,359.5874328613281,187408000.0,9.874406435031908,342.1317749023437,366.5696411132813,360.98389587402346,127427000.0,7.020937003635858,342.1317749023437,366.5696411132813,359.76200408935546,133835000.0,5.828036732699009,342.1317749023437,366.5696411132813,0,0,0,0,-4.854373216651887,-3.921554007978545,-3.921554007978545,0.0233236413576089,0.0647988021686845,-0.2562679335948258,2,10,1,1,2007,0,0,-0.0153065202006532,0,336.8949279785156,-0.0153065202006532,0,349.1140441894531,0.0204081286782042,1,352.6051330566406,0.0306120592198324,1,370.0609436035156,0.081632782307764,1
2007-08-07 00:00:00+07:00,417.35150146484375,428.0528220152244,417.35150146484375,417.35150146484375,199240000,0.0,0.0,435.18702392578126,439.8242523193359,433.0467422485352,405.1325659179688,371.2268376159668,435.0946281768249,436.23456405174784,430.7834066438928,412.4472352956488,371.01103386496544,462.3614716869601,433.0467422485352,403.73201281011023,48.88887536939892,9.037545529589408,11.577692681217924,-2.5401471516285152,6.666506068914531,45.55543545481004,20.383480006334093,22945310000,-0.0859374676253031,0.0294213737053994,456.5896606445313,366600000.0,-0.0859374676253031,438.7540588378906,305560000.0,-0.0487803062830574,435.1871337890625,411970000.0,-0.040983822680897,449.4552917480469,218630000.0,-0.0714282173836318,449.4552917480469,300160000.0,-0.0714282173836318,435.18702392578126,329518000.0,14.489652428534164,417.35150146484375,456.5896606445313,439.8242523193359,307218000.0,12.247623828952358,417.35150146484375,456.5896606445313,433.0467422485352,234129000.0,14.657364719212516,410.2173767089844,456.5896606445313,0,0,0,0,-7.142821738363181,-7.142821738363181,-0.8474651231212826,0.0488400782908196,0.1353882922024179,0.2322977035033021,1,7,8,3,2007,0,0,0.0512818506652712,1,438.7540588378906,0.0512818506652712,1,428.0527648925781,0.0256408887716337,1,424.4855651855469,0.0170936577337414,1,410.2173767089844,-0.0170938039777492,0
2007-08-15 00:00:00+07:00,395.9488525390625,420.9185999964809,395.9488525390625,395.9488525390625,293230000,0.0,0.0,423.772216796875,430.54974975585935,435.9004043579101,411.59827209472655,374.1437135314941,418.8797746266509,426.1589009335368,427.7646666616096,415.2143413587779,374.21671248579577,464.1162785328764,435.9004043579101,407.6845301829439,37.2548506486851,1.5308076010920215,6.844578958987574,-5.313771357895552,0.0,17.77755085476065,20.63825446148289,23126020030,-0.0672265796223499,0.0346586782868708,424.4855651855469,46050000.0,-0.0672265796223499,431.6198425292969,30.0,-0.0826444627318382,428.0527648925781,70780000.0,-0.0749998948414041,438.7540588378906,590770000.0,-0.0975608212313852,428.0527648925781,364220000.0,-0.0749998948414041,423.772216796875,107500006.0,16.424161904984945,395.9488525390625,438.7540588378906,430.54974975585935,241164003.0,16.045368196030363,395.9488525390625,456.5896606445313,435.9004043579101,256513501.5,14.107937087483164,395.9488525390625,456.5896606445313,0,0,0,0,-9.75608212313852,-7.499989484140412,-5.932212360456612,0.0521235364849221,0.1294601881203977,-0.2079623259429889,2,15,8,3,2007,0,0,-0.0180181791107632,0,388.8145751953125,-0.0180181791107632,0,395.9488525390625,0.0,0,420.9186401367188,0.0630631644403942,1,420.9186401367188,0.0630631644403942,1
2008-03-17 00:00:00+07:00,460.1291032037816,460.1291032037816,416.99199977842704,427.7762756347656,306787500,0.0,0.0,476.664990234375,493.9198486328125,505.78252868652345,503.7694934082031,462.84458358764647,469.0228923264088,485.1980821582293,496.0008160672134,501.98228788822536,465.8715095950048,551.853333607318,505.78252868652345,459.71172376572895,20.833347335058946,-9.961516649892133,-2.279763625785148,-7.681753024106984,9.677422987382757,12.3294599849772,20.54147181206693,26991647530,-0.0916029589483119,0.0282223488067961,470.913330078125,94057500.0,-0.0916029589483119,488.88720703125,169525000.0,-0.1250000624225336,506.8609313964844,84707500.0,-0.1560283124284754,499.6715698242188,104792500.0,-0.1438851007968004,514.0504150390625,239882500.0,-0.1678320586468954,476.664990234375,158242500.0,30.14028881447884,427.7762756347656,506.8609313964844,493.9198486328125,140972250.0,27.700135033613517,427.7762756347656,521.2400512695312,505.78252868652345,148470375.0,23.035402460397265,427.7762756347656,528.429443359375,0,0,0,0,-14.38851007968004,-16.783205864689542,-13.768147993715584,0.0480191936347708,0.1821763398606775,-0.3465909504497169,0,17,3,1,2008,0,0,0.0,0,427.7762756347656,0.0,0,452.9395446777344,0.0588234328928822,1,452.9395446777344,0.0588234328928822,1,442.1552734375,0.0336133596501997,1
2008-03-19 00:00:00+07:00,442.1552968025208,460.1290893554688,424.1815042495728,460.1290893554688,269415000,0.0,0.0,455.096435546875,480.2597595214844,498.9524932861328,500.60610534667967,463.4263996887207,456.8923765157304,472.0979965459724,486.70570255626944,497.54506549253904,465.4390857428113,559.1766252709963,498.9524932861328,438.7283613012694,35.84906687938391,-14.564803704793974,-6.62475337484591,-7.940050329948064,46.874966956477095,24.73315292602692,23.36592514435625,27261062530,0.0756302197280476,0.0325408572755278,427.7762756347656,135127500.0,0.0756302197280476,427.7762756347656,306787500.0,0.0756302197280476,470.913330078125,94057500.0,-0.0229006911332645,506.8609313964844,84707500.0,-0.0921985482531899,517.6453247070312,99600000.0,-0.1111112814244281,455.096435546875,194982500.0,26.972672604536285,427.7762756347656,488.88720703125,480.2597595214844,149422000.0,33.04225376707897,427.7762756347656,521.2400512695312,498.9524932861328,147212000.0,30.11206599243175,427.7762756347656,528.429443359375,0,0,0,0,-9.219854825318995,-11.111128142442816,-10.489501439172312,0.0507812387542946,0.2414022689343568,0.1776756870450056,2,19,3,1,2008,0,0,-0.0156250601060786,0,452.9395446777344,-0.0156250601060786,0,452.9395446777344,-0.0156250601060786,0,467.3187255859375,0.0156252590779244,1,463.7237548828125,0.0078122979192185,1
2008-04-04 00:00:00+07:00,438.56045035428775,463.7237548828125,413.3971458257631,463.7237548828125,210140000,0.0,0.0,450.78270263671874,452.9395751953125,466.5996673583985,489.53423583984375,467.27358657836913,451.7736677481038,454.7075357125839,465.04161484662495,482.77445188958745,464.2451042228996,522.0250425051435,466.5996673583985,411.17429221165344,43.13722356832814,-13.628467105003152,-13.741543796616693,0.1130766916135392,69.56513083435225,44.96963776561952,26.1903810532962,26925605030,0.0661156885631304,0.0376738885292567,434.9656982421875,175502500.0,0.0661156885631304,442.1552734375,99405000.0,0.0487803329306244,445.75006103515625,182272500.0,0.040322358691138,467.3187255859375,141785000.0,-0.0076927597939019,460.1290893554688,269415000.0,0.0078122979192185,450.78270263671874,175130000.0,14.06101465317846,434.9656982421875,467.3187255859375,452.9395751953125,159689000.0,10.717539280665816,434.9656982421875,467.3187255859375,466.5996673583985,154555500.0,27.71268757337252,427.7762756347656,521.2400512695312,0,0,1,0,-0.7692759793901938,0.7812297919218558,-10.41670179378833,0.0564784115058215,0.2375714301749486,0.4740559944973612,4,4,4,2,2008,0,0,-0.1007752397122793,0,416.9918823242188,-0.1007752397122793,0,395.4235229492188,-0.1472864635775534,0,416.9918823242188,-0.1007752397122793,0,467.3187255859375,0.0077523971227946,1
2008-04-07 00:00:00+07:00,452.9394583866514,452.9394583866514,413.3971247179755,416.9918823242188,366425000,0.0,0.0,440.717333984375,449.3448089599609,461.3872589111328,488.38390686035154,467.4733302307129,440.1797392734755,447.85014418742657,460.4654498444911,480.1947432791808,463.77492291047486,514.7457184956735,461.3872589111328,408.0287993265921,37.28812681354298,-15.786050726300571,-14.150445182553469,-1.6356055437471042,15.789277036516443,38.32797634738101,28.24452355092769,26559180030,-0.1007752397122793,0.0427279794208059,463.7237548828125,210140000.0,-0.1007752397122793,434.9656982421875,175502500.0,-0.0413223755128409,442.1552734375,99405000.0,-0.0569107565259834,467.3187255859375,208330000.0,-0.1076927597939018,452.9395446777344,54520000.0,-0.0793652547584298,440.717333984375,206749000.0,16.975495458043415,416.9918823242188,463.7237548828125,449.3448089599609,190879500.0,15.623358630158226,416.9918823242188,467.3187255859375,461.3872589111328,165591000.0,26.67922979227037,416.9918823242188,510.4556579589844,0,0,0,1,-10.76927597939018,-7.936525475842981,-20.00003044497556,0.0677339889532119,0.2312957653423975,0.0839893342819022,0,7,4,2,2008,0,0,-0.0258615528846258,0,406.2078247070313,-0.0258615528846258,0,416.9918823242188,0.0,0,409.8024597167969,-0.0172411572315261,0,456.5342102050781,0.0948275723269702,1
2008-04-22 00:00:00+07:00,452.9395523071289,452.9395523071289,424.18148549397785,431.3710021972656,105810000,0.0,0.0,449.3447998046875,431.0115295410157,437.8415832519533,471.9918029785157,470.0625204467773,443.1224077582957,439.5244828981281,442.8895766667595,462.67658817797206,460.1859167234719,482.38120038202754,437.8415832519533,393.3019661218789,47.61904697736424,-7.970595631073479,-12.996343433816891,5.025747802743412,50.00009894612597,74.25217247017423,25.163294751720382,26671070030,-0.0551179023287412,0.0395460612087392,456.5342102050781,155187500.0,-0.0551179023287412,467.3187255859375,207367500.0,-0.0769233532073845,452.9395446777344,205577500.0,-0.0476190315769728,424.1815490722656,81452500.0,0.0169490001173415,406.2078247070313,135675000.0,0.0619465602573823,449.3447998046875,158378000.0,14.379064560163464,431.3710021972656,467.3187255859375,431.0115295410157,157467750.0,22.76365155404032,395.4235229492188,467.3187255859375,437.8415832519531,169126625.0,22.26980856503717,395.4235229492188,467.3187255859375,0,0,0,0,1.6949000117341573,6.194656025738232,-4.761903157697289,0.0583333015514409,0.2034508316878814,0.4273615101383698,1,22,4,2,2008,0,0,-0.0083332596400537,0,427.7762756347656,-0.0083332596400537,0,424.1815490722656,-0.0166665192801074,0,420.5868225097656,-0.0249997789201611,0,456.5342102050781,0.0583331004625697,1
2008-07-08 00:00:00+07:00,379.4390461314808,405.2261657714844,375.7551718971946,405.2261657714844,216222500,0.0,0.0,387.5435424804688,373.5447662353516,370.2145477294922,402.0914434814453,465.2830110168457,388.0818034437749,379.916826865052,378.7004251304186,397.6772008198026,435.5510743814417,402.2935431252832,370.2145477294922,338.1355523337012,65.62503559575646,-3.129872293616131,-9.935896943884885,6.806024650268752,100.0,84.31377919476849,16.3143292503101,26374707530,0.0576922954377239,0.0263386600415613,383.1229248046875,23840000.0,0.0576922954377239,383.1229248046875,91017500.0,0.0576922954377239,386.80670166015625,132317500.0,0.0476192993354889,379.4389953613281,139017500.0,0.0679613079451675,342.60028076171875,191915000.0,0.1827957784229676,387.5435424804688,124981000.0,10.222346918930688,379.4389953613281,405.2261657714844,373.5447662353516,137960750.0,18.47665393339681,346.28399658203125,405.2261657714844,370.2145477294922,116632875.0,16.039497697895563,342.60028076171875,405.2261657714844,0,0,0,0,6.796130794516753,18.279577842296767,6.3461797365590655,0.0402598119972097,0.1732994858928689,1.0457093903661645,1,8,7,3,2008,0,0,0.0363633529242228,1,419.9615478515625,0.0363633529242228,1,412.5937805175781,0.0181814881871387,1,386.80670166015625,-0.0454547748076941,0,416.2777404785156,0.0272726088306534,1
2008-07-15 00:00:00+07:00,386.80670166015625,405.226068405878,386.80670166015625,386.80670166015625,42710000,0.0,0.0,408.1731384277344,397.8583404541016,378.149592590332,400.5625006103516,464.8930328369141,400.8914515024018,396.1577372310031,389.7994378290384,399.4882637876272,434.20970116170014,426.6269973036589,378.149592590332,329.6721878770051,63.1579314530475,4.274506685288657,-0.7588227275259385,5.033329412814595,57.1429212909126,79.78543859388016,17.893124226444343,26454445030,-0.0624999214119836,0.0309837399331562,412.5937805175781,25897500.0,-0.0624999214119836,412.5937805175781,33247500.0,-0.0624999214119836,408.9098815917969,74302500.0,-0.0540539148762992,405.2261657714844,216222500.0,-0.0454547748076941,379.4389953613281,139017500.0,0.0194173671891895,408.1731384277344,67932000.0,12.600775376438031,386.80670166015625,419.9615478515625,397.8583404541016,96456500.0,15.337152563641464,379.4389953613281,419.9615478515625,378.149592590332,113403000.0,24.238702356663477,342.60028076171875,419.9615478515625,0,0,0,0,-4.545477480769411,1.941736718918952,4.9999929585148095,0.0462585682968984,0.2563927380233613,0.5892901458011046,1,15,7,3,2008,0,0,0.0095237178539415,1,390.4905395507813,0.0095237178539415,1,394.1744689941406,0.0190476723964767,1,416.2777404785156,0.076190610689709,1,442.0647277832031,0.1428569512520905,1
2008-08-12 00:00:00+07:00,438.3808917999268,442.0647648402623,412.5937805175781,412.5937805175781,40422500,0.0,0.0,435.4337829589844,438.0124847412109,426.0399169921875,398.0272442626953,462.5080166625976,430.5898144038797,432.7816509912394,426.301422020299,415.96393057448455,433.26397572660807,468.349174631776,426.0399169921875,383.7306593525991,48.5713934062272,9.744036215682058,12.207108440295585,-2.4630722246135264,0.0,38.75002767093444,17.103699494950412,27343560030,-0.0588235908361414,0.0291369905648804,438.38092041015625,34925000.0,-0.0588235908361414,434.697021484375,29585000.0,-0.0508474635766312,445.7485961914063,94050000.0,-0.0743800787195106,442.0647277832031,60995000.0,-0.0666665884279238,438.38092041015625,35960000.0,-0.0588235908361414,435.4337829589844,55543000.0,13.635293287915466,412.5937805175781,445.7485961914063,438.0124847412109,59902000.0,10.192772448820598,412.5937805175781,445.7485961914063,426.0399169921875,77855750.0,21.154628819794244,386.80670166015625,449.43255615234375,0,0,0,0,-6.666658842792383,-5.8823590836141415,0.0,0.0414540894763238,0.1986164016662518,0.3410969936042085,1,12,8,3,2008,0,0,0.0714284816136956,1,442.0647277832031,0.0714284816136956,1,453.11627197265625,0.0982140142884477,1,438.38092041015625,0.0625000693423674,1,456.8003540039063,0.1071430922465026,1
2008-08-13 00:00:00+07:00,412.5937459309896,442.0647277832031,412.5937459309896,442.0647277832031,44947500,0.0,0.0,434.6970092773437,438.0124847412109,428.80281829833984,399.0319659423829,462.1500239562988,434.4147855303208,434.4694831352328,427.80268923581366,416.9874912493362,433.351545398813,467.3766708892764,428.80281829833984,390.2289657074033,55.00000517756457,9.826959541135295,11.731078660463528,-1.9041191193282323,61.53846727752577,40.51283485569176,18.15624421497844,27388507530,0.0714284816136956,0.0329999591038963,412.5937805175781,40422500.0,0.0714284816136956,438.38092041015625,34925000.0,0.0084032110010632,434.697021484375,29585000.0,0.0169490609198779,445.7485961914063,78732500.0,-0.0082644531910568,442.0647277832031,66225000.0,0.0,434.6970092773437,48786000.0,13.024445978065463,412.5937805175781,445.7485961914063,438.0124847412109,57774250.0,10.192772448820598,412.5937805175781,445.7485961914063,428.80281829833984,77967625.0,19.286926295468305,390.4905395507813,449.43255615234375,0,0,0,0,-0.8264453191056842,0.0,14.285695125209052,0.0410714609736576,0.179914174743594,0.67190283824514,2,13,8,3,2008,0,0,-0.0166665780727961,0,434.697021484375,-0.0166665780727961,0,438.38092041015625,-0.0083331854851208,0,434.697021484375,-0.0166665780727961,0,464.16796875,0.0500000103551276,1
2008-09-09 00:00:00+07:00,486.2711958451705,486.2711958451705,442.0647234956096,445.7485961914063,92522500,0.0,0.0,474.4828918457032,473.7461029052735,455.3267211914063,431.0131622314453,457.76827865600586,468.6621427623247,468.0540364720278,459.0817946719584,439.80300800373817,437.6107408441806,501.0830245171821,455.3267211914063,409.5704178656304,52.27270587783436,12.565931477733956,13.380705913220115,-0.8147744354861608,21.052572142753306,55.65297520068149,19.471923034359623,27914702530,-0.0763359126190396,0.0362589769287743,482.58734130859375,157897500.0,-0.0763359126190396,478.903564453125,138822500.0,-0.0692309907936881,478.903564453125,25277500.0,-0.0692309907936881,497.3228759765625,179015000.0,-0.1037038155220246,434.697021484375,17255000.0,0.0254236264819416,474.4828918457032,109631000.0,16.350804993363926,445.7485961914063,486.2713928222656,473.7461029052735,122407000.0,15.15921066433732,445.7485961914063,497.3228759765625,455.3267211914063,85342250.0,22.87815166288793,412.5937805175781,497.3228759765625,0,0,0,1,-10.370381552202469,2.542362648194163,1.6806561230714,0.0436836441005824,0.2009822889640654,0.395335458681992,1,9,9,3,2008,0,0,-0.0082644531910568,0,442.0647277832031,-0.0082644531910568,0,401.5421447753906,-0.0991735067563359,0,408.9098815917969,-0.0826446003742225,0,464.16796875,0.0413223344189386,1
2008-09-18 00:00:00+07:00,397.8583283971568,456.8003029745133,394.174454986072,449.43255615234375,91932500,0.0,0.0,413.3305725097656,433.9602569580078,449.2483413696289,436.0232208251953,454.89776657104494,426.8646570672152,432.2462542423504,439.1176117452739,434.7332573156649,436.348025349668,510.4015955643475,449.2483413696289,388.0950871749104,45.454572840010464,-4.926128083218771,0.5867405941729694,-5.51286867739174,61.11116496032929,42.592638391131565,27.102805727509267,27701990030,0.0796459009211405,0.0378834534811685,416.2777404785156,63472500.0,0.0796459009211405,408.9098815917969,124852500.0,0.0990992792905882,390.4905395507813,209690000.0,0.1509435200898057,423.6454772949219,85605000.0,0.060869477521815,478.903564453125,25277500.0,-0.0615385027138712,413.3305725097656,110889500.0,22.31712158956461,390.4905395507813,449.43255615234375,433.9602569580078,116247000.0,31.297268883546856,390.4905395507813,482.58734130859375,449.2483413696289,103132625.0,30.57662709735929,390.4905395507813,497.3228759765625,0,0,0,0,6.086947752181504,-6.153850271387129,3.389840265675348,0.0603045003226741,0.272246989307873,0.5015061731803204,3,18,9,3,2008,0,0,0.0409833471922262,1,467.851806640625,0.0409833471922262,1,464.16796875,0.0327867049147667,1,475.2195129394531,0.0573766996496096,1,423.6454772949219,-0.0573769712594671,0
2008-10-08 00:00:00+07:00,423.6454772949219,449.432593304178,423.6454772949219,423.6454772949219,38597500,0.0,0.0,453.1163818359375,459.7473541259766,448.3273559570313,446.4117401123047,453.3595936584472,445.9828823556599,450.1203885347087,449.9576994263577,442.2309195704114,438.4318935480331,505.7022160151346,448.3273559570313,390.9524958989279,50.0,1.532538334659364,3.3316986517215024,-1.7991603170621384,45.454593322127984,59.5959787326952,28.94474160315028,27668122530,-0.0573769712594671,0.0376550659214985,449.43255615234375,44155000.0,-0.0573769712594671,449.43255615234375,124347500.0,-0.0573769712594671,467.851806640625,54060000.0,-0.0944878885113715,471.5357360839844,34525000.0,-0.101562310391959,416.2777404785156,63472500.0,0.0176990890935868,453.1163818359375,58436500.0,20.0084763697422,423.6454772949219,475.2195129394531,459.7473541259766,82201500.0,16.729052768731396,423.6454772949219,478.903564453125,448.3273559570313,95891500.0,28.687430029051715,390.4905395507813,482.58734130859375,0,0,0,1,-10.156231039195909,1.7699089093586862,-12.878799051671496,0.0683230275181253,0.2559507435615964,0.2849068508653954,2,8,10,4,2008,0,0,0.0,0,423.6454772949219,0.0,0,427.3292236328125,0.008695351503366,1,449.43255615234375,0.060869477521815,1,390.4905395507813,-0.0782610449563696,0
2008-10-14 00:00:00+07:00,434.6969542015256,467.851806640625,434.6969542015256,467.851806640625,158782500,0.0,0.0,433.22349243164064,447.95896301269534,441.1438018798828,446.7064489746094,451.57525772094726,443.6118576330432,444.0950600342449,445.8047471138879,441.354985612161,438.32825858588046,494.64175179072447,441.1438018798828,387.64585196904113,63.9999821063094,-1.0617056948343588,0.202284791728016,-1.263990486562375,79.31023573969145,55.38136340004834,27.892189929663715,28019200030,0.0948275492682708,0.0433847994071565,427.3292236328125,192295000.0,0.0948275492682708,423.6454772949219,0.0,0.1043474596447273,423.6454772949219,0.0,0.1043474596447273,449.43255615234375,44155000.0,0.0409833471922262,464.16796875,142892500.0,0.0079364327972599,433.22349243164064,77935000.0,19.423424463177412,423.6454772949219,467.851806640625,447.95896301269534,67778500.0,21.84241065650414,423.6454772949219,475.2195129394531,441.1438018798828,92719375.0,26.74897495542086,390.4905395507813,478.903564453125,0,0,0,0,4.098334719222629,0.7936432797259974,4.958671914634016,0.059617574483556,0.2425419996058718,0.74961708631128,1,14,10,4,2008,0,0,-0.039369839395383,0,449.43255615234375,-0.039369839395383,0,383.1229248046875,-0.181101965693639,0,412.5937805175781,-0.1181101052485465,0,298.393798828125,-0.36220445322052,0
2008-10-16 00:00:00+07:00,405.2261657714844,423.6455369429155,405.2261657714844,405.2261657714844,181937500,0.0,0.0,434.6970458984375,438.7493103027344,440.591227722168,446.1907104492187,450.4204666137695,432.1101155723683,437.8219960370965,442.2527206446824,440.2425143661745,438.1082756428857,496.1084689727502,440.591227722168,385.0739864715857,33.96228538470737,-3.7564139407109,-0.7176896992124439,-3.038724241498456,20.68979703903754,54.02300503629039,26.83965672424944,27732795030,-0.0983604542566221,0.0462478477888422,449.43255615234375,104467500.0,-0.0983604542566221,467.851806640625,158782500.0,-0.1338578583650651,427.3292236328125,192295000.0,-0.0517237217558526,423.6454772949219,0.0,-0.043478126194216,475.2195129394531,31022500.0,-0.1472863492810457,434.6970458984375,127496500.0,24.296749635025147,405.2261657714844,467.851806640625,438.7493103027344,89864250.0,21.015609873617343,405.2261657714844,467.851806640625,440.591227722168,96100625.0,27.758620625291133,390.4905395507813,478.903564453125,0,0,0,0,-4.347812619421609,-14.728634928104578,-4.347812619421609,0.0662337701543806,0.2520124675999713,0.181494782935448,3,16,10,4,2008,0,0,-0.0545454435912743,0,383.1229248046875,-0.0545454435912743,0,412.5937805175781,0.0181814881871387,1,394.1744689941406,-0.0272729100706099,0,353.65185546875,-0.127272902539611,0
2008-10-24 00:00:00+07:00,383.1228052512887,383.1228052512887,357.335693359375,357.335693359375,43322500,0.0,0.0,389.7537902832031,408.17316284179685,430.4605880737305,439.78078002929686,446.2450134277344,386.0136123926328,401.219238386753,417.4126133001071,429.1195119931194,435.2205216383501,501.5034477194391,430.4605880737305,359.41772842802186,31.343245750867226,-16.86897450125923,-9.70261193878983,-7.1663625624694,2.9411447630788663,15.468359831018743,32.62858346717017,27580820030,-0.0934580459479561,0.0471941061942363,394.1744689941406,61472500.0,-0.0934580459479561,390.4905395507813,120320000.0,-0.0849056323606393,412.5937805175781,52875000.0,-0.1339285509560629,383.1229248046875,174940000.0,-0.0673079833540595,423.6454772949219,0.0,-0.1565218738057839,389.7537902832031,70050000.0,20.07626560196956,357.335693359375,412.5937805175781,408.17316284179685,116267250.0,32.6183726923027,357.335693359375,467.851806640625,430.4605880737305,89504250.0,35.52142982285433,357.335693359375,478.903564453125,0,0,0,0,-6.730798335405952,-15.652187380578397,-23.62203409554036,0.0913107312634324,0.3300783468406181,-0.0146533731822591,4,24,10,4,2008,0,0,-0.0927834716977522,0,324.18084716796875,-0.0927834716977522,0,324.18084716796875,-0.0927834716977522,0,397.8583679199219,0.1134022581947695,1,423.6454772949219,0.1855671996048227,1
2008-10-27 00:00:00+07:00,324.18084716796875,338.91634022105825,324.18084716796875,324.18084716796875,61052500,0.0,0.0,375.7550659179688,397.8583251953125,422.72445220947264,437.5704565429688,445.3136393737793,365.40269065107816,387.2122581651558,408.53339747799873,425.0042702352703,434.1156492555602,504.4497597126668,422.72445220947264,340.9991447062785,27.63154137053684,-22.11446552510995,-12.184982656053856,-9.929482869056097,0.0,11.764696778551407,32.36544861578149,27519767530,-0.0927834716977522,0.0489921922410665,357.335693359375,43322500.0,-0.0927834716977522,394.1744689941406,61472500.0,-0.177570155684569,390.4905395507813,120320000.0,-0.1698112647212784,394.1744689941406,72260000.0,-0.177570155684569,427.3292236328125,192295000.0,-0.2413791773657754,375.7550659179688,67808500.0,35.0452308144156,324.18084716796875,412.5937805175781,397.8583251953125,103143000.0,41.0953090109311,324.18084716796875,467.851806640625,422.72445220947264,84666250.0,40.86265375159707,324.18084716796875,475.2195129394531,0,0,0,0,-17.7570155684569,-24.137917736577545,-32.30769799382032,0.0998376335262394,0.3866599487019823,-0.1028952845338174,0,27,10,4,2008,0,0,-0.0795452555729877,0,298.393798828125,-0.0795452555729877,0,353.65185546875,0.0909091593727353,1,416.2777404785156,0.2840910995054204,1,427.3292236328125,0.3181815871170179,1
2008-10-28 00:00:00+07:00,324.1809172453704,327.86479130497685,294.70992476851853,298.393798828125,165315000,0.0,0.0,352.9150695800781,380.9125244140625,414.4357437133789,434.7707141113281,444.16346115112304,343.06639337676046,371.0634473766047,398.0439118922965,420.0391537095,432.7651830821529,510.7814649437574,414.4357437133789,318.0900224830004,27.63154438241652,-28.029250490848256,-15.353836223012737,-12.67541426783552,2.000000915426066,1.647048559501642,32.891716510581645,27354452530,-0.0795452555729877,0.0499668936696993,324.18084716796875,61052500.0,-0.0795452555729877,357.335693359375,43322500.0,-0.1649482423015932,394.1744689941406,61472500.0,-0.2429905478414925,412.5937805175781,52875000.0,-0.2767855141834542,467.851806640625,158782500.0,-0.36220445322052,352.9150695800781,90296500.0,41.62937784835061,298.393798828125,394.1744689941406,380.9125244140625,103796250.0,43.87092522866337,298.393798828125,449.43255615234375,414.4357437133789,85787375.0,48.17286061518927,298.393798828125,475.2195129394531,0,0,0,0,-27.67855141834542,-36.220445322052,-35.714263172511295,0.110229222724321,0.4649488983122584,-0.1022163901175147,1,28,10,4,2008,0,0,0.0864195182377001,1,324.18084716796875,0.0864195182377001,1,397.8583679199219,0.3333332310605037,1,405.2261657714844,0.3580247557520284,1,427.3292236328125,0.4320982048254775,1
2008-10-29 00:00:00+07:00,324.18084716796875,327.8647204312411,316.813100641424,324.18084716796875,168795000,0.0,0.0,339.65313110351565,368.387353515625,407.0679992675781,433.002455444336,443.1062702941895,336.77121130716324,362.53933824776175,391.0093342995034,416.2800044333615,431.684741928778,507.4794995048102,407.0679992675781,306.656499030346,33.73490332287837,-30.28683314070298,-18.340435606550784,-11.946397534152196,15.99996927789858,5.999990064441547,34.99678233937565,27523247530,0.0864195182377001,0.0551087072147534,298.393798828125,165315000.0,0.0864195182377001,324.18084716796875,61052500.0,0.0,357.335693359375,43322500.0,-0.0927834716977522,390.4905395507813,120320000.0,-0.1698112647212784,449.43255615234375,104467500.0,-0.2786885535321979,339.65313110351565,99991500.0,36.96743476862998,298.393798828125,394.1744689941406,368.387353515625,110229000.0,39.82825925445397,298.393798828125,412.5937805175781,407.0679992675781,92500875.0,50.20575011861604,298.393798828125,475.2195129394531,0,0,0,0,-16.98112647212784,-27.86885535321979,-31.249993932542687,0.1079545033122905,0.4933401810896393,0.0872626546571843,2,29,10,4,2008,0,0,0.0909091593727353,1,353.65185546875,0.0909091593727353,1,416.2777404785156,0.2840910995054204,1,419.9615478515625,0.2954545326176121,1,423.6454772949219,0.3068183422798485,1
2008-10-30 00:00:00+07:00,309.44537353515625,353.65185546875,309.44537353515625,353.65185546875,123590000,0.0,0.0,331.5486083984375,363.2299224853516,400.98961639404297,431.23419799804685,442.2503559875488,342.39809269435887,360.9234322879414,387.451479172765,413.82399859161205,430.908295297335,498.71258723229823,400.98961639404297,303.2666455557877,39.56041945288255,-29.359481755305183,-20.544244836301665,-8.815236919003517,31.999985192228785,16.666651795184475,38.1543881917752,27646837530,0.0909091593727353,0.0595013090819786,324.18084716796875,168795000.0,0.0909091593727353,298.393798828125,165315000.0,0.1851850033668216,324.18084716796875,61052500.0,0.0909091593727353,394.1744689941406,61472500.0,-0.1028037498948035,405.2261657714844,181937500.0,-0.127272902539611,331.5486083984375,112415000.0,24.29679243529945,298.393798828125,357.335693359375,363.2299224853516,104394250.0,37.81630745107301,298.393798828125,412.5937805175781,400.98961639404297,97129250.0,48.86148541912764,298.393798828125,467.851806640625,0,0,0,0,-10.280374989480356,-12.7272902539611,-25.581369064319517,0.1078868599210464,0.4874089843873923,0.257796142916882,3,30,10,4,2008,0,0,0.1250000862927132,1,397.8583679199219,0.1250000862927132,1,405.2261657714844,0.1458335634472352,1,408.9098815917969,0.1562497842682171,1,401.5421447753906,0.1354164796991215,1
2008-10-31 00:00:00+07:00,375.755125257704,412.5938630280672,368.3873777036314,397.8583679199219,140230000,0.0,0.0,339.65314331054685,364.703466796875,397.4899444580078,430.4974249267578,441.615474243164,360.8848511028799,367.6388751301197,388.442611434399,413.1978954280164,430.57944029855474,490.0053753747761,397.4899444580078,304.9745135412395,46.07844514754687,-24.77189797570849,-21.38977546418303,-3.3821225115254663,56.0000090637241,34.66665451128382,38.943792729739634,27787067530,0.1250000862927132,0.0665246958473585,353.65185546875,123590000.0,0.1250000862927132,324.18084716796875,168795000.0,0.2272728984318386,298.393798828125,165315000.0,0.3333332310605037,357.335693359375,43322500.0,0.1134022581947695,383.1229248046875,174940000.0,0.0384613975338237,339.65314331054685,131796500.0,37.96356647129785,298.393798828125,397.8583679199219,364.703466796875,100923250.0,38.94774611459764,298.393798828125,412.5937805175781,397.4899444580078,101437750.0,46.25771545838418,298.393798828125,467.851806640625,0,0,0,0,11.340225819476956,3.846139753382372,-14.960600285651516,0.0978835582454758,0.4654982205545678,0.5019911460080941,4,31,10,4,2008,1,0,0.0462963055292606,1,416.2777404785156,0.0462963055292606,1,419.9615478515625,0.0555553978849312,1,423.6454772949219,0.0648147970591139,1,427.3292236328125,0.0740737360055283,1
2008-11-14 00:00:00+07:00,427.3292236328125,427.3292236328125,405.2259879276671,427.3292236328125,33582500,0.0,0.0,421.43505859375,418.1196105957032,391.4115386962891,424.75058715820313,436.9806927490234,418.6730150083008,412.3043858367216,407.6303343251548,414.91570618273073,429.4008294466911,469.2331205762925,391.4115386962891,313.5899568162857,70.58824246030267,1.659477419846496,-4.658438087557833,6.317915507404329,89.99999217082933,83.3333555159834,31.839182757698563,27992955030,0.0642201053935354,0.0619428913982278,401.5421447753906,56485000.0,0.0642201053935354,423.6454772949219,39960000.0,0.008695351503366,427.3292236328125,43417500.0,0.0,423.6454772949219,53990000.0,0.008695351503366,397.8583679199219,140230000.0,0.0740737360055283,421.43505859375,40785500.0,11.23429476583488,401.5421447753906,427.3292236328125,418.1196105957032,68513500.0,9.70783727833865,401.5421447753906,427.3292236328125,391.4115386962891,84718375.0,38.910790940001725,298.393798828125,427.3292236328125,0,0,0,0,0.8695351503366089,7.407373600552836,11.538411294667617,0.0745073844634991,0.3976458238263031,0.7307694348330422,4,14,11,4,2008,0,0,-0.0603447586341057,0,401.5421447753906,-0.0603447586341057,0,405.2261657714844,-0.0517237217558526,0,379.4389953613281,-0.1120686946339869,0,397.8583679199219,-0.0689652241949495,0
2008-11-17 00:00:00+07:00,401.5421447753907,423.6453821024764,390.49052611184777,401.5421447753906,58050000,0.0,0.0,416.2776428222657,416.64605102539065,391.7799224853516,423.2033587646485,436.5080191040039,412.96272493066414,410.3476147346614,407.0505067489868,414.3912527942076,429.1236286041906,469.726226058398,391.7799224853516,313.8336189123052,70.58823386088082,0.8381577907858286,-3.559118911889101,4.3972767026749295,69.44444969034022,77.31481344235841,32.10231354230616,27934905030,-0.0603447586341057,0.0622308577012896,427.3292236328125,33582500.0,-0.0603447586341057,401.5421447753906,56485000.0,0.0,423.6454772949219,39960000.0,-0.052174126018449,427.3292236328125,30482500.0,-0.0603447586341057,416.2777404785156,160672500.0,-0.0353984714296428,416.2776428222657,46299000.0,13.535413431253527,401.5421447753906,427.3292236328125,416.64605102539065,58251250.0,11.044782835885114,401.5421447753906,427.3292236328125,391.7799224853516,84007875.0,38.9731517865232,298.393798828125,427.3292236328125,0,0,0,0,-6.034475863410571,-3.539847142964281,1.8691407893694607,0.0799475570870976,0.3979086170550803,0.5626214576095354,0,17,11,4,2008,0,0,-0.036697127081086,0,386.80670166015625,-0.036697127081086,0,397.8583679199219,-0.0091740727677024,0,386.80670166015625,-0.036697127081086,0,397.8583679199219,-0.0091740727677024,0
2008-12-09 00:00:00+07:00,438.38092041015625,442.0647936909139,416.2776807256106,438.38092041015625,133162500,0.0,0.0,408.9099609375,403.01575927734376,403.3841369628906,407.9521337890625,429.0180522155762,415.00919779161177,407.51698546877947,403.9492642430189,408.1627500666608,424.9899545508543,434.0429502077673,403.3841369628906,372.725323718014,71.87500323597786,2.1989970394199645,-1.6474316694959052,3.8464287089158695,95.45454292283584,84.5142529346453,23.155790180215664,27965327530,0.0625000693423674,0.033976370166826,412.5937805175781,56612500.0,0.0625000693423674,405.2261657714844,79845000.0,0.0818179018019495,394.1744689941406,31577500.0,0.1121494538416509,397.8583679199219,79042500.0,0.1018517034141919,386.80670166015625,53637500.0,0.1333333122943472,408.9099609375,70742000.0,18.234224492617148,394.1744689941406,438.38092041015625,403.01575927734376,70819250.0,13.91443919572271,390.4905395507813,438.38092041015625,403.3841369628906,73171500.0,15.32940662243837,379.4389953613281,438.38092041015625,0,0,0,0,10.185170341419193,13.33333122943472,2.586225365864525,0.0528211632900235,0.1520080262734631,1.07074589234327,1,9,12,4,2008,0,0,-0.0168067700735948,0,431.0131530761719,-0.0168067700735948,0,408.9098815917969,-0.0672270106800857,0,456.8003540039063,0.0420169599911339,1,471.5357360839844,0.0756301520668554,1
2008-12-12 00:00:00+07:00,434.69699124173,434.69699124173,408.9098815917969,408.9098815917969,37400000,0.0,0.0,425.8557312011719,411.8570495605469,404.6734924316406,405.29974853515625,428.1122109985352,420.5407648675812,415.2213574692004,409.4985411958895,410.1577944223176,425.02061703521696,438.5865822934331,404.6734924316406,370.76040256984817,62.49996764020464,5.104082071767209,1.6487242586433373,3.455357813123872,47.61897498549711,72.57588380631601,21.05071838057219,27973435030,-0.0672270106800857,0.0374901513858515,438.38092041015625,128255000.0,-0.0672270106800857,431.0131530761719,82747500.0,-0.0512821275328196,438.38092041015625,133162500.0,-0.0672270106800857,405.2261657714844,79845000.0,0.009090518163602,397.8583679199219,75300000.0,0.0277775071808954,425.8557312011719,87635500.0,14.172163602961838,408.9098815917969,438.38092041015625,411.8570495605469,76380750.0,17.777821480354238,394.1744689941406,438.38092041015625,404.6734924316406,78598500.0,16.956544930896275,379.4389953613281,438.38092041015625,0,0,0,0,0.9090518163602068,2.7777507180895444,1.8348601541010143,0.0514800921382147,0.1676071721822561,0.5624594983444593,4,12,12,4,2008,0,0,0.1351351230327215,1,464.16796875,0.1351351230327215,1,471.5357360839844,0.1531531941668875,1,471.5357360839844,0.1531531941668875,1,478.903564453125,0.1711714145641529,1
2008-12-15 00:00:00+07:00,416.2776227678572,464.16796875000006,416.2776227678572,464.16796875,136477500,0.0,0.0,436.1705688476562,418.4880096435547,406.5154296875,405.22607177734375,427.8807725524902,435.0831661617208,424.12074133843663,414.7051533439,412.2758404743836,425.41014292292624,448.6216107637473,406.5154296875,364.4092486112527,73.33332106058626,8.765491182347318,3.0720776433841337,5.693413538963185,99.99999999999991,78.37298953449316,23.945189363545463,28109912530,0.1351351230327215,0.0460207834584339,408.9098815917969,37400000.0,0.1351351230327215,438.38092041015625,128255000.0,0.0588233819932604,431.0131530761719,82747500.0,0.0769229788863745,412.5937805175781,56612500.0,0.1249999167891591,397.8583679199219,82652500.0,0.1666663470640499,436.1705688476562,103608500.0,19.769735180659342,408.9098815917969,464.16796875,418.4880096435547,81763250.0,23.44077949934353,394.1744689941406,464.16796875,406.5154296875,83743250.0,21.05309053812369,379.4389953613281,464.16796875,0,0,0,0,12.499991678915912,16.66663470640499,8.620694087807479,0.0515873368600371,0.2071566194110542,1.1846089765075207,0,15,12,4,2008,0,0,-0.0158727341008355,0,456.8003540039063,-0.0158727341008355,0,471.5357360839844,0.0158730628350458,1,471.5357360839844,0.0158730628350458,1,515.742431640625,0.1111116370858475,1
2009-01-05 00:00:00+07:00,515.742431640625,515.742431640625,478.9036865234375,515.742431640625,76682500,0.0,0.0,481.8506530761719,475.2196563720703,446.8538330078125,414.2147186279297,425.7774685668945,487.5125355006938,474.01818631770936,454.97597582400886,433.43328178399867,430.17877258535134,516.7953642432751,446.8538330078125,376.9123017723499,71.42860765639868,21.984123010580102,17.026637893072806,4.9574851175073,100.0,91.454552717908,20.261312989636565,28241552530,0.0769233514258083,0.0407860216316982,478.903564453125,0.0,0.0769233514258083,478.903564453125,34487500.0,0.0769233514258083,464.16796875,23512500.0,0.1111116370858475,471.5357360839844,58557500.0,0.0937504671942128,464.16796875,136477500.0,0.1111116370858475,481.8506530761719,31017500.0,19.906645589484803,464.16796875,515.742431640625,475.2196563720703,44446500.0,15.62940432304068,456.8003540039063,515.742431640625,446.8538330078125,63104875.0,34.97076561773133,394.1744689941406,515.742431640625,0,0,0,0,9.375046719421288,11.111163708584758,29.629655481930197,0.0392857204422436,0.3130398625639171,0.9924727655796858,0,5,1,1,2009,0,0,0.0,0,515.742431640625,0.0,0,460.4841613769531,-0.1071431530035063,0,431.0131530761719,-0.1642860338152153,0,436.518798828125,-0.1536108490443227,0
2009-01-08 00:00:00+07:00,460.4841613769531,471.53578125,456.8002880859376,460.4841613769531,53797500,0.0,0.0,493.63909301757815,482.58742065429686,461.2209411621094,419.7405322265625,425.3985107421875,484.8653599562965,480.10265082492367,463.886938687526,439.88093317771984,431.9762926128376,523.8571025048772,461.2209411621094,398.5847798193416,63.46154029972488,20.608872062264425,19.74459954832259,0.8642725139418346,34.285696374700215,59.17629468932287,25.52398482774655,28122710030,-0.0740740399831225,0.0458902944687013,497.3228759765625,65045000.0,-0.0740740399831225,515.742431640625,86082500.0,-0.1071431530035063,515.742431640625,76682500.0,-0.1071431530035063,478.903564453125,34487500.0,-0.0384616119890558,471.5357360839844,26702500.0,-0.0234374064600331,493.63909301757815,56321500.0,24.015987943596883,460.4841613769531,515.742431640625,482.58742065429686,46766000.0,20.102609610160727,460.4841613769531,515.742431640625,461.2209411621094,65194500.0,31.318080671383917,405.2261657714844,515.742431640625,0,0,0,0,-3.846161198905584,-2.343740646003312,16.822421947322574,0.05542858358347,0.2716102230091608,0.494118574882612,3,8,1,1,2009,0,0,-0.0400001458001761,0,442.0647277832031,-0.0400001458001761,0,434.697021484375,-0.0560000583200704,0,408.9098815917969,-0.1120001166401409,0,410.40240478515625,-0.1087589124499764,0
2009-01-16 00:00:00+07:00,417.8641142003676,443.98062133789057,414.1331846092929,443.9806213378906,62925000,7.0,0.0,429.9227661132812,458.0970458984375,464.07962799072266,430.53575317382814,423.9419209289551,436.0005261399202,445.9124632558781,449.2740167285325,438.1472495764053,431.9716629930371,518.7731256310814,464.07962799072266,409.386130350364,43.38295861540509,0.916163022291812,9.214457507761368,-8.298294485469556,29.53859803264317,14.496770728167933,26.976514689098725,28001390030,0.085766427579522,0.0501473827340337,408.9098815917969,85305000.0,0.085766427579522,431.0131530761719,74107500.0,0.0300860151695347,434.697021484375,136737500.0,0.0213564836994157,442.0647277832031,59930000.0,0.0043339661236829,478.903564453125,0.0,-0.0729227045012996,429.9227661132812,92143000.0,12.887358255630014,408.9098815917969,443.9806213378906,458.0970458984375,80225250.0,38.123580487677536,408.9098815917969,515.742431640625,464.07962799072266,65325625.0,27.346748820179386,408.9098815917969,515.742431640625,0,0,0,0,0.4333966123682975,-7.292270450129967,8.576642757952202,0.0607605679000307,0.2357073844295188,0.3162578046754787,4,16,1,1,2009,0,0,-0.0168066400900115,0,436.518798828125,-0.0168066400900115,0,410.40240478515625,-0.075629914773194,0,414.1331481933594,-0.0672269727777508,0,410.40240478515625,-0.075629914773194,0
2009-01-21 00:00:00+07:00,410.40240478515625,432.78799050071024,406.671473832564,410.40240478515625,192397500,0.0,0.0,428.0122802734375,433.9333618164063,458.8129699707032,431.89192565917966,423.6735508728027,428.4888598682809,437.4703626272685,443.7999385579468,437.0794816609826,431.8829416091308,519.9502876189297,458.8129699707032,397.6756523224767,34.92159605591539,-3.288609812100276,3.964381206014615,-7.252991018114891,6.167041932511794,19.15123740577925,29.95163713044385,27785092530,-0.0677962764993621,0.0399283653502229,440.2496948242188,52827500.0,-0.0677962764993621,436.518798828125,76727500.0,-0.0598287957198649,443.9806213378906,62925000.0,-0.075629914773194,431.0131530761719,74107500.0,-0.0478193023667961,497.3228759765625,65045000.0,-0.1747767404037584,428.0122802734375,94036500.0,16.971390921674114,408.9098815917969,443.9806213378906,433.9333618164063,89639500.0,15.33373534440832,408.9098815917969,460.4841613769531,458.8129699707032,66848000.0,30.56865882411326,408.9098815917969,515.742431640625,0,0,0,0,-4.78193023667961,-17.477674040375845,-12.964729207276838,0.0729811443140139,0.2665021333295365,0.1040833401941762,2,21,1,1,2009,0,0,0.0,0,410.40240478515625,0.0,0,421.59521484375,0.0272727691848031,1,410.40240478515625,0.0,0,414.1331481933594,0.0090904521140808,1
2009-02-17 00:00:00+07:00,376.8240051269531,395.4786588461092,373.0930743831219,376.8240051269531,81940000,0.0,0.0,389.5091491699219,400.3288269042969,407.7906951904297,431.8927478027344,420.9266235351562,390.55681067505344,397.4219407418655,407.95328722886535,420.0459191633015,427.515181559069,436.0338949968028,407.7906951904297,379.54749538405656,30.434788793653738,-12.539563968665677,-10.48530279481054,-2.054261173855135,13.333431570984343,37.77777277089181,15.19023446449394,27723057530,-0.0560747063422371,0.0239890688505026,399.2095642089844,23660000.0,-0.0560747063422371,395.4786071777344,58085000.0,-0.0471696868356714,391.7477416992188,67057500.0,-0.0380952714814218,395.4786071777344,54927500.0,-0.0471696868356714,414.1331481933594,28272500.0,-0.0900897289414431,389.5091491699219,64073500.0,8.985262163394436,376.8240051269531,399.2095642089844,400.3288269042969,54697750.0,14.40156745779436,376.8240051269531,421.59521484375,407.7906951904297,56540875.0,14.12159990318662,376.8240051269531,440.2496948242188,0,0,0,0,-4.7169686835671465,-9.008972894144318,-13.675194255419942,0.0403112175918206,0.1385181179437365,-0.0482149734409497,1,17,2,1,2009,0,0,0.0099009788731876,1,380.554931640625,0.0099009788731876,1,365.6311950683594,-0.0297030176058524,0,365.6311950683594,-0.0297030176058524,0,358.1693115234375,-0.0495050563385175,0
2009-03-04 00:00:00+07:00,358.16931507888347,388.01675800212377,354.43838471347846,384.2858276367188,159980000,0.0,0.0,358.9154846191406,363.392611694336,379.80870513916017,419.348759765625,416.9680680847168,364.9362152262521,366.85094748485926,378.3008337774213,400.1904820166912,420.9792468184572,422.8171464986554,379.80870513916017,336.80026377966493,47.49998364077766,-15.647355604221955,-16.39693908005009,0.7495834758281319,70.5882499597009,33.33333942341091,17.322180361800687,27937335030,0.0729166773172087,0.0315623955322882,358.1693115234375,70262500.0,0.0729166773172087,343.2455749511719,55142500.0,0.1195652782745562,350.7073974609375,109212500.0,0.0957448585883373,350.7073974609375,134747500.0,0.0957448585883373,380.554931640625,92457500.0,0.0098038303695326,358.9154846191406,119524500.0,15.473256098881164,343.2455749511719,384.2858276367188,363.3926116943359,96178000.0,13.982022797142278,343.2455749511719,384.2858276367188,379.80870513916017,78131375.0,21.50422067974765,343.2455749511719,414.1331481933594,0,0,1,0,9.574485858833736,0.9803830369532696,-8.849575586586923,0.0450762924782541,0.2264742265121972,0.5520493460822685,2,4,3,1,2009,0,0,0.0097089660822289,1,388.016845703125,0.0097089660822289,1,402.9405517578125,0.0485438774461617,1,410.40240478515625,0.0679613331281281,1,436.518798828125,0.1359221897737643,1
2009-04-13 00:00:00+07:00,481.2898559570312,481.2898559570312,466.3661394932473,481.2898559570313,47767500,0.0,0.0,470.0971313476563,470.8433227539063,456.8523651123047,416.0733361816406,420.5109101867676,470.2091544881301,467.2510774497882,454.4308365478125,433.5229113560257,426.8553070541851,501.5890446905543,456.8523651123047,412.1156855340551,63.41464290502363,17.309798296299448,18.390242832365885,-1.0804445360664374,68.74990101209274,49.1793069988049,18.921145655665264,29013990030,0.0573767941855529,0.0261810244861244,455.1734619140625,0.0,0.0573767941855529,455.1734619140625,84190000.0,0.0573767941855529,477.55902099609375,82950000.0,0.007812301300802,473.8280334472656,109970000.0,0.0157479549183241,473.8280334472656,37627500.0,0.0157479549183241,470.0971313476563,58042000.0,13.708261963273683,455.1734619140625,481.2898559570313,470.8433227539063,76899750.0,12.031849139504764,455.1734619140625,488.7517700195313,456.8523651123047,79481125.0,22.36833978912483,417.86419677734375,488.7517700195313,0,0,0,0,1.5747954918324147,1.5747954918324147,17.272669542222662,0.0393134104562438,0.1958474246587398,0.7731258899309079,0,13,4,2,2009,0,0,0.0387597897039013,1,499.9445495605469,0.0387597897039013,1,518.5994262695312,0.0775199598551914,1,526.0611572265625,0.0930235713788414,1,496.2136840820313,0.0310079839420767,1
2009-06-17 00:00:00+07:00,572.7358966107134,572.7358966107134,542.3922729492188,542.3922729492188,119712500,0.0,0.0,575.0116333007812,572.0240478515625,544.3789535522461,517.4198779296875,447.5573616027832,567.1951328604891,564.429591117738,549.7966590152597,518.0239644437057,462.90235334457554,609.3301361582631,544.3789535522461,479.4277709462291,58.654065002112894,19.28350218677349,19.019910051065427,0.2635921357080626,42.23080670727595,63.62676562440503,22.2697128254917,30053935030,-0.0592103598544418,0.024022527734325,576.5287475585938,44185000.0,-0.0592103598544418,584.11474609375,105737500.0,-0.0714285565011824,584.11474609375,112405000.0,-0.0714285565011824,591.70068359375,144150000.0,-0.08333336771736,526.0611572265625,81915000.0,0.0310441390669389,575.0116333007812,88192500.0,18.697359274762206,542.3922729492188,587.9076538085938,572.0240478515625,126775000.0,21.141858060570637,533.5230102539062,593.2178955078125,544.3789535522461,93715875.0,32.47559130300854,503.6755676269531,593.2178955078125,0,0,0,0,-8.333336771736,3.1044139066938925,3.1044139066938925,0.0410583150537926,0.2386248850444708,0.4847063554248255,2,17,6,2,2009,0,0,-0.0139861847476328,0,534.8062744140625,-0.0139861847476328,0,553.7711181640625,0.0209789957975841,1,553.7711181640625,0.0209789957975841,1,546.185302734375,0.0069931486385894,1
2009-06-26 00:00:00+07:00,538.5993041992188,561.3570212780589,527.2204456597987,538.5993041992188,304050000,0.0,0.0,553.7711059570313,554.1503845214844,556.2849533081055,526.3609326171875,451.203757019043,552.8883594226852,554.1465240219977,549.7530636839708,525.5707400984528,468.68919269040174,606.9074217206326,556.2849533081055,505.6624848955785,41.55290391720917,8.683044543478786,12.33140326688518,-3.6483587234063934,17.391367517660132,39.130443561498,23.27299671846752,29841272530,-0.0718953141625817,0.0313817902798601,580.3217163085938,137437500.0,-0.0718953141625817,553.7711181640625,68552500.0,-0.0273972648034506,542.3922729492188,55547500.0,-0.0069930361090433,534.8062744140625,39070000.0,0.0070923434645786,584.11474609375,112405000.0,-0.0779220901353962,553.7711059570313,119963000.0,16.314076124926803,538.5993041992188,580.3217163085938,554.1503845214844,100180250.0,19.29482387839455,534.8062744140625,584.11474609375,556.2849533081055,117235625.0,25.311234206263546,511.1374206542969,593.2178955078125,0,0,0,0,0.7092343464578654,-7.792209013539619,6.93377618787574,0.0432102242558026,0.1820019330434384,0.3253181871262695,4,26,6,2,2009,0,0,-0.0070423963707039,0,534.8062744140625,-0.0070423963707039,0,546.185302734375,0.0140846794193969,1,549.9782104492188,0.0211268491460789,1,534.8062744140625,-0.0070423963707039,0
2009-07-15 00:00:00+07:00,565.1500244140625,565.1500244140625,534.8063989421665,565.1500244140625,136127500,0.0,0.0,543.150830078125,546.1852294921875,545.8059112548829,535.3166802978516,457.1762803649903,547.1956966412007,545.9614807639776,546.1434056836684,533.276195194847,477.92721310206446,571.1335349184321,545.8059112548829,520.4782875913336,45.00005833228403,1.2214203122651952,2.179548798271385,-0.9581284860061904,85.71431826528186,45.23810216535628,20.319397789397044,30241912530,0.0567378347107927,0.0316169604167534,534.8062744140625,50065000.0,0.0567378347107927,534.8062744140625,77227500.0,0.0567378347107927,534.8062744140625,50347500.0,0.0567378347107927,546.185302734375,0.0,0.0347221384111657,546.185302734375,114495000.0,0.0347221384111657,543.150830078125,88759500.0,13.248277278806237,534.8062744140625,565.1500244140625,546.1852294921875,101128500.0,11.448928702802242,534.8062744140625,565.1500244140625,545.8059112548829,101417625.0,12.66381183177468,534.8062744140625,580.3217163085938,0,0,0,0,3.472213841116578,3.472213841116578,4.195810412471435,0.0359539890500116,0.0928081691358658,0.8818777753520376,2,15,7,3,2009,0,0,0.0201339868229299,1,576.5287475585938,0.0201339868229299,1,561.3570556640625,-0.0067114369391251,0,546.185302734375,-0.0335569686993286,0,553.7711181640625,-0.0201343108173753,0
2009-09-17 00:00:00+07:00,667.559887035473,705.4894260715794,667.559887035473,701.6964721679688,96955000,0.0,0.0,669.835546875,669.4562805175781,661.6807434082032,618.706533203125,505.422116394043,676.285982994033,669.8858405927764,659.6864552558754,626.7164056458912,533.7911618121162,689.685873680271,661.6807434082032,633.6756131361353,62.7907794823011,14.98981760208585,15.497806402180275,-0.5079888000944273,94.44443666369284,64.81458727658006,19.235667755048585,31292455030,0.0571431907998727,0.0201949062657242,663.7667236328125,33842500.0,0.0571431907998727,659.973876953125,52265000.0,0.0632185555699003,652.3880615234375,46397500.0,0.0755814116668347,682.7316284179688,26837500.0,0.0277778895258529,648.59521484375,47240000.0,0.0818711826867411,669.835546875,51498500.0,19.078246154269777,652.3880615234375,701.6964721679688,669.4562805175781,40326500.0,15.510439376874263,648.59521484375,701.6964721679688,661.6807434082032,40130125.0,14.002565136033994,644.8020629882812,701.6964721679688,0,0,0,0,2.777788952585292,8.187118268674109,9.46746491766466,0.0274130888753336,0.084648466956491,1.2144356832304586,3,17,9,3,2009,0,0,0.0378376380136902,1,728.2470092773438,0.0378376380136902,1,675.145751953125,-0.0378378989605182,0,701.6964721679688,0.0,0,747.2118530273438,0.0648647708299718,1
2010-03-17 00:00:00+07:00,810.8632117962015,887.3597412109375,810.8632117962015,887.3597412109375,162297500,0.0,0.0,809.3332641601562,787.5317932128906,766.4952575683594,750.2014990234375,674.9987840270996,820.2933277285454,796.9767747044833,774.8780709935679,753.0315898942323,676.1175171495064,839.9688076082385,766.4952575683594,693.0217075284803,73.61105170106896,23.18000220918759,13.088170054506463,10.091832154681128,100.0,77.57576490276996,28.413023540783804,32042627530,0.1153846183353601,0.0305795929653581,795.5639038085938,83520000.0,0.1153846183353601,780.2645874023438,24825000.0,0.1372549203663526,795.5639038085938,97727500.0,0.1153846183353601,795.5639038085938,68597500.0,0.1153846183353601,749.6661376953125,59565000.0,0.1836732334462036,809.3332641601562,78791500.0,44.07688347894626,780.2645874023438,887.3597412109375,787.5317932128906,69416500.0,39.8488041095575,738.1915283203125,887.3597412109375,766.4952575683594,64320875.0,36.73677501993958,715.2425537109375,887.3597412109375,0,0,0,0,11.53846183353602,18.367323344620367,27.472540383542498,0.0320197347493023,0.1917129931709366,1.3225033605765386,2,17,3,1,2010,0,0,-0.0603448690931156,0,833.8121337890625,-0.0603448690931156,0,833.8121337890625,-0.0603448690931156,0,872.060546875,-0.0172412536037068,0,841.4619140625,-0.05172403594263,0
2010-03-18 00:00:00+07:00,879.7100494104789,887.3597020140483,833.8121337890626,833.8121337890625,86902500,0.0,0.0,818.5128540039062,797.0938537597656,772.4237365722656,751.2724499511719,676.5748475646973,824.7995964153845,803.6741127198612,780.4908388788531,756.1994543606962,677.6866178125865,847.5993303775192,772.4237365722656,697.248142767012,59.75606670898674,24.88404723633176,15.447345490871523,9.43670174546023,64.99998603707992,79.24242415323437,30.598641206205475,31955725030,-0.0603448690931156,0.0338985741322733,887.3597412109375,162297500.0,-0.0603448690931156,795.5639038085938,83520000.0,0.048076879553438,780.2645874023438,24825000.0,0.0686274210713435,787.9141845703125,25587500.0,0.0582524723092532,738.1915283203125,22262500.0,0.1295335990732999,818.5128540039062,91054500.0,43.27297184213836,780.2645874023438,887.3597412109375,797.0938537597656,75880500.0,38.12905405157682,757.3157348632812,887.3597412109375,772.4237365722656,67391375.0,37.58779690262679,734.3666381835938,887.3597412109375,0,0,0,0,5.825247230925323,12.953359907329997,16.577534357113265,0.0366972846355175,0.1946485853447627,0.908300048655597,3,18,3,1,2010,0,0,0.0,0,833.8121337890625,0.0,0,856.7612915039062,0.0275231755270299,1,879.710205078125,0.0550460582535414,1,833.8121337890625,0.0,0
2010-09-15 00:00:00+07:00,945.1789503831128,1038.1473717322715,945.1789503831128,1007.1578979492188,140677500,0.0,0.0,945.1790283203125,929.6842529296875,928.5221588134766,920.2324670410156,825.0910119628907,955.991139619868,941.34649668574,932.3695189095936,915.7983700726998,826.2764257611813,972.9990589707168,928.5221588134766,884.0452586562365,70.37028175470304,9.472231570193344,3.9699790285569527,5.502252541636391,78.94739105465021,76.3158857707242,29.329363284258346,32126517530,0.0743799581245563,0.0230377389152216,937.4317626953124,28272500.0,0.0743799581245563,937.4317626953124,52815000.0,0.0743799581245563,929.6841430664062,40217500.0,0.0833334153977052,937.4317626953124,43047500.0,0.0743799581245563,937.4317626953124,20832500.0,0.0743799581245563,945.1790283203125,65612500.0,35.92303649410168,914.1895751953124,1007.1578979492188,929.6842529296875,53084250.0,30.98951212592285,898.694580078125,1007.1578979492188,928.5221588134766,42089000.0,22.238450078620104,898.694580078125,1007.1578979492188,0,0,0,0,7.437995812455633,7.437995812455633,8.333341539770522,0.0291209187198739,0.0958014835404154,1.384006516390975,2,15,9,3,2010,0,0,-0.0230770046557008,0,983.9157104492188,-0.0230770046557008,0,999.4105834960938,-0.0076922540833965,0,968.4209594726562,-0.0384616340252496,0,1053.641845703125,0.0461535851017573,1
2010-11-30 00:00:00+07:00,943.1994018554688,1005.5596928872352,943.1994018554688,943.1994018554688,120562500,0.0,0.0,1002.4415649414062,1033.1929504394532,1061.2364166259763,1054.3555627441406,907.6864538574218,995.2803340142456,1020.7275528876978,1041.658347359538,1036.3500423359485,919.3157740106212,1147.5238977518547,1061.2364166259763,974.9489355000984,23.35382099722986,-18.08104003331755,-3.891677916333274,-14.189362116984276,0.0,9.563226560645342,33.3955209351965,32061707530,-0.0620153326049204,0.0203414329863448,1005.5595092773438,37220000.0,-0.0620153326049204,1005.5595092773438,56182500.0,-0.0620153326049204,1028.9447021484375,36077500.0,-0.0833332443560207,1028.9447021484375,97042500.0,-0.0833332443560207,1053.641845703125,30840000.0,-0.1048197205701856,1002.4415649414062,64702500.0,35.12089692938196,943.1994018554688,1028.9447021484375,1033.1929504394532,71271750.0,42.96308458503534,943.1994018554688,1092.37890625,1061.2364166259763,60523875.0,43.14374056293916,943.1994018554688,1107.8734130859375,0,0,0,0,-8.333324435602075,-10.481972057018565,-13.65638823131855,0.0354066392212511,0.162616886820026,-0.1839753184955804,1,30,11,4,2010,1,0,0.0578508428480268,1,997.7642822265624,0.0578508428480268,1,1005.5595092773438,0.0661155078122397,1,1044.5347900390625,0.1074379266825722,1,1013.3548583984376,0.0743803021979854,1
2010-12-01 00:00:00+07:00,997.7642822265624,1005.5593156814576,958.7891149520874,997.7642822265624,104555000,0.0,0.0,996.2054809570312,1023.7314880371092,1056.5056854248046,1054.4775915527343,909.2138073730468,996.1083167516844,1016.5524127674914,1037.4779602040169,1034.8368752728354,920.096356181924,1145.921950843483,1056.5056854248046,967.0894200061264,34.847478343011645,-19.089499607502148,-6.931242254567049,-12.1582573529351,34.77092742783661,18.94887373628743,36.189650180745865,32166262530,0.0578508428480268,0.0245977257054243,943.1994018554688,120562500.0,0.0578508428480268,1005.5595092773438,37220000.0,-0.0077521290175889,1005.5595092773438,56182500.0,-0.0077521290175889,1028.9447021484375,73470000.0,-0.0303032999312503,1092.37890625,43115000.0,-0.0866133751595751,996.2054809570312,70919500.0,31.85485276600725,943.1994018554688,1028.9447021484375,1023.7314880371092,77415750.0,38.68600118872981,943.1994018554688,1076.884033203125,1056.5056854248046,62582625.0,44.7081327093392,943.1994018554688,1107.8734130859375,0,0,0,0,-3.030329993125036,-8.661337515957513,-8.661337515957513,0.0362707413217747,0.1692679304091495,0.1715284242570719,2,1,12,4,2010,0,1,0.0156255104032025,1,1013.3548583984376,0.0156255104032025,1,1021.1497192382812,0.0234378374013679,1,1028.9447021484375,0.0312502867433723,1,997.7642822265624,0.0,0
2011-01-10 00:00:00+07:00,919.8142700195312,989.969595698987,919.8142700195312,919.8142700195312,206805000,0.0,0.0,996.20556640625,1000.882550048828,1007.898080444336,1036.3405981445312,941.3658541870116,980.383248512245,994.821707588536,1005.7331332410744,1017.7938645812444,940.017481242504,1058.2508667509487,1007.898080444336,957.5452941377232,25.00009175755359,-12.509340218422269,-8.076127261767951,-4.433212956654316,0.0,33.3332745351265,37.86165554410751,32013535030,-0.0781246769358006,0.0242913607759765,997.7642822265624,108225000.0,-0.0781246769358006,1021.1497192382812,56425000.0,-0.0992366225144147,1028.9447021484375,93312500.0,-0.1060605413498333,1005.5595092773438,30687500.0,-0.0852711733783256,989.969482421875,47290000.0,-0.0708660354162787,996.20556640625,105078000.0,44.232962098816046,919.8142700195312,1028.9447021484375,1000.882550048828,71430000.0,30.12288634680593,919.8142700195312,1028.9447021484375,1007.898080444336,65474250.0,25.1763931533064,919.8142700195312,1044.5347900390625,0,0,0,1,-8.527117337832568,-7.086603541627879,-10.606054134983331,0.0411622832762787,0.0999164246536009,-0.3746666955869808,0,10,1,1,2011,0,0,-0.0338982061131487,0,888.6342163085938,-0.0338982061131487,0,919.8142700195312,0.0,0,927.6093139648438,0.0084745847062657,1,841.86376953125,-0.0847459134186144,0
2011-09-22 00:00:00+07:00,1117.839111328125,1188.6880690883584,1109.9670049103213,1117.839111328125,106810000,0.0,0.0,1213.8785888671875,1239.0692993164062,1254.813507080078,1273.3916723632813,1107.300700378418,1198.750476847253,1226.2737097662996,1246.886428664065,1247.068676177863,1134.6134789218245,1343.788192625905,1254.813507080078,1165.8388215342516,30.434767952061307,-19.0625851576508,-5.990653859063645,-13.071931298587156,3.448278479243769,24.48277222431312,47.794920493293226,33050750030,-0.0838707986366915,0.0263647751236235,1220.17626953125,56505000.0,-0.0838707986366915,1251.6646728515625,75652500.0,-0.1069180623421718,1235.92041015625,15482500.0,-0.0955411836051778,1243.79248046875,131155000.0,-0.1012655817738636,1322.5135498046875,55657500.0,-0.1547616948853108,1213.8785888671875,65373500.0,54.93567367178197,1117.839111328125,1251.6646728515625,1239.0692993164062,68258750.0,51.04399760779454,1117.839111328125,1314.6416015625,1254.813507080078,74506125.0,44.48734277291324,1117.839111328125,1322.5135498046875,0,0,0,0,-10.126558177386368,-15.476169488531088,-13.414605434510364,0.042756529100603,0.141813401025414,-0.2697380154347619,3,22,9,3,2011,0,0,0.0563375513713702,1,1180.8154296875,0.0563375513713702,1,1180.8154296875,0.0563375513713702,1,1204.43212890625,0.0774646518453288,1,1180.8154296875,0.0563375513713702,1
2012-12-03 00:00:00+07:00,1519.0643310546875,1519.0643310546875,1399.1381996556331,1519.0643310546875,44270000,0.0,0.0,1445.5095703125,1438.31396484375,1406.3336547851563,1332.4591845703126,1250.036170654297,1456.726742165048,1438.5658487490548,1409.285535790213,1353.4122063642255,1270.1339795576023,1503.7914475324253,1406.3336547851563,1308.8758620378874,68.62750263750661,37.60769435840598,34.39424740666174,3.2134469517442383,100.0,66.66664113992961,48.54151760661877,34565830005,0.0795455284810278,0.025109465253226,1407.1331787109375,64790000.0,0.0795455284810278,1439.11328125,47047500.0,0.0555557723261666,1431.1185302734375,38332500.0,0.0614524925230661,1455.103515625,17165000.0,0.0439561960663774,1375.1527099609375,56560000.0,0.1046513743901489,1445.5095703125,52341500.0,42.83155040617173,1407.1331787109375,1519.0643310546875,1438.31396484375,38228250.0,32.08010534168643,1407.1331787109375,1519.0643310546875,1406.3336547851563,45935625.0,48.72889637363448,1319.1873779296875,1519.0643310546875,0,0,1,0,4.395619606637746,10.465137439014892,14.457844069108615,0.0319548794703884,0.1385983936538267,1.078356399687136,0,3,12,4,2012,0,0,-0.0747106176182832,0,1405.5740966796875,-0.0747106176182832,0,1413.60595703125,-0.0694232442086357,0,1469.828857421875,-0.0324117106999861,0,1477.8609619140625,-0.0271241765725731,0
2012-12-04 00:00:00+07:00,1405.5740966796875,1469.8289125279016,1405.5740966796875,1405.5740966796875,81522500,8.7,0.0,1440.40068359375,1437.3585571289063,1409.8534912109376,1334.9864233398437,1251.048115234375,1439.6758603365947,1432.567348372806,1408.9320653987345,1355.457770690322,1271.4816424145386,1501.3960338979111,1409.8534912109376,1318.310948523964,51.45106245295812,32.6918895829856,34.05377584192652,-1.3618862589409204,21.13893686106992,53.71299383277228,53.79257870631794,34484307505,-0.0747106176182832,0.030786886416087,1519.0643310546875,44270000.0,-0.0747106176182832,1407.1331787109375,64790000.0,-0.0011079846988457,1439.11328125,47047500.0,-0.0233054513548652,1431.1185302734375,67267500.0,-0.0178492787657982,1415.128173828125,30310000.0,-0.0067513864292535,1440.40068359375,55192500.0,46.355698797806255,1405.5740966796875,1519.0643310546875,1437.3585571289063,43349500.0,32.97707697437961,1405.5740966796875,1519.0643310546875,1409.8534912109376,47822250.0,45.77127134348674,1319.1873779296875,1519.0643310546875,0,0,0,1,-1.7849278765798229,-0.6751386429253547,5.272462685045665,0.0382708950267291,0.1298610717463227,0.4766261980187544,1,4,12,4,2012,0,0,0.0057142916695289,1,1413.60595703125,0.0057142916695289,1,1413.60595703125,0.0057142916695289,1,1485.8924560546875,0.0571427430006941,1,1469.828857421875,0.0457142465089339,1
2013-02-25 00:00:00+07:00,1815.198486328125,1815.198486328125,1702.7525623962945,1815.198486328125,51457500,0.0,0.0,1694.72080078125,1652.9552001953125,1616.8118835449218,1531.8348706054687,1329.5865002441406,1712.739068142364,1671.1262996927032,1624.4291985458538,1545.598920389055,1381.6092413534543,1745.5431838457416,1616.8118835449218,1488.080583244102,81.81817867803868,55.51391982678069,42.46643998206669,13.047479844714005,100.0,97.22222108928696,36.71705380342923,35122557505,0.0710898978719101,0.0189956176355736,1694.720947265625,15.0,0.0710898978719101,1662.5933837890625,41210000.0,0.0917873871188361,1654.5615234375,60172500.0,0.0970873313655253,1638.4976806640625,58192500.0,0.1078431832704505,1630.4659423828125,11472500.0,0.1133004616308259,1694.72080078125,37256503.0,69.78932036223674,1646.5296630859375,1815.198486328125,1652.9552001953125,43978501.5,65.44845881916318,1582.27490234375,1815.198486328125,1616.8118835449218,55954125.75,64.36565015040993,1518.0201416015625,1815.198486328125,0,0,0,0,10.78431832704505,11.330046163082596,21.505364746372635,0.0202275696459522,0.159240913072177,1.2705453231638792,0,25,2,1,2013,0,0,-0.0442477679715261,0,1734.8800048828125,-0.0442477679715261,0,1767.0074462890625,-0.0265486338833091,0,1718.81640625,-0.0530972677666184,0,1726.848388671875,-0.048672416995548,0
2013-06-28 00:00:00+07:00,1552.226484375,1616.902587890625,1544.1419714355468,1616.902587890625,107192500,0.0,0.0,1515.0377197265625,1543.3335083007812,1557.8856323242187,1676.1074072265626,1538.0865551757813,1545.6441946387515,1543.3469910547649,1572.8599527200306,1634.2675807175185,1555.9731731004672,1685.8583258434803,1557.8856323242187,1429.912938804957,58.208974732844425,-43.14073825822448,-50.03602353979179,6.895285281567318,81.48140426234973,51.851764709147055,68.14090459353454,34251427520,0.0582012585610529,0.0308015748632796,1527.97265625,106682500.0,0.0582012585610529,1511.803955078125,87612500.0,0.0695186915336973,1447.1279296875,95547500.0,0.1173183481019448,1487.550537109375,160320000.0,0.0869564075669042,1584.5648193359375,159700000.0,0.0204079808917123,1515.0377197265625,92526500.0,65.32960456402452,1447.1279296875,1616.902587890625,1543.3335083007812,91675250.0,66.38821918231525,1447.1279296875,1624.9873046875,1557.8856323242187,122607500.0,63.98634675963082,1447.1279296875,1673.494384765625,0,0,1,0,8.695640756690427,2.0407980891712363,-7.407418540276023,0.0421428632150497,0.1642902288383498,0.730584173636712,4,28,6,2,2013,0,0,-0.0100001766615586,0,1600.7332763671875,-0.0100001766615586,0,1527.97265625,-0.0550001789264503,0,1536.0576171875,-0.0499999018546897,0,1633.071533203125,0.0099999501723808,1
2013-08-19 00:00:00+07:00,1673.4943513569078,1673.4943513569078,1536.0576171875,1536.0576171875,116827500,0.0,0.0,1686.429345703125,1686.4293579101563,1668.2392517089845,1600.5718505859377,1593.449997558594,1649.2387515323462,1667.6749379340986,1658.7297342002944,1643.1403008969596,1576.9897582595056,1766.9788854903366,1668.2392517089845,1569.499617927632,39.18917126634424,15.868710876792877,25.403062071542912,-9.534351194750036,0.0,36.842114167526354,57.16906157655122,34471902520,-0.0776698765824647,0.0274001031032659,1665.4097900390625,51192500.0,-0.0776698765824647,1738.1702880859375,33870000.0,-0.1162789815726298,1762.423583984375,31005000.0,-0.1284401598196508,1665.4097900390625,55177500.0,-0.0776698765824647,1633.071533203125,19867500.0,-0.0594057970169504,1686.429345703125,51512500.0,91.39417815412956,1536.0576171875,1762.423583984375,1686.4293579101563,48847250.0,63.45170299207223,1536.0576171875,1762.423583984375,1668.2392517089845,41227250.0,49.36981689067611,1536.0576171875,1762.423583984375,0,0,0,1,-7.766987658246471,-5.940579701695048,-6.862740163634717,0.0372180450374166,0.1183758668670588,-0.169344362843119,0,19,8,3,2013,0,0,-0.0052634490054503,0,1527.97265625,-0.0052634490054503,0,1511.803955078125,-0.0157895523175641,0,1471.3814697265625,-0.0421052874171208,0,1439.043212890625,-0.0631580503304993,0
2013-09-09 00:00:00+07:00,1430.9588237905248,1511.803955078125,1406.7052844042446,1511.803955078125,65470000,0.0,0.0,1427.72490234375,1442.2770751953126,1521.5052978515623,1572.9228125,1604.1409649658203,1449.446517844221,1458.624913109473,1499.8626071004728,1560.9780604871228,1561.4047320818606,1750.6867201765251,1521.5052978515623,1292.3238755265995,48.0000374462616,-51.06698055312995,-48.1487713148172,-2.918209238312756,72.00007919384775,35.96495334114206,60.63384979594226,34222995020,0.0625001233250845,0.0309579763847033,1422.8741455078125,47942500.0,0.0625001233250845,1390.535888671875,80572500.0,0.0872095912044925,1382.45166015625,89020000.0,0.0935673185905503,1439.043212890625,77840000.0,0.0505618882989236,1471.3814697265625,98412500.0,0.0274724714040843,1427.72490234375,71412000.0,51.322423568263325,1382.45166015625,1511.803955078125,1442.2770751953126,81306750.0,38.902929597462055,1382.45166015625,1511.803955078125,1521.5052978515623,76623875.0,114.59071116248144,1382.45166015625,1762.423583984375,0,0,0,0,5.056188829892361,2.747247140408437,-9.223305632023138,0.0401069527515615,0.301256160788369,0.4788347967408948,0,9,9,3,2013,0,0,0.0481285050309663,1,1584.5648193359375,0.0481285050309663,1,1608.8179931640625,0.0641710439770109,1,1624.9873046875,0.0748664198351869,1,1722.0015869140625,0.1390376253018039,1
2013-09-19 00:00:00+07:00,1713.9169492368344,2021.1284778736256,1713.9169492368344,1746.2550048828125,144540000,0.0,0.0,1649.240673828125,1597.499755859375,1522.3137817382812,1586.0197412109376,1612.5775323486328,1658.2819150104488,1610.2921983478354,1576.5356218923891,1580.856231747393,1566.7484396056198,1722.6298955779223,1522.3137817382812,1321.99766789864,81.81822175014872,25.684860757589604,-4.450169259666457,30.13503001725606,58.02472310731744,86.00816970910635,77.95787090195513,34802332520,0.0693071120146759,0.027409802557371,1633.071533203125,43920000.0,0.0693071120146759,1633.071533203125,59975000.0,0.0693071120146759,1624.9873046875,66107500.0,0.0746268600656134,1608.8179931640625,82987500.0,0.0854273213643344,1390.535888671875,80572500.0,0.2558144087533698,1649.240673828125,79733500.0,55.12912495641062,1608.8179931640625,1746.2550048828125,1597.499755859375,82079500.0,84.120442376588,1422.8741455078125,1746.2550048828125,1522.3137817382812,83494500.0,100.15805691982068,1382.45166015625,1746.2550048828125,0,0,0,0,8.54273213643344,25.58144087533698,15.508032573745446,0.0446428904621445,0.263173225182139,1.0589695677797613,3,19,9,3,2013,0,0,-0.0277777758359983,0,1697.7479248046875,-0.0277777758359983,0,1689.6630859375,-0.0324075915528214,0,1673.494384765625,-0.0416666637539975,0,1689.6630859375,-0.0324075915528214,0
2014-03-14 00:00:00+07:00,1677.1928388539611,1807.1448263680693,1665.009840024513,1799.0228271484375,198642500,0.0,0.0,1712.11748046875,1708.4625244140625,1695.264245605469,1641.7808349609377,1621.294663696289,1727.3109996739204,1711.557801222238,1693.9680755078002,1659.1632668283603,1616.5948310294557,1755.0923303707168,1695.264245605469,1635.4361608402205,71.42863959012548,22.7045771253554,19.66644817421676,3.0381289511386385,94.8717961145266,58.60812558970099,33.648282176484194,35341877020,0.0674698913864082,0.0170837534542437,1685.3148193359375,41286500.0,0.0674698913864082,1681.2540283203125,71547000.0,0.0700481883429502,1689.375732421875,80642000.0,0.0649039125058186,1721.8638916015625,90006500.0,0.0448112861435912,1660.9488525390625,120073000.0,0.0831295764455983,1712.11748046875,91886900.0,49.45421878860544,1681.2540283203125,1799.0228271484375,1708.4625244140625,90515550.0,36.122853480348205,1669.07080078125,1799.0228271484375,1695.264245605469,81797475.0,29.914042382624103,1660.9488525390625,1799.0228271484375,0,0,1,0,4.48112861435912,8.312957644559837,6.746989138640824,0.0187036438163593,0.0705826067179047,1.3671394208095915,4,14,3,1,2014,0,0,-0.0112865090945978,0,1778.7181396484375,-0.0112865090945978,0,1738.10791015625,-0.0338600022595274,0,1677.1929931640625,-0.0677200045190548,0,1721.8638916015625,-0.0428893588132934,0
2014-08-29 00:00:00+07:00,1831.817626953125,1938.128471374512,1831.817626953125,1831.817626953125,84465500,0.0,0.0,1912.777392578125,1918.501892089844,1917.2750610351563,1869.9257788085936,1734.3393475341798,1899.46513947441,1910.903322389378,1909.4050599373527,1880.7351984902448,1767.89000179222,1962.8378470463635,1917.2750610351563,1871.712275023949,27.27283830077981,7.583433466744054,15.721775301599662,-8.138341834855607,0.0,66.66599635971104,25.701570700985208,36029281520,-0.0548521755736201,0.013243424628787,1938.128173828125,64730500.0,-0.0548521755736201,1938.128173828125,56590500.0,-0.0548521755736201,1929.9508056640625,58021500.0,-0.0508475026528831,1929.9508056640625,34615000.0,-0.0508475026528831,1929.9508056640625,29399500.0,-0.0508475026528831,1912.777392578125,59458100.0,45.56848065664828,1831.817626953125,1938.128173828125,1918.501892089844,46780850.0,31.484078156711945,1831.817626953125,1938.128173828125,1917.2750610351563,45280100.0,22.781393005603537,1831.817626953125,1938.128173828125,0,0,0,0,-5.084750265288318,-5.084750265288318,-3.448260331478492,0.0140306383795065,0.0475286900009093,-0.4377986023617073,4,29,8,3,2014,0,0,0.0446426655560183,1,1913.5948486328125,0.0446426655560183,1,1913.5948486328125,0.0446426655560183,1,1979.017333984375,0.0803571845064556,1,1970.8392333984373,0.0758927113702623,1
2015-08-27 00:00:00+07:00,2007.928658621652,2107.085629417783,2007.928658621652,2082.29638671875,113488500,0.0,0.0,1958.35009765625,2043.4597900390625,2131.0484619140625,2188.807353515625,2241.41421875,2005.8657953832096,2039.3786996937383,2097.226283697737,2172.331681293664,2189.892958979781,2382.1899748094343,2131.0484619140625,1879.9069490186907,35.71428320187124,-65.45234426013849,-47.822182679047096,-17.630161581091393,55.172470273630026,35.34481855550612,77.02373995609521,36497018520,0.0632913128267742,0.0262886526282939,1958.349853515625,104006500.0,0.0632913128267742,1921.1661376953125,184156000.0,0.083871064486247,1867.456298828125,173094000.0,0.1150442385320837,2028.58642578125,127105500.0,0.0264765455663615,2173.190185546875,148795000.0,-0.0418250549043649,1958.35009765625,136916600.0,79.09501118227672,1867.456298828125,2082.29638671875,2043.4597900390625,113012700.0,113.09988043846148,1867.456298828125,2189.716064453125,2131.0484619140625,89672500.0,125.57075644768584,1867.456298828125,2288.873291015625,0,0,0,0,2.6476545566361587,-4.182505490436494,-1.9455377277093344,0.0369898062770343,0.2356976083686072,0.4029390349821952,3,27,8,3,2015,0,0,0.0198413991839219,1,2123.612060546875,0.0198413991839219,1,2078.164794921875,-0.0019841516429779,0,2032.7181396484373,-0.0238094093552346,0,1970.7445068359373,-0.0535715667540461,0
2015-10-05 00:00:00+07:00,2032.718039949577,2115.348854581673,2012.0603362915529,2074.033447265625,110755500,0.0,0.0,2002.970947265625,1984.378955078125,1982.9327819824216,2069.24064453125,2223.514793701172,2007.9772624581071,1995.296443087647,2000.779468555394,2059.0281335399427,2146.710557159641,2059.2077855245466,1982.9327819824216,1906.6577784402969,56.7164228468314,-16.510164061047362,-28.56027781822562,12.05011375717826,83.3333323708018,63.19443407293438,64.33401638292143,36438074020,0.0568421246439947,0.022313050245665,1962.4818115234373,43348000.0,0.0568421246439947,1983.1396484375,49868500.0,0.0458332820382767,2028.58642578125,91292000.0,0.0224032956677566,1896.376953125,49442500.0,0.0936820571711065,2028.58642578125,99438000.0,0.0224032956677566,2002.970947265625,72664000.0,47.59346902133419,1962.4818115234373,2074.033447265625,1984.378955078125,68082150.0,48.887023805406045,1896.376953125,2074.033447265625,1982.9327819824216,62110225.0,38.13750177106249,1896.376953125,2074.033447265625,0,0,0,0,9.368205717110657,2.2403295667756677,2.448985892348765,0.0310187940641644,0.0769315069428319,1.0971855853988297,0,5,10,4,2015,0,0,0.0318721976221745,1,2140.137451171875,0.0318721976221745,1,2164.92724609375,0.0438246542976237,1,2210.373779296875,0.0657368048769893,1,2181.452880859375,0.0517925271337211,1
2015-11-30 00:00:00+07:00,2174.143071338384,2178.292199337121,2053.818359375,2053.818359375,356188000,0.0,0.0,2191.56943359375,2184.5158447265626,2179.761376953125,2137.5606103515624,2227.065689697265,2157.7614371865084,2173.6502505070325,2174.55333193957,2154.3388042137085,2157.389094654406,2276.7438405469006,2179.761376953125,2082.778913359349,38.769660649877295,4.665734713465099,13.016605811672806,-8.350871098207707,0.0,42.63566077599999,51.54141583141801,37177501520,-0.0589352899713724,0.0198275235464032,2182.441162109375,23257500.0,-0.0589352899713724,2244.678466796875,84898500.0,-0.0850278158966035,2240.529296875,51458500.0,-0.0833334059770684,2207.3359375,52341000.0,-0.0695488056516091,2140.94970703125,36399000.0,-0.04069752193155,2191.56943359375,122093600.0,81.06216405974712,2053.818359375,2244.678466796875,2184.5158447265626,91215200.0,56.32402101100663,2053.818359375,2244.678466796875,2179.761376953125,69699275.0,48.49123179688792,2053.818359375,2244.678466796875,0,0,0,1,-6.954880565160915,-4.069752193155008,-2.718748500296908,0.0250954109919937,0.0889844774929795,-0.1493081991897752,0,30,11,4,2015,1,0,0.0707069530362178,1,2199.03759765625,0.0707069530362178,1,2207.3359375,0.0747473979012034,1,2194.888916015625,0.0686869683468767,1,2190.739501953125,0.066666627042808,1
2015-12-01 00:00:00+07:00,2107.7567917158017,2211.484980284493,2107.7567917158017,2199.03759765625,144760000,0.0,0.0,2184.1009765625,2186.5904052734377,2181.053747558594,2140.9696337890623,2226.814912109375,2171.520157343089,2178.2661318068904,2176.88516676973,2156.0916980742004,2157.803507619599,2278.3558591328806,2181.053747558594,2083.751635984307,55.44546812591849,6.223476407563794,11.657979930851004,-5.4345035232872085,64.81464251922108,37.10873993453684,60.44241206119263,37322261520,0.0707069530362178,0.0252142123415628,2053.818359375,356188000.0,0.0707069530362178,2182.441162109375,23257500.0,0.0076045282846637,2244.678466796875,84898500.0,-0.020332920645759,2236.3798828125,94665500.0,-0.0166976484823713,2178.2919921875,77918000.0,0.0095237945799528,2184.1009765625,132112500.0,77.54547960928726,2053.818359375,2244.678466796875,2186.5904052734377,97899400.0,56.451222837588105,2053.818359375,2244.678466796875,2181.053747558594,73873275.0,48.65105578714336,2053.818359375,2244.678466796875,0,0,0,0,-1.669764848237132,0.9523794579952892,1.1893764421207598,0.0274858475023858,0.0892248636084313,0.5924124348726293,1,1,12,4,2015,0,1,0.0037736234490008,1,2207.3359375,0.0037736234490008,1,2178.2919921875,-0.0094339476009236,0,2161.695556640625,-0.0169810834773468,0,2174.143310546875,-0.0113205372822672,0
2020-03-09 00:00:00+07:00,5220.5628443712185,5255.366596667027,5033.49267578125,5033.49267578125,140889500,0.0,0.0,5425.90458984375,5463.318505859375,5641.905297851563,5780.81580078125,5427.104396972656,5342.426282369258,5452.666215260592,5573.863390638047,5670.560105480225,5409.290414782971,6104.149028369086,5641.905297851563,5179.661567334039,22.916605426379377,-131.35883679713334,-85.56242942619369,-45.79640737093965,0.0,25.977027033030808,168.1146490500136,42591515520,-0.0669353885400406,0.0214692609105293,5394.5810546875,77835500.0,-0.0669353885400406,5599.05322265625,77583000.0,-0.1010100323009061,5603.40283203125,83025000.0,-0.1017078681175963,5290.16943359375,144871500.0,-0.0485195722054846,5677.361328125,84910000.0,-0.1134098422015343,5425.90458984375,98799300.0,235.4762667758304,5033.49267578125,5603.40283203125,5463.318505859375,111734000.0,189.0637179156974,5033.49267578125,5681.71142578125,5641.905297851563,103492425.0,231.12186525876172,5033.49267578125,5916.6376953125,0,0,0,0,-4.851957220548464,-11.340984220153436,-14.738392686185776,0.0333992040673667,0.1638608612213132,-0.1581080303556957,0,9,3,1,2020,0,0,0.0242003928179141,1,5155.30517578125,0.0242003928179141,1,4837.7216796875,-0.0388936686121956,0,4837.7216796875,-0.0388936686121956,0,3854.51513671875,-0.2342265331456969,0
2020-03-17 00:00:00+07:00,4781.165030479431,4789.865967750549,4454.8798828125,4454.8798828125,212200000,0.0,0.0,4811.61865234375,5084.392822265625,5342.158081054688,5663.0051171875,5422.426125488281,4784.971185165563,4994.318004044619,5239.502098184819,5496.449547685135,5377.613385232645,6108.732184661698,5342.158081054688,4575.583977447677,21.73910073134323,-272.05414859628854,-185.05580955763867,-86.99833903864987,0.0,6.116728666932101,210.6870381578408,42289932520,-0.0791367966624591,0.0284374090694694,4837.7216796875,0.0,-0.0791367966624591,4837.7216796875,0.0,-0.0791367966624591,4837.7216796875,129845500.0,-0.0791367966624591,5155.30517578125,133667000.0,-0.1358649525268124,5498.9931640625,114663500.0,-0.1898735368637263,4811.61865234375,87050000.0,227.39269154788303,4454.8798828125,5090.04833984375,5084.392822265625,94825000.0,367.7168789910088,4454.8798828125,5603.40283203125,5342.158081054688,104037325.0,383.2870518035051,4454.8798828125,5825.27783203125,0,0,0,0,-13.58649525268124,-18.987353686372632,-23.52502299003476,0.0472935396015274,0.2869904229624248,-0.0787295670876569,1,17,3,1,2020,0,0,-0.0234374743111103,0,4350.46875,-0.0234374743111103,0,4119.8935546875,-0.0751953670888906,0,3915.422119140625,-0.1210936720770345,0,4768.11376953125,0.0703125325392604,1
2020-03-19 00:00:00+07:00,4346.117599388861,4346.117599388861,4045.935302734375,4045.935302734375,264419000,0.0,0.0,4505.345458984375,4803.787622070313,5183.800939941406,5597.400043945312,5413.92843383789,4442.069794318376,4726.105557750168,5049.223021903772,5396.388582226418,5354.244207390837,6163.925880110816,5183.800939941406,4203.675999771996,18.939362617645088,-357.43224382521566,-239.2460696274477,-118.18617419776795,0.0,4.413145710068775,237.72213953691653,41845460020,-0.0700001459074094,0.0308125592662666,4350.46875,180053500.0,-0.0700001459074094,4454.8798828125,212200000.0,-0.0917969935970408,4837.7216796875,0.0,-0.1636692702429858,4837.7216796875,129845500.0,-0.1636692702429858,5599.05322265625,77583000.0,-0.2773893831973719,4505.345458984375,131334500.0,338.5776001183624,4045.935302734375,4837.7216796875,4803.787622070313,123211450.0,409.9241650520076,4045.935302734375,5394.5810546875,5183.800939941406,115695025.0,490.062470084705,4045.935302734375,5755.669921875,0,0,0,0,-16.366927024298583,-27.738938319737198,-29.49205984526005,0.0587557935927092,0.3781491425017908,-0.0804696883901131,3,19,3,1,2020,0,0,0.0182796427572979,1,4119.8935546875,0.0182796427572979,1,3915.422119140625,-0.0322578523451784,0,4794.216796875,0.1849464803935228,1,4781.1650390625,0.1817205865430504,1
2020-03-23 00:00:00+07:00,4141.646061124436,4350.468551601298,3832.762793960744,3854.51513671875,217843500,0.0,0.0,4165.138525390625,4558.421118164062,5010.869812011719,5522.484946289063,5402.670257568359,4174.623521867195,4477.454274131826,4855.363042466155,5287.827411853255,5327.161643934832,6161.908102906171,5010.869812011719,3859.831521117266,13.372025240188536,-425.1054478595897,-299.89427408140114,-125.2111737781886,4.740413218434744,7.750189046739725,307.9510022808828,41962748520,-0.0644139015841342,0.0331943247845927,4119.8935546875,335132000.0,-0.0644139015841342,4045.935302734375,264419000.0,-0.0473117219363979,4350.46875,180053500.0,-0.1140000404051287,4837.7216796875,0.0,-0.2032375171761146,5033.49267578125,140889500.0,-0.2342265331456969,4165.138525390625,241929600.0,240.3334930934527,3854.51513671875,4454.8798828125,4558.421118164062,156636500.0,456.7179086303948,3854.51513671875,5155.30517578125,5010.869812011719,134185250.0,575.5191454472262,3854.51513671875,5681.71142578125,0,0,0,0,-20.32375171761146,-23.422653314569697,-32.10727811837655,0.0798935771057922,0.4594165620249247,-0.0023093864211871,0,23,3,1,2020,0,0,0.0158014640652632,1,3915.422119140625,0.0158014640652632,1,4794.216796875,0.2437924425836328,1,4807.267578125,0.2471782851052191,1,4920.3798828125,0.2765236893066383,1
2020-03-26 00:00:00+07:00,4045.9356966885657,4694.155501856949,4045.9356966885657,4594.0947265625,331633000,0.0,0.0,4105.97216796875,4384.837451171875,4872.959985351563,5454.182578125,5394.694770507813,4256.846945048615,4415.053539946976,4749.48770379422,5208.912974104122,5305.960059032187,6043.271928662998,4872.959985351563,3702.648042040128,32.52646726718568,-403.2575982978351,-343.95369382966754,-59.30390446816756,47.16049329252549,19.93387065646821,371.3435440147956,42548352520,0.1733331903357673,0.0536771630838004,3915.422119140625,253971000.0,0.1733331903357673,3854.51513671875,217843500.0,0.1918735725794387,4119.8935546875,335132000.0,0.115100345574576,4350.46875,180053500.0,0.0559999371475774,5090.04833984375,93204500.0,-0.0974359338395741,4105.97216796875,280599700.0,292.2335633003701,3854.51513671875,4594.0947265625,4384.837451171875,192509750.0,387.5608305116365,3854.51513671875,4837.7216796875,4872.959985351563,154501900.0,585.1559716557175,3854.51513671875,5603.40283203125,0,0,0,0,5.599993714757745,-9.743593383957416,-17.757015391081154,0.0808306241200757,0.480328977389295,0.3808585777566257,3,26,3,1,2020,0,0,0.0435607191892275,1,4794.216796875,0.0435607191892275,1,4807.267578125,0.0464014924050129,1,4707.20751953125,0.0246213453794814,1,4868.17529296875,0.059659319783188,1
2020-04-30 00:00:00+07:00,4319.459721046905,4646.959740880379,4319.459721046905,4576.14892578125,174081000,0.0,0.0,4377.87900390625,4492.221435546875,4650.397338867188,4877.6440234375,5335.290437011719,4437.845192325406,4487.048838773042,4581.246761315005,4850.977544315831,5168.647680017069,5072.787143862944,4650.397338867188,4228.007533871431,38.87742045868762,-128.50961222690057,-118.94759527086696,-9.562016956033602,50.38623735240388,19.93394997433444,168.80988536658995,42078888520,0.0659792362764153,0.0258457956367508,4292.90625,121161000.0,0.0659792362764153,4275.203125,180488000.0,0.0703933338328222,4390.27099609375,151103500.0,0.0423386004765731,4531.89208984375,105419500.0,0.0097656420453351,4559.29150390625,176990500.0,0.0036973775115183,4377.87900390625,151596600.0,120.1632634378968,4275.203125,4576.14892578125,4492.221435546875,129577650.0,154.2329588534878,4275.203125,4720.2578125,4650.397338867188,119626175.0,211.194902497878,4275.203125,4989.98779296875,0,0,0,0,0.9765642045335144,0.3697377511518329,-4.02601223520872,0.0368890715980731,0.1816575119143036,0.4121091321241957,3,30,4,2,2020,1,0,0.0096713033025239,1,4620.40625,0.0096713033025239,1,4739.89990234375,0.0357835768062431,1,4686.791015625,0.0241779915029449,1,4217.66943359375,-0.078336500407119,0
2020-05-28 00:00:00+07:00,4425.676124291785,4708.919396246459,4425.676124291785,4686.791015625,229233000,0.0,0.0,4368.14228515625,4379.20654296875,4452.451611328125,4565.135400390625,5270.24330078125,4453.410669236075,4427.8803770502345,4470.246762000265,4674.139622914736,5071.676158264871,4835.123581471343,4452.451611328125,4069.779641184907,52.44298105645687,-72.38677829156677,-92.62873468943792,20.241956397871164,85.4166419469499,55.09265019441599,173.86590082963747,41869533520,0.0664652816372006,0.029375955082459,4394.6962890625,151753500.0,0.0664652816372006,4399.1220703125,176076500.0,0.0653923534547575,4217.66943359375,119158000.0,0.1112276790339932,4217.66943359375,139997500.0,0.1112276790339932,4686.791015625,40615500.0,0.0,4368.14228515625,160945100.0,210.23130648945545,4142.4326171875,4686.791015625,4379.20654296875,149541400.0,183.6791656960144,4142.4326171875,4686.791015625,4452.451611328125,136828850.0,191.33598507160892,4142.4326171875,4739.89990234375,0,0,1,0,11.12276790339932,0.0,3.4179747158673117,0.037097003098708,0.1718927025145458,0.8061883578893586,3,28,5,2,2020,0,0,-0.0198299784509073,0,4593.85205078125,-0.0198299784509073,0,5116.08203125,0.0915959372188377,1,5067.39990234375,0.0812088453378574,1,5018.716796875,0.0708215450920284,1
2020-06-03 00:00:00+07:00,4788.5819704260375,5116.08203125,4779.730617430796,5116.08203125,279673500,0.0,0.0,4707.14921875,4474.801025390625,4524.14755859375,4558.9107421875,5263.976145019531,4759.754817794486,4620.283223629504,4565.008010905661,4691.208687883635,5064.23286644352,5003.962524997937,4524.14755859375,4044.3325921895616,63.476069268934445,23.67540163731337,-54.00367118642303,77.67907282373639,100.0,84.58674929871803,196.62649772062363,41931162520,0.0783583222429513,0.0331887020077385,4744.32470703125,181369500.0,0.0783583222429513,4593.85205078125,399414000.0,0.1136801914158156,4686.791015625,229233000.0,0.0915959372188377,4399.1220703125,176076500.0,0.1629779645752294,4354.86572265625,131268000.0,0.1747967347497103,4707.14921875,248288700.0,264.33198824709393,4394.6962890625,5116.08203125,4474.801025390625,201097000.0,308.2513971900891,4142.4326171875,5116.08203125,4524.14755859375,156714650.0,239.9074832020939,4142.4326171875,5116.08203125,0,0,0,0,16.29779645752294,17.479673474971037,19.668747464484504,0.0384330228717193,0.212112872177551,1.1168361911387474,2,3,6,2,2020,0,0,0.0017300493159972,1,5124.93310546875,0.0017300493159972,1,5222.29833984375,0.0207612598752249,1,5133.78466796875,0.0034601940724598,1,5062.97314453125,-0.0103807730983105,0
2020-09-10 00:00:00+07:00,5505.541190431369,5505.541190431369,5142.6357421875,5142.6357421875,175735000,0.0,0.0,5497.57490234375,5601.135888671875,5608.6595458984375,5478.544658203125,5287.698774414062,5447.079321110491,5536.950416541788,5561.546402283669,5444.625927149087,5231.201524512176,5895.3769892853215,5608.6595458984375,5321.9421025115535,36.02149756312113,3.272712348732057,57.588325178472864,-54.31561282974081,0.0,15.00004361718019,169.7564775022811,41759471520,-0.0696556192012024,0.023714564157856,5527.6689453125,49285000.0,-0.0696556192012024,5607.33251953125,39649000.0,-0.0828730551871386,5563.07470703125,64249500.0,-0.0755767245606734,5753.37939453125,68208500.0,-0.1061538985112435,5841.892578125,68326000.0,-0.1196969691904077,5497.57490234375,81906400.0,203.4704501692704,5142.6357421875,5647.16259765625,5601.135888671875,76057600.0,183.87970475231745,5142.6357421875,5771.08203125,5608.6595458984375,65432000.0,143.3587216934422,5142.6357421875,5841.892578125,0,0,0,0,-10.615389851124355,-11.969696919040771,-5.065353821392183,0.0330096250274324,0.1022409868313572,-0.3126882658515221,3,10,9,3,2020,0,0,0.0163510321475699,1,5226.72314453125,0.0163510321475699,1,5186.892578125,0.0086058663604033,1,5093.953125,-0.0094664719859766,0,4819.56103515625,-0.0628227864518798,0
2020-11-05 00:00:00+07:00,5222.297740409044,5470.1355992759145,5222.297740409044,5443.58154296875,161090000,0.0,0.0,5216.98720703125,5172.730517578125,5156.1341552734375,5216.810087890625,5187.138935546875,5254.035933922179,5201.107650516106,5161.649167773197,5182.210553270569,5184.77061245316,5319.205353002476,5156.1341552734375,4993.062957544399,63.84975139685495,29.80892612946536,0.083276036649055,29.72565009281631,93.68420389811118,79.16401172431975,113.48706453272123,41837241020,0.0567009527550352,0.016925846060884,5151.4873046875,78626000.0,0.0567009527550352,5213.44677734375,78152000.0,0.0441425366851551,5151.4873046875,151006500.0,0.0567009527550352,5147.0615234375,70452500.0,0.0576095735753352,5222.29833984375,56871500.0,0.0423727617085203,5216.98720703125,111671300.0,130.77840011820993,5124.93310546875,5443.58154296875,5172.730517578125,94494900.0,99.48300875844136,5107.23095703125,5443.58154296875,5156.1341552734375,87537675.0,81.53559886451919,5045.27099609375,5443.58154296875,0,0,0,0,5.760957357533525,4.2372761708520335,11.413067375971586,0.0208478670957556,0.06325327961541,1.3813554806071255,3,5,11,4,2020,0,0,0.0243903751685772,1,5576.3525390625,0.0243903751685772,1,5735.67578125,0.0536584665767587,1,5682.56884765625,0.0439025856049111,1,5855.169921875,0.0756098490777421,1
2021-09-30 00:00:00+07:00,5941.727343750001,6301.83203125,5937.22603515625,6301.83203125,156848000,0.0,0.0,5989.44140625,5941.27734375,5913.144189453125,5775.3590234375,5830.789985351563,6038.431480956975,5973.502248586205,5923.230771616353,5826.128551964409,5713.590479633625,6110.776507001568,5913.144189453125,5715.511871904683,76.08685783817532,60.91335073464143,42.50794306898131,18.40540766566012,100.0,82.48646277487876,88.7401261666023,41455057520,0.0638297767113045,0.0166167046468345,5923.72216796875,74079000.0,0.0638297767113045,5869.70654296875,80186000.0,0.0736196068948094,5923.72216796875,55052500.0,0.0638297767113045,5923.72216796875,60998500.0,0.0638297767113045,5851.70068359375,58672500.0,0.0769231667843624,5989.44140625,85341000.0,176.2880686797487,5869.70654296875,6301.83203125,5941.27734375,80423850.0,130.3126887352176,5842.6982421875,6301.83203125,5913.144189453125,67261825.0,98.81615877422108,5797.68603515625,6301.83203125,0,0,1,0,6.382977671130452,7.69231667843624,7.033634172867642,0.014081639390982,0.0668450865449706,1.48336103785658,3,30,9,3,2021,1,0,-0.03428566469696,0,6085.76953125,-0.03428566469696,0,6252.31787109375,-0.0078571056655771,0,6445.87353515625,0.0228570839704971,1,6977.0283203125,0.1071428571428572,1
2022-05-09 00:00:00+07:00,7222.367874948602,7245.296026932566,6970.158203125,6970.158203125,456796600,0.0,0.0,7346.18046875,7229.246875,7196.001000976563,7191.743271484375,6589.865151367188,7254.792511713316,7249.180806981482,7220.592425817024,7158.217753831475,6699.699661894637,7508.531394046575,7196.001000976563,6883.470607906551,42.42422286856349,32.60938499722761,23.510128181158905,9.099256816068705,0.0,60.000010047395484,152.30861489606806,41537777920,-0.0646155096199588,0.019338614558524,7451.650390625,133730600.0,-0.0646155096199588,7520.43408203125,89463100.0,-0.073170760211972,7451.650390625,128360900.0,-0.0646155096199588,7222.36865234375,85956100.0,-0.0349207387990232,7061.87158203125,93342900.0,-0.0129871207428371,7346.18046875,179926160.0,220.27765750288447,6970.158203125,7520.43408203125,7229.246875,140639580.0,209.03931228413944,6970.158203125,7520.43408203125,7196.001000976563,108135360.0,156.26519653500603,6970.158203125,7520.43408203125,0,0,0,0,-3.4920738799023243,-1.2987120742837144,-4.702195445602476,0.0218515291127512,0.0868622428005773,0.1386866639863561,0,9,5,2,2022,0,0,-0.0098683113642114,0,6901.37451171875,-0.0098683113642114,0,6672.09326171875,-0.0427630094927566,0,6786.7333984375,-0.0263157304815927,0,6740.876953125,-0.0328946981285451,0
2025-03-26 00:00:00+07:00,8300.0,8650.0,8275.0,8525.0,283104600,0.0,0.0,8110.0,8221.7912109375,8402.59345703125,8762.8285546875,9541.060161132811,8213.527079064534,8249.506869047276,8383.411894693392,8719.272417305345,9257.388689119478,9005.76232679897,8402.59345703125,7799.424587263528,45.36825663524685,-181.2810334494516,-178.35659910576888,-2.924434343682691,70.52629931973775,42.73401309808671,270.3092084494476,41607633320,0.0590062111801241,0.0231564847680855,8050.0,136341700.0,0.0590062111801241,7950.0,331836800.0,0.0723270440251573,7900.0,377916400.0,0.0791139240506328,8076.49267578125,214108200.0,0.0555324374358285,8852.6123046875,87968900.0,-0.0370074158239176,8110.0,256423360.0,247.86589115894105,7900.0,8525.0,8221.7912109375,225932490.0,274.80672260012506,7900.0,8707.08984375,8402.59345703125,184973210.0,301.58443488386047,7900.0,8852.6123046875,0,0,0,0,5.5532437435828585,-3.700741582391765,0.1402601448853957,0.0317078250380583,0.1435673099864165,0.6014695461785766,2,26,3,1,2025,0,0,-0.002932551319648,0,8500.0,-0.002932551319648,0,7925.0,-0.0703812316715543,0,8275.0,-0.0293255131964809,0,8300.0,-0.0263929618768328,0
2025-04-08 00:00:00+07:00,7400.0,8000.0,7275.0,7775.0,533073600,0.0,0.0,8160.0,8129.7015625,8394.141943359375,8715.79123046875,9531.09037109375,8131.012035139793,8200.496333825036,8335.514045315907,8673.980420588287,9235.177334170454,9052.708216351864,8394.141943359375,7735.575670366885,33.43593256680178,-181.6957587540965,-174.49444798141482,-7.201310772681637,30.74804392904624,56.613859566176295,349.5736009251879,40951615820,-0.0852941176470588,0.0291808111276469,8500.0,122943900.0,-0.0852941176470588,8525.0,283104600.0,-0.0879765395894428,8050.0,136341700.0,-0.0341614906832298,7900.0,377916400.0,-0.0158227848101265,8488.806640625,111397800.0,-0.0840879844298638,8160.0,281460120.0,336.61922107927285,7775.0,8525.0,8129.7015625,272091390.0,250.5713678252416,7775.0,8525.0,8394.141943359375,193119755.0,329.2831364962449,7775.0,8852.6123046875,0,0,0,1,-1.5822784810126556,-8.408798442986388,-4.875603249446336,0.0449612348456833,0.1569109213154259,0.0299319379460271,1,8,4,2,2025,0,0,0.0192926045016077,1,7925.0,0.0192926045016077,1,8275.0,0.0643086816720257,1,8575.0,0.1028938906752412,1,8725.0,0.1221864951768487,1
