Date,original,trend,seasonal,residual
2003-09-28 00:00:00+07:00,23.37495422363281,,0.995752432114514,
2003-10-05 00:00:00+07:00,23.799953460693356,,0.9922091210805379,
2003-10-12 00:00:00+07:00,25.499950790405272,,0.9928129272021142,
2003-10-19 00:00:00+07:00,27.83744659423828,,0.9696904416188091,
2003-10-26 00:00:00+07:00,28.474948120117187,,0.9977048999370038,
2003-11-02 00:00:00+07:00,25.287450790405273,,0.9999168584001639,
2003-11-09 00:00:00+07:00,25.712450408935545,,1.013683990030109,
2003-11-16 00:00:00+07:00,25.924950408935548,,1.0250194793407654,
2003-11-23 00:00:00+07:00,24.86245193481445,,1.0146692152193135,
2003-11-30 00:00:00+07:00,26.562450408935547,,1.007304030286924,
2003-12-07 00:00:00+07:00,27.83744697570801,,1.00536247148243,
2003-12-14 00:00:00+07:00,30.17494316101074,,0.9967673439808471,
2003-12-21 00:00:00+07:00,30.812441635131837,,0.9995357966962249,
2003-12-28 00:00:00+07:00,35.699928283691406,,1.0065138739687234,
2004-01-04 00:00:00+07:00,38.24992446899414,,1.0067310857112388,
2004-01-11 00:00:00+07:00,38.249925994873045,,1.0130315228380347,
2004-01-18 00:00:00+07:00,37.18742752075195,,1.0210694744451112,
2004-01-25 00:00:00+07:00,36.33742752075195,,1.0035100938601036,
2004-02-01 00:00:00+07:00,35.48742752075195,,0.9961440840285984,
2004-02-08 00:00:00+07:00,33.99993133544922,,1.0002414542044642,
2004-02-15 00:00:00+07:00,35.06242752075195,,0.9886399730110438,
2004-02-22 00:00:00+07:00,35.06242752075195,,0.9743029777998222,
2004-02-29 00:00:00+07:00,34.424929809570315,,0.9688495079041246,
2004-03-07 00:00:00+07:00,35.69992904663086,,0.9656791836103706,
2004-03-14 00:00:00+07:00,34.637429809570314,,0.9676037580447733,
2004-03-21 00:00:00+07:00,33.36243362426758,,0.970126390751558,
2004-03-28 00:00:00+07:00,33.57493286132812,32.250058841705325,0.9726500594834875,1.0703554478242354
2004-04-04 00:00:00+07:00,33.36243362426758,32.55160578947801,0.964138687403569,1.0630306717215836
2004-04-11 00:00:00+07:00,33.99993133544922,32.861508864622856,0.9634037021675569,1.0739454652023952
2004-04-18 00:00:00+07:00,35.0624282836914,33.172451283381534,0.9818270188151479,1.0765382027502406
2004-04-25 00:00:00+07:00,36.12492752075195,33.44592986473671,0.9969664898429357,1.0833858242712915
2004-05-02 00:00:00+07:00,35.699927520751956,33.72178241656377,1.0045176428498317,1.0538996096335165
2004-05-09 00:00:00+07:00,32.299937057495114,34.083989510169395,1.0156936862805788,0.9330147300009973
2004-05-16 00:00:00+07:00,28.89994659423828,34.57293810477624,1.0214959207995222,0.818321788636706
2004-05-23 00:00:00+07:00,29.112446594238282,35.14535365471473,1.0012756584074973,0.8272887692945903
2004-05-30 00:00:00+07:00,30.38744239807129,35.76035881776077,0.9817993515436325,0.8655049177446101
2004-06-06 00:00:00+07:00,31.87493896484375,36.457484160936794,0.9949079724205117,0.8787791718941219
2004-06-13 00:00:00+07:00,31.33140411376953,37.15530635026785,1.008695266023317,0.8359860473379415
2004-06-20 00:00:00+07:00,31.091875076293945,37.78466142140902,1.008703575544791,0.8157701667690876
2004-06-27 00:00:00+07:00,30.86156768798828,38.4504878777724,1.0168899427327052,0.7893001339998384
2004-07-04 00:00:00+07:00,31.322186279296876,39.12474363767184,1.0189480776240203,0.7856850851339243
2004-07-11 00:00:00+07:00,33.1646728515625,39.77375699556791,1.0294753606944338,0.8099592039299969
2004-07-18 00:00:00+07:00,32.704052734375,40.456544670691855,1.0243367031266322,0.7891690645170196
2004-07-25 00:00:00+07:00,33.39498519897461,41.161055385149446,1.0077047678416438,0.8051215296797738
2004-08-01 00:00:00+07:00,32.704052734375,41.894357952704794,1.005446257250155,0.7764029440575768
2004-08-08 00:00:00+07:00,32.934363555908206,42.664582399221565,1.020779106017039,0.7562232126625857
2004-08-15 00:00:00+07:00,32.473741912841795,43.427336700146014,1.0170185549638036,0.735258853035171
2004-08-22 00:00:00+07:00,32.243431091308594,44.17898570574248,1.01607680821553,0.7182885941061082
2004-08-29 00:00:00+07:00,32.243431091308594,44.98299152667706,1.0115467397817945,0.708609484505515
2004-09-05 00:00:00+07:00,35.69808502197266,45.82176072780903,1.0087043104317681,0.7723413193432754
2004-09-12 00:00:00+07:00,38.922428894042966,46.680044434620775,1.0097484088517237,0.8257631447557534
2004-09-19 00:00:00+07:00,38.00118713378906,47.575027729914744,1.0043775433186521,0.7952819395977085
2004-09-26 00:00:00+07:00,39.152739715576175,48.464670126254745,0.995752432114514,0.8113075552439541
2004-10-03 00:00:00+07:00,39.383050537109376,49.28052706351647,0.9922091210805379,0.8054355485792526
2004-10-10 00:00:00+07:00,42.14677352905274,50.07029523115892,0.9928129272021142,0.8478455753573831
2004-10-17 00:00:00+07:00,43.52863540649414,50.87038673987756,0.9696904416188091,0.8824231608508891
2004-10-24 00:00:00+07:00,41.22553176879883,51.5731486944052,0.9977048999370038,0.8011992129582908
2004-10-31 00:00:00+07:00,41.22553253173828,52.18177166718703,0.9999168584001639,0.7901027323568036
2004-11-07 00:00:00+07:00,47.44390640258789,52.85495411065908,1.013683990030109,0.885507314644916
2004-11-14 00:00:00+07:00,55.04414825439453,53.62908023687509,1.0250194793407654,1.0013333675926919
2004-11-21 00:00:00+07:00,55.27447128295897,54.40918603310218,1.0146692152193135,1.0012162369522573
2004-11-28 00:00:00+07:00,60.110968017578124,55.16143198013307,1.007304030286924,1.0818265070877362
2004-12-05 00:00:00+07:00,66.78996505737305,55.90222818668072,1.00536247148243,1.188391201996496
2004-12-12 00:00:00+07:00,63.79593276977539,56.64305992860062,0.9967673439808471,1.129932457573218
2004-12-19 00:00:00+07:00,62.644379425048825,57.39586607492888,0.9995357966962249,1.0919509878341607
2004-12-26 00:00:00+07:00,73.1139419555664,58.17985933743991,1.0065138739687234,1.2485552555065897
2005-01-02 00:00:00+07:00,70.95850982666016,58.98475155463585,1.0067310857112388,1.1949541807950845
2005-01-09 00:00:00+07:00,73.03872985839844,59.77933513934796,1.0130315228380347,1.2060884875546385
2005-01-16 00:00:00+07:00,73.40854187011719,60.56879938565768,1.0210694744451112,1.1869770985410943
2005-01-23 00:00:00+07:00,73.38542747497559,61.35186281204224,1.0035100938601036,1.1919562892845028
2005-01-30 00:00:00+07:00,74.70289459228516,62.14339292966403,0.9961440840285984,1.2067583395397006
2005-02-06 00:00:00+07:00,74.88780670166015,62.988270444136404,1.0002414542044642,1.1886297014169522
2005-02-13 00:00:00+07:00,73.5009994506836,63.96330272234404,0.9886399730110438,1.1623159520415396
2005-02-20 00:00:00+07:00,74.79535217285157,65.03693569623508,0.9743029777998222,1.1803763809706367
2005-02-27 00:00:00+07:00,78.30861053466796,66.10431653536283,0.9688495079041246,1.2227097513376621
2005-03-06 00:00:00+07:00,79.04824523925781,67.09497048671429,0.9656791836103706,1.2200268755123773
2005-03-13 00:00:00+07:00,80.55061912536621,67.99318120662983,0.9676037580447733,1.2243510988382937
2005-03-20 00:00:00+07:00,80.52750701904297,68.88570947647095,0.970126390751558,1.2049993138335664
2005-03-27 00:00:00+07:00,78.93266868591309,69.75250475956842,0.9726500594834875,1.1634302760658297
2005-04-03 00:00:00+07:00,72.85381927490235,70.53733918850239,0.964138687403569,1.0712571683193264
2005-04-10 00:00:00+07:00,76.64443511962891,71.29056276174693,0.9634037021675569,1.115938532910291
2005-04-17 00:00:00+07:00,75.62744140625,72.08200611701379,0.9818270188151479,1.0686058898028528
2005-04-24 00:00:00+07:00,68.64715766906738,72.91711471264182,0.9969664898429357,0.9443055092942415
2005-05-01 00:00:00+07:00,66.47448654174805,73.76496111796455,1.0045176428498317,0.897113319559495
2005-05-08 00:00:00+07:00,71.53635215759277,74.56806737459624,1.0156936862805788,0.9445199822554797
2005-05-15 00:00:00+07:00,70.17264862060547,75.23924305989193,1.0214959207995222,0.913033714739225
2005-05-22 00:00:00+07:00,68.97074737548829,75.7711546971248,1.0012756584074973,0.9090910205931847
2005-05-29 00:00:00+07:00,68.76272010803223,76.22612481484046,0.9817993515436325,0.9188115915756366
2005-06-05 00:00:00+07:00,70.54246673583984,76.58824302966781,0.9949079724205117,0.9257753743420225
2005-06-12 00:00:00+07:00,69.7103775024414,76.9412695664626,1.008695266023317,0.8982104508835718
2005-06-19 00:00:00+07:00,71.00474090576172,77.3858980325552,1.008703575544791,0.9096241036879568
2005-06-26 00:00:00+07:00,72.48400115966797,77.76821162150458,1.0168899427327052,0.9165709629468792
2005-07-03 00:00:00+07:00,73.40854339599609,78.07528528800378,1.0189480776240203,0.9227434531815428
2005-07-10 00:00:00+07:00,73.71500854492187,78.38684506783117,1.0294753606944338,0.9134752359749749
2005-07-17 00:00:00+07:00,74.25799865722657,78.69460229873658,1.0243367031266322,0.9212034613560609
2005-07-24 00:00:00+07:00,73.27963562011719,79.01031476167532,1.0077047678416438,0.9203779295248089
2005-07-31 00:00:00+07:00,75.13853454589844,79.33333703554597,1.005446257250155,0.9419939991856444
2005-08-07 00:00:00+07:00,78.36714324951171,79.71058719341572,1.020779106017039,0.9631329371707126
2005-08-14 00:00:00+07:00,88.44431915283204,80.14501982468826,1.0170185549638036,1.0850869138913966
2005-08-21 00:00:00+07:00,87.93068313598633,80.6090338927049,1.01607680821553,1.0735695681768396
2005-08-28 00:00:00+07:00,87.56378631591797,81.06539110036998,1.0115467397817945,1.0678324036341076
2005-09-04 00:00:00+07:00,83.40574073791504,81.51613275087796,1.0087043104317681,1.0143515546683326
2005-09-11 00:00:00+07:00,84.62868804931641,81.98764983323903,1.0097484088517237,1.0222473496138373
2005-09-18 00:00:00+07:00,85.11786804199218,82.46846166023843,1.0043775433186521,1.0276278128170684
2005-09-25 00:00:00+07:00,82.18276824951172,82.96247888344986,0.995752432114514,0.994827243593378
2005-10-02 00:00:00+07:00,77.97580261230469,83.48559649540829,0.9922091210805379,0.9413369020619727
2005-10-09 00:00:00+07:00,81.88927307128907,84.03542003631591,0.9928129272021142,0.981515624400868
2005-10-16 00:00:00+07:00,86.09624481201172,84.64088869828443,0.9696904416188091,1.0489888699359167
2005-10-23 00:00:00+07:00,85.50921630859375,85.45495747419504,0.9977048999370038,1.0029367810147105
2005-10-30 00:00:00+07:00,85.11787414550781,86.70040425520676,0.9999168584001639,0.9818287734806632
2005-11-06 00:00:00+07:00,87.07461547851562,88.31317971669709,1.013683990030109,0.9726653749751827
2005-11-13 00:00:00+07:00,85.21571044921875,90.26904266063984,1.0250194793407654,0.9209768499400416
2005-11-20 00:00:00+07:00,80.42171936035156,92.38363000429594,1.0146692152193135,0.857933935648283
2005-11-27 00:00:00+07:00,82.28061218261719,94.20133103223948,1.007304030286924,0.8671213978798632
2005-12-04 00:00:00+07:00,82.280615234375,95.88867895419783,1.00536247148243,0.853507860610366
2005-12-11 00:00:00+07:00,85.0200424194336,97.60777641443107,0.9967673439808471,0.8738624877134196
2005-12-18 00:00:00+07:00,87.66163024902343,99.30324332163885,0.9995357966962249,0.8831770144893333
2005-12-25 00:00:00+07:00,87.85730438232422,100.96719032434319,1.0065138739687234,0.8645255592688758
2006-01-01 00:00:00+07:00,88.15080871582032,102.56922027147733,1.0067310857112388,0.8536812995717361
2006-01-08 00:00:00+07:00,88.24864807128907,104.25884744937605,1.0130315228380347,0.8355494961158892
2006-01-15 00:00:00+07:00,90.20537567138672,106.02518940705522,1.0210694744451112,0.8332360849884008
2006-01-22 00:00:00+07:00,89.42268981933594,107.70598466579733,1.0035100938601036,0.8273440511501
2006-01-29 00:00:00+07:00,92.25994873046875,109.38801397910487,0.9961440840285984,0.8466839191062676
2006-02-05 00:00:00+07:00,96.5647689819336,111.15451188454261,1.0002414542044642,0.8685338723912378
2006-02-12 00:00:00+07:00,97.00503082275391,113.00163839046773,0.9886399730110438,0.8683031003199584
2006-02-19 00:00:00+07:00,99.54878387451171,114.90959632580096,0.9743029777998222,0.8891716963285133
2006-02-26 00:00:00+07:00,101.01632843017578,116.77509122261634,0.9688495079041246,0.892863441887863
2006-03-05 00:00:00+07:00,103.21765899658203,118.55555892724259,0.9656791836103706,0.9015695035007665
2006-03-12 00:00:00+07:00,105.41898193359376,120.32302001072811,0.9676037580447733,0.9054668343690407
2006-03-19 00:00:00+07:00,105.66357421875,122.05461639991174,0.970126390751558,0.8923654928081239
2006-03-26 00:00:00+07:00,105.17439270019531,123.75637651590202,0.9726500594834875,0.8737472265206563
2006-04-02 00:00:00+07:00,101.01632690429688,125.52923557574935,0.964138687403569,0.834655344995734
2006-04-09 00:00:00+07:00,105.6635757446289,127.25641238872822,0.9634037021675569,0.86186117507803
2006-04-16 00:00:00+07:00,109.57704162597656,128.9079332938561,0.9818270188151479,0.8657748109804256
2006-04-23 00:00:00+07:00,119.36071014404297,130.5367730947641,0.9969664898429357,0.9171660288016281
2006-04-30 00:00:00+07:00,145.2873992919922,132.15804367065434,1.0045176428498317,1.0944017522010183
2006-05-07 00:00:00+07:00,160.45208740234375,133.7957901587853,1.0156936862805788,1.180701649302758
2006-05-14 00:00:00+07:00,184.66665954589843,135.45684814453125,1.0214959207995222,1.3345992931778017
2006-05-21 00:00:00+07:00,174.3938201904297,137.17702595637394,1.0012756584074973,1.2696851784288246
2006-05-28 00:00:00+07:00,152.38055419921875,138.87692146301268,0.9817993515436325,1.1175751259506521
2006-06-04 00:00:00+07:00,162.4088165283203,140.46435951819785,0.9949079724205117,1.162145613809017
2006-06-11 00:00:00+07:00,156.63016357421876,142.01575609353873,1.008695266023317,1.0933995442426299
2006-06-18 00:00:00+07:00,160.41351318359375,143.57604243938738,1.008703575544791,1.1076317899676043
2006-06-25 00:00:00+07:00,156.12571716308594,145.15270146590015,1.0168899427327052,1.05773133706544
2006-07-02 00:00:00+07:00,156.37794189453126,146.81075208370507,1.0189480776240203,1.0453592710849
2006-07-09 00:00:00+07:00,166.46683654785156,148.5432529596182,1.0294753606944338,1.0885762112920723
2006-07-16 00:00:00+07:00,165.2057342529297,150.08744597801797,1.0243367031266322,1.0745781756416575
2006-07-23 00:00:00+07:00,157.13460693359374,151.40389951559212,1.0077047678416438,1.0299152036189698
2006-07-30 00:00:00+07:00,166.21461181640626,152.69089662111722,1.005446257250155,1.082672716220429
2006-08-06 00:00:00+07:00,171.00684814453126,153.91892078106216,1.020779106017039,1.088402976682266
2006-08-13 00:00:00+07:00,187.90577087402343,155.0625155522273,1.0170185549638036,1.1915284502799983
2006-08-20 00:00:00+07:00,186.89685668945313,156.11193703871504,1.01607680821553,1.1782551482145482
2006-08-27 00:00:00+07:00,182.60908203125,157.1882691310002,1.0115467397817945,1.148461092663844
2006-09-03 00:00:00+07:00,173.52908630371093,158.3918130141038,1.0087043104317681,1.0861146543927829
2006-09-10 00:00:00+07:00,178.32129516601563,159.52634654411904,1.0097484088517237,1.107025470289106
2006-09-17 00:00:00+07:00,171.51128540039062,160.61310954460734,1.0043775433186521,1.0631993872073124
2006-09-24 00:00:00+07:00,172.77240295410155,161.76831129514258,0.995752432114514,1.0725796325793264
2006-10-01 00:00:00+07:00,171.76351013183594,163.02155284881596,0.9922091210805379,1.0618976653454928
2006-10-08 00:00:00+07:00,167.7279541015625,164.38528863466706,0.9928129272021142,1.027720637666052
2006-10-15 00:00:00+07:00,172.01573791503907,165.76129336723915,0.9696904416188091,1.0701679526110648
2006-10-22 00:00:00+07:00,168.9890625,167.0765323932354,0.9977048999370038,1.013773742348493
2006-10-29 00:00:00+07:00,170.2501678466797,168.19391557253326,0.9999168584001639,1.012309650532734
2006-11-05 00:00:00+07:00,172.26795654296876,169.15871108128474,1.013683990030109,1.0046332491690702
2006-11-12 00:00:00+07:00,172.77239990234375,169.8952231040368,1.0250194793407654,0.9921128598336667
2006-11-19 00:00:00+07:00,171.76352233886718,170.6157073632265,1.0146692152193135,0.992173086589062
2006-11-26 00:00:00+07:00,167.72794189453126,171.90855839558137,1.007304030286924,0.9686064306047678
2006-12-03 00:00:00+07:00,161.92684326171874,173.6245505455213,1.00536247148243,0.9276519145734408
2006-12-10 00:00:00+07:00,166.71905822753905,176.01159457182268,0.9967673439808471,0.9502768944101507
2006-12-17 00:00:00+07:00,168.23239440917968,179.23802220760246,0.9995357966962249,0.9390335969890633
2006-12-24 00:00:00+07:00,171.2590789794922,182.91538488436967,1.0065138739687234,0.9302155672727779
2006-12-31 00:00:00+07:00,177.18629837036133,186.61172503446923,1.0067310857112388,0.9431433977286965
2007-01-07 00:00:00+07:00,179.39324951171875,190.07976271311446,1.0130315228380347,0.931638131956134
2007-01-14 00:00:00+07:00,159.65684814453124,193.5273522352561,1.0210694744451112,0.807960080436369
2007-01-21 00:00:00+07:00,156.88238525390625,197.02997894776172,1.0035100938601036,0.7934510288264203
2007-01-28 00:00:00+07:00,158.6479522705078,200.52290485577709,0.9961440840285984,0.7942337234754583
2007-02-04 00:00:00+07:00,157.8912780761719,203.74861861497928,1.0002414542044642,0.7747447066838051
2007-02-11 00:00:00+07:00,154.6123779296875,206.32959199073986,0.9886399730110438,0.7579570106043677
2007-02-18 00:00:00+07:00,151.08127136230468,208.2584097837791,0.9743029777998222,0.7445846058315012
2007-02-25 00:00:00+07:00,161.42237854003906,209.93828908969195,0.9688495079041246,0.7936257778159929
2007-03-04 00:00:00+07:00,167.98017272949218,211.88920405950307,0.9656791836103706,0.8209492759160223
2007-03-11 00:00:00+07:00,158.64795532226563,214.18617240221076,0.9676037580447733,0.7655005426671639
2007-03-18 00:00:00+07:00,165.45795288085938,216.6363682428996,0.970126390751558,0.7872777203958847
2007-03-25 00:00:00+07:00,165.52099609375,219.3679174031967,0.9726500594834875,0.7757528169579655
2007-04-01 00:00:00+07:00,171.00684509277343,222.40930023682427,0.964138687403569,0.7974822787989839
2007-04-08 00:00:00+07:00,177.50157928466797,225.90562008099678,0.9634037021675569,0.8155805781259601
2007-04-15 00:00:00+07:00,180.8435302734375,230.0872284864768,0.9818270188151479,0.8005260783621982
2007-04-22 00:00:00+07:00,184.87908020019532,235.44296549772608,0.9969664898429357,0.7876286252327223
2007-04-29 00:00:00+07:00,195.9768798828125,241.1886555647239,1.0045176428498317,0.8088917266817935
2007-05-06 00:00:00+07:00,210.1013397216797,246.80699225694707,1.0156936862805788,0.8381246414891999
2007-05-13 00:00:00+07:00,211.61465759277343,253.45185403579322,1.0214959207995222,0.8173604827020344
2007-05-20 00:00:00+07:00,222.37618509928384,260.8400845503196,1.0012756584074973,0.8514522253921033
2007-05-27 00:00:00+07:00,238.85469665527344,267.95464733319415,0.9817993515436325,0.907924531679764
2007-06-03 00:00:00+07:00,254.39785766601562,275.5751826115144,0.9949079724205117,0.9278770538312741
2007-06-10 00:00:00+07:00,312.893701171875,284.2314133326213,1.008695266023317,1.0913517854761081
2007-06-17 00:00:00+07:00,339.6984497070313,292.9757084235167,1.008703575544791,1.1494719861861173
2007-06-24 00:00:00+07:00,359.2864990234375,301.3062643638024,1.0168899427327052,1.1726240167461635
2007-07-01 00:00:00+07:00,337.63653564453125,309.5209869849376,1.0189480776240203,1.0705507982184888
2007-07-08 00:00:00+07:00,345.8841613769531,317.93836574065375,1.0294753606944338,1.0567488432124954
2007-07-15 00:00:00+07:00,344.3377197265625,326.68951281034026,1.0243367031266322,1.0289793794320214
2007-07-22 00:00:00+07:00,342.2757995605469,335.30519786736903,1.0077047678416438,1.012984020126184
2007-07-29 00:00:00+07:00,344.33771362304685,343.04171898670694,1.005446257250155,0.998340730068242
2007-08-05 00:00:00+07:00,328.35797729492185,350.88253891773724,1.020779106017039,0.9167565949513687
2007-08-12 00:00:00+07:00,298.9758728027344,359.3205943180964,1.0170185549638036,0.8181353472324281
2007-08-19 00:00:00+07:00,276.4238052368164,367.49700124691697,1.01607680821553,0.7402784428313202
2007-08-26 00:00:00+07:00,267.7895812988281,375.5154058114076,1.0115467397817945,0.704985139545909
2007-09-02 00:00:00+07:00,291.2437438964844,383.69349348606204,1.0087043104317681,0.7525031008226508
2007-09-09 00:00:00+07:00,299.49134521484376,391.93914977831724,1.0097484088517237,0.7567500404956486
2007-09-16 00:00:00+07:00,305.16160278320314,399.72332163101584,1.0043775433186521,0.7601046786502677
2007-09-23 00:00:00+07:00,323.2031982421875,406.45217226468606,0.995752432114514,0.7985733721414185
2007-09-30 00:00:00+07:00,337.63652954101565,412.66671440907015,0.9922091210805379,0.8246065352271629
2007-10-07 00:00:00+07:00,365.4721984863281,418.76275462126125,0.9928129272021142,0.8790607199116168
2007-10-14 00:00:00+07:00,409.1587677001953,424.7047329731477,0.9696904416188091,0.9935086355730287
2007-10-21 00:00:00+07:00,488.8426818847656,430.79881499852905,0.9977048999370038,1.1373457599946981
2007-10-28 00:00:00+07:00,447.9483154296875,437.0249482277112,0.9999168584001639,1.0250800634671449
2007-11-04 00:00:00+07:00,478.8768249511719,443.26795049814075,1.013683990030109,1.0657489193171106
2007-11-11 00:00:00+07:00,557.2291564941406,449.90580401298337,1.0250194793407654,1.2083148636381449
2007-11-18 00:00:00+07:00,555.6827392578125,456.8502369220441,1.0146692152193135,1.1987498564399885
2007-11-25 00:00:00+07:00,523.7232543945313,464.0250916701097,1.007304030286924,1.120468937258967
2007-12-02 00:00:00+07:00,598.4671997070312,472.06177885593513,1.00536247148243,1.261010911850002
2007-12-09 00:00:00+07:00,630.4266967773438,480.56454627208217,0.9967673439808471,1.3161005398865904
2007-12-16 00:00:00+07:00,613.9314453125,488.9558947734344,0.9995357966962249,1.2561798993272997
2007-12-23 00:00:00+07:00,591.9378458658854,497.4661092415834,1.0065138739687234,1.1822051394469666
2007-12-30 00:00:00+07:00,610.8386840820312,506.6424002525134,1.0067310857112388,1.1975992668258413
2008-01-06 00:00:00+07:00,621.1482543945312,516.291874117729,1.0130315228380347,1.187618679084753
2008-01-13 00:00:00+07:00,628.0211385091146,525.4360495445056,1.0210694744451112,1.1705746185018646
2008-01-20 00:00:00+07:00,584.5493408203125,533.4376132769463,1.0035100938601036,1.091982792682555
2008-01-27 00:00:00+07:00,535.5791931152344,540.3620661906707,0.9961440840285984,0.9949853422028091
2008-02-03 00:00:00+07:00,596.4053100585937,547.191145569239,1.0002414542044642,1.0896765144668858
2008-02-10 00:00:00+07:00,593.6561075846354,554.2209355378761,0.9886399730110438,1.0834624068501997
2008-02-17 00:00:00+07:00,562.3838623046875,561.398152801318,0.9743029777998222,1.0281768963347109
2008-02-24 00:00:00+07:00,584.0338623046875,569.1269809820714,0.9688495079041246,1.0591867279883085
2008-03-02 00:00:00+07:00,595.8898071289062,577.4447428581043,0.9656791836103706,1.0686184181214522
2008-03-09 00:00:00+07:00,588.2865753173828,585.4514182848808,0.9676037580447733,1.038485720048203
2008-03-16 00:00:00+07:00,545.3732055664062,591.6559996189213,0.970126390751558,0.9501588224133519
2008-03-23 00:00:00+07:00,485.4062093098958,595.7188321431477,0.9726500594834875,0.8377363889390271
2008-03-30 00:00:00+07:00,497.43401489257815,599.1387573046562,0.964138687403569,0.8611296742536834
2008-04-06 00:00:00+07:00,485.0625915527344,602.578083781707,0.9634037021675569,0.8355571114505622
2008-04-13 00:00:00+07:00,491.2482666015625,603.2305832593871,0.9818270188151479,0.8294356539899432
2008-04-20 00:00:00+07:00,508.2588745117188,600.4223711845203,0.9969664898429357,0.849077913747637
2008-04-27 00:00:00+07:00,520.11494140625,596.8955052400246,1.0045176428498317,0.8674480049714917
2008-05-04 00:00:00+07:00,535.2355143229166,592.8958507342215,1.0156936862805788,0.8887994117246834
2008-05-11 00:00:00+07:00,576.8172485351563,588.2912926698341,1.0214959207995222,0.959862845989784
2008-05-18 00:00:00+07:00,579.3946166992188,583.7923702924679,1.0012756584074973,0.9912024859890547
2008-05-25 00:00:00+07:00,628.0211588541666,579.3250506278796,0.9817993515436325,1.1041529236751844
2008-06-01 00:00:00+07:00,701.0468627929688,574.3812145917846,0.9949079724205117,1.226772159586941
2008-06-08 00:00:00+07:00,750.5325073242187,568.7720910096782,1.008695266023317,1.3081912704699632
2008-06-15 00:00:00+07:00,774.7598876953125,563.6167031019163,1.008703575544791,1.3627610495574825
2008-06-22 00:00:00+07:00,809.2873657226562,559.3474114638109,1.0168899427327052,1.4228108741555616
2008-06-29 00:00:00+07:00,841.9699340820313,554.9346019451435,1.0189480776240203,1.4890275184550283
2008-07-06 00:00:00+07:00,845.096044921875,550.0104716765575,1.0294753606944338,1.4925165457383203
2008-07-13 00:00:00+07:00,796.1200805664063,545.2935215485402,1.0243367031266322,1.4252974430411607
2008-07-20 00:00:00+07:00,722.6560668945312,541.374357487605,1.0077047678416438,1.3246485192813426
2008-07-27 00:00:00+07:00,684.1005493164063,538.1035870478703,1.005446257250155,1.2644311612111447
2008-08-03 00:00:00+07:00,698.8193969726562,534.4608112188488,1.020779106017039,1.28090615501174
2008-08-10 00:00:00+07:00,659.6126098632812,530.3648098774446,1.0170185549638036,1.2228843087545562
2008-08-17 00:00:00+07:00,662.2176635742187,526.7787964551878,1.01607680821553,1.237217163443793
2008-08-24 00:00:00+07:00,685.7938537597656,523.3955204401261,1.0115467397817945,1.2953216742591143
2008-08-31 00:00:00+07:00,738.2867065429688,519.5948850876246,1.0087043104317681,1.408627960915664
2008-09-07 00:00:00+07:00,685.142626953125,515.412690656613,1.0097484088517237,1.3164752640485153
2008-09-14 00:00:00+07:00,564.7867797851562,511.4907910371438,1.0043775433186521,1.0993847529954708
2008-09-21 00:00:00+07:00,486.11260375976565,508.4228607666799,0.995752432114514,0.960197200971781
2008-09-28 00:00:00+07:00,530.3993408203125,505.79083526317896,0.9922091210805379,1.0568876054172007
2008-10-05 00:00:00+07:00,530.3993408203125,503.2923691382776,0.9928129272021142,1.0614882876063891
2008-10-12 00:00:00+07:00,312.09157104492186,501.1038722111629,0.9696904416188091,0.6422752191419896
2008-10-19 00:00:00+07:00,293.85582275390624,499.57406176053564,0.9977048999370038,0.5895658426999096
2008-10-26 00:00:00+07:00,276.1411163330078,498.3428159420307,0.9999168584001639,0.5541648604568548
2008-11-02 00:00:00+07:00,234.71995544433594,497.0275228549273,1.013683990030109,0.46587240672692776
2008-11-09 00:00:00+07:00,322.5119873046875,495.7982524676201,1.0250194793407654,0.63461268815903
2008-11-16 00:00:00+07:00,322.51198120117186,494.7255148178492,1.0146692152193135,0.6424762231076846
2008-11-23 00:00:00+07:00,292.2927673339844,493.5311576549824,1.007304030286924,0.5879534210231567
2008-11-30 00:00:00+07:00,315.7387390136719,491.50272380144173,1.00536247148243,0.6389682392546757
2008-12-07 00:00:00+07:00,329.8063049316406,489.5988491253976,0.9967673439808471,0.6758102343056452
2008-12-14 00:00:00+07:00,378.39149475097656,488.2636999179156,0.9995357966962249,0.7753335481872833
2008-12-21 00:00:00+07:00,383.4714660644531,485.970982116308,1.0065138739687234,0.7839763296376894
2008-12-28 00:00:00+07:00,360.3728739420573,482.0457316374168,1.0067310857112388,0.7425921819809493
2009-01-04 00:00:00+07:00,359.5045166015625,477.53602200043514,1.0130315228380347,0.7431478984728321
2009-01-11 00:00:00+07:00,399.10206298828126,473.5861592121615,1.0210694744451112,0.8253338897110576
2009-01-18 00:00:00+07:00,405.87535400390624,470.575637572851,1.0035100938601036,0.8594913215287627
2009-01-25 00:00:00+07:00,374.0930541992187,468.89053989312595,0.9961440840285984,0.8009142373517354
2009-02-01 00:00:00+07:00,379.04276275634766,468.4434108929757,1.0002414542044642,0.8089584666334342
2009-02-08 00:00:00+07:00,385.0345153808594,469.2353404020652,0.9886399730110438,0.8299860306170369
2009-02-15 00:00:00+07:00,398.06005859375,470.52405840555826,0.9743029777998222,0.8683058728493157
2009-02-22 00:00:00+07:00,396.49696044921876,471.18985712100294,0.9688495079041246,0.8685355637834016
2009-03-01 00:00:00+07:00,388.16063232421874,471.07766382266317,0.9656791836103706,0.8532692684852187
2009-03-08 00:00:00+07:00,361.067529296875,470.88249475528033,0.9676037580447733,0.792461810078803
2009-03-15 00:00:00+07:00,364.7146911621094,472.3245556073311,0.970126390751558,0.7959474833572707
2009-03-22 00:00:00+07:00,346.9999755859375,476.4873831137633,0.9726500594834875,0.7487234252604784
2009-03-29 00:00:00+07:00,362.1095962524414,481.4826570266333,0.964138687403569,0.780045392287918
2009-04-05 00:00:00+07:00,360.546533203125,485.8710351112562,0.9634037021675569,0.7702505258240507
2009-04-12 00:00:00+07:00,388.16064453125,492.3740461985271,0.9818270188151479,0.802936810551384
2009-04-19 00:00:00+07:00,452.2462097167969,501.3429220835368,0.9969664898429357,0.9048143646226401
2009-04-26 00:00:00+07:00,448.07804107666016,510.94200147971134,1.0045176428498317,0.8730205913139327
2009-05-03 00:00:00+07:00,470.48193359375,521.4718172709148,1.0156936862805788,0.8882789209354696
2009-05-10 00:00:00+07:00,513.726708984375,531.4729881188808,1.0214959207995222,0.9462683453784522
2009-05-17 00:00:00+07:00,530.9204406738281,540.3558273217617,1.0012756584074973,0.9812867810578068
2009-05-24 00:00:00+07:00,552.2821899414063,549.9120507949436,0.9817993515436325,1.0229279857751803
2009-05-31 00:00:00+07:00,565.8287109375,560.3034773215269,0.9949079724205117,1.0150297038571465
2009-06-07 00:00:00+07:00,687.7476928710937,571.3637623028877,1.008695266023317,1.1933187567179002
2009-06-14 00:00:00+07:00,698.6891845703125,582.5314895238632,1.008703575544791,1.1890525636931069
2009-06-21 00:00:00+07:00,646.9154174804687,593.2325514768942,1.0168899427327052,1.0723796798000098
2009-06-28 00:00:00+07:00,596.1158325195313,603.926801485893,1.0189480776240203,0.9687111506746701
2009-07-05 00:00:00+07:00,621.9403442382812,614.8298611274132,1.0294753606944338,0.9826024004143014
2009-07-12 00:00:00+07:00,608.4900512695312,625.8989967052754,1.0243367031266322,0.9490880218239616
2009-07-19 00:00:00+07:00,597.191845703125,636.8581525655892,1.0077047678416438,0.9305459922249731
2009-07-26 00:00:00+07:00,634.3146118164062,647.9123394599328,1.005446257250155,0.9737099384994518
2009-08-02 00:00:00+07:00,702.1039184570312,658.7103007536667,1.020779106017039,1.0441795175720192
2009-08-09 00:00:00+07:00,738.6887573242187,668.795327934852,1.0170185549638036,1.0860238984097996
2009-08-16 00:00:00+07:00,717.1681884765625,677.9858842116136,1.01607680821553,1.0410553650144863
2009-08-23 00:00:00+07:00,700.0863952636719,686.7753464918871,1.0115467397817945,1.0077457766215134
2009-08-30 00:00:00+07:00,712.3260620117187,695.8249130542463,1.0087043104317681,1.0148806765560396
2009-09-06 00:00:00+07:00,690.8056884765625,705.0073773310737,1.0097484088517237,0.9703961528372057
2009-09-13 00:00:00+07:00,709.098046875,714.4841070321892,1.0043775433186521,0.9881360014157927
2009-09-20 00:00:00+07:00,774.7353973388672,724.3311413691596,0.995752432114514,1.0741498347462244
2009-09-27 00:00:00+07:00,761.2850341796875,734.5460455527675,0.9922091210805379,1.0445399434142222
2009-10-04 00:00:00+07:00,755.9049682617188,745.3513979398286,0.9928129272021142,1.021500788195664
2009-10-11 00:00:00+07:00,762.8990966796875,756.5035988147441,0.9696904416188091,1.0399752111083813
2009-10-18 00:00:00+07:00,775.8113891601563,767.0441721109245,0.9977048999370038,1.0137565451586854
2009-10-25 00:00:00+07:00,792.4898071289062,776.9774512217596,0.9999168584001639,1.0200498099804967
2009-11-01 00:00:00+07:00,813.4721069335938,787.1197627727803,1.013683990030109,1.0195282450844176
2009-11-08 00:00:00+07:00,783.8816040039062,796.7399159944976,1.0250194793407654,0.9598464840139094
2009-11-15 00:00:00+07:00,784.9576416015625,805.475065612793,1.0146692152193135,0.9604386676399812
2009-11-22 00:00:00+07:00,823.6943481445312,813.4083666874812,1.007304030286924,1.0053027700304669
2009-11-29 00:00:00+07:00,865.0455169677734,820.1595186967116,1.00536247148243,1.0491025929605415
2009-12-06 00:00:00+07:00,930.7691650390625,825.8610784677359,0.9967673439808471,1.130683845106626
2009-12-13 00:00:00+07:00,938.872265625,830.4034684401292,0.9995357966962249,1.1311468838196712
2009-12-20 00:00:00+07:00,935.9011383056641,835.0286562406101,1.0065138739687234,1.1135477125258844
2009-12-27 00:00:00+07:00,920.1452026367188,841.120884352464,1.0067310857112388,1.0866369557185924
2010-01-03 00:00:00+07:00,933.650390625,847.7256848848784,1.0130315228380347,1.0871913333748244
2010-01-10 00:00:00+07:00,976.1462890625,854.2435538658729,1.0210694744451112,1.1191232140757088
2010-01-17 00:00:00+07:00,968.5833374023438,861.0314399132363,1.0035100938601036,1.1209758043375802
2010-01-24 00:00:00+07:00,961.0205078125,867.2024318988508,0.9961440840285984,1.1124743548874978
2010-01-31 00:00:00+07:00,915.1032836914062,872.1670094416693,1.0002414542044642,1.0489761382736547
2010-02-07 00:00:00+07:00,897.8168212890625,876.0264953613281,0.9886399730110438,1.0366504257655167
2010-02-14 00:00:00+07:00,841.09560546875,879.4526779174804,0.9743029777998222,0.9816097384429776
2010-02-21 00:00:00+07:00,867.5654907226562,883.3087968973012,0.9688495079041246,1.0137558889685667
2010-02-28 00:00:00+07:00,858.2470245361328,887.6655236464279,0.9656791836103706,1.0012213091435218
2010-03-07 00:00:00+07:00,845.957421875,892.8272817171537,0.9676037580447733,0.979227285340632
2010-03-14 00:00:00+07:00,865.4046875,898.7518993084248,0.970126390751558,0.9925470502656124
2010-03-21 00:00:00+07:00,870.4015502929688,904.4268250000782,0.9726500594834875,0.9894403183623185
2010-03-28 00:00:00+07:00,901.058056640625,909.8990915542996,0.964138687403569,1.027117273177342
2010-04-04 00:00:00+07:00,945.3547210693359,916.0581059773764,0.9634037021675569,1.0711824889379138
2010-04-11 00:00:00+07:00,963.18134765625,922.8265851925582,0.9818270188151479,1.0630482750549728
2010-04-18 00:00:00+07:00,973.4451293945312,929.7936049632538,0.9969664898429357,1.050133131640411
2010-04-25 00:00:00+07:00,959.9401489257813,936.4654144678361,1.0045176428498317,1.0204573183526497
2010-05-02 00:00:00+07:00,1013.4202270507812,942.315709314591,1.0156936862805788,1.058840109085289
2010-05-09 00:00:00+07:00,971.2843505859375,947.9549788646209,1.0214959207995222,1.0030487540792552
2010-05-16 00:00:00+07:00,981.818359375,954.6322980831832,1.0012756584074973,1.0271677295864439
2010-05-23 00:00:00+07:00,926.4475830078125,961.4489602113382,0.9817993515436325,0.9814583576393143
2010-05-30 00:00:00+07:00,893.7831268310547,967.0842311663506,0.9949079724205117,0.9289341708779699
2010-06-06 00:00:00+07:00,952.7554931640625,971.5203345469939,1.008695266023317,0.9722312665457656
2010-06-13 00:00:00+07:00,906.08994140625,976.2294490912021,1.008703575544791,0.9201440973471712
2010-06-20 00:00:00+07:00,920.5341918945312,981.316558671609,1.0168899427327052,0.9224797578364915
2010-06-27 00:00:00+07:00,956.0887817382812,986.2168790768354,1.0189480776240203,0.9514231992607125
2010-07-04 00:00:00+07:00,948.866650390625,991.8400219061435,1.0294753606944338,0.9292821550732546
2010-07-11 00:00:00+07:00,959.422119140625,998.1915534777518,1.0243367031266322,0.9383245989878622
2010-07-18 00:00:00+07:00,952.1999267578125,1004.5327239207733,1.0077047678416438,0.940655807982817
2010-07-25 00:00:00+07:00,921.089697265625,1010.1941178933167,1.005446257250155,0.9068557841590272
2010-08-01 00:00:00+07:00,931.6448974609375,1014.8425573886968,1.020779106017039,0.8993318340834062
2010-08-08 00:00:00+07:00,910.5343139648437,1018.9694124466333,1.0170185549638036,0.8786305367975363
2010-08-15 00:00:00+07:00,901.6456176757813,1023.6631992437901,1.01607680821553,0.8668665534457347
2010-08-22 00:00:00+07:00,916.6453399658203,1028.2995577103054,1.0115467397817945,0.8812431033861271
2010-08-29 00:00:00+07:00,948.86669921875,1032.8245845012177,1.0087043104317681,0.9107826765261019
2010-09-05 00:00:00+07:00,991.087890625,1037.807893938896,1.0097484088517237,0.9457623531777313
2010-09-12 00:00:00+07:00,1024.97607421875,1042.97423140697,1.0043775433186521,0.9784601787994346
2010-09-19 00:00:00+07:00,1049.0496419270833,1048.2109660026356,0.995752432114514,1.0050692018879892
2010-09-26 00:00:00+07:00,1056.0865112304687,1053.2977867517716,0.9922091210805379,1.0105204550989173
2010-10-03 00:00:00+07:00,1101.6409912109375,1058.0282847575654,0.9928129272021142,1.048758239560661
2010-10-10 00:00:00+07:00,1121.084912109375,1063.0670387072444,0.9696904416188091,1.087538750290071
2010-10-17 00:00:00+07:00,1142.1956298828125,1068.3983404697517,0.9977048999370038,1.071532096333407
2010-10-24 00:00:00+07:00,1119.9737548828125,1073.642918141683,0.9999168584001639,1.0432396657295788
2010-10-31 00:00:00+07:00,1094.4188232421875,1078.50847852658,1.013683990030109,1.001053764251747
2010-11-07 00:00:00+07:00,1089.4189208984376,1083.2381661439556,1.0250194793407654,0.9811577570841686
2010-11-14 00:00:00+07:00,1173.8615234375,1087.93412890312,1.0146692152193135,1.0633831699418823
2010-11-21 00:00:00+07:00,1143.7233276367188,1092.4181912153197,1.007304030286924,1.0393731272901245
2010-11-28 00:00:00+07:00,1131.084716796875,1097.5611973200091,1.00536247148243,1.0250468603522311
2010-12-05 00:00:00+07:00,1126.084716796875,1102.658886112311,0.9967673439808471,1.024556897319753
2010-12-12 00:00:00+07:00,1233.3046264648438,1107.5149942055725,0.9995357966962249,1.1140954324630046
2010-12-19 00:00:00+07:00,1170.528173828125,1112.4572036547538,1.0065138739687234,1.0453910871716487
2010-12-26 00:00:00+07:00,1195.1514892578125,1116.6989542838853,1.0067310857112388,1.0630981652561389
2011-01-02 00:00:00+07:00,1243.4509582519531,1120.5972762865897,1.0130315228380347,1.0953581378914035
2011-01-09 00:00:00+07:00,1326.9050048828126,1124.9201098906685,1.0210694744451112,1.1552151045656267
2011-01-16 00:00:00+07:00,1277.30634765625,1129.649001820882,1.0035100938601036,1.1267558000522866
2011-01-23 00:00:00+07:00,1241.082470703125,1134.714314367832,0.9961440840285984,1.0979737266009533
2011-01-30 00:00:00+07:00,1118.4790283203124,1140.0265596634301,1.0002414542044642,0.9808622637512789
2011-02-06 00:00:00+07:00,1123.6340026855469,1145.3964870550694,0.9886399730110438,0.9922722825897411
2011-02-13 00:00:00+07:00,1103.4322509765625,1149.6748070154433,0.9743029777998222,0.9850916292520724
2011-02-20 00:00:00+07:00,1087.4101257324219,1152.9387264642958,0.9688495079041246,0.9734884936011826
2011-02-27 00:00:00+07:00,1109.00517578125,1156.0771827502128,0.9656791836103706,0.9933764811598682
2011-03-06 00:00:00+07:00,1113.4634521484375,1158.573779336,0.9676037580447733,0.9932411971099117
2011-03-13 00:00:00+07:00,1135.19775390625,1160.4535602667393,0.970126390751558,1.0083596035418976
2011-03-20 00:00:00+07:00,1145.2288818359375,1161.2995653201372,0.9726500594834875,1.0138913336966644
2011-03-27 00:00:00+07:00,1155.2600830078125,1160.2856465266298,0.964138687403569,1.0327027607522654
2011-04-03 00:00:00+07:00,1183.1244873046876,1157.364074707031,0.9634037021675569,1.0610897877030974
2011-04-10 00:00:00+07:00,1249.4419921875,1152.6236545269303,0.9818270188151479,1.1040623259149411
2011-04-17 00:00:00+07:00,1241.6398681640626,1147.5206681471604,0.9969664898429357,1.0853119167697185
2011-04-24 00:00:00+07:00,1237.1814880371094,1143.8960510253908,1.0045176428498317,1.076686538982479
2011-05-01 00:00:00+07:00,1242.19716796875,1141.7439671443058,1.0156936862805788,1.0711716166558232
2011-05-08 00:00:00+07:00,1234.394921875,1140.3785598754882,1.0214959207995222,1.0596646487278998
2011-05-15 00:00:00+07:00,1207.0879150390624,1138.3259499183068,1.0012756584074973,1.0590552249775484
2011-05-22 00:00:00+07:00,1167.5205078125,1135.6307002140927,0.9817993515436325,1.0471397653222805
2011-05-29 00:00:00+07:00,1187.5828369140625,1132.9086512638976,0.9949079724205117,1.0536251005517474
2011-06-05 00:00:00+07:00,1189.1154174804688,1129.953698026217,1.008695266023317,1.0432859999984758
2011-06-12 00:00:00+07:00,1174.7652587890625,1126.079642193134,1.008703575544791,1.0342330863658324
2011-06-19 00:00:00+07:00,1165.8486572265624,1121.7069912250224,1.0168899427327052,1.0220891970816366
2011-06-26 00:00:00+07:00,1151.9163818359375,1117.486288686899,1.0189480776240203,1.0116416404553363
2011-07-03 00:00:00+07:00,1158.4645385742188,1112.7889566861666,1.0294753606944338,1.0112393957341095
2011-07-10 00:00:00+07:00,1199.39892578125,1107.5962306096005,1.0243367031266322,1.0571569084047077
2011-07-17 00:00:00+07:00,1204.027880859375,1103.0436838003304,1.0077047678416438,1.0832046562310547
2011-07-24 00:00:00+07:00,1196.054248046875,1100.1319042499251,1.005446257250155,1.0813026230626406
2011-07-31 00:00:00+07:00,1209.153857421875,1099.2487631577712,1.020779106017039,1.077590633999598
2011-08-07 00:00:00+07:00,1191.497802734375,1099.825562638503,1.0170185549638036,1.0652230607305924
2011-08-14 00:00:00+07:00,1065.6274047851562,1100.9162454458385,1.01607680821553,0.9526306745542358
2011-08-21 00:00:00+07:00,1092.1111755371094,1102.7740312429576,1.0115467397817945,0.9790263167341471
2011-08-28 00:00:00+07:00,1099.8003173828124,1104.6884395892805,1.0087043104317681,0.9869840964080587
2011-09-04 00:00:00+07:00,1099.8003173828124,1106.1980418278622,1.0097484088517237,0.9846180156453876
2011-09-11 00:00:00+07:00,1111.7608642578125,1107.4392619206355,1.0043775433186521,0.9995268658670011
2011-09-18 00:00:00+07:00,1050.2493774414063,1108.314430471567,0.995752432114514,0.9516517905228976
2011-09-25 00:00:00+07:00,949.4392211914062,1108.7748945969802,0.9922091210805379,0.8630194219219112
2011-10-02 00:00:00+07:00,904.4448120117188,1108.7938311063326,0.9928129272021142,0.8216064642174268
2011-10-09 00:00:00+07:00,825.277392578125,1107.8658439049357,0.9696904416188091,0.7682094770506609
2011-10-16 00:00:00+07:00,907.2925659179688,1105.8627336942234,0.9977048999370038,0.822326004465772
2011-10-23 00:00:00+07:00,977.9166381835937,1103.3589617802547,0.9999168584001639,0.8863823872149895
2011-10-30 00:00:00+07:00,1012.6592163085937,1100.2822530893181,1.013683990030109,0.9079389012835937
2011-11-06 00:00:00+07:00,1029.176171875,1096.7308863713195,1.0250194793407654,0.9154982732773694
2011-11-13 00:00:00+07:00,1020.6328369140625,1092.811767578125,1.0146692152193135,0.9204489140964554
2011-11-20 00:00:00+07:00,1016.646044921875,1088.499701905862,1.007304030286924,0.9272159406952133
2011-11-27 00:00:00+07:00,975.0689086914062,1084.0335351406,1.00536247148243,0.8946845163526086
2011-12-04 00:00:00+07:00,974.7853881835938,1079.2069017459187,0.9967673439808471,0.9061717007749556
2011-12-11 00:00:00+07:00,981.7021484375,1073.1175505026793,0.9995357966962249,0.9152381013600053
2011-12-18 00:00:00+07:00,967.374951171875,1066.1004448132637,1.0065138739687234,0.9015232832429605
2011-12-25 00:00:00+07:00,959.3516479492188,1059.8212526370319,1.0067310857112388,0.8991491184305668
2012-01-01 00:00:00+07:00,990.728271484375,1054.2464326907427,1.0130315228380347,0.9276613368764294
2012-01-08 00:00:00+07:00,1039.5841796875,1049.0441898835013,1.0210694744451112,0.9705336242762874
2012-01-15 00:00:00+07:00,1091.1623046875,1043.7896188197992,1.0035100938601036,1.0417287161124624
2012-01-22 00:00:00+07:00,1124.4014404296875,1038.4232599894206,0.9961440840285984,1.086988190465527
2012-01-29 00:00:00+07:00,1143.3133850097656,1033.1170123369266,1.0002414542044642,1.1063968361527592
2012-02-05 00:00:00+07:00,1158.7867919921875,1027.8545768933418,0.9886399730110438,1.1403382614363007
2012-02-12 00:00:00+07:00,1181.7104736328124,1023.7706766764323,0.9743029777998222,1.184716313507863
2012-02-19 00:00:00+07:00,1202.3416259765625,1020.3055791316888,0.9688495079041246,1.216301657395405
2012-02-26 00:00:00+07:00,1193.1721435546874,1016.5176542037573,0.9656791836103706,1.2155009712259786
2012-03-04 00:00:00+07:00,1186.2951171875,1012.4513885693673,0.9676037580447733,1.2109355134467468
2012-03-11 00:00:00+07:00,1191.452978515625,1007.7691779699081,0.970126390751558,1.2186739185565285
2012-03-18 00:00:00+07:00,1179.9911865234376,1003.615240380703,0.9726500594834875,1.2088012437356743
2012-03-25 00:00:00+07:00,1168.3860473632812,1002.3003458071977,0.964138687403569,1.2090631141341934
2012-04-01 00:00:00+07:00,1171.967919921875,1003.2453479669033,0.9634037021675569,1.2125516822868154
2012-04-08 00:00:00+07:00,1164.087890625,1005.5569521586102,0.9818270188151479,1.179082298387097
2012-04-15 00:00:00+07:00,1118.6705078125,1008.0311851110216,0.9969664898429357,1.113134542133332
2012-04-22 00:00:00+07:00,1099.7585693359374,1008.7325632144244,1.0045176428498317,1.08533484191916
2012-04-29 00:00:00+07:00,1059.6423828125,1008.237987567217,1.0156936862805788,1.0347454165554597
2012-05-06 00:00:00+07:00,1047.607568359375,1007.1411313179212,1.0214959207995222,1.0182904196728744
2012-05-13 00:00:00+07:00,986.2869140625,1006.0698080992088,1.0012756584074973,0.9790874787044959
2012-05-20 00:00:00+07:00,939.8666788736979,1005.159272335737,0.9817993515436325,0.9523764079650583
2012-05-27 00:00:00+07:00,950.755322265625,1004.3874391995944,0.9949079724205117,0.9514469569753425
2012-06-03 00:00:00+07:00,923.9730590820312,1003.4941413292519,1.008695266023317,0.9128186075350445
2012-06-10 00:00:00+07:00,806.615087890625,1001.4085105309119,1.008703575544791,0.7985304895983266
2012-06-17 00:00:00+07:00,804.2198364257813,999.3711025531476,1.0168899427327052,0.7913599030626892
2012-06-24 00:00:00+07:00,860.5092163085938,998.274100787823,1.0189480776240203,0.8459674786880025
2012-07-01 00:00:00+07:00,870.0904296875,996.8853724944286,1.0294753606944338,0.8478191296576646
2012-07-08 00:00:00+07:00,946.7397827148437,995.6349288940431,1.0243367031266322,0.9282987560666949
2012-07-15 00:00:00+07:00,910.2116333007813,994.1020460079877,1.0077047678416438,0.9086112313883329
2012-07-22 00:00:00+07:00,931.7691772460937,991.5405698727338,1.005446257250155,0.9346284347144496
2012-07-29 00:00:00+07:00,921.5891723632812,988.2789932348791,1.020779106017039,0.9135367594691267
2012-08-05 00:00:00+07:00,931.7692016601562,984.2319124466335,1.0170185549638036,0.9308549928253376
2012-08-12 00:00:00+07:00,900.6303833007812,979.5997058379344,1.01607680821553,0.9048392044619639
2012-08-19 00:00:00+07:00,896.7380523681641,974.5256711324056,1.0115467397817945,0.9096752117401922
2012-08-26 00:00:00+07:00,901.229248046875,969.2147545252092,1.0087043104317681,0.9218311598810437
2012-09-02 00:00:00+07:00,875.4797607421875,963.7241720150679,1.0097484088517237,0.8996636653763616
2012-09-09 00:00:00+07:00,849.1315185546875,958.0428352747209,1.0043775433186521,0.8824559594942589
2012-09-16 00:00:00+07:00,880.8692138671875,952.6193216274946,0.995752432114514,0.9286256386523789
2012-09-23 00:00:00+07:00,982.0703491210937,947.1469831417768,0.9922091210805379,1.0450137470526173
2012-09-30 00:00:00+07:00,970.0939086914062,941.2335787650866,0.9928129272021142,1.0381233078270837
2012-10-07 00:00:00+07:00,1000.0351318359375,935.8278936924078,0.9696904416188091,1.102011576493512
2012-10-14 00:00:00+07:00,989.8550537109375,931.4802464803058,0.9977048999370038,1.0651134040643149
2012-10-21 00:00:00+07:00,968.2974731445313,927.8029719817333,0.9999168584001639,1.0437323600840642
2012-10-28 00:00:00+07:00,970.8425140380859,924.5666012494993,1.013683990030109,1.035876540643715
2012-11-04 00:00:00+07:00,956.91982421875,921.6531873654096,1.0250194793407654,1.0129217665238626
2012-11-11 00:00:00+07:00,981.4715698242187,919.2349515572573,1.0146692152193135,1.0522688415882229
2012-11-18 00:00:00+07:00,961.1115926106771,917.5763051546537,1.007304030286924,1.0398508565255944
2012-11-25 00:00:00+07:00,950.33271484375,916.5163229330993,1.00536247148243,1.0313659901181114
2012-12-02 00:00:00+07:00,906.618603515625,915.0069242232885,0.9967673439808471,0.994045914267759
2012-12-09 00:00:00+07:00,832.963330078125,913.8324038481101,0.9995357966962249,0.9119288946998226
2012-12-16 00:00:00+07:00,904.22333984375,913.3625615829076,1.0065138739687234,0.983586911872519
2012-12-23 00:00:00+07:00,908.4150756835937,912.0031842354016,1.0067310857112388,0.9894059082128019
2012-12-30 00:00:00+07:00,897.2371012369791,910.0708135360328,1.0130315228380347,0.9732156350444421
2013-01-06 00:00:00+07:00,1003.0292154947916,907.6232662103115,1.0210694744451112,1.0823124892969376
2013-01-13 00:00:00+07:00,968.2974487304688,904.7355987157578,1.0035100938601036,1.0665110598063074
2013-01-20 00:00:00+07:00,980.8727783203125,901.4726314446865,0.9961440840285984,1.092290045354013
2013-01-27 00:00:00+07:00,947.6380767822266,897.6957339555789,1.0002414542044642,1.055379105617146
2013-02-03 00:00:00+07:00,933.5656982421875,892.9105282905774,0.9886399730110438,1.0575448054990086
2013-02-10 00:00:00+07:00,925.182080078125,887.5479766454453,0.9743029777998222,1.0698954587480625
2013-02-17 00:00:00+07:00,931.17041015625,883.3615135095059,0.9688495079041246,1.0880137152700124
2013-02-24 00:00:00+07:00,912.0080322265625,879.7066533210951,0.9656791836103706,1.0735639433836215
2013-03-03 00:00:00+07:00,896.4386474609375,876.6969567127718,0.9676037580447733,1.0567530896173483
2013-03-10 00:00:00+07:00,890.4504272460938,875.6795296497836,0.970126390751558,1.0481808718918955
2013-03-17 00:00:00+07:00,916.9483184814453,875.1416047511958,0.9726500594834875,1.0772336465289332
2013-03-24 00:00:00+07:00,862.305712890625,873.2771199348647,0.964138687403569,1.024164390882299
2013-03-31 00:00:00+07:00,863.05419921875,870.5667808141463,0.9634037021675569,1.0290291270512284
2013-04-07 00:00:00+07:00,910.8103637695312,867.0678503378842,0.9818270188151479,1.069891903359237
2013-04-14 00:00:00+07:00,919.792724609375,863.2823042845116,0.9969664898429357,1.0687018724452555
2013-04-21 00:00:00+07:00,916.1998046875,860.621052179581,1.0045176428498317,1.0597920578364959
2013-04-28 00:00:00+07:00,906.6185913085938,858.4988417111911,1.0156936862805788,1.0397337803691604
2013-05-05 00:00:00+07:00,897.6363159179688,855.7212477463943,1.0214959207995222,1.0269078227101422
2013-05-12 00:00:00+07:00,884.7616424560547,851.7923893855168,1.0012756584074973,1.0373823924487575
2013-05-19 00:00:00+07:00,868.892724609375,847.5696390396508,0.9817993515436325,1.044162347567693
2013-05-26 00:00:00+07:00,911.4911254882812,843.62667772342,0.9949079724205117,1.085973502747537
2013-06-02 00:00:00+07:00,806.2597900390625,840.1533480913213,1.008695266023317,0.9513853422314413
2013-06-09 00:00:00+07:00,802.1782379150391,837.7663052681166,1.008703575544791,0.9492583510264238
2013-06-16 00:00:00+07:00,759.7930908203125,835.1849337846805,1.0168899427327052,0.8946202751937107
2013-06-23 00:00:00+07:00,763.5607177734375,831.4674965100411,1.0189480776240203,0.9012520107549904
2013-06-30 00:00:00+07:00,766.0723754882813,827.0041474562425,1.0294753606944338,0.8998003498652379
2013-07-07 00:00:00+07:00,796.2129150390625,821.0997224465393,1.0243367031266322,0.9466524827446036
2013-07-14 00:00:00+07:00,760.4210815429688,813.8790652152819,1.0077047678416438,0.9271733872670441
2013-07-21 00:00:00+07:00,742.2111328125,806.3016360160632,1.005446257250155,0.9155267992543548
2013-07-28 00:00:00+07:00,718.3498779296875,799.2187057592929,1.020779106017039,0.8805187537495217
2013-08-04 00:00:00+07:00,637.3471069335938,792.6321616343963,1.0170185549638036,0.7906339373185256
2013-08-11 00:00:00+07:00,637.3471069335938,786.056256436079,1.01607680821553,0.7979870642546967
2013-08-18 00:00:00+07:00,724.6291625976562,779.6060253241125,1.0115467397817945,0.9188712566318245
2013-08-25 00:00:00+07:00,693.2326782226562,773.2341653481508,1.0087043104317681,0.8888001412078314
2013-09-01 00:00:00+07:00,770.4678833007813,767.0785272255923,1.0097484088517237,0.9947215729680141
2013-09-08 00:00:00+07:00,848.3309814453125,761.2297974610942,1.0043775433186521,1.109564502412798
2013-09-15 00:00:00+07:00,825.7255615234375,755.2412186353636,0.995752432114514,1.0979907181844357
2013-09-22 00:00:00+07:00,843.3075805664063,749.4115627973507,0.9922091210805379,1.134128853681338
2013-09-29 00:00:00+07:00,826.9814086914063,744.024647208972,0.9928129272021142,1.1195435709627184
2013-10-06 00:00:00+07:00,779.2588623046875,738.248322628706,0.9696904416188091,1.0885444465334968
2013-10-13 00:00:00+07:00,816.9345336914063,732.0320961976664,0.9977048999370038,1.1185490329359078
2013-10-20 00:00:00+07:00,864.4477742513021,725.9149924155994,0.9999168584001639,1.1909378657704996
2013-10-27 00:00:00+07:00,853.98232421875,720.2717350690793,1.013683990030109,1.1696338318872974
2013-11-03 00:00:00+07:00,784.9102416992188,715.1695241292318,1.0250194793407654,1.0707273046525996
2013-11-10 00:00:00+07:00,744.8798828125,710.3754703326102,1.0146692152193135,1.0334127239556534
2013-11-17 00:00:00+07:00,758.5372436523437,706.2905758001865,1.007304030286924,1.0661858788985694
2013-11-24 00:00:00+07:00,742.8390869140625,702.8088582356771,1.00536247148243,1.0513198176913763
2013-12-01 00:00:00+07:00,752.8859497070313,700.3207363813351,0.9967673439808471,1.0785453364270237
2013-12-08 00:00:00+07:00,738.4435302734375,698.991224093315,0.9995357966962249,1.0569324076354953
2013-12-15 00:00:00+07:00,730.2805053710938,698.0863694215433,1.0065138739687234,1.039347518661616
2013-12-22 00:00:00+07:00,695.74443359375,697.1701782030938,1.0067310857112388,0.9912825468939979
2013-12-29 00:00:00+07:00,645.7194417317709,695.8520627339681,1.0130315228380347,0.9160179498818095
2014-01-05 00:00:00+07:00,640.4866739908854,694.2421215155185,1.0210694744451112,0.9035326387596138
2014-01-12 00:00:00+07:00,579.8916381835937,693.0407164157965,1.0035100938601036,0.8338085629479616
2014-01-19 00:00:00+07:00,581.2259521484375,692.3553968967535,0.9961440840285984,0.8427402868019321
2014-01-26 00:00:00+07:00,610.66015625,692.036658399533,1.0002414542044642,0.8821971176970251
2014-02-02 00:00:00+07:00,585.5430297851562,692.9476004771698,0.9886399730110438,0.8547128913204649
2014-02-09 00:00:00+07:00,589.3106079101562,695.7000046754495,0.9743029777998222,0.8694171895402459
2014-02-16 00:00:00+07:00,596.2178466796875,698.6567733569022,0.9688495079041246,0.8808151479263353
2014-02-23 00:00:00+07:00,584.287158203125,701.6485887771997,0.9656791836103706,0.8623306357735292
2014-03-02 00:00:00+07:00,583.9731567382812,704.6676921942295,0.9676037580447733,0.856467677819019
2014-03-09 00:00:00+07:00,594.6480224609375,706.2745264884753,0.970126390751558,0.8678768764565363
2014-03-16 00:00:00+07:00,589.938525390625,707.3057626381898,0.9726500594834875,0.8575174060192339
2014-03-23 00:00:00+07:00,583.031298828125,707.8919563684709,0.964138687403569,0.8542507763228554
2014-03-30 00:00:00+07:00,582.0893920898437,708.3617130964232,0.9634037021675569,0.8529553437415098
2014-04-06 00:00:00+07:00,591.0374145507812,709.5105715042507,0.9818270188151479,0.8484399779956732
2014-04-13 00:00:00+07:00,593.078125,710.6674859658266,0.9969664898429357,0.8370760158356048
2014-04-20 00:00:00+07:00,606.7356109619141,710.3569698822803,1.0045176428498317,0.850286474282428
2014-04-27 00:00:00+07:00,629.1840209960938,709.234828714224,1.0156936862805788,0.8734235090751657
2014-05-04 00:00:00+07:00,644.4409484863281,709.1526070814866,1.0214959207995222,0.8896246083683315
2014-05-11 00:00:00+07:00,639.3754150390625,710.3313335125263,1.0012756584074973,0.8989619342716075
2014-05-18 00:00:00+07:00,689.4499206542969,711.7794582073506,0.9817993515436325,0.986585060521959
2014-05-25 00:00:00+07:00,728.835302734375,713.1112189072828,0.9949079724205117,1.027280916747449
2014-06-01 00:00:00+07:00,730.1509399414062,714.9432273864745,1.008695266023317,1.012467542410259
2014-06-08 00:00:00+07:00,740.0178100585938,717.2602468050443,1.008703575544791,1.0228262150514151
2014-06-15 00:00:00+07:00,727.8486328125,719.7661641634428,1.0168899427327052,0.9944333751059107
2014-06-22 00:00:00+07:00,700.2212890625,722.5276891268215,1.0189480776240203,0.9511056493713993
2014-06-29 00:00:00+07:00,692.3277954101562,725.7755127931251,1.0294753606944338,0.9266025688572481
2014-07-06 00:00:00+07:00,702.5236083984375,729.2837421710675,1.0243367031266322,0.9404195677044069
2014-07-13 00:00:00+07:00,729.1642578125,733.0401635781312,1.0077047678416438,0.9871071288964645
2014-07-20 00:00:00+07:00,702.1947265625,736.5462660373787,1.005446257250155,0.9481972024370386
2014-07-27 00:00:00+07:00,725.21748046875,739.1904356540779,1.020779106017039,0.9611256169870516
2014-08-03 00:00:00+07:00,725.21748046875,741.9195937914727,1.0170185549638036,0.961130914518685
2014-08-10 00:00:00+07:00,835.7267700195313,745.0595963502542,1.01607680821553,1.1039432850815833
2014-08-17 00:00:00+07:00,833.7534423828125,748.0273824642868,1.0115467397817945,1.101879718267309
2014-08-24 00:00:00+07:00,895.2572021484375,750.7082493513059,1.0087043104317681,1.1822593533239971
2014-08-31 00:00:00+07:00,882.4301147460938,753.0135084690193,1.0097484088517237,1.1605513904003897
2014-09-07 00:00:00+07:00,903.4795166015625,755.2128192412549,1.0043775433186521,1.1911102549863026
2014-09-14 00:00:00+07:00,877.8255859375,757.3895576868301,0.995752432114514,1.1639586338350882
2014-09-21 00:00:00+07:00,852.1717041015625,759.3143110813237,0.9922091210805379,1.1311034037190282
2014-09-28 00:00:00+07:00,866.9719848632812,761.2386375818498,0.9928129272021142,1.1471410399977577
2014-10-05 00:00:00+07:00,858.749560546875,763.3532111925956,0.9696904416188091,1.160133255748531
2014-10-12 00:00:00+07:00,857.762939453125,765.7793064802121,0.9977048999370038,1.1226943749990563
2014-10-19 00:00:00+07:00,791.3256958007812,768.1540930625721,0.9999168584001639,1.0302509620178129
2014-10-26 00:00:00+07:00,810.4017211914063,770.0448566534582,1.013683990030109,1.0382017173618723
2014-11-02 00:00:00+07:00,819.939794921875,771.0436520307492,1.0250194793407654,1.0374588510635276
2014-11-09 00:00:00+07:00,832.4378784179687,771.1951249733949,1.0146692152193135,1.06380756391992
2014-11-16 00:00:00+07:00,821.5842163085938,771.1826004126133,1.007304030286924,1.0576312959272451
2014-11-23 00:00:00+07:00,818.2952270507812,771.1048244574131,1.00536247148243,1.055538134225502
2014-11-30 00:00:00+07:00,867.95869140625,770.6552402007275,0.9967673439808471,1.1299132965193268
2014-12-07 00:00:00+07:00,864.3408081054688,769.4481711852247,0.9995357966962249,1.1238472670237065
2014-12-14 00:00:00+07:00,864.9986328125,767.572554642115,1.0065138739687234,1.119634359490372
2014-12-21 00:00:00+07:00,848.22490234375,765.7521728906877,1.0067310857112388,1.1002954110503995
2014-12-28 00:00:00+07:00,831.0126342773438,764.0550546890648,1.0130315228380347,1.0736432889010368
2015-01-04 00:00:00+07:00,820.0493367513021,761.8210428482447,1.0210694744451112,1.054221148752862
2015-01-11 00:00:00+07:00,790.9968017578125,758.4411528171637,1.0035100938601036,1.0392764651615736
2015-01-18 00:00:00+07:00,734.7554443359375,754.0468592717098,0.9961440840285984,0.9781879696395471
2015-01-25 00:00:00+07:00,732.1243041992187,748.9444455464683,1.0002414542044642,0.9773055621586907
2015-02-01 00:00:00+07:00,747.911328125,743.2764025761534,0.9886399730110438,1.0177980163764067
2015-02-08 00:00:00+07:00,753.5025756835937,736.3926464961127,0.9743029777998222,1.0502223787160894
2015-02-15 00:00:00+07:00,740.675634765625,727.9635513892542,0.9688495079041246,1.0501760273202263
2015-02-22 00:00:00+07:00,718.6395263671875,718.3821336306061,0.9656791836103706,1.0359116277871003
2015-03-01 00:00:00+07:00,689.3677368164062,708.4271514892579,0.9676037580447733,1.0056762867562616
2015-03-08 00:00:00+07:00,717.9817626953125,698.8264156048116,0.970126390751558,1.0590483330830378
2015-03-15 00:00:00+07:00,692.9855834960938,689.3579185485842,0.9726500594834875,1.0335293485611756
2015-03-22 00:00:00+07:00,680.15859375,680.1547095078689,0.964138687403569,1.0372011038313484
2015-03-29 00:00:00+07:00,685.0920532226562,670.952422127357,0.9634037021675569,1.0598609570668882
2015-04-05 00:00:00+07:00,707.9504089355469,661.6445328345666,0.9818270188151479,1.0897907803339666
2015-04-12 00:00:00+07:00,728.4790405273437,652.6622080876276,0.9969664898429357,1.11956170287904
2015-04-19 00:00:00+07:00,718.3125,644.906475668687,1.0045176428498317,1.1088150636216296
2015-04-26 00:00:00+07:00,714.2465454101563,638.3456938816951,1.0156936862805788,1.1016140406854107
2015-05-03 00:00:00+07:00,663.2531433105469,632.065256705651,1.0214959207995222,1.0272609078690635
2015-05-10 00:00:00+07:00,636.31640625,625.8628907130314,1.0012756584074973,1.0154072520800126
2015-05-17 00:00:00+07:00,691.2063751220703,619.4362046168401,0.9817993515436325,1.136549640334844
2015-05-24 00:00:00+07:00,718.9901489257812,612.1778950324426,0.9949079724205117,1.180490198002602
2015-05-31 00:00:00+07:00,693.2393310546875,603.7308645101695,1.008695266023317,1.1383605401421009
2015-06-07 00:00:00+07:00,651.3942413330078,594.4566499856803,1.008703575544791,1.0863259771016942
2015-06-14 00:00:00+07:00,621.4080810546875,584.4980587005615,1.0168899427327052,1.045489971959863
2015-06-21 00:00:00+07:00,617.342138671875,574.1633823981653,1.0189480776240203,1.055208731482186
2015-06-28 00:00:00+07:00,598.7066528320313,564.0397284972362,1.0294753606944338,1.0310706686298978
2015-07-05 00:00:00+07:00,563.80751953125,554.1348662645389,1.0243367031266322,0.9932821995627962
2015-07-12 00:00:00+07:00,516.3717834472657,544.4796753418752,1.0077047678416438,0.9411254472449926
2015-07-19 00:00:00+07:00,457.9806722005208,535.5827170054117,1.005446257250155,0.8504753571971401
2015-07-26 00:00:00+07:00,438.78050740559894,527.1918942867181,1.020779106017039,0.8153551707913684
2015-08-02 00:00:00+07:00,422.1779846191406,518.6028977516371,1.0170185549638036,0.8004454987962794
2015-08-09 00:00:00+07:00,422.8556335449219,509.8871832529704,1.01607680821553,0.8161904081320266
2015-08-16 00:00:00+07:00,369.9986877441406,501.2858395258586,1.0115467397817945,0.7296738669162186
2015-08-23 00:00:00+07:00,362.5445098876953,493.0646770966359,1.0087043104317681,0.7289429922424405
2015-08-30 00:00:00+07:00,379.8246643066406,485.75534341274164,1.0097484088517237,0.7743769165105948
2015-09-06 00:00:00+07:00,407.6084350585937,479.08502791967146,1.0043775433186521,0.8470978317759806
2015-09-13 00:00:00+07:00,388.9729736328125,473.2605490513337,0.995752432114514,0.8254062402793877
2015-09-20 00:00:00+07:00,383.890576171875,468.4513442308475,0.9922091210805379,0.825923354065282
2015-09-27 00:00:00+07:00,378.21522521972656,463.91758812146315,0.9928129272021142,0.8211655972773221
2015-10-04 00:00:00+07:00,379.4858337402344,459.04818613101276,0.9696904416188091,0.8525192179175078
2015-10-11 00:00:00+07:00,402.864892578125,453.60929247538246,0.9977048999370038,0.8901749622037787
2015-10-18 00:00:00+07:00,439.62757110595703,448.38678429432406,0.9999168584001639,0.9805465747093517
2015-10-25 00:00:00+07:00,479.7785400390625,443.889934471326,1.013683990030109,1.0662595500636547
2015-11-01 00:00:00+07:00,497.397509765625,440.38815165788697,1.0250194793407654,1.1018839617459795
2015-11-08 00:00:00+07:00,509.93410034179686,437.4535892290947,1.0146692152193135,1.148834810994699
2015-11-15 00:00:00+07:00,475.7126403808594,433.6848957942082,1.007304030286924,1.0889547229589756
2015-11-22 00:00:00+07:00,409.3026062011719,428.8323811751146,1.00536247148243,0.9493672998750805
2015-11-29 00:00:00+07:00,398.46013793945315,423.99755721459024,0.9967673439808471,0.942817695855202
2015-12-06 00:00:00+07:00,369.3210510253906,420.0327401968149,0.9995357966962249,0.8796756427232205
2015-12-13 00:00:00+07:00,324.32489624023435,417.59139911945056,1.0065138739687234,0.7716297740962997
2015-12-20 00:00:00+07:00,314.09230346679686,416.00559331453775,1.0067310857112388,0.7499713029311071
2015-12-27 00:00:00+07:00,312.2852274576823,414.82426373408396,1.0130315228380347,0.7431292057663045
2016-01-03 00:00:00+07:00,308.6710713704427,414.32018588139465,1.0210694744451112,0.7296331268405757
2016-01-10 00:00:00+07:00,298.23521118164064,414.44190823481637,1.0035100938601036,0.7170897376070502
2016-01-17 00:00:00+07:00,302.2333679199219,416.48846477606355,0.9961440840285984,0.7284793963740415
2016-01-24 00:00:00+07:00,292.0008178710938,420.6893885392409,1.0002414542044642,0.6939331916099858
2016-01-31 00:00:00+07:00,294.7791748046875,425.8303865970709,0.9886399730110438,0.7001998025560191
2016-02-07 00:00:00+07:00,300.20042114257814,431.3885638995048,0.9743029777998222,0.7142473528659334
2016-02-14 00:00:00+07:00,299.4380416870117,437.5669520549285,0.9688495079041246,0.7063275353736472
2016-02-21 00:00:00+07:00,304.8762268066406,444.23300453577286,0.9656791836103706,0.7106894517733563
2016-02-28 00:00:00+07:00,342.9603332519531,450.57437416467906,0.9676037580447733,0.7866469405211487
2016-03-06 00:00:00+07:00,370.6763549804688,456.1819888286101,0.970126390751558,0.8375841115393936
2016-03-13 00:00:00+07:00,434.5451889038086,461.9216857421092,0.9726500594834875,0.967185945050714
2016-03-20 00:00:00+07:00,438.4416870117187,467.79211089305386,0.964138687403569,0.9721190121660318
2016-03-27 00:00:00+07:00,455.29832458496094,473.5086905650603,0.9634037021675569,0.9980672084163132
2016-04-03 00:00:00+07:00,431.3263305664062,479.46651154542576,0.9818270188151479,0.9162473093648231
2016-04-10 00:00:00+07:00,439.4581787109375,485.6172531812619,0.9969664898429357,0.9077011431364059
2016-04-17 00:00:00+07:00,464.1925109863281,492.3813449517275,1.0045176428498317,0.9385101423711282
2016-04-24 00:00:00+07:00,500.69415283203125,499.7160045134716,1.0156936862805788,0.9864759641231563
2016-05-01 00:00:00+07:00,512.6201232910156,507.016524603428,1.0214959207995222,0.9897759570915924
2016-05-08 00:00:00+07:00,481.7549336751302,514.0101609254496,1.0012756584074973,0.9360537952021809
2016-05-15 00:00:00+07:00,453.82373046875,521.7742699060685,0.9817993515436325,0.8858940839292524
2016-05-22 00:00:00+07:00,451.7112731933594,530.2825577760354,0.9949079724205117,0.8561910344732978
2016-05-29 00:00:00+07:00,457.69651489257814,538.4503531627166,1.008695266023317,0.8426979875154057
2016-06-05 00:00:00+07:00,474.59608764648436,546.9281090173967,1.008703575544791,0.8602612271873713
2016-06-12 00:00:00+07:00,544.3067626953125,557.0395136710927,1.0168899427327052,0.9609123499685522
2016-06-19 00:00:00+07:00,529.5196533203125,568.1838395730043,1.0189480776240203,0.9146209652427328
2016-06-26 00:00:00+07:00,563.6708618164063,578.895507636437,1.0294753606944338,0.9458220816370114
2016-07-03 00:00:00+07:00,546.4192138671875,589.4604144463173,1.0243367031266322,0.9049583316080972
2016-07-10 00:00:00+07:00,546.4192138671875,600.3533816215319,1.0077047678416438,0.9032036573736797
2016-07-17 00:00:00+07:00,640.7751220703125,611.1846854967948,1.005446257250155,1.0427358776757616
2016-07-24 00:00:00+07:00,692.88212890625,621.8288059919308,1.020779106017039,1.09158296923596
2016-07-31 00:00:00+07:00,702.7401611328125,631.8607649387458,1.0170185549638036,1.093564764559396
2016-08-07 00:00:00+07:00,720.343896484375,641.5193583953073,1.01607680821553,1.1051050813391932
2016-08-14 00:00:00+07:00,715.06279296875,651.1433109527977,1.0115467397817945,1.0856295167752972
2016-08-21 00:00:00+07:00,710.7498626708984,660.2314311785575,1.0087043104317681,1.0672267742002655
2016-08-28 00:00:00+07:00,691.1217529296875,668.9450771136162,1.0097484088517237,1.0231773626482332
2016-09-04 00:00:00+07:00,679.503271484375,677.1817543714474,1.0043775433186521,0.9990547982159054
2016-09-11 00:00:00+07:00,714.0066162109375,684.2297432777209,0.995752432114514,1.0479701471140965
2016-09-18 00:00:00+07:00,669.3811492919922,690.5550504635543,0.9922091210805379,0.9769491444775731
2016-09-25 00:00:00+07:00,687.2489379882812,697.2360021248843,0.9928129272021142,0.9928116164046874
2016-10-02 00:00:00+07:00,690.0655029296875,705.0255136440962,0.9696904416188091,1.0093745927024533
2016-10-09 00:00:00+07:00,731.962353515625,714.1894384922125,0.9977048999370038,1.0272430608574985
2016-10-16 00:00:00+07:00,813.995654296875,723.0965850634453,0.9999168584001639,1.1258016614110267
2016-10-23 00:00:00+07:00,868.2150512695313,730.9037393814478,1.013683990030109,1.1718298033244212
2016-10-30 00:00:00+07:00,868.215087890625,738.3129504961846,1.0250194793407654,1.1472411699451441
2016-11-06 00:00:00+07:00,866.4546997070313,745.6924156384591,1.0146692152193135,1.1451480860299466
2016-11-13 00:00:00+07:00,926.659375,752.7923386500432,1.007304030286924,1.2220370178892126
2016-11-20 00:00:00+07:00,843.2178100585937,759.2910648639386,1.00536247148243,1.1046095966783993
2016-11-27 00:00:00+07:00,813.995654296875,765.4365234374999,0.9967673439808471,1.0668886721990545
2016-12-04 00:00:00+07:00,835.4721435546875,771.40003221952,0.9995357966962249,1.0835625067243375
2016-12-11 00:00:00+07:00,909.7598876953125,776.7965609036958,1.0065138739687234,1.1635893150593706
2016-12-18 00:00:00+07:00,887.6672058105469,782.0286288921649,1.0067310857112388,1.1274934935676078
2016-12-25 00:00:00+07:00,852.7238037109375,787.5351284320539,1.0130315228380347,1.0688468753150793
2017-01-01 00:00:00+07:00,866.9828033447266,793.3155136108398,1.0210694744451112,1.0703091624947605
2017-01-08 00:00:00+07:00,872.7920654296875,799.5630900456357,1.0035100938601036,1.087768069880539
2017-01-15 00:00:00+07:00,854.1321166992187,805.1943178617039,0.9961440840285984,1.064883727837527
2017-01-22 00:00:00+07:00,847.0906005859375,810.0094794640175,1.0002414542044642,1.0455261794378268
2017-01-29 00:00:00+07:00,783.0131225585938,814.6929118229792,0.9886399730110438,0.9721581842414356
2017-02-05 00:00:00+07:00,816.4601928710938,819.2923818734977,0.9743029777998222,1.0228267290314101
2017-02-12 00:00:00+07:00,784.0693359375,824.0469683133639,0.9688495079041246,0.9820784480932356
2017-02-19 00:00:00+07:00,765.4094360351562,828.762198492197,0.9656791836103706,0.9563811514638542
2017-02-26 00:00:00+07:00,788.6463012695312,833.4686608534594,0.9676037580447733,0.9779022599078419
2017-03-05 00:00:00+07:00,781.6048217773438,838.0876774127667,0.970126390751558,0.9613232714003402
2017-03-12 00:00:00+07:00,756.607568359375,841.8147594158467,0.9726500594834875,0.9240543751607263
2017-03-19 00:00:00+07:00,774.2112548828125,844.4166103363037,0.964138687403569,0.9509620873124592
2017-03-26 00:00:00+07:00,814.3477294921875,846.0774309598484,0.9634037021675569,0.9990597637957798
2017-04-02 00:00:00+07:00,882.3861236572266,846.8951825655424,0.9818270188151479,1.061192148548693
2017-04-09 00:00:00+07:00,941.4465698242187,847.4596274742715,0.9969664898429357,1.1142845236124164
2017-04-16 00:00:00+07:00,888.54736328125,847.6428579477164,1.0045176428498317,1.0435424167592977
2017-04-23 00:00:00+07:00,888.283349609375,846.6129401573769,1.0156936862805788,1.033008432117263
2017-04-30 00:00:00+07:00,895.5888824462891,844.8919782198393,1.0214959207995222,1.0376977386564812
2017-05-07 00:00:00+07:00,866.2505493164062,843.7109068650466,1.0012756584074973,1.0254068192529784
2017-05-14 00:00:00+07:00,807.7201080322266,842.6189788818359,0.9817993515436325,0.9763531167200157
2017-05-21 00:00:00+07:00,773.682421875,841.7019958496093,0.9949079724205117,0.923892542996933
2017-05-28 00:00:00+07:00,774.8530578613281,841.2899399977464,1.008695266023317,0.9130901817234713
2017-06-04 00:00:00+07:00,777.6444580078125,840.6960745004508,1.008703575544791,0.9170193535035326
2017-06-11 00:00:00+07:00,802.4973754882812,839.3303226177509,1.0168899427327052,0.9402357399676652
2017-06-18 00:00:00+07:00,815.464111328125,837.4938653212328,1.0189480776240203,0.9555890479903635
2017-06-25 00:00:00+07:00,850.4023559570312,836.964303471492,1.0294753606944338,0.9869645689742451
2017-07-02 00:00:00+07:00,860.8477783203125,837.5791218390832,1.0243367031266322,1.0033623150718705
2017-07-09 00:00:00+07:00,881.7385986328125,838.167216198261,1.0077047678416438,1.0439407952957587
2017-07-16 00:00:00+07:00,891.1034301757812,839.7793434143067,1.005446257250155,1.0553683501430646
2017-07-23 00:00:00+07:00,943.3306274414062,843.5642172593338,1.020779106017039,1.095504116162152
2017-07-30 00:00:00+07:00,939.3686279296875,849.9793242821328,1.0170185549638036,1.0866728432417303
2017-08-06 00:00:00+07:00,962.0603149414062,857.7972233112041,1.01607680821553,1.1038018699449352
2017-08-13 00:00:00+07:00,967.8233642578125,865.0508320148175,1.0115467397817945,1.1060341063604753
2017-08-20 00:00:00+07:00,948.3732299804688,872.24117871798,1.0087043104317681,1.0779008735198046
2017-08-27 00:00:00+07:00,942.9704711914062,880.0594047546386,1.0097484088517237,1.061140590275179
2017-09-03 00:00:00+07:00,908.032275390625,887.5071795536923,1.0043775433186521,1.018667420700759
2017-09-10 00:00:00+07:00,873.094140625,893.8569026653585,0.995752432114514,0.9809383180415447
2017-09-17 00:00:00+07:00,780.8861206054687,899.3218359727127,0.9922091210805379,0.8751235081566043
2017-09-24 00:00:00+07:00,748.4693115234375,903.9614346430853,0.9928129272021142,0.833981990138156
2017-10-01 00:00:00+07:00,713.8912963867188,907.7617634993333,0.9696904416188091,0.8110116389509491
2017-10-08 00:00:00+07:00,766.8388305664063,911.1988967895509,0.9977048999370038,0.8435072229852716
2017-10-15 00:00:00+07:00,798.175146484375,916.0383162278396,0.9999168584001639,0.8714062495201644
2017-10-22 00:00:00+07:00,776.9241088867187,923.045244187575,1.013683990030109,0.8303343832226057
2017-10-29 00:00:00+07:00,780.5259887695313,931.0716175666222,1.0250194793407654,0.8178471816002204
2017-11-05 00:00:00+07:00,831.3123779296875,939.4519750154936,1.0146692152193135,0.8720977761759006
2017-11-12 00:00:00+07:00,848.2411865234375,948.8068425398608,1.007304030286924,0.8875257787146947
2017-11-19 00:00:00+07:00,826.2697631835938,960.0353528536284,1.00536247148243,0.8560752958323589
2017-11-26 00:00:00+07:00,788.089892578125,973.1505472623385,0.9967673439808471,0.8124598816051318
2017-12-03 00:00:00+07:00,799.6158935546875,986.8909822904146,0.9995357966962249,0.810613598294924
2017-12-10 00:00:00+07:00,803.5779418945312,1001.1128125704251,1.0065138739687234,0.7974899552060019
2017-12-17 00:00:00+07:00,802.8575927734375,1016.2290419358474,1.0067310857112388,0.7847538191353792
2017-12-24 00:00:00+07:00,882.458984375,1031.456487919734,1.0130315228380347,0.8445408430638235
2017-12-31 00:00:00+07:00,901.1887329101562,1046.0416907677284,1.0210694744451112,0.8437454939127617
2018-01-07 00:00:00+07:00,899.74794921875,1059.8071131779595,1.0035100938601036,0.846003754004101
2018-01-14 00:00:00+07:00,994.8374633789062,1073.5713473980245,0.9961440840285984,0.9302486733175312
2018-01-21 00:00:00+07:00,1100.0121337890625,1088.009026512733,1.0002414542044642,1.0107881171488606
2018-01-28 00:00:00+07:00,1197.2627197265624,1103.080552321214,0.9886399730110438,1.097852678454416
2018-02-04 00:00:00+07:00,1215.2720947265625,1118.5514508760893,0.9743029777998222,1.1151249433223553
2018-02-11 00:00:00+07:00,1139.6327392578125,1135.2431574894833,0.9688495079041246,1.036143009167714
2018-02-18 00:00:00+07:00,1157.64208984375,1151.235394404485,0.9656791836103706,1.0413034455733983
2018-02-25 00:00:00+07:00,1209.5091552734375,1164.9886238685021,0.9676037580447733,1.072975805390307
2018-03-04 00:00:00+07:00,1135.310546875,1178.580780029297,0.970126390751558,0.9929491283506937
2018-03-11 00:00:00+07:00,1063.273046875,1191.9756246713496,0.9726500594834875,0.9171086991558247
2018-03-18 00:00:00+07:00,1035.8988403320313,1205.6475845336915,0.964138687403569,0.8911636356752671
2018-03-25 00:00:00+07:00,1035.1784057617188,1221.326062715971,0.9634037021675569,0.8797823967120533
2018-04-01 00:00:00+07:00,1056.7896484375,1238.8076534564684,0.9818270188151479,0.8688597751745564
2018-04-08 00:00:00+07:00,1124.5049072265624,1258.0721225445086,0.9969664898429357,0.8965515278964435
2018-04-15 00:00:00+07:00,1208.7886474609375,1277.9900831956131,1.0045176428498317,0.9415975501125605
2018-04-22 00:00:00+07:00,1296.7625732421875,1297.246853755071,1.0156936862805788,0.9841812540774852
2018-04-29 00:00:00+07:00,1321.852490234375,1316.2158547034633,1.0214959207995222,0.9831487672409236
2018-05-06 00:00:00+07:00,1311.5441162109375,1333.670700307993,1.0012756584074973,0.9821563637801459
2018-05-13 00:00:00+07:00,1335.332763671875,1350.4363159179688,0.9817993515436325,1.007146517938665
2018-05-20 00:00:00+07:00,1413.8348388671875,1369.0269377488357,0.9949079724205117,1.0380153467125672
2018-05-27 00:00:00+07:00,1498.680859375,1388.264557354267,1.008695266023317,1.0702295594202769
2018-06-03 00:00:00+07:00,1482.8218994140625,1405.1432448167068,1.008703575544791,1.0461761889869488
2018-06-10 00:00:00+07:00,1576.390283203125,1420.180359004094,1.0168899427327052,1.0915566883317551
2018-06-17 00:00:00+07:00,1613.6590576171875,1436.4138547457185,1.0189480776240203,1.1025039150677436
2018-06-24 00:00:00+07:00,1635.8617919921876,1452.9258176363435,1.0294753606944338,1.0936722963184744
2018-07-01 00:00:00+07:00,1592.2494384765625,1468.3169244619519,1.0243367031266322,1.0586406483311976
2018-07-08 00:00:00+07:00,1581.940869140625,1483.5722895695615,1.0077047678416438,1.0581523964062651
2018-07-15 00:00:00+07:00,1622.3815185546875,1498.2169190626878,1.005446257250155,1.0770092453707347
2018-07-22 00:00:00+07:00,1713.5711669921875,1511.4620260385368,1.020779106017039,1.1106395469979156
2018-07-29 00:00:00+07:00,1736.5667724609375,1523.0047217735878,1.0170185549638036,1.121143906149429
2018-08-05 00:00:00+07:00,1773.8356201171875,1533.1265418419473,1.01607680821553,1.1386987150003642
2018-08-12 00:00:00+07:00,1891.985546875,1543.2992762638971,1.0115467397817945,1.2119416399286296
2018-08-19 00:00:00+07:00,1687.4036865234375,1553.2179426926832,1.0087043104317681,1.0770173959465534
2018-08-26 00:00:00+07:00,1634.27587890625,1561.9233769343448,1.0097484088517237,1.036221188327815
2018-09-02 00:00:00+07:00,1630.3111083984375,1570.6910473163312,1.0043775433186521,1.0334339518724889
2018-09-09 00:00:00+07:00,1543.879150390625,1580.4378603421721,0.995752432114514,0.9810349992381927
2018-09-16 00:00:00+07:00,1531.9849365234375,1590.911817227877,0.9922091210805379,0.9705215255833053
2018-09-23 00:00:00+07:00,1627.9322265625,1601.732159775954,0.9928129272021142,1.0237148464203563
2018-09-30 00:00:00+07:00,1652.513818359375,1612.9387197641227,0.9696904416188091,1.0565598846914273
2018-10-07 00:00:00+07:00,1831.72109375,1623.5837284968447,0.9977048999370038,1.1307915418719243
2018-10-14 00:00:00+07:00,1804.760791015625,1632.2258662297174,0.9999168584001639,1.1057972377075314
2018-10-21 00:00:00+07:00,1773.0426025390625,1638.6245894211988,1.013683990030109,1.067424375140589
2018-10-28 00:00:00+07:00,1757.18359375,1644.0276547945462,1.0250194793407654,1.0427396847571702
2018-11-04 00:00:00+07:00,1669.9587158203126,1649.113225848858,1.0146692152193135,0.9980005390446643
2018-11-11 00:00:00+07:00,1753.2188720703125,1652.199622286283,1.007304030286924,1.0534478636046893
2018-11-18 00:00:00+07:00,1854.716748046875,1651.460299213116,1.00536247148243,1.117086455665161
2018-11-25 00:00:00+07:00,1760.3553466796875,1647.4750016432545,0.9967673439808471,1.0719825330966302
2018-12-02 00:00:00+07:00,1582.733935546875,1643.2367443378157,0.9995357966962249,0.9636280301900157
2018-12-09 00:00:00+07:00,1584.319775390625,1639.1474121093754,1.0065138739687234,0.9602958787799919
2018-12-16 00:00:00+07:00,1710.39931640625,1633.3645266019385,1.0067310857112388,1.0401618378190534
2018-12-23 00:00:00+07:00,1692.1614013671874,1626.2560442410982,1.0130315228380347,1.027140612059318
2018-12-30 00:00:00+07:00,1692.16142578125,1619.7135521521932,1.0210694744451112,1.0231711403866692
2019-01-06 00:00:00+07:00,1695.3332275390626,1614.3427861140324,1.0035100938601036,1.0464959970386487
2019-01-13 00:00:00+07:00,1722.29365234375,1608.4729107196513,0.9961440840285984,1.0749079867976903
2019-01-20 00:00:00+07:00,1750.0470703125,1600.5584775484526,1.0002414542044642,1.0931338283700698
2019-01-27 00:00:00+07:00,1747.6681396484375,1591.0352316049427,0.9886399730110438,1.1110689381725454
2019-02-03 00:00:00+07:00,1717.5359619140625,1580.3797666109526,0.9743029777998222,1.1154506178677346
2019-02-10 00:00:00+07:00,1695.333251953125,1567.2667595496544,0.9688495079041246,1.1164925630924598
2019-02-17 00:00:00+07:00,1633.4828857421876,1553.7788212702824,0.9656791836103706,1.0886606397252245
2019-02-24 00:00:00+07:00,1639.0335205078125,1542.2663560133715,0.9676037580447733,1.098325089381412
2019-03-03 00:00:00+07:00,1617.6239013671875,1531.277732027494,0.970126390751558,1.0889182316008281
2019-03-10 00:00:00+07:00,1594.6282470703125,1521.2671837439905,0.9726500594834875,1.0776986486017814
2019-03-17 00:00:00+07:00,1593.83515625,1513.123335618239,0.964138687403569,1.0925204203857297
2019-03-24 00:00:00+07:00,1602.55771484375,1504.3890362079326,0.9634037021675569,1.1057201109967099
2019-03-31 00:00:00+07:00,1654.892578125,1493.1557963444636,0.9818270188151479,1.1288330195056007
2019-04-07 00:00:00+07:00,1633.4828857421876,1478.7821651752179,0.9969664898429357,1.1079746487343483
2019-04-14 00:00:00+07:00,1598.5929931640626,1462.5509931124175,1.0045176428498317,1.0881012748023158
2019-04-21 00:00:00+07:00,1572.425439453125,1446.984538151668,1.0156936862805788,1.069900568176169
2019-04-28 00:00:00+07:00,1608.1084228515624,1432.520435744066,1.0214959207995222,1.0989498240912121
2019-05-05 00:00:00+07:00,1554.1875732421875,1419.1815254798305,1.0012756584074973,1.0937342819388636
2019-05-12 00:00:00+07:00,1413.6745361328126,1406.081738633376,0.9817993515436325,1.0240381267368333
2019-05-19 00:00:00+07:00,1258.603466796875,1392.2439389742344,0.9949079724205117,0.9086375425885755
2019-05-26 00:00:00+07:00,1239.4412841796875,1378.4128953200122,1.008695266023317,0.8914287729675683
2019-06-02 00:00:00+07:00,1301.28271484375,1367.0798201340897,1.008703575544791,0.9436571354075908
2019-06-09 00:00:00+07:00,1332.638916015625,1357.7325216440054,1.0168899427327052,0.9652155693443971
2019-06-16 00:00:00+07:00,1255.99033203125,1347.2497974102314,1.0189480776240203,0.9149263071657673
2019-06-23 00:00:00+07:00,1254.2483520507812,1336.2828871506913,1.0294753606944338,0.9117361517875967
2019-06-30 00:00:00+07:00,1293.443701171875,1325.8738016764325,1.0243367031266322,0.9523632022518191
2019-07-07 00:00:00+07:00,1322.1869384765625,1315.4398019643934,1.0077047678416438,0.997444111518982
2019-07-14 00:00:00+07:00,1271.668408203125,1305.0454881716998,1.005446257250155,0.9691463645742077
2019-07-21 00:00:00+07:00,1241.1832275390625,1294.4544983692658,1.020779106017039,0.9393281489886267
2019-07-28 00:00:00+07:00,1218.5371337890624,1282.6563923371143,1.0170185549638036,0.9341133138690263
2019-08-04 00:00:00+07:00,1183.6968994140625,1269.2362553131884,1.01607680821553,0.9178495559792678
2019-08-11 00:00:00+07:00,1118.371533203125,1255.4148322080953,1.0115467397817945,0.8806693748045645
2019-08-18 00:00:00+07:00,1058.272119140625,1242.4853625566532,1.0087043104317681,0.8443882799992409
2019-08-25 00:00:00+07:00,1066.1110595703126,1230.6751149886693,1.0097484088517237,0.8579181428239046
2019-09-01 00:00:00+07:00,1055.659033203125,1219.184858664488,1.0043775433186521,0.8620989457748459
2019-09-08 00:00:00+07:00,1077.4342041015625,1208.0629504472781,0.995752432114514,0.8956736902105429
2019-09-15 00:00:00+07:00,1151.469677734375,1196.4914002247347,0.9922091210805379,0.9699284748873755
2019-09-22 00:00:00+07:00,1100.0803466796874,1182.0798369970078,0.9928129272021142,0.9373681070040119
2019-09-29 00:00:00+07:00,1012.1087524414063,1165.8804098765056,0.9696904416188091,0.895241200283732
2019-10-06 00:00:00+07:00,977.2685180664063,1150.7403842828212,0.9977048999370038,0.8512055543289182
2019-10-13 00:00:00+07:00,971.1714721679688,1136.8849871317545,0.9999168584001639,0.8543100090379914
2019-10-20 00:00:00+07:00,987.72060546875,1123.3277413197054,1.013683990030109,0.8674112338165125
2019-10-27 00:00:00+07:00,1038.2389404296875,1108.892792706612,1.0250194793407654,0.9134307633497852
2019-11-03 00:00:00+07:00,1001.6567016601563,1093.93179742862,1.0146692152193135,0.9024105638904355
2019-11-10 00:00:00+07:00,1059.1430541992188,1080.9460932707175,1.007304030286924,0.9727248584891249
2019-11-17 00:00:00+07:00,1109.6614013671874,1071.2527029379821,1.00536247148243,1.03032889443687
2019-11-24 00:00:00+07:00,1066.9821533203126,1063.299190755991,0.9967673439808471,1.0067180856532105
2019-12-01 00:00:00+07:00,1097.4673095703124,1055.422101573455,0.9995357966962249,1.04032025905233
2019-12-08 00:00:00+07:00,1097.4673583984375,1047.62597073286,1.0065138739687234,1.040795942051157
2019-12-15 00:00:00+07:00,1107.0484130859375,1041.5414928534092,1.0067310857112388,1.0557876043641077
2019-12-22 00:00:00+07:00,1154.9536376953124,1037.5721515166454,1.0130315228380347,1.09881172424525
2019-12-29 00:00:00+07:00,1146.8243001302083,1033.5161640851925,1.0210694744451112,1.086736666649009
2020-01-05 00:00:00+07:00,1155.5343831380208,1028.3771265861317,1.0035100938601036,1.119718152502207
2020-01-12 00:00:00+07:00,1181.0838623046875,1023.3701661134378,0.9961440840285984,1.1585794565111598
2020-01-19 00:00:00+07:00,1189.7939208984376,1019.5865676684259,1.0002414542044642,1.166655924295212
2020-01-26 00:00:00+07:00,1080.91826171875,1016.3911476526507,0.9886399730110438,1.0757065529855527
2020-02-02 00:00:00+07:00,988.5915893554687,1013.3668070377448,0.9743029777998222,1.0012815334282528
2020-02-09 00:00:00+07:00,986.8496215820312,1011.0205505762347,0.9688495079041246,1.0074759148525545
2020-02-16 00:00:00+07:00,997.3016723632812,1009.9624340742065,0.9656791836103706,1.022559192396056
2020-02-23 00:00:00+07:00,1046.9489868164062,1009.7160252889,0.9676037580447733,1.0715901809224146
2020-03-01 00:00:00+07:00,1014.72177734375,1009.6879944238909,0.970126390751558,1.0359325271052013
2020-03-08 00:00:00+07:00,1040.8519165039063,1009.6042321229593,0.9726500594834875,1.0599397174985703
2020-03-15 00:00:00+07:00,944.170263671875,1008.106420702812,0.964138687403569,0.9714141553217072
2020-03-22 00:00:00+07:00,753.4200317382813,1006.0236785106172,0.9634037021675569,0.7773572427981664
2020-03-29 00:00:00+07:00,819.2898406982422,1005.1070184952175,0.9818270188151479,0.8302144436390365
2020-04-05 00:00:00+07:00,894.5229614257812,1005.124844868978,0.9969664898429357,0.8926699674240336
2020-04-12 00:00:00+07:00,896.5916137695312,1005.4783230512571,1.0045176428498317,0.887696262509215
2020-04-19 00:00:00+07:00,864.4732543945313,1005.9873595408906,1.0156936862805788,0.8460504967366722
2020-04-26 00:00:00+07:00,814.8259521484375,1005.9722992334611,1.0214959207995222,0.792943409958476
2020-05-03 00:00:00+07:00,791.5265350341797,1005.4995408082622,1.0012756584074973,0.7861943958056133
2020-05-10 00:00:00+07:00,825.8223419189453,1004.6325295472757,0.9817993515436325,0.8372528815849388
2020-05-17 00:00:00+07:00,838.34306640625,1003.0700340075371,0.9949079724205117,0.8400547841023979
2020-05-24 00:00:00+07:00,832.5364176432291,1002.3839291303586,1.008695266023317,0.8233967759656412
2020-05-31 00:00:00+07:00,888.9703063964844,1003.1968282063801,1.008703575544791,0.8784914603245245
2020-06-07 00:00:00+07:00,934.1537170410156,1005.0597023988383,1.0168899427327052,0.9140133387808154
2020-06-14 00:00:00+07:00,1021.6898315429687,1009.031108601888,1.0189480776240203,0.993716408216631
2020-06-21 00:00:00+07:00,1075.737353515625,1015.493482775566,1.0294753606944338,1.0289947332335698
2020-06-28 00:00:00+07:00,1050.1320068359375,1022.2296484531502,1.0243367031266322,1.0028885853079983
2020-07-05 00:00:00+07:00,1031.0387329101563,1027.9359946226464,1.0077047678416438,0.9953494791804799
2020-07-12 00:00:00+07:00,1042.092724609375,1032.6784111609827,1.005446257250155,1.0036502663153717
2020-07-19 00:00:00+07:00,1077.2646728515624,1037.5745389498197,1.020779106017039,1.0171179997364734
2020-07-26 00:00:00+07:00,1050.1320068359375,1043.8203019362231,1.0170185549638036,0.9892117800898439
2020-08-02 00:00:00+07:00,1037.5706024169922,1050.6092875554011,1.01607680821553,0.9719633379958147
2020-08-09 00:00:00+07:00,1020.487158203125,1056.6021602924054,1.0115467397817945,0.9547949096104728
2020-08-16 00:00:00+07:00,1046.1123779296875,1062.1392711932842,1.0087043104317681,0.9764117512259377
2020-08-23 00:00:00+07:00,1052.644287109375,1067.4077067448545,1.0097484088517237,0.9766481375525468
2020-08-30 00:00:00+07:00,1066.210595703125,1073.0449167104866,1.0043775433186521,0.9893002042345181
2020-09-06 00:00:00+07:00,1058.1713623046876,1079.4267985417293,0.995752432114514,0.9844902787524556
2020-09-13 00:00:00+07:00,1014.9601318359375,1086.2889765812802,0.9922091210805379,0.9416736015532117
2020-09-20 00:00:00+07:00,1019.9847045898438,1096.001885868953,0.9928129272021142,0.9373783839861173
2020-09-27 00:00:00+07:00,996.8717529296875,1107.3262291834906,0.9696904416188091,0.9283902872541623
2020-10-04 00:00:00+07:00,994.3594604492188,1116.8638269277722,0.9977048999370038,0.8923620236432832
2020-10-11 00:00:00+07:00,990.8422607421875,1124.6532281142017,0.9999168584001639,0.8810934988950215
2020-10-18 00:00:00+07:00,1020.9896118164063,1131.8518116290754,1.013683990030109,0.8898753272332801
2020-10-25 00:00:00+07:00,1003.403662109375,1139.5420341491701,1.0250194793407654,0.8590396573822425
2020-11-01 00:00:00+07:00,987.3251037597656,1147.9629539783189,1.0146692152193135,0.8476329334709802
2020-11-08 00:00:00+07:00,983.3054809570312,1155.7400195488565,1.007304030286924,0.8446323993960186
2020-11-15 00:00:00+07:00,1022.9994384765625,1162.4989106985242,1.00536247148243,0.8753065352253796
2020-11-22 00:00:00+07:00,1082.289208984375,1168.8145665291029,0.9967673439808471,0.9289747539740567
2020-11-29 00:00:00+07:00,1166.7017578125,1174.0953368358123,0.9995357966962249,0.9941642382226504
2020-12-06 00:00:00+07:00,1221.971826171875,1178.7876594934708,1.0065138739687234,1.0299255844046362
2020-12-13 00:00:00+07:00,1395.5701904296875,1182.4728929764183,1.0067310857112388,1.1723222605382326
2020-12-20 00:00:00+07:00,1538.5187744140626,1184.4579296209874,1.0130315228380347,1.2822130740777888
2020-12-27 00:00:00+07:00,1463.8203938802083,1185.3423736376642,1.0210694744451112,1.2094521495634667
2021-01-03 00:00:00+07:00,1431.998291015625,1185.6700583629117,1.0035100938601036,1.2035299484323614
2021-01-10 00:00:00+07:00,1397.8312744140626,1186.294277934539,0.9961440840285984,1.1828785521244876
2021-01-17 00:00:00+07:00,1482.243798828125,1186.8526949173365,1.0002414542044642,1.2485845948457988
2021-01-24 00:00:00+07:00,1438.027734375,1187.7473664308204,0.9886399730110438,1.2246303545152701
2021-01-31 00:00:00+07:00,1337.53662109375,1189.6714487026898,0.9743029777998222,1.1539436796155016
2021-02-07 00:00:00+07:00,1261.1633544921874,1192.0848637898764,0.9688495079041246,1.0919628071894376
2021-02-14 00:00:00+07:00,1298.8474731445312,1194.727558292487,0.9656791836103706,1.1257874489413244
2021-02-21 00:00:00+07:00,1293.3204833984375,1196.9813279763246,0.9676037580447733,1.1166607049851933
2021-02-28 00:00:00+07:00,1354.6201171875,1198.032870639899,0.970126390751558,1.1655219794324536
2021-03-07 00:00:00+07:00,1364.669287109375,1198.8618602263623,0.9726500594834875,1.1703119935772663
2021-03-14 00:00:00+07:00,1334.0194091796875,1201.3097082676034,0.964138687403569,1.1517750106393927
2021-03-21 00:00:00+07:00,1373.7134521484375,1205.0813930022412,0.9634037021675569,1.1832362310653817
2021-03-28 00:00:00+07:00,1376.728125,1209.2362733498599,0.9818270188151479,1.1595835325007273
2021-04-04 00:00:00+07:00,1328.9948425292969,1215.0027808947443,0.9969664898429357,1.097148623616894
2021-04-11 00:00:00+07:00,1272.2174560546875,1223.0594657702325,1.0045176428498317,1.0355145562775119
2021-04-18 00:00:00+07:00,1237.50009765625,1231.7569575774364,1.0156936862805788,0.9891393173451539
2021-04-25 00:00:00+07:00,1241.5822509765626,1240.1418366456644,1.0214959207995222,0.9800934797862773
2021-05-02 00:00:00+07:00,1240.5458984375,1248.3820497757347,1.0012756584074973,0.9924569181595181
2021-05-09 00:00:00+07:00,1185.6177978515625,1256.2200949253179,0.9817993515436325,0.9612940028224055
2021-05-16 00:00:00+07:00,1181.4722900390625,1263.456022917919,0.9949079724205117,0.9398975103726965
2021-05-23 00:00:00+07:00,1146.235400390625,1269.2319602770685,1.008695266023317,0.8953087625568428
2021-05-30 00:00:00+07:00,1124.471435546875,1273.446770927234,1.008703575544791,0.8753950185758596
2021-06-06 00:00:00+07:00,1186.6541442871094,1276.8964601174382,1.0168899427327052,0.9138912626440365
2021-06-13 00:00:00+07:00,1152.4536865234375,1278.6238207694814,1.0189480776240203,0.8845627283171688
2021-06-20 00:00:00+07:00,1151.4173095703125,1277.546625616612,1.0294753606944338,0.8754675195517725
2021-06-27 00:00:00+07:00,1066.434228515625,1275.5839788192359,1.0243367031266322,0.8161731164996343
2021-07-04 00:00:00+07:00,1048.81572265625,1274.8448708167446,1.0077047678416438,0.8164104120476987
2021-07-11 00:00:00+07:00,1089.2345703125,1274.8797863300033,1.005446257250155,0.8497541994264962
2021-07-18 00:00:00+07:00,1088.198193359375,1274.6906660813554,1.020779106017039,0.8363179588663753
2021-07-25 00:00:00+07:00,1132.2443237304688,1274.613300264799,1.0170185549638036,0.8734395027729511
2021-08-01 00:00:00+07:00,1155.562841796875,1276.2462360088643,1.01607680821553,0.8911125399911618
2021-08-08 00:00:00+07:00,1153.490087890625,1279.5772997342622,1.0115467397817945,0.8911716973439471
2021-08-15 00:00:00+07:00,1187.9496765136719,1283.2006529587968,1.0087043104317681,0.9177821250294838
2021-08-22 00:00:00+07:00,1145.1990356445312,1286.9756932185248,1.0097484088517237,0.8812465942300597
2021-08-29 00:00:00+07:00,1083.0162841796875,1291.1611506535455,1.0043775433186521,0.8351366490525318
2021-09-05 00:00:00+07:00,1127.5805908203124,1296.7366415953027,0.995752432114514,0.8732617402815277
2021-09-12 00:00:00+07:00,1200.127099609375,1304.8918956267528,0.9922091210805379,0.9269354539141077
2021-09-19 00:00:00+07:00,1227.07294921875,1312.8273176144332,0.9928129272021142,0.9414458682667406
2021-09-26 00:00:00+07:00,1221.891064453125,1319.2858038486581,0.9696904416188091,0.9551255986579905
2021-10-03 00:00:00+07:00,1369.05693359375,1326.3735802088029,0.9977048999370038,1.0345548982567387
2021-10-10 00:00:00+07:00,1454.0400146484376,1335.3730985592574,0.9999168584001639,1.0889547778686792
2021-10-17 00:00:00+07:00,1462.331005859375,1346.7845207605606,1.013683990030109,1.0711369102426458
2021-10-24 00:00:00+07:00,1434.0896911621094,1359.676369456756,1.0250194793407654,1.0289840558381584
2021-10-31 00:00:00+07:00,1413.621240234375,1372.8752573257839,1.0146692152193135,1.0147930863898162
2021-11-07 00:00:00+07:00,1372.1660400390624,1386.5674218202248,1.007304030286924,0.9824378886848285
2021-11-14 00:00:00+07:00,1386.675390625,1400.8425498766776,1.00536247148243,0.9846067612634543
2021-11-21 00:00:00+07:00,1319.3107421875,1417.0409580328526,0.9967673439808471,0.9340516546765899
2021-11-28 00:00:00+07:00,1368.0205322265624,1436.8243408594374,0.9995357966962249,0.9525561530945393
2021-12-05 00:00:00+07:00,1379.4207275390625,1458.7602043543104,1.0065138739687234,0.939491975088156
2021-12-12 00:00:00+07:00,1417.766796875,1482.7683774899212,1.0067310857112388,0.9497690363731578
2021-12-19 00:00:00+07:00,1404.2938720703125,1506.737191811586,1.0130315228380347,0.9200205597862999
2021-12-26 00:00:00+07:00,1393.930029296875,1531.1117028260842,1.0210694744451112,0.8916179545882026
2022-01-02 00:00:00+07:00,1425.0214233398438,1557.1165950286081,1.0035100938601036,0.9119657223216479
2022-01-09 00:00:00+07:00,1408.43935546875,1581.9774837004832,0.9961440840285984,0.8937492573065697
2022-01-16 00:00:00+07:00,1451.9672119140625,1606.8694021762947,1.0002414542044642,0.9033818871586102
2022-01-23 00:00:00+07:00,1460.2582763671876,1632.1671815529849,0.9886399730110438,0.9049547610628458
2022-01-30 00:00:00+07:00,1485.131396484375,1658.1165849343326,0.9743029777998222,0.9192968801708098
2022-02-06 00:00:00+07:00,1459.9992065429688,1684.985472967686,0.9688495079041246,0.8943348115344623
2022-02-13 00:00:00+07:00,1476.8403564453124,1711.0630048116047,0.9656791836103706,0.8937883308076051
2022-02-20 00:00:00+07:00,1507.931787109375,1736.9363884950296,0.9676037580447733,0.8972226654836155
2022-02-27 00:00:00+07:00,1575.29638671875,1764.7786343305538,0.970126390751558,0.9201184106153828
2022-03-06 00:00:00+07:00,1723.8440755208333,1793.682866414388,0.9726500594834875,0.9880881780916085
2022-03-13 00:00:00+07:00,1822.9910400390625,1822.1516833183096,0.964138687403569,1.0376729546207366
2022-03-20 00:00:00+07:00,1710.0257080078125,1850.0735512757915,0.9634037021675569,0.9594124151681681
2022-03-27 00:00:00+07:00,1712.0984375,1876.943323379908,0.9818270188151479,0.9290574985295651
2022-04-03 00:00:00+07:00,1730.753271484375,1901.253858517378,0.9969664898429357,0.913091903275479
2022-04-10 00:00:00+07:00,1806.408935546875,1923.1683090601214,1.0045176428498317,0.9350637268900965
2022-04-17 00:00:00+07:00,1890.0965270996094,1944.572189722306,1.0156936862805788,0.9569674386400192
2022-04-24 00:00:00+07:00,1929.7380859375,1964.376890427027,1.0214959207995222,0.9616940195473965
2022-05-01 00:00:00+07:00,1925.0744018554688,1982.0863523434373,1.0012756584074973,0.9699990068179437
2022-05-08 00:00:00+07:00,1925.0744018554688,1999.5718182294795,0.9817993515436325,0.980590702145765
2022-05-15 00:00:00+07:00,1926.62900390625,2016.5086686745667,0.9949079724205117,0.9603180451234201
2022-05-22 00:00:00+07:00,2085.713134765625,2032.4085578722832,1.008695266023317,1.0173808965157691
2022-05-29 00:00:00+07:00,2242.4655151367188,2048.651704797989,1.008703575544791,1.0851607659493023
2022-06-05 00:00:00+07:00,2349.9898681640625,2065.756702638284,1.0168899427327052,1.118698014275143
2022-06-12 00:00:00+07:00,2485.96796875,2082.371664467836,1.0189480776240203,1.171615824004467
2022-06-19 00:00:00+07:00,2310.659716796875,2098.8294030213965,1.0294753606944338,1.0694066899871988
2022-06-26 00:00:00+07:00,2442.140966796875,2116.0899327596026,1.0243367031266322,1.1266625887512416
2022-07-03 00:00:00+07:00,2377.6177734375,2132.612686313727,1.0077047678416438,1.1063606908291115
2022-07-10 00:00:00+07:00,2345.96494140625,2147.8604497273764,1.005446257250155,1.0863170470667192
2022-07-17 00:00:00+07:00,2420.22734375,2160.8356966850088,1.020779106017039,1.0972425620182698
2022-07-24 00:00:00+07:00,2431.184228515625,2172.4464452107745,1.0170185549638036,1.1003729712975054
2022-07-31 00:00:00+07:00,2555.360888671875,2184.499193318685,1.01607680821553,1.1512610613043104
2022-08-07 00:00:00+07:00,2548.056396484375,2196.3671376546226,1.0115467397817945,1.1468804356166333
2022-08-14 00:00:00+07:00,2505.4466796875,2207.9870373456906,1.0087043104317681,1.124928108355913
2022-08-21 00:00:00+07:00,2518.533935546875,2219.415284181253,1.0097484088517237,1.1238181894798265
2022-08-28 00:00:00+07:00,2605.274951171875,2230.8099013499727,1.0043775433186521,1.162770504397308
2022-09-04 00:00:00+07:00,2611.362060546875,2242.785686981984,0.995752432114514,1.1693053545531538
2022-09-11 00:00:00+07:00,2677.102587890625,2254.3229798537036,0.9922091210805379,1.1968663604354306
2022-09-18 00:00:00+07:00,2653.971728515625,2265.5483160165645,0.9928129272021142,1.1799280899577969
2022-09-25 00:00:00+07:00,2589.448583984375,2277.028315656614,0.9696904416188091,1.1727508222589758
2022-10-02 00:00:00+07:00,2529.795068359375,2288.5197187766053,0.9977048999370038,1.1079714702416856
2022-10-09 00:00:00+07:00,2572.404736328125,2300.840671324119,0.9999168584001639,1.1181211545935064
2022-10-16 00:00:00+07:00,2569.969873046875,2312.2498925037867,1.013683990030109,1.0964546582134764
2022-10-23 00:00:00+07:00,2386.139697265625,2322.0928143623546,1.0250194793407654,1.0024995184368777
2022-10-30 00:00:00+07:00,2303.3552734375,2332.6217302762548,1.0146692152193135,0.9731776539617908
2022-11-06 00:00:00+07:00,2300.920458984375,2340.6201804332245,1.007304030286924,0.975910720910657
2022-11-13 00:00:00+07:00,2219.35341796875,2344.6548767481095,1.00536247148243,0.941509857160564
2022-11-20 00:00:00+07:00,2140.22119140625,2345.6085653256146,0.9967673439808471,0.9153966523010288
2022-11-27 00:00:00+07:00,2236.39736328125,2341.254410533416,0.9995357966962249,0.9556569240799914
2022-12-04 00:00:00+07:00,2289.963671875,2332.861747546074,1.0065138739687234,0.975258681798572
2022-12-11 00:00:00+07:00,2235.1798828125,2323.2163679074015,1.0067310857112388,0.955673057169623
2022-12-18 00:00:00+07:00,2298.485595703125,2317.1878076797875,1.0130315228380347,0.9791688570348133
2022-12-25 00:00:00+07:00,2294.8333984375,2314.706148274739,1.0210694744451112,0.9709570150210242
2023-01-01 00:00:00+07:00,2242.484423828125,2314.7927599784653,1.0035100938601036,0.9653739479943105
2023-01-08 00:00:00+07:00,2176.74375,2316.550771546975,0.9961440840285984,0.9432858571994956
2023-01-15 00:00:00+07:00,2033.0885009765625,2316.577752842047,1.0002414542044642,0.8774139867384201
2023-01-22 00:00:00+07:00,2086.654833984375,2315.8933504936026,0.9886399730110438,0.911368248555906
2023-01-29 00:00:00+07:00,2112.2206420898438,2314.674126649515,0.9743029777998222,0.9366026785959595
2023-02-05 00:00:00+07:00,2067.176171875,2312.139997198643,0.9688495079041246,0.9227988417148191
2023-02-12 00:00:00+07:00,2078.132958984375,2309.4874769161916,0.9656791836103706,0.9318045974036931
2023-02-19 00:00:00+07:00,2095.17685546875,2307.3722880828077,0.9676037580447733,0.9384377491096476
2023-02-26 00:00:00+07:00,2173.09150390625,2305.610225188426,0.970126390751558,0.9715469780912093
2023-03-05 00:00:00+07:00,2371.5306640625,2304.0649971986427,0.9726500594834875,1.058223497126362
2023-03-12 00:00:00+07:00,2375.18291015625,2301.862360010391,0.964138687403569,1.0702326560629485
2023-03-19 00:00:00+07:00,2325.268798828125,2298.8178836920315,0.9634037021675569,1.0499298574782356
2023-03-26 00:00:00+07:00,2290.7753092447915,2295.918176191281,0.9818270188151479,1.0162278857914837
2023-04-02 00:00:00+07:00,2347.18232421875,2293.8052739461264,0.9969664898429357,1.0263836330420535
2023-04-09 00:00:00+07:00,2471.3589477539062,2290.6595840845357,1.0045176428498317,1.0740331994920662
2023-04-16 00:00:00+07:00,2411.705517578125,2286.354748691657,1.0156936862805788,1.038527277823032
2023-04-23 00:00:00+07:00,2431.79296875,2283.8575441018133,1.0214959207995222,1.0423677122977086
2023-04-30 00:00:00+07:00,2518.0267740885415,2283.4751903044876,1.0012756584074973,1.1013120418899944
2023-05-07 00:00:00+07:00,2163.9608459472656,2281.6518746400493,0.9817993515436325,0.9660003313344346
2023-05-14 00:00:00+07:00,2107.3509765625,2278.043482540815,0.9949079724205117,0.9298051607493928
2023-05-21 00:00:00+07:00,2004.1747741699219,2275.531523640951,1.008695266023317,0.8731578294620632
2023-05-28 00:00:00+07:00,1871.17177734375,2273.4872574243786,1.008703575544791,0.8159387780807101
2023-06-04 00:00:00+07:00,1848.4466552734375,2270.3688097831537,1.0168899427327052,0.8006386617533876
2023-06-11 00:00:00+07:00,1984.39169921875,2267.1955863757007,1.0189480776240203,0.8589865425779801
2023-06-18 00:00:00+07:00,2185.26572265625,2263.092779228015,1.0294753606944338,0.9379634986835943
2023-06-25 00:00:00+07:00,2309.4423828125,2257.951008879833,1.0243367031266322,0.9985041695208359
2023-07-02 00:00:00+07:00,2519.323974609375,2254.3338563576726,1.0077047678416438,1.10900236603856
2023-07-09 00:00:00+07:00,2387.091943359375,2253.717823595879,1.005446257250155,1.0534422825309144
2023-07-16 00:00:00+07:00,2381.906396484375,2256.671992766552,1.020779106017039,1.0340093828867432
2023-07-23 00:00:00+07:00,2398.3273315429688,2261.1032021546985,1.0170185549638036,1.042939689993148
2023-07-30 00:00:00+07:00,2461.418505859375,2264.058847554525,1.01607680821553,1.0699690410752518
2023-08-06 00:00:00+07:00,2378.44931640625,2266.437248738607,1.0115467397817945,1.0374430064403082
2023-08-13 00:00:00+07:00,2399.191650390625,2269.3262411264272,1.0087043104317681,1.048103399417932
2023-08-20 00:00:00+07:00,2404.809326171875,2272.6398986425156,1.0097484088517237,1.0479410263497042
2023-08-27 00:00:00+07:00,2535.74501953125,2275.6222072503506,1.0043775433186521,1.1094517614670176
2023-09-03 00:00:00+07:00,2520.18828125,2275.3530872834035,0.995752432114514,1.1123278531914518
2023-09-10 00:00:00+07:00,2539.202099609375,2274.3873129820213,0.9922091210805379,1.1251997561138938
2023-09-17 00:00:00+07:00,2475.2466796875,2275.9771586100255,0.9928129272021142,1.0954263008884715
2023-09-24 00:00:00+07:00,2466.604052734375,2279.392462314704,0.9696904416188091,1.1159563769066068
2023-10-01 00:00:00+07:00,2432.8977661132812,2283.490407151443,0.9977048999370038,1.067880270932338
2023-10-08 00:00:00+07:00,2342.15029296875,2285.901831876315,0.9999168584001639,1.0246918772360574
2023-10-15 00:00:00+07:00,2352.521435546875,2287.447689819336,1.013683990030109,1.0145648937731813
2023-10-22 00:00:00+07:00,2343.878857421875,2291.0111008864183,1.0250194793407654,0.9981041223057356
2023-10-29 00:00:00+07:00,2305.851318359375,2294.017564118213,1.0146692152193135,0.9906268102939585
2023-11-05 00:00:00+07:00,2108.7995849609374,2298.3320298219337,1.007304030286924,0.9108816776904071
2023-11-12 00:00:00+07:00,2036.201513671875,2306.091149158967,1.00536247148243,0.8782569946382944
2023-11-19 00:00:00+07:00,2062.1293701171876,2315.0501091003416,0.9967673439808471,0.8936381705859667
2023-11-26 00:00:00+07:00,2101.885498046875,2326.724372120392,0.9995357966962249,0.9037863180404869
2023-12-03 00:00:00+07:00,2100.156982421875,2339.6135797745137,1.0065138739687234,0.8918418736692558
2023-12-10 00:00:00+07:00,2094.971337890625,2351.2209032890123,1.0067310857112388,0.8850568598882637
2023-12-17 00:00:00+07:00,2012.002197265625,2359.3011203863684,1.0130315228380347,0.8418255777484699
2023-12-24 00:00:00+07:00,2046.5726806640625,2363.0955937312206,1.0210694744451112,0.8481850028890435
2023-12-31 00:00:00+07:00,2114.561279296875,2363.3510454226766,1.0035100938601036,0.8916004825799609
2024-01-07 00:00:00+07:00,2240.5994873046875,2363.7124308268235,0.9961440840285984,0.9515846613573976
2024-01-14 00:00:00+07:00,2276.466357421875,2366.433600636018,1.0002414542044642,0.9617497094036855
2024-01-21 00:00:00+07:00,2304.12275390625,2369.585199404986,0.9886399730110438,0.9835470002868043
2024-01-28 00:00:00+07:00,2202.13984375,2372.972258660733,0.9743029777998222,0.9524851288313924
2024-02-04 00:00:00+07:00,2224.610693359375,2377.58891421587,0.9688495079041246,0.9657415799380517
2024-02-11 00:00:00+07:00,2221.1536458333335,2382.2462126120545,0.9656791836103706,0.965515136157375
2024-02-18 00:00:00+07:00,2296.7765502929688,2386.8038955297225,0.9676037580447733,0.9944992524583394
2024-02-25 00:00:00+07:00,2281.651904296875,2391.3754883595,0.970126390751558,0.9834975795121329
2024-03-03 00:00:00+07:00,2234.981787109375,2395.56843739045,0.9726500594834875,0.9591991567288638
2024-03-10 00:00:00+07:00,2411.291259765625,2400.151222189879,0.964138687403569,1.0420092078021028
2024-03-17 00:00:00+07:00,2454.50439453125,2404.4353685427936,0.9634037021675569,1.0596010876543616
2024-03-24 00:00:00+07:00,2516.731298828125,2409.9896884233526,0.9818270188151479,1.0636204689264932
2024-03-31 00:00:00+07:00,2547.41259765625,2419.970440165202,0.9969664898429357,1.0558656710523096
2024-04-07 00:00:00+07:00,2521.916845703125,2433.2872857509515,1.0045176428498317,1.0317626608936297
2024-04-14 00:00:00+07:00,2521.916845703125,2446.85774989984,1.0156936862805788,1.0147505322900567
2024-04-21 00:00:00+07:00,2692.1763916015625,2460.68082400591,1.0214959207995222,1.0710545487422722
2024-04-28 00:00:00+07:00,2570.31552734375,2474.048803084936,1.0012756584074973,1.0375869937922404
2024-05-05 00:00:00+07:00,2560.3765258789062,2487.850236706857,0.9817993515436325,1.0482306704994158
2024-05-12 00:00:00+07:00,2517.8837076822915,2503.167533835387,0.9949079724205117,1.0110271991214559
2024-05-19 00:00:00+07:00,2525.373876953125,2518.0297368758766,1.008695266023317,0.9942711693456682
2024-05-26 00:00:00+07:00,2564.0960286458335,2531.2411323742986,1.008703575544791,1.0042392850958537
2024-06-02 00:00:00+07:00,2496.0,2543.783993139022,1.0168899427327052,0.9649179794439601
2024-06-09 00:00:00+07:00,2544.0,2556.066413136018,1.0189480776240203,0.9767713641198681
2024-06-16 00:00:00+07:00,2466.0,2569.480129144131,1.0294753606944338,0.9322488409108712
2024-06-23 00:00:00+07:00,2423.3333333333335,2582.801524548653,1.0243367031266322,0.9159660728382586
2024-06-30 00:00:00+07:00,2432.0,2593.29062108749,1.0077047678416438,0.9306343273066139
2024-07-07 00:00:00+07:00,2512.0,2602.471767562475,1.005446257250155,0.9600077662934939
2024-07-14 00:00:00+07:00,2540.0,2610.5576729016425,1.020779106017039,0.9531662414406257
2024-07-21 00:00:00+07:00,2568.0,2617.49431606195,1.0170185549638036,0.9646736049005725
2024-07-28 00:00:00+07:00,2644.0,2625.5687141614085,1.01607680821553,0.9910864151162692
2024-08-04 00:00:00+07:00,2676.0,2634.7057282276646,1.0115467397817945,1.0040793576777602
2024-08-11 00:00:00+07:00,2586.0,2643.544532658504,1.0087043104317681,0.9697906954805571
2024-08-18 00:00:00+07:00,2692.0,2651.4105884649816,1.0097484088517237,1.0055065216580914
2024-08-25 00:00:00+07:00,2724.0,2658.6756994785405,1.0043775433186521,1.0201046877291366
2024-09-01 00:00:00+07:00,2768.0,2666.150375522711,0.995752432114514,1.042629645442683
2024-09-08 00:00:00+07:00,2768.0,2671.243903918144,0.9922091210805379,1.044357828758006
2024-09-15 00:00:00+07:00,2692.0,2672.8804841652895,0.9928129272021142,1.0144440334166256
2024-09-22 00:00:00+07:00,2827.5,2672.022448652219,0.9696904416188091,1.0912629145025612
2024-09-29 00:00:00+07:00,3110.0,2669.9729881091,0.9977048999370038,1.1674852871692238
2024-10-06 00:00:00+07:00,3050.0,2668.2486665383367,0.9999168584001639,1.1431669173929413
2024-10-13 00:00:00+07:00,3056.0,2667.875265659431,1.013683990030109,1.1300176890876865
2024-10-20 00:00:00+07:00,3078.0,2668.653215300732,1.0250194793407654,1.1252379083235762
2024-10-27 00:00:00+07:00,2962.0,2670.9465622339494,1.0146692152193135,1.0929376093323255
2024-11-03 00:00:00+07:00,2888.0,2674.7956771068084,1.007304030286924,1.0718795979035982
2024-11-10 00:00:00+07:00,2850.0,2678.8027902456433,1.00536247148243,1.0582333587029968
2024-11-17 00:00:00+07:00,2794.0,,0.9967673439808471,
2024-11-24 00:00:00+07:00,2744.0,,0.9995357966962249,
2024-12-01 00:00:00+07:00,2762.5,,1.0065138739687234,
2024-12-08 00:00:00+07:00,2710.0,,1.0067310857112388,
2024-12-15 00:00:00+07:00,2792.0,,1.0130315228380347,
2024-12-22 00:00:00+07:00,2652.0,,1.0210694744451112,
2024-12-29 00:00:00+07:00,2600.0,,1.0035100938601036,
2025-01-05 00:00:00+07:00,2710.0,,0.9961440840285984,
2025-01-12 00:00:00+07:00,2648.0,,1.0002414542044642,
2025-01-19 00:00:00+07:00,2654.0,,0.9886399730110438,
2025-01-26 00:00:00+07:00,2692.0,,0.9743029777998222,
2025-02-02 00:00:00+07:00,2685.0,,0.9688495079041246,
2025-02-09 00:00:00+07:00,2680.0,,0.9656791836103706,
2025-02-16 00:00:00+07:00,2656.0,,0.9676037580447733,
2025-02-23 00:00:00+07:00,2678.0,,0.970126390751558,
2025-03-02 00:00:00+07:00,2616.0,,0.9726500594834875,
2025-03-09 00:00:00+07:00,2560.0,,0.964138687403569,
2025-03-16 00:00:00+07:00,2476.0,,0.9634037021675569,
2025-03-23 00:00:00+07:00,2406.0,,0.9818270188151479,
2025-03-30 00:00:00+07:00,2445.0,,0.9969664898429357,
2025-04-06 00:00:00+07:00,2445.0,,1.0045176428498317,
2025-04-13 00:00:00+07:00,2560.0,,1.0156936862805788,
2025-04-20 00:00:00+07:00,2735.0,,1.0214959207995222,
2025-04-27 00:00:00+07:00,2766.0,,1.0012756584074973,
2025-05-04 00:00:00+07:00,2765.0,,0.9817993515436325,
2025-05-11 00:00:00+07:00,2730.0,,0.9949079724205117,
