Date,Open,High,Low,Close,Volume,Dividends,Stock Splits,MA5,MA10,MA20,MA50,MA200,EMA5,EMA10,EMA20,EMA50,EMA200,BB_Upper,BB_Middle,BB_Lower,RSI,MACD,MACD_Signal,MACD_Hist,%K,%D,ATR,OBV,Return,Volatility_21,Close_lag_1,Volume_lag_1,Close_change_1,Close_lag_2,Volume_lag_2,Close_change_2,Close_lag_3,Volume_lag_3,Close_change_3,Close_lag_5,Volume_lag_5,Close_change_5,Close_lag_10,Volume_lag_10,Close_change_10,Close_rolling_mean_5,Volume_rolling_mean_5,Close_rolling_std_5,Close_rolling_min_5,Close_rolling_max_5,Close_rolling_mean_10,Volume_rolling_mean_10,Close_rolling_std_10,Close_rolling_min_10,Close_rolling_max_10,Close_rolling_mean_20,Volume_rolling_mean_20,Close_rolling_std_20,Close_rolling_min_20,Close_rolling_max_20,golden_cross,death_cross,macd_cross_above,macd_cross_below,roc_5,roc_10,roc_20,atr_ratio,bb_width,bb_position,day_of_week,day_of_month,month,quarter,year,is_month_end,is_month_start,next_day_return,next_day_direction,target_close_1d,target_return_1d,target_direction_1d,target_close_3d,target_return_3d,target_direction_3d,target_close_5d,target_return_5d,target_direction_5d,target_close_10d,target_return_10d,target_direction_10d
2003-10-03 00:00:00+07:00,23.374954541524254,25.499950408935547,23.374954541524254,25.499950408935547,312840000,0.0,0.0,23.79995346069336,23.906203269958496,23.268703269958497,22.7842036819458,22.22929991722107,24.127455420613146,23.81667322528536,23.43244561996275,23.061446775729703,22.77119734634325,25.32550215623208,23.268703269958497,21.21190438368492,80.00001436122866,0.4341390106634293,0.3278723835816306,0.1062666270817986,100.0,66.66669503727728,1.214283658748437,269822500,0.0909091057450841,0.0302356338496682,23.37495422363281,14482500.0,0.0909091057450841,23.37495422363281,80000.0,0.0909091057450841,23.37495422363281,1680000.0,0.0909091057450841,23.37495422363281,8352500.0,0.0909091057450841,24.43745231628418,69997500.0,0.0434782676565412,23.79995346069336,66676500.0,0.9503271844529526,23.37495422363281,25.499950408935547,23.906203269958496,38892750.0,0.7512996063115305,23.37495422363281,25.499950408935547,23.268703269958497,26167125.0,1.028399443136789,21.24995803833008,25.499950408935547,0,0,1,0,9.090910574508417,4.347826765654128,14.28573626721008,0.0476190596167957,0.1767867218392912,1.0424077078871636,4,3,10,4,2003,0,0,-0.0833333457996886,0,23.37495422363281,-0.0833333457996886,0,25.499950408935547,0.0,0,28.68744659423828,0.1250000934976638,1,27.62494659423828,0.0833333457996885,1
2003-10-10 00:00:00+07:00,26.562450550220632,28.68744659423828,25.499952528211807,28.68744659423828,429205000,0.0,0.0,25.499950790405272,24.64995212554932,24.11870260238648,23.017953376770016,22.28544148445129,26.136853529078465,25.18337916459176,24.33948027597176,23.52056089471385,22.905422844371984,26.969685816836115,24.11870260238648,21.267719387936832,70.00000538546364,0.8995274695572135,0.5201079332084663,0.3794195363487472,100.0,91.66666726165174,1.5937471317971212,685650000,0.1250000934976638,0.043309698112441,25.499950408935547,116457500.0,0.1250000934976638,25.499950408935547,70192500.0,0.1250000934976638,24.43745231628418,16462500.0,0.1739131486763891,25.499950408935547,312840000.0,0.1250000934976638,23.37495422363281,8352500.0,0.2272728459606725,25.499950790405272,146470000.0,1.987752683041698,23.37495422363281,28.68744659423828,24.64995212554932,106573250.0,1.7205330972426809,23.37495422363281,28.68744659423828,24.118702602386477,62589375.0,1.4254916072248214,22.31245231628418,28.68744659423828,0,0,0,0,12.500009349766383,22.727284596067253,28.571463986060696,0.0555555589990088,0.2364126513312158,1.3012576097775737,4,10,10,4,2003,0,0,-0.0370371059867488,0,27.62494659423828,-0.0370371059867488,0,28.68744659423828,0.0,0,27.62494659423828,-0.0370371059867488,0,26.562450408935547,-0.0740740789990535,0
2003-10-23 00:00:00+07:00,28.68744644165039,29.74994445800781,26.562450408935547,26.562450408935547,103950000,0.0,0.0,28.68744735717773,28.36869697570801,26.243699932098387,24.101702270507808,22.59479491233826,28.26007888499005,27.87492794917171,26.743159617874674,24.983559687112457,23.3731930979237,31.074702788566263,26.243699932098387,21.41269707563051,53.33333652471711,1.421082745922682,1.3167663048680764,0.1043164410546055,37.5000056098565,63.42593435645117,2.276782179441595,412812500,-0.1071429212555313,0.0537126154748469,29.74994659423828,61190000.0,-0.1071429212555313,29.74994659423828,196485000.0,-0.1071429212555313,29.74994659423828,144595000.0,-0.1071429212555313,27.62494659423828,140442500.0,-0.0384614747282203,25.499950408935547,116457500.0,0.0416667476979752,28.68744735717773,118776500.0,1.5026005613226374,26.562450408935547,29.74994659423828,28.36869697570801,160831000.0,1.1255585943787534,26.562450408935547,29.74994659423828,26.243699932098387,112659500.0,2.4155014282339384,23.37495422363281,29.74994659423828,0,0,0,0,-3.846147472822037,4.166674769797529,13.63637402155886,0.085714312662799,0.3681647686086464,0.532990094014373,3,23,10,4,2003,0,0,0.0,0,26.562450408935547,0.0,0,25.499950408935547,-0.0400000746784482,0,25.499950408935547,-0.0400000746784482,0,25.499950408935547,-0.0400000746784482,0
2003-11-04 00:00:00+07:00,24.437452756441555,27.62494659423828,23.374954810509315,27.62494659423828,75622500,0.0,0.0,25.28745079040528,26.031200218200684,26.93432378768921,24.526701698303217,22.747683868408203,25.70707843254453,25.96522710786159,26.044848392090724,25.12128486564244,23.536412284656457,30.60036982112557,26.93432378768921,23.268277754252843,46.15384190496181,0.1688886502456057,0.543454771868082,-0.3745661216224762,49.99997756057412,20.833323414456643,2.276782038408131,439270000,0.1818182114901683,0.0622449356536057,23.37495422363281,3370000.0,0.1818182114901683,24.43745231628418,13995000.0,0.1304348029696236,25.499950408935547,7400000.0,0.0833333457996885,25.499950408935547,50810000.0,0.0833333457996885,29.74994659423828,196485000.0,-0.0714286996539197,25.287450790405277,26369500.0,1.5759393494526324,23.37495422363281,27.62494659423828,26.031200218200684,41775750.0,1.7530334423074594,23.37495422363281,29.74994659423828,26.93432378768921,102378875.0,1.833023016718183,23.37495422363281,29.74994659423828,0,0,0,0,8.333334579968854,-7.142869965391974,13.04348029696236,0.0824176086871783,0.2722211303565002,0.5941917804973277,1,4,11,4,2003,0,0,-0.0384614747282203,0,26.562450408935547,-0.0384614747282203,0,25.499950408935547,-0.0769230875452966,0,26.562450408935547,-0.0384614747282203,0,24.43745231628418,-0.1153846313179448,0
2003-12-05 00:00:00+07:00,28.687444949972218,30.81244087219238,27.62494698886213,30.812440872192383,183300000,0.0,0.0,27.83744697570801,27.199948692321776,26.29682493209839,26.179949989318843,23.311653604507445,28.438403997511152,27.500370955920303,26.78423222202069,25.93129540714209,24.10259267944055,29.37044376835459,26.29682493209839,23.223206095842187,79.99997845815695,0.7167089695904565,0.2873618433082669,0.4293471262821896,100.00000000000004,93.3333235510433,0.8348204630502263,628985000,0.1153846313179449,0.0418421557141629,27.62494659423828,35335000.0,0.1153846313179449,28.68744659423828,96022500.0,0.0740740125118313,26.562450408935547,14822500.0,0.1599999396827918,26.562450408935547,0.0,0.1599999396827918,26.562450408935547,10570000.0,0.1599999396827918,27.83744697570801,66429500.0,2.043755788536171,25.499950408935547,30.812440872192383,27.199948692321776,33214750.0,1.5192026968082013,25.499950408935547,30.812440872192383,26.29682493209839,20229375.0,1.5368094181281002,24.43745231628418,30.812440872192383,0,0,0,0,15.99999396827918,15.99999396827918,20.833336449922136,0.0270936167151767,0.2337634938204639,1.2345764358983116,4,5,12,4,2003,0,0,0.0,0,30.812440872192383,0.0,0,28.68744659423828,-0.0689654638776724,0,30.812440872192383,0.0,0,31.87493896484375,0.0344827628897861,1
2003-12-29 00:00:00+07:00,36.12492638665277,40.37491772625897,36.12492638665277,39.31241989135742,84327500,0.0,0.0,36.76242599487305,34.212432289123534,31.82181348800659,28.32619567871094,24.39514789581299,36.64272297488778,34.821732241784005,32.51227786406574,29.3588400267404,25.38812122391469,38.55841524328315,31.82181348800659,25.08521173273003,78.57144230987461,2.658948709535519,1.9645784294074728,0.694370280128046,90.9090869795556,96.96969565985188,1.6696397741794515,892057500,0.0882352599537927,0.0465497733326911,36.12492752075195,0.0,0.0882352599537927,36.12492752075195,0.0,0.0882352599537927,36.12492752075195,0.0,0.0882352599537927,33.99993133544922,60992500.0,0.156249978963024,29.74994659423828,107305000.0,0.3214282508652004,36.76242599487305,31610500.0,1.42548992368717,36.12492752075195,39.31241989135742,34.212432289123534,40843500.0,2.996836891511637,30.812440872192383,39.31241989135742,31.82181348800659,59635375.0,3.3683008776382803,26.562450408935547,39.31241989135742,0,0,0,0,15.624997896302409,32.14282508652004,54.16665233035823,0.0424710505940264,0.4233952133378907,1.0559632790734352,0,29,12,4,2003,0,0,-0.0540539701315266,0,37.18742752075195,-0.0540539701315266,0,37.18742752075195,-0.0540539701315266,0,39.31241989135742,0.0,0,37.18742752075195,-0.0540539701315266,0
2004-03-02 00:00:00+07:00,33.999931784237134,36.12492752075195,33.999931784237134,36.12492752075195,25590000,0.0,0.0,34.424930572509766,34.63742942810059,34.69055404663086,35.95492782592773,27.62069540023804,34.66956294887191,34.6407937815556,34.79691254771639,34.3420926819291,29.19265411648534,36.27401370728014,34.69055404663086,33.107094385981576,57.14287912437362,-0.1802416974793672,-0.1902105980889376,0.0099689006095703,100.0,44.4444892225661,1.5178539602804106,728102500,0.0967741524522225,0.0338578290553073,32.937435150146484,3777500.0,0.0967741524522225,33.99993133544922,34442500.0,0.0625000140246505,35.06242752075195,4340000.0,0.0303030929438969,33.99993133544922,17272500.0,0.0625000140246505,35.06242752075195,8410000.0,0.0303030929438969,34.424930572509766,15247500.0,1.211433378028567,32.937435150146484,36.12492752075195,34.63742942810059,12150750.0,0.8959761572290412,32.937435150146484,36.12492752075195,34.69055404663086,9540750.0,0.7917298303246413,32.937435150146484,36.12492752075195,0,0,1,0,6.250001402465055,3.030309294389699,9.677415245222251,0.0420168029239222,0.0912905373907147,0.9529239076204014,1,2,3,1,2004,0,0,0.0294118237161762,1,37.18742752075195,0.0294118237161762,1,36.12492752075195,0.0,0,35.06242752075195,-0.0294118237161762,0,32.937435150146484,-0.0882352599537926,0
2004-05-04 00:00:00+07:00,35.062432861328126,35.062432861328126,31.87493896484375,31.87493896484375,47072500,0.0,0.0,34.637429809570314,35.48742866516113,35.11555404663086,34.55243049621582,30.05912777900696,34.21805267929504,34.852420527617326,34.95254348102795,34.680655719662106,31.15403842759348,37.64637003717549,35.11555404663086,32.58473805608623,33.333373225640074,0.0300146795031466,0.3512364898057095,-0.3212218103025628,0.0,22.22219159784066,1.062498793469636,686680000,-0.0909089524398065,0.0307994511619907,35.06242752075195,0.0,-0.0909089524398065,35.06242752075195,16052500.0,-0.0909089524398065,35.06242752075195,11625000.0,-0.0909089524398065,36.12492752075195,1540000.0,-0.1176469780726009,36.12492752075195,4870000.0,-0.1176469780726009,34.637429809570314,15050000.0,1.6113561269546972,31.87493896484375,36.12492752075195,35.48742866516113,14776500.0,1.434262482429925,31.87493896484375,37.18742752075195,35.11555404663086,13450875.0,1.2654079952723167,31.87493896484375,37.18742752075195,0,0,0,0,-11.764697807260092,-11.764697807260092,-6.249990182744558,0.0333333593090644,0.1441421648756497,-0.1402312720273536,1,4,5,2,2004,0,0,0.0,0,31.87493896484375,0.0,0,31.87493896484375,0.0,0,28.68744659423828,-0.0999999521291975,0,28.68744659423828,-0.0999999521291975,0
2004-05-10 00:00:00+07:00,31.874940660264755,31.874940660264755,28.68744659423828,28.68744659423828,18415000,0.0,0.0,31.02494087219238,33.25618419647217,34.478056049346925,34.297431297302246,30.20787752151489,31.11787166006668,32.50035937613402,33.55082590693325,34.10229965155516,31.140226454270337,38.97132785623945,34.478056049346925,29.984784242454403,18.18183746860926,-0.9610409051307442,-0.2317933978681466,-0.7292475072625977,0.0,5.555557217736524,1.2142838229814112,657665000,-0.0999999521291975,0.0371085457816666,31.87493896484375,2882500.0,-0.0999999521291975,30.812440872192383,13482500.0,-0.0689654638776724,31.87493896484375,20850000.0,-0.0999999521291975,35.06242752075195,0.0,-0.1818180136769079,36.12492752075195,16162500.0,-0.2058822380263936,31.02494087219238,20540500.0,1.3853272196489532,28.68744659423828,31.87493896484375,33.25618419647217,13242000.0,2.5563794111427494,28.68744659423828,36.12492752075195,34.478056049346925,13886125.0,2.2466359034462617,28.68744659423828,37.18742752075195,0,0,0,0,-18.1818013676908,-20.58822380263936,-18.1818013676908,0.0423280551997713,0.2606453101915897,-0.1443644747048298,0,10,5,2,2004,0,0,0.0,0,28.68744659423828,0.0,0,29.74994659423828,0.0370371059867489,1,27.62494659423828,-0.0370371059867488,0,28.68744659423828,0.0,0
2004-10-04 00:00:00+07:00,40.30429273038297,42.60739517211914,40.30429273038297,42.60739517211914,214690000,0.0,0.0,40.07398147583008,39.84367103576661,39.09516201019287,35.582930450439456,34.1611796283722,40.43575917830949,39.77485445034333,38.74899389816805,36.51983065730393,33.15344205563803,41.93805801574228,39.09516201019287,36.25226600464347,66.66668507033606,1.3785882340439173,1.3212152682392606,0.0573729658046566,100.0,77.77779597366249,1.3983121648638457,1869717500,0.0882353227738732,0.0335476727815599,39.152740478515625,8407500.0,0.0882353227738732,39.152740478515625,1557500.0,0.0882353227738732,40.304290771484375,2512500.0,0.0571429085228869,39.152740478515625,10007500.0,0.0882353227738732,36.84963607788086,0.0,0.1562500938155642,40.07398147583008,49067500.0,1.5014394970834386,39.152740478515625,42.60739517211914,39.84367103576661,41722750.0,1.1125043287963212,39.152740478515625,42.60739517211914,39.09516201019287,45393875.0,1.4214480027747045,36.84963607788086,42.60739517211914,0,0,1,0,8.823532277387326,15.62500938155642,12.121223680539917,0.0328185320697298,0.1454346706535303,1.1177210061624308,0,4,10,4,2004,0,0,0.0,0,42.60739517211914,0.0,0,41.455841064453125,-0.0270270947804749,0,43.75894546508789,0.027027005249133,1,42.60739517211914,0.0,0
2004-11-03 00:00:00+07:00,43.75894219534738,49.51669774736677,43.75894219534738,48.36514663696289,171702500,0.0,0.0,43.75894546508789,42.03161811828613,42.37708358764648,39.88973243713379,34.72858721733093,44.25478785662381,43.06387307675149,42.16484330994533,39.96313352356821,34.97064371919073,46.15777652638227,42.37708358764648,38.59639064891069,69.9999867493595,1.1198604797424068,0.8088505470024506,0.3110099327399561,88.88888690246104,74.62964185296242,2.138595027319247,2104972500,0.1351350262456652,0.0353798799582282,42.60739517211914,118932500.0,0.1351350262456652,42.60739517211914,6335000.0,0.1351350262456652,42.60739517211914,92347500.0,0.1351350262456652,40.304290771484375,60157500.0,0.199999943211546,41.455841064453125,6597500.0,0.1666666359938899,43.75894546508789,99366500.0,2.574944734587929,42.60739517211914,48.36514663696289,42.03161811828613,66480750.0,2.5023979427479133,40.304290771484375,48.36514663696289,42.37708358764648,47553250.0,1.8903464693678955,40.304290771484375,48.36514663696289,0,0,1,0,19.999994321154603,16.666663599388997,16.666663599388997,0.0442176893077965,0.1784310112288102,1.2919266582012785,2,3,11,4,2004,0,0,0.0238094280353411,1,49.516693115234375,0.0238094280353411,1,54.12290191650391,0.1190476134138438,1,54.12290191650391,0.1190476134138438,1,55.27447128295898,0.1428575146863229,1
2004-11-05 00:00:00+07:00,50.66824860268451,54.12290191650391,50.66824860268451,54.12290191650391,92787500,0.0,0.0,47.44390640258789,44.33471946716308,43.35590152740478,40.67278709411621,34.8961609172821,48.71347148960842,46.03452923515847,43.93719876136584,40.87837582117018,35.304510095145424,50.41608843018492,43.35590152740478,36.29571462462464,85.71427219322462,2.272894363116201,1.223503340247549,1.049391022868652,100.0,87.96295897470758,2.4676096224626485,2344390000,0.0930233525601165,0.0391378578063598,49.516693115234375,146630000.0,0.0930233525601165,48.36514663696289,171702500.0,0.1190476134138438,42.60739517211914,118932500.0,0.2702701420226725,42.60739517211914,92347500.0,0.2702701420226725,40.304290771484375,38897500.0,0.3428570725476287,47.44390640258789,107277500.0,4.912682341790641,42.60739517211914,54.12290191650391,44.33471946716308,84448250.0,4.709014676551512,40.304290771484375,54.12290191650391,43.35590152740478,56706750.0,3.530093451390069,40.304290771484375,54.12290191650391,0,0,0,0,27.027014202267253,34.28570725476288,27.027014202267253,0.0455927072474691,0.3256851618374249,1.262515251887973,4,5,11,4,2004,0,0,0.0,0,54.12290191650391,0.0,0,54.12290191650391,0.0,0,55.27447128295898,0.02127693315912,1,55.27447128295898,0.02127693315912,1
2005-04-25 00:00:00+07:00,67.02921001727763,67.02921001727763,59.632883394681485,60.09515380859375,65935000,0.0,0.0,66.93675689697265,71.28209915161133,73.01561317443847,76.1729197692871,56.85834896087646,66.51264378837907,69.5797270672515,72.3679089288507,74.00267628217618,60.937677947331736,82.40814381662352,73.01561317443847,63.62308253225342,24.13794869649768,-2.8713240021880466,-1.5114157946533988,-1.3599082075346478,2.380952278395033,10.11905963184757,2.542488883459733,3662970000,-0.1034484171582446,0.0351042240909567,67.02922058105469,47005000.0,-0.1034484171582446,70.26510620117188,18367500.0,-0.1447368821084698,69.3405532836914,55515000.0,-0.1333332233054467,72.11418151855469,34865000.0,-0.1666666314013214,77.66143035888672,19832500.0,-0.2261904843770737,66.93675689697265,48630500.0,4.02201767538413,60.09515380859375,70.26510620117188,71.28209915161133,34534750.0,5.524943776009697,60.09515380859375,77.19916534423828,73.01561317443847,38115375.0,4.696265321092525,60.09515380859375,78.12370300292969,0,0,0,0,-16.666663140132144,-22.619048437707377,-22.15569489563281,0.0423077190476572,0.2572745809788862,-0.1878050153924727,0,25,4,2,2005,0,0,0.0615385679855453,1,63.7933235168457,0.0615385679855453,1,70.26510620117188,0.1692308239191793,1,71.18965148925781,0.1846155135237797,1,71.65191650390625,0.1923077313708423,1
2006-05-11 00:00:00+07:00,180.9977687835693,196.8962214469909,180.9977687835693,195.6732635498047,215440000,0.0,0.0,180.997787475586,168.15672454833984,148.34480476379397,122.51593383789064,96.26636142730712,180.9404676727972,169.9900726142404,154.01920648887614,130.81031871243823,100.72416076202092,199.15185054972312,148.34480476379397,97.53775897786475,83.95061652327668,18.95980026287552,15.20624021161526,3.7535600512602585,98.181818405391,93.54779708002256,9.60895528881068,6719540200,0.0884351899603148,0.0377573989126504,179.77484130859375,20.0,0.0884351899603148,176.10594177246094,20.0,0.1111110822292746,180.997802734375,20.0,0.0810808782964442,161.43043518066406,20.0,0.2121212665431888,150.42381286621094,20.0,0.3008130815287819,180.99778747558597,82751512.0,8.861164215407795,172.4370880126953,195.6732635498047,168.15672454833984,50184764.0,15.233888252211411,146.7549591064453,195.6732635498047,148.34480476379397,34780764.0,25.403522892964595,108.84326171875,195.6732635498047,0,0,0,0,21.212126654318887,30.081308152878197,79.77526624975889,0.0491071448111505,0.6849858458720961,0.9657666870203876,3,11,5,2,2006,0,0,-0.0249999161704672,0,190.7814483642578,-0.0249999161704672,0,178.55189514160156,-0.0874997845775962,0,169.99119567871094,-0.131249754847355,0,151.6467742919922,-0.2250000253438122,0
2006-05-15 00:00:00+07:00,185.8896421544692,185.8896421544692,165.09935322929832,166.3223114013672,279900000,0.0,0.0,181.73156127929687,173.29315185546875,155.25451736450196,125.3776559448242,97.28630855560304,178.25463351375623,172.4161388689272,158.35865228839796,134.46252707850863,102.26405475035556,202.057570506286,155.25451736450196,108.45146422271792,60.63831326379066,17.775674600149244,16.409459894538625,1.36621470561062,44.44451371464135,77.54211899184249,10.831911157486422,6439640180,-0.1282050072090392,0.0507903199146267,190.7814483642578,20.0,-0.1282050072090392,195.6732635498047,215440000.0,-0.1499998089466464,179.77484130859375,20.0,-0.0748298805845392,180.997802734375,20.0,-0.081081046903895,158.98452758789062,88090000.0,0.0461540750210429,181.73156127929687,99068012.0,11.717431972599185,166.3223114013672,195.6732635498047,173.29315185546875,69365764.0,14.133851189187167,154.09271240234375,195.6732635498047,155.25451736450196,47614140.0,23.401526570892017,113.73509979248048,195.6732635498047,0,0,0,0,-8.108104690389506,4.615407502104296,51.111096631688,0.0651260258844465,0.6029203392761991,0.618237949171144,0,15,5,2,2006,0,0,0.0735294239070671,1,178.55189514160156,0.0735294239070671,1,169.99119567871094,0.0220588822174918,1,147.97792053222656,-0.1102942276028868,0,157.76161193847656,-0.0514705416895754,0
2006-05-22 00:00:00+07:00,173.6600389717039,173.6600389717039,147.97792053222656,147.97792053222656,199267500,0.0,0.0,170.72494201660157,176.2282516479492,166.87261962890625,131.9816293334961,99.56590255737304,166.44922855723448,169.46080377601442,162.653500285493,140.932481713187,105.5960186984015,197.96837821078933,166.87261962890625,135.77686104702312,47.82608365448868,11.377063567777212,15.074297786761525,-3.6972342189843097,0.0,30.68527201679551,13.190467746715305,6504962700,-0.1478872255586358,0.0659458073138801,173.66001892089844,118875000.0,-0.1478872255586358,169.99119567871094,248057500.0,-0.1294965604459316,183.4436798095703,20.0,-0.1933332307450447,166.3223114013672,279900000.0,-0.1102942276028868,180.997802734375,20.0,-0.1824325030652834,170.72494201660157,191994504.0,13.689480749834685,147.97792053222656,183.4436798095703,176.2282516479492,145531258.0,13.34026715505876,147.97792053222656,195.6732635498047,166.87261962890625,95612761.0,15.547879290941568,141.86312866210938,195.6732635498047,0,0,0,0,-11.029422760288687,-18.243250306528346,10.000018148297452,0.0891380801897583,0.372688565098748,0.1961852683714874,0,22,5,2,2006,0,0,0.0743800630261395,1,158.98452758789062,0.0743800630261395,1,151.6467742919922,0.024793251226737,1,157.76161193847656,0.0661158865529489,1,166.46682739257812,0.1249436861516448,1
2006-06-09 00:00:00+07:00,143.76681665039064,157.63905334472656,142.50570422363282,157.63905334472656,216947500,0.0,0.0,156.63016357421876,159.51949005126954,161.45333862304688,147.08208282470704,104.4551308441162,155.42121918389157,157.71966611787562,158.84416367878552,148.15688234534235,112.41588919306294,181.84550292907784,161.45333862304688,141.0611743170159,56.06880856000755,0.7382575476266311,3.2270802131604226,-2.4888226655337915,63.59929650832324,39.22919656582982,8.412532653616676,7024212620,0.1061945519208973,0.0640518221778123,142.50572204589844,156102500.0,0.1061945519208973,155.1168212890625,20.0,0.0162602097870729,161.42239379882812,20.0,-0.023437519200815,163.87635803222656,66775000.0,-0.0380610404233746,151.6467742919922,0.0,0.0395147149071326,156.63016357421876,82415508.0,8.979606582823015,142.50572204589844,166.46682739257812,159.51949005126954,57740510.0,6.992975166759595,142.50572204589844,166.46682739257812,161.45333862304688,103566382.0,10.196082153015478,142.50572204589844,183.4436798095703,0,0,0,0,-3.806104042337466,3.951471490713265,-17.371917082971656,0.0533657902348605,0.252607527102819,0.4064766931778732,4,9,6,2,2006,0,0,0.0640000859546183,1,167.72796630859375,0.0640000859546183,1,161.42239379882812,0.0240000201335142,1,160.1613006591797,0.0160001424833315,1,155.1168212890625,-0.0160000456875899,0
2007-01-12 00:00:00+07:00,157.639065304318,157.639065304318,137.4612649453653,139.98348999023438,186625000,0.0,0.0,159.65684814453124,169.3674102783203,170.88074264526367,169.3926239013672,165.2441714477539,156.23677504616504,163.7720851311697,167.8176398875694,169.40600419208712,157.7178506121489,191.21556781212348,170.88074264526367,150.54591747840385,22.448995213798725,-3.298049007001822,0.4145712568986186,-3.71262026390044,5.263155295376851,4.65293336179838,7.206362066865552,6588912540,-0.0901639368649825,0.030878449864545,153.85572814941406,82377500.0,-0.0901639368649825,158.90017700195312,196510000.0,-0.1190476144748802,171.51132202148438,20.0,-0.1838236196867555,176.5557403564453,58877500.0,-0.2071427997321178,177.81686401367188,221830000.0,-0.2127659501436747,159.65684814453124,93102508.0,13.86077119401894,139.98348999023438,174.0335235595703,169.3674102783203,52439012.0,13.955424725467424,139.98348999023438,184.12245178222656,170.88074264526367,48426762.0,10.167412583429908,139.98348999023438,184.12245178222656,0,0,0,0,-20.71427997321178,-21.276595014367476,-15.909077992991472,0.0514800857398846,0.2380001965355859,-0.2597127686493055,4,12,1,1,2007,0,0,0.1081079725893665,1,155.1168212890625,0.1081079725893665,1,155.1168212890625,0.1081079725893665,1,157.63905334472656,0.1261260406903976,1,157.63905334472656,0.1261260406903976,1
2007-01-15 00:00:00+07:00,142.5056976070249,156.37793365726623,142.5056976070249,155.1168212890625,220197500,0.0,0.0,155.87350769042968,167.09740600585937,170.25018539428712,169.03951232910157,165.46942432403566,155.86345712713086,162.19840079624112,166.60803811628304,168.84564407824303,157.69196972336198,191.74563638502528,170.25018539428712,148.75473440354895,37.7049099036109,-3.859125405586809,-0.440168075598467,-3.4189573299883422,36.84204748191984,14.035067592432204,8.287314293827677,6809110040,0.1081079725893665,0.0399340420908145,139.98348999023438,186625000.0,0.1081079725893665,153.85572814941406,82377500.0,0.0081965953092351,158.90017700195312,196510000.0,-0.0238096381279935,174.0335235595703,20.0,-0.1086957379451826,177.81686401367188,20.0,-0.127659673060391,155.87350769042968,137142004.0,11.30086982573205,139.98348999023438,171.51132202148438,167.09740600585937,74458760.0,14.27095627707116,139.98348999023438,184.12245178222656,170.25018539428712,59436636.0,10.747725495369089,139.98348999023438,184.12245178222656,0,0,0,0,-10.869573794518262,-12.765967306039103,-7.518808757466644,0.053426277208093,0.252516036219946,0.1479868202871111,0,15,1,1,2007,0,0,0.0162602097870729,1,157.63905334472656,0.0162602097870729,1,158.90017700195312,0.0243903638654396,1,158.90017700195312,0.0243903638654396,1,157.63905334472656,0.0162602097870729,1
2007-06-06 00:00:00+07:00,278.3568399118823,332.4817810058594,278.3568399118823,332.4817810058594,239545000,0.0,0.0,286.3467132568359,262.72681732177733,242.21519393920897,208.67108581542968,177.69890327453612,292.3489005598896,271.93235678932774,250.13337068585835,218.94054439703817,180.1687764136348,306.10635070618247,242.21519393920897,178.32403717223548,86.71093378873248,25.003701784317627,17.563535588957222,7.440166195360405,100.0,93.0211950762371,15.320475449699815,8708345140,0.1621622255885422,0.0464418113355312,286.0889587402344,20.0,0.1621622255885422,288.6663818359375,237207500.0,0.1517855972394604,270.6247253417969,212165000.0,0.228571338357711,248.43914794921875,20.0,0.3382825683890167,247.1780242919922,209082500.0,0.3451106017948326,286.3467132568359,137783508.0,29.30741334753021,253.8717193603516,332.4817810058594,262.72681732177733,68891764.0,32.06240684257067,230.7835693359375,332.4817810058594,242.21519393920897,61840014.0,31.945578383486744,210.60577392578125,332.4817810058594,0,0,0,0,33.82825683890167,34.511060179483266,53.28003189757211,0.0460791427528771,0.5275569688911329,1.206409084091829,2,6,6,2,2007,0,0,-0.0232559441632644,0,324.7496032714844,-0.0232559441632644,0,363.4103088378906,0.0930232259297425,1,327.3270568847656,-0.0155037792010711,0,373.7198181152344,0.1240309679063234,1
2007-06-11 00:00:00+07:00,342.79128422297487,373.7198211453485,342.79128422297487,363.4103088378906,426410000,0.0,0.0,327.8424865722656,294.5470245361328,261.4672462463379,219.0706875610352,180.0528865814209,329.75455863486025,304.0006094720736,273.8346136199125,232.714326094178,184.90267587416844,351.9153118158375,261.4672462463379,171.01918067683826,84.4890478440415,34.38582375580205,24.27837264921523,10.107451106586822,93.09207466977028,80.5054129900254,22.273411410676044,9340005120,0.0930232259297425,0.0474281609871173,332.4817810058594,205250000.0,0.0930232259297425,324.7496032714844,20.0,0.119047737632143,332.4817810058594,239545000.0,0.0930232259297425,288.6663818359375,237207500.0,0.2589284090740902,232.0446929931641,20.0,0.5661220437762673,327.8424865722656,174241008.0,27.66332906545512,286.0889587402344,363.4103088378906,294.5470245361328,132057760.0,41.4733966208813,244.6558380126953,363.4103088378906,261.4672462463379,93423012.0,45.22403278474981,210.60577392578125,363.4103088378906,0,0,0,0,25.89284090740902,56.61220437762673,71.52767389799585,0.0612899823395261,0.691850064342554,1.0635447366932376,0,11,6,2,2007,0,0,-0.0425531789823658,0,347.946044921875,-0.0425531789823658,0,327.3270568847656,-0.0992906669833104,0,345.36865234375,-0.0496454174671985,0,353.100830078125,-0.0283687020127005,0
2007-08-15 00:00:00+07:00,288.6663254957932,288.6663254957932,260.3151685274564,268.0473022460937,74187500,0.0,0.0,292.7901611328125,300.00681762695314,320.8835784912109,334.4921337890625,218.16036376953124,289.30488036852086,299.8382536270607,312.45213834731123,311.31271268977025,240.11114029867835,369.9714217574446,320.8835784912109,271.79573522497725,21.56860833129025,-12.632807081334477,-7.23516256283162,-5.397644518502856,9.374993262310651,15.34721379955299,16.38476962052937,8883175035,-0.0956522938853544,0.0335805879538819,296.39849853515625,15790000.0,-0.0956522938853544,298.9758605957031,15.0,-0.1034483462577378,296.39849853515625,20.0,-0.0956522938853544,306.7079772949219,20.0,-0.1260504385631063,322.1722717285156,86095000.0,-0.1680000863886614,292.7901611328125,24044507.0,14.187307115415765,268.0473022460937,304.1306457519531,300.00681762695314,21233759.5,15.330046004572486,268.0473022460937,322.1722717285156,320.8835784912109,31686131.75,24.543921633116845,268.0473022460937,347.946044921875,0,0,0,0,-12.60504385631064,-16.80000863886615,-20.610686884907047,0.0611264112088938,0.3059542248752265,-0.0381808685151789,2,15,8,3,2007,0,0,-0.0961537104078681,0,242.2735595703125,-0.0961537104078681,0,247.4283447265625,-0.0769228317045361,0,278.3567810058594,0.0384614158522684,1,288.6663818359375,0.0769232871103977,1
2007-08-16 00:00:00+07:00,242.2735595703125,252.58307274351728,234.5414246904089,242.2735595703125,20,0.0,0.0,280.4187438964844,292.01694641113284,315.59995422363284,332.84261291503907,218.5015639495849,273.6277734357848,289.3719456167428,305.76846417807326,308.6052949203798,240.1326569083464,374.241599154488,315.59995422363284,256.9583092927777,18.64406337468364,-16.554821488182483,-9.099094347901794,-7.45572714028069,7.142856628721265,11.061504261247196,17.857550204576462,8883175015,-0.0961537104078681,0.0383159278499922,268.0473022460937,74187500.0,-0.0961537104078681,296.39849853515625,15790000.0,-0.1826086813271219,298.9758605957031,15.0,-0.1896551143373664,304.1306457519531,30245000.0,-0.2033898492166121,322.1722717285156,20.0,-0.2479999651414174,280.4187438964844,17995511.0,24.81521384453166,242.2735595703125,298.9758605957031,292.01694641113284,21233759.5,21.905184836200625,242.2735595703125,319.5948791503906,315.59995422363284,31686131.75,29.320822465427558,242.2735595703125,347.946044921875,0,0,0,0,-20.33898492166122,-24.799996514141743,-30.37036543274672,0.073708209167554,0.3716201104978736,-0.1252075188185811,3,16,8,3,2007,0,0,0.0957448336150712,1,265.4700012207031,0.0957448336150712,1,269.33599853515625,0.1117019909759888,1,278.3567810058594,0.1489358620046807,1,296.39849853515625,0.2234042338785864,1
2007-08-20 00:00:00+07:00,260.3152439154468,269.3360691996454,260.3152439154468,265.4700012207031,56552500,0.0,0.0,274.23304443359376,286.6044586181641,311.47615203857424,331.50237731933595,218.9776631164551,270.9085160307576,285.02613754473555,301.9305153249904,306.9137147752944,240.38476978707632,372.10640275868286,311.47615203857424,250.8459013184656,29.850761303443534,-17.588537470289396,-10.796982972379316,-6.791554497910081,28.571460704922305,15.029770198651406,19.0541928856466,8939727515,0.0957448336150712,0.0443539101518353,242.2735595703125,20.0,0.0957448336150712,268.0473022460937,74187500.0,-0.0096150977972699,296.39849853515625,15790000.0,-0.1043476855223835,296.39849853515625,20.0,-0.1043476855223835,319.5948791503906,20.0,-0.1693546469629701,274.23304443359376,29306007.0,23.66419929264399,242.2735595703125,298.9758605957031,286.6044586181641,26889007.5,21.0020681205323,242.2735595703125,306.7079772949219,311.47615203857424,34513755.75,30.31512536005431,242.2735595703125,347.946044921875,0,0,0,0,-10.43476855223835,-16.93546469629701,-23.70368765642684,0.0717753147174078,0.3893091032702881,0.1206006880109049,0,20,8,3,2007,0,0,-0.0679611873702497,0,247.4283447265625,-0.0679611873702497,0,278.3567810058594,0.0485432618597179,1,291.2437438964844,0.0970872134601521,1,293.8211364746094,0.1067960037802389,1
2007-08-22 00:00:00+07:00,250.0056637120589,271.9133765115692,248.7169747238524,269.33599853515625,34177500,0.0,0.0,258.51104125976565,279.51666870117185,302.51976470947267,327.610537109375,219.84637199401857,265.1665276868472,276.5803249088855,294.12994347031173,303.1988000035644,240.74222967130308,365.8893576028132,302.51976470947267,239.1501718161321,35.66431759863477,-19.2708906880078,-13.906200871425533,-5.364689816582263,35.5262875687343,25.430966360297635,20.61902080617396,8941817515,0.0885414071407393,0.0511230983636911,247.4283447265625,32087500.0,0.0885414071407393,265.4700012207031,56552500.0,0.0145628406097721,242.2735595703125,20.0,0.1117019909759888,296.39849853515625,15790000.0,-0.0913044436248724,288.6663818359375,53687500.0,-0.0669644424052385,258.51104125976565,39401004.0,12.679008946026746,242.2735595703125,269.33599853515625,279.51666870117185,24304007.5,23.90508692498887,242.2735595703125,306.7079772949219,302.51976470947267,33696630.75,31.68479644667027,242.2735595703125,345.36865234375,0,0,0,0,-9.130444362487244,-6.696444240523858,-22.592596620653996,0.0765550127658949,0.4189451420088077,0.2381727997671605,2,22,8,3,2007,0,0,0.0334926727944451,1,278.3567810058594,0.0334926727944451,1,291.2437438964844,0.0813398338153024,1,293.8211364746094,0.0909092660194736,1,296.39849853515625,0.1004785849169269,1
2007-10-17 00:00:00+07:00,427.84477267058,474.2375793457032,422.6900163733441,474.2375793457031,100970000,0.0,0.0,422.1745300292969,393.8233642578125,362.1216140747071,319.6206622314453,249.96393020629884,429.002022324881,402.7565071620559,373.3164849007695,339.48689698296965,270.3084863370401,448.158023912316,362.1216140747071,276.0852042370981,90.62500346891134,32.65659184726093,22.030968577051983,10.625623270208944,99.99999999999996,97.2262083028091,17.67346623878844,9680462655,0.0952383704437211,0.0310058236612021,432.9994201660156,136115000.0,0.0952383704437211,407.2257995605469,20.0,0.1645568130935497,399.49359130859375,20.0,0.187096838755975,399.49359130859375,288205000.0,0.187096838755975,337.6365051269531,15892500.0,0.4045802872156472,422.1745300292969,47417012.0,32.41762287393474,396.916259765625,474.2375793457031,393.8233642578125,64089512.0,39.42255761248434,345.36865234375,474.2375793457031,362.1216140747071,41280386.0,43.0182049188045,306.7079772949219,474.2375793457031,0,0,0,0,18.709683875597506,40.45802872156472,53.33330702100167,0.0372671146457271,0.4751796440400231,1.1515611558095662,2,17,10,4,2007,0,0,0.0652171129170955,1,505.1659851074219,0.0652171129170955,1,440.7316589355469,-0.0706521833558271,0,443.3090515136719,-0.0652173703203841,0,466.5054016113281,-0.0163044391063292,0
2007-10-22 00:00:00+07:00,463.9280620374177,463.9280620374177,435.57690269068667,440.7316589355469,172497500,0.0,0.0,468.0518249511719,431.1953399658203,385.9623596191406,330.1363623046875,254.44917686462404,457.11155320947006,434.6762524784188,399.8227265264684,355.01756677643897,276.4307626029295,498.4242851366938,385.9623596191406,273.5004341015874,70.21278123386487,40.34985830585401,31.080179822327786,9.269678483526228,59.42029075116751,80.66212098831548,24.48509819787051,9626200155,-0.0952381250706752,0.042459292764726,487.1244812011719,37917500.0,-0.0952381250706752,505.1659851074219,156152500.0,-0.1275508012642087,474.2375793457031,100970000.0,-0.0706521833558271,407.2257995605469,20.0,0.0822783316065864,360.8328857421875,20.0,0.2214287454122085,468.0518249511719,120730500.0,30.63720454899282,432.9994201660156,505.1659851074219,431.1953399658203,100746256.0,45.00457623140934,368.5650329589844,505.1659851074219,385.9623596191406,59608758.0,56.23096275877661,329.9043884277344,505.1659851074219,0,0,0,0,8.227833160658648,22.14287454122086,32.55813825413183,0.055555569248206,0.5827611046244418,0.7435015186889087,0,22,10,4,2007,0,0,0.0409355558948463,1,458.7732543945313,0.0409355558948463,1,448.46380615234375,0.0175438888040662,1,461.3507080078125,0.0467836803965131,1,510.3209533691406,0.1578949299936054,1
2007-11-06 00:00:00+07:00,520.6303463421659,564.4457715293779,520.6303463421659,559.291015625,302582500,0.0,0.0,509.8053771972656,480.423275756836,460.3197189331055,373.92601318359374,271.74725257873536,516.2044926446364,492.1180340614305,459.1921533507182,400.39727230707786,297.5781692575578,547.4528194374295,460.3197189331055,373.1866184287815,64.86488043318137,41.45526473900583,36.009833509976005,5.445431229029822,95.99999910697574,87.07370233466918,31.480814798733835,10451307655,0.0959593407493046,0.0485347186960013,510.3209533691406,267182500.0,0.0959593407493046,523.207763671875,358965000.0,0.0689654367891878,489.7017517089844,183892500.0,0.1421054012430214,453.6184997558594,46557500.0,0.2329545993516892,458.7732543945313,93847500.0,0.2191011796516508,509.8053771972656,240536500.0,35.0277098741828,466.5054016113281,559.291015625,480.423275756836,162974250.0,39.05386757682682,443.3090515136719,559.291015625,460.3197189331055,130772378.0,43.56655025216202,396.916259765625,559.291015625,0,0,0,0,23.295459935168928,21.91011796516509,51.74825759643902,0.0562870025071911,0.3785764412016699,1.0679316822140572,1,6,11,4,2007,0,0,0.0092166421634534,1,564.44580078125,0.0092166421634534,1,592.7969970703125,0.0599079558034201,1,530.9400024414062,-0.0506909862514274,0,525.7852172851562,-0.0599076284148807,0
2008-01-22 00:00:00+07:00,505.1660860501802,505.1660860501802,451.0411482590895,469.0827941894531,56707500,0.0,0.0,543.8268005371094,580.6832916259766,594.987776184082,585.9411596679688,374.4205536651612,534.3088868930097,563.1141870304335,581.8624767487717,562.6440623031064,408.8119048201677,673.7388237399059,594.987776184082,516.2367286282581,17.777746787691143,-13.822618173684871,2.406369101653908,-16.22898727533878,9.589030603336877,17.409872036046576,29.4557489113466,10919950135,-0.1165050814922907,0.0367519223933145,530.9400024414062,26415000.0,-0.1165050814922907,572.1779174804688,58567500.0,-0.1801801854657118,585.0648193359375,28992500.0,-0.1982379068324886,590.2195434570312,41720000.0,-0.205240152771046,628.8804321289062,20.0,-0.2540986009033562,543.8268005371094,48252000.0,46.32115576593698,469.0827941894531,585.0648193359375,580.6832916259766,40903502.0,50.95782793747677,469.0827941894531,636.6124877929688,594.987776184082,26878129.0,39.375523777911965,469.0827941894531,636.6124877929688,0,0,0,0,-20.524015277104603,-25.409860090335624,-23.206756008705053,0.0627943494756493,0.2647148419111699,-0.2993860774066477,1,22,1,1,2008,0,0,0.1098901463511745,1,520.63037109375,0.1098901463511745,1,605.683837890625,0.2912088130139376,1,605.683837890625,0.2912088130139376,1,597.9517211914062,0.2747253333489472,1
2008-01-23 00:00:00+07:00,505.1661026454208,525.7851272431931,489.7018341970916,520.63037109375,74785000,0.0,0.0,535.5791809082032,569.0850799560546,591.7660537719727,586.147348022461,376.17245468139646,529.7493816265899,555.3898568601273,576.0308476387696,560.9964665694062,409.9245263751287,677.2136976938591,591.7660537719727,506.3184098500863,32.7272513947093,-16.695319514067933,-1.4139686214904603,-15.281350892577471,36.98626998886788,17.040251157315634,33.505915558042304,10994735135,0.1098901463511745,0.0451911561976141,469.0827941894531,56707500.0,0.1098901463511745,530.9400024414062,26415000.0,-0.0194176955969597,572.1779174804688,58567500.0,-0.0900900660649461,561.8684692382812,70577500.0,-0.0733945761370757,636.6124877929688,53862500.0,-0.1821863675676701,535.5791809082032,49093500.0,45.97568451815347,469.0827941894531,585.0648193359375,569.0850799560546,42995752.0,50.00377229559825,469.0827941894531,623.7254638671875,591.7660537719727,30617378.0,42.72382196094319,469.0827941894531,636.6124877929688,0,0,0,0,-7.339457613707578,-18.21863675676701,-11.013215307548684,0.0643564367703951,0.2887885960245102,0.0837469623899006,2,23,1,1,2008,0,0,0.0594060404163747,1,551.5589599609375,0.0594060404163747,1,605.683837890625,0.1633663180620699,1,595.3743286132812,0.143564343667673,1,582.4874877929688,0.1188119635995652,1
2008-01-25 00:00:00+07:00,567.0231673869681,613.4159719913564,567.0231673869681,605.683837890625,136310000,0.0,0.0,535.5791931152344,560.0642669677734,590.0907577514648,586.8174676513672,380.2120278167724,559.9074400111233,563.9643315583548,576.7462532143259,562.3933278639599,413.2676552035336,677.6254507148535,590.0907577514648,502.5560647880761,48.25173012815949,-11.466512740745316,-5.804404631922634,-5.6621081088226815,82.19169632209005,57.53420087967584,39.39706099454728,11229890135,0.0981307201201495,0.0512734963446131,551.5589599609375,98845000.0,0.0981307201201495,520.63037109375,74785000.0,0.1633663180620699,469.0827941894531,56707500.0,0.2912088130139376,572.1779174804688,58567500.0,0.0585585696101247,623.7254638671875,18487500.0,-0.0289255882944104,535.5791931152344,78612500.0,49.59025763081152,469.0827941894531,605.683837890625,560.0642669677734,64662500.0,43.92561310637629,469.0827941894531,613.4159545898438,590.0907577514648,40289503.0,43.767346481694354,469.0827941894531,636.6124877929688,0,0,0,0,5.855856961012473,-2.89255882944105,2.1739045379786104,0.0650455873674173,0.2966821351242266,0.5890680004194564,4,25,1,1,2008,0,0,0.0,0,605.683837890625,0.0,0,595.3743286132812,-0.0170212718788205,0,587.6422729492188,-0.0297870998246188,0,559.291015625,-0.0765957738400189,0
2008-05-23 00:00:00+07:00,623.7256083872127,693.3148291576869,623.7256083872127,672.69580078125,409292500,0.0,0.0,607.2302856445312,596.9207885742187,567.409814453125,531.3007312011719,487.09225143432616,620.7521945799841,599.7287203995153,575.7356547456412,553.2196814470923,485.2256938912664,647.830203302874,567.409814453125,486.9894256033761,84.50703661628711,26.68024951654252,18.766933008934565,7.913316507607952,87.30159316587581,91.0052945887452,23.74871073953552,11727912595,0.0920504318333483,0.0311317727412443,615.9933471679688,112785000.0,0.0920504318333483,595.3743286132812,71082500.0,0.1298703495464146,585.0648193359375,61530000.0,0.1497799535182713,574.75537109375,61995000.0,0.170403678874929,582.4874877929688,89890000.0,0.1548673832120899,607.2302856445312,139049000.0,40.654064099749874,567.0231323242188,672.69580078125,596.9207885742187,96499750.0,29.71635223432141,567.0231323242188,672.69580078125,567.409814453125,73211875.0,40.210194424874494,507.7434387207031,672.69580078125,0,0,0,0,17.040367887492902,15.486738321208993,28.571448569544746,0.0353037891896373,0.283464920067549,1.1545975954234249,4,23,5,2,2008,0,0,-0.0076630584293461,0,667.5408935546875,-0.0076630584293461,0,703.6242065429688,0.0459768081290226,1,752.594482421875,0.1187738670998583,1,786.1004028320312,0.1685822951757336,1
2008-07-18 00:00:00+07:00,703.37822146532,703.37822146532,635.6455038427337,640.855712890625,49425000,0.0,0.0,722.6560668945312,759.3880737304687,801.4605316162109,743.5310327148437,582.6830082702637,712.059696705556,746.0361905196767,768.9892754153079,736.5737022328096,582.9903547156105,921.851803883589,801.4605316162109,681.0692593488328,23.37661013875476,-13.96790082726011,8.76033112536504,-22.72823195262515,1.9801971141217016,7.381091230333723,40.75128127915513,11924005135,-0.0989011856649166,0.0382305706411486,711.193603515625,26242500.0,-0.0989011856649166,763.2957763671875,20.0,-0.1604097222433235,755.4804077148438,20.0,-0.1517242454651237,760.6907348632812,20.0,-0.1575344834378641,833.6334228515625,20.0,-0.2312499771200556,722.6560668945312,15133512.0,49.85905257940675,640.855712890625,763.2957763671875,759.3880737304687,7566766.0,55.22511851187566,640.855712890625,836.2387084960938,801.4605316162109,4834892.0,60.19563613368906,640.855712890625,885.7356567382812,0,0,0,0,-15.753448343786411,-23.12499771200557,-25.454562752030984,0.0635888554310354,0.3004296968301089,-0.1670118842539398,4,18,7,3,2008,0,0,0.0569106209844396,1,677.3272094726562,0.0569106209844396,1,661.6967163085938,0.0325205861456143,1,685.142578125,0.0691058288840338,1,679.9324951171875,0.0609759442578796,1
2008-08-14 00:00:00+07:00,651.2761936956273,711.193603515625,651.2761936956273,711.193603515625,40915000,0.0,0.0,667.427880859375,665.3438293457032,675.6339660644531,752.5115063476562,611.1787246704101,670.4043022942541,670.9072919270386,687.3060483394427,704.2840094895881,598.1640132070569,731.5525779733875,675.6339660644531,619.7153541555188,52.54236446815062,-22.60553088304505,-25.40101767358294,2.7954867905378897,86.66667334253953,44.44449114113311,39.82086627118973,11947442595,0.1234565627724653,0.0518702045678562,633.0405883789062,20.0,0.1234565627724653,640.855712890625,20.0,0.1097562044157116,661.6967163085938,20.0,0.0748029814673396,659.0914306640625,20.0,0.0790515100447708,711.193603515625,20.0,0.0,667.427880859375,8183016.0,33.024240600271526,633.0405883789062,711.193603515625,665.3438293457032,8529266.0,30.607964179199858,633.0405883789062,711.193603515625,675.6339660644531,9393015.0,27.95930595446719,633.0405883789062,711.193603515625,0,0,1,0,7.9051510044770845,0.0,-6.825948009241767,0.0559915978916911,0.1655293094118952,0.8179588712706432,3,14,8,3,2008,0,0,-0.0659340951697001,0,664.3016967773438,-0.0659340951697001,0,677.3272094726562,-0.0476190925727648,0,708.588623046875,-0.0036628288779213,0,755.4804077148438,0.0622710946503131,1
2008-09-03 00:00:00+07:00,739.8497929536095,739.8497929536095,666.906855620155,672.1170654296875,66930000,0.0,0.0,735.160595703125,728.908349609375,695.302490234375,731.9302795410156,627.0593478393555,720.60523760598,719.5527036245478,711.3441226056087,709.3184197463062,612.3360379970388,780.6793340443828,695.302490234375,609.9256464243672,55.47444681262593,6.534330176965113,1.937635991911841,4.596694185053272,25.49019681888996,67.06044407606744,37.5879351926265,11849230155,-0.0979020177009013,0.0488630128962683,745.0599365234375,30772500.0,-0.0979020177009013,760.6907348632812,20.0,-0.1164384754199918,755.4804077148438,20.0,-0.1103448103138919,737.2446899414062,20.0,-0.0883392249551432,677.3272094726562,20.0,-0.0076922113420265,735.160595703125,19540512.0,36.02211937076271,672.1170654296875,760.6907348632812,728.908349609375,11244264.0,26.21839424131343,672.1170654296875,760.6907348632812,695.302490234375,8430390.0,42.688421905003885,633.0405883789062,760.6907348632812,0,0,0,0,-8.833922495514324,-0.7692211342026578,5.7376791026288565,0.0559246850377119,0.2455818726644534,0.3642171356422892,2,3,9,3,2008,0,0,-0.054263334993951,0,635.645751953125,-0.054263334993951,0,638.2507934570312,-0.0503874603317882,0,539.2567749023438,-0.1976743299062129,0,463.7086181640625,-0.3100776010387246,0
2008-09-10 00:00:00+07:00,573.123142408288,573.123142408288,539.2567749023438,539.2567749023438,40115000,0.0,0.0,603.3423583984375,669.2514770507812,681.8862182617188,708.3801330566406,628.2121778869629,602.932901469155,640.2788728893511,667.0932570899311,689.7924600030325,611.8765078111498,803.7940094009243,681.8862182617188,559.9784271225133,24.218745567008355,-26.779772196820204,-9.860313538024736,-16.919458658795467,0.0,8.56839007828144,37.40187557938691,11809115115,-0.0881056450303612,0.0527434789918587,591.3588256835938,20.0,-0.0881056450303612,638.2507934570312,20.0,-0.1551020689194835,612.1996459960938,20.0,-0.119148829259884,672.1170654296875,66930000.0,-0.1976743299062129,737.2446899414062,20.0,-0.268551157763914,603.3423583984375,8023016.0,40.59287710097254,539.2567749023438,638.2507934570312,669.2514770507812,13781764.0,78.33093488276711,539.2567749023438,760.6907348632812,681.8862182617188,10436139.0,60.95389556960278,539.2567749023438,760.6907348632812,0,0,0,0,-19.76743299062129,-26.855115776391404,-15.853636933345271,0.069358193202413,0.35756050752859,-0.0849890397755941,2,10,9,3,2008,0,0,-0.0048309129533593,0,536.6516723632812,-0.0048309129533593,0,468.9189453125,-0.1304347629245483,0,463.7086181640625,-0.1400968151989607,0,552.2822875976562,0.0241545647667966,1
2008-09-15 00:00:00+07:00,515.81083984375,523.6261555989583,453.28831380208334,468.9189453125,23880000,0.0,0.0,530.92041015625,595.7875244140625,657.6587463378906,688.1124157714844,627.5071784973145,529.6605705235576,578.3813590260561,625.2389052955767,669.1299209356395,608.7996565431049,834.4544525850142,657.6587463378906,480.8630400907671,15.862091809529971,-48.81686143328852,-25.564496902583933,-23.25236453070459,4.918032765609602,7.19061947946915,40.7512969119025,11785235075,-0.0954771905141737,0.0467882322439596,518.4158325195312,20.0,-0.0954771905141737,536.6516723632812,20.0,-0.1262135767741169,539.2567749023438,40115000.0,-0.1304347629245483,638.2507934570312,20.0,-0.265306130255412,760.6907348632812,20.0,-0.3835616449347464,530.92041015625,12799012.0,44.03319917904155,468.9189453125,591.3588256835938,595.7875244140625,16169762.0,82.03252754869692,468.9189453125,745.0599365234375,657.6587463378906,8821890.0,88.39785312356177,468.9189453125,760.6907348632812,0,0,0,0,-26.530613025541207,-38.35616449347464,-29.41174957292497,0.0869047781482677,0.5376518056867439,-0.0337793689445481,0,15,9,3,2008,0,0,-0.038889043636356,0,450.6831359863281,-0.038889043636356,0,500.1802368164063,0.0666667274086632,1,526.2311401367188,0.1222219647918563,1,375.1351013183594,-0.2000001171452788,0
2008-09-19 00:00:00+07:00,547.0720825195312,562.7027134486608,518.4159258161272,547.0720825195312,20,0.0,0.0,486.1126037597657,525.4496917724609,618.582179260254,661.6445538330078,626.5032971191406,511.3423225303576,534.3817571108191,582.1127525366741,642.9436620607795,604.1735107130372,838.3587352209476,618.582179260254,398.8056232995604,26.704559144680303,-55.88426609231226,-44.88254321908132,-11.00172287323094,42.25354474566528,30.066250675097223,50.42740586331219,11841535095,0.0937498970402879,0.0528339588619172,500.1802368164063,56300000.0,0.0937498970402879,463.7086181640625,20.0,0.1797755337943154,450.6831359863281,20.0,0.2138729826716372,518.4158325195312,20.0,0.0552765718221393,612.1996459960938,20.0,-0.1063828832677535,486.1126037597657,16036012.0,38.62241576649823,450.6831359863281,547.0720825195312,525.4496917724609,12029514.0,58.81939781042378,450.6831359863281,638.2507934570312,618.582179260254,11636889.0,109.8882779803468,450.6831359863281,760.6907348632812,0,0,0,0,5.52765718221393,-10.638288326775358,-22.79411992713564,0.0921768949186177,0.7105815955562074,0.3373118178412257,4,19,9,3,2008,0,0,-0.0380954229775898,0,526.2311401367188,-0.0380954229775898,0,552.2822875976562,0.0095237999609292,1,518.4158325195312,-0.0523811229189837,0,273.5360412597656,-0.5,0
2008-10-06 00:00:00+07:00,468.9188766479493,468.9188766479493,375.1351013183594,375.1351013183594,52427500,0.0,0.0,500.1801330566406,498.877587890625,547.3325561523437,632.1547644042969,624.9890934753417,476.2096737364963,503.1625641926647,543.9350827197823,612.8326105101389,598.3319993839452,715.5598914243312,547.3325561523437,379.1052208803563,27.07183765045798,-51.725721744459406,-46.78911938914062,-4.936602355318783,0.0,37.26807662779406,55.451515894477744,11733897555,-0.2763818583719157,0.0781378153845363,518.4158325195312,28345000.0,-0.2763818583719157,534.0465087890625,20.0,-0.2975609892685767,552.2822875976562,41932500.0,-0.320754784749408,526.2311401367188,68797500.0,-0.2871286537301907,468.9189453125,23880000.0,-0.2000001171452788,500.1801330566406,24541008.0,71.17707783844165,375.1351013183594,552.2822875976562,498.877587890625,24780260.0,54.676191661303264,375.1351013183594,552.2822875976562,547.3325561523437,20475011.0,84.11366763599372,375.1351013183594,745.0599365234375,0,0,0,1,-28.71286537301907,-20.000011714527886,-50.68493881606402,0.1478174548305429,0.6147170797023203,-0.0117998646164669,0,6,10,4,2008,0,0,-0.0277779156223584,0,364.7146301269531,-0.0277779156223584,0,273.5360412597656,-0.2708332536772437,0,299.5870666503906,-0.2013888713758479,0,289.1666259765625,-0.2291667056473062,0
2008-10-08 00:00:00+07:00,338.6636701311384,338.6636701311384,270.9309361049108,273.5360412597656,60977500,0.0,0.0,413.1696228027344,471.2634796142578,508.38623962402346,618.5561193847657,622.0204130554199,383.87511988657656,440.8167268562466,502.7397608607161,590.1783190295198,592.7987777277931,690.6164635468297,508.38623962402346,326.15601570121726,24.623129421974312,-72.43647831362978,-53.97491133339116,-18.46156698023861,0.8403364371273058,2.1740512573412265,58.80093320706654,11564867555,-0.2499998117307474,0.0911008762608281,364.7146301269531,108052500.0,-0.2499998117307474,375.1351013183594,52427500.0,-0.2708332536772437,518.4158325195312,28345000.0,-0.4723617140889303,552.2822875976562,41932500.0,-0.5047169764404256,463.7086181640625,20.0,-0.4101122331028423,413.1696228027344,49960504.0,110.65716702927092,273.5360412597656,534.0465087890625,471.2634796142578,41683256.0,96.89566777390807,273.5360412597656,552.2822875976562,508.38623962402346,24041386.0,91.11511196140312,273.5360412597656,638.2507934570312,0,1,0,0,-50.47169764404256,-41.01122331028423,-59.302321674440336,0.2149659435599778,0.7168967596667226,-0.1443777363291332,2,8,10,4,2008,0,0,0.0,0,273.5360412597656,0.0,0,299.5870666503906,0.0952379996092926,1,299.5870666503906,0.0952379996092926,1,281.3512878417969,0.0285711767489149,1
2008-10-13 00:00:00+07:00,299.5870666503907,299.5870666503907,247.48496810249665,299.5870666503906,0,0.0,0.0,296.9819641113281,398.5810485839844,456.41438751220704,594.3286431884766,616.7689572143555,314.9127767238439,369.89364302112233,445.7728749858697,555.3896629544067,583.6222746187022,668.5638668413704,456.41438751220704,244.26490818304364,33.522738088693046,-89.75100095162588,-70.10082321080418,-19.650177740821704,15.625002855314609,5.768558576523073,48.19442910432372,11564867555,0.0952379996092926,0.0952008963459621,273.5360412597656,0.0,0.0952379996092926,273.5360412597656,0.0,0.0952379996092926,273.5360412597656,60977500.0,0.0952379996092926,375.1351013183594,52427500.0,-0.2013888713758479,526.2311401367188,68797500.0,-0.4306930095916489,296.9819641113281,33806000.0,39.508336145386735,273.5360412597656,364.7146301269531,398.5810485839844,29173504.0,120.061132481753,273.5360412597656,552.2822875976562,456.41438751220704,24041383.0,106.0747396645817,273.5360412597656,591.3588256835938,0,0,0,0,-20.138887137584792,-43.06930095916489,-53.06123083252232,0.160869524987089,0.9296353714243478,0.1303848556269872,0,13,10,4,2008,0,0,0.0956519843546856,1,328.2431640625,0.0956519843546856,1,278.7462463378906,-0.0695651536146606,0,289.1666259765625,-0.0347826786728029,0,216.2237243652344,-0.2782608181895877,0
2008-10-14 00:00:00+07:00,328.2431640625,328.2431640625,317.822746155754,328.2431640625,20,0.0,0.0,289.6876708984375,379.303271484375,443.2586044311523,587.1906549072265,615.2528845214844,319.3562391700626,362.3208286650092,434.579569183644,546.4819571155084,581.0811889415262,652.79017525218,443.2586044311523,233.72703361012452,35.714293070344425,-87.88226866760834,-73.65711230216502,-14.225156365443326,24.21873739510084,13.561358895847585,48.56658602208556,11564867575,0.0956519843546856,0.0978527432220313,299.5870666503906,0.0,0.0956519843546856,273.5360412597656,0.0,0.199999687612578,273.5360412597656,0.0,0.199999687612578,364.7146301269531,108052500.0,-0.1000000083675223,521.0209350585938,20.0,-0.370000048029575,289.6876708984375,12195504.0,24.326680359906987,273.5360412597656,328.2431640625,379.303271484375,29173504.0,113.51536611364304,273.5360412597656,552.2822875976562,443.2586044311523,24041383.0,104.76578541051389,273.5360412597656,552.2822875976562,0,0,0,0,-10.000000836752232,-37.0000048029575,-44.49340234618797,0.1479591697234496,0.9454145671460848,0.2255415021278745,1,14,10,4,2008,0,0,-0.0873014293959615,0,299.5870666503906,-0.0873014293959615,0,263.1155700683594,-0.1984126438098185,0,304.7972717285156,-0.0714284253289737,0,216.2237243652344,-0.3412696804127084,0
2008-10-15 00:00:00+07:00,338.6636405613112,351.6891651982847,296.98196172299595,299.5870666503906,161390000,0.0,0.0,294.8978759765625,354.03374938964845,431.2751190185547,579.4795446777343,613.6321925354003,312.7665149968386,350.91469011689674,421.7231403709532,536.7998045482489,578.2802524013159,645.0607025228287,431.2751190185547,217.4895355142806,28.49161177581061,-87.70261133075314,-76.46621210788264,-11.236399222870505,15.625002855314609,18.48958103524335,48.00834844160256,11403477575,-0.0873014293959615,0.0982337180808988,328.2431640625,20.0,-0.0873014293959615,299.5870666503906,0.0,0.0,273.5360412597656,0.0,0.0952379996092926,273.5360412597656,60977500.0,0.0952379996092926,552.2822875976562,41932500.0,-0.4575472120361695,294.8978759765625,32278004.0,22.74060916521749,273.5360412597656,328.2431640625,354.03374938964845,41119254.0,97.76337130705284,273.5360412597656,534.0465087890625,431.2751190185547,30105133.0,106.89279175213704,273.5360412597656,552.2822875976562,0,0,0,0,9.523799960929267,-45.75472120361695,-44.44445010363679,0.1602484011688892,0.9914116260209132,0.1920090442732513,2,15,10,4,2008,0,0,-0.0695651536146606,0,278.7462463378906,-0.0695651536146606,0,289.1666259765625,-0.0347826786728029,0,281.3512878417969,-0.0608697131437732,0,217.52626037597656,-0.2739130470214077,0
2008-10-20 00:00:00+07:00,260.510473852759,289.1666259765625,255.30026437570385,289.1666259765625,45205000,0.0,0.0,291.7717346191406,294.3768493652344,396.62721862792966,553.8974133300782,608.5216609191895,288.82630220464785,317.8429056061752,384.2851742453519,507.4352706556545,569.3773158024263,623.6020629145235,396.62721862792966,169.65237434133587,24.57143232007789,-86.29442124023205,-81.9224688902438,-4.371952349988248,13.559313308887376,9.339685607432491,43.54245620201451,11410282555,0.099009936589594,0.1016663659953468,263.1155700683594,38400000.0,0.099009936589594,278.7462463378906,20.0,0.0373830312535958,299.5870666503906,161390000.0,-0.0347826786728029,299.5870666503906,0.0,-0.0347826786728029,375.1351013183594,52427500.0,-0.2291667056473062,291.7717346191406,48999008.0,24.43803533002753,263.1155700683594,328.2431640625,294.3768493652344,41402504.0,31.09192644666236,263.1155700683594,364.7146301269531,396.62721862792966,33091382.0,113.4874221432969,263.1155700683594,552.2822875976562,0,0,0,0,-3.4782678672802936,-22.916670564730623,-38.33334548173263,0.1505791204464366,1.144524801256848,0.2632764260966291,0,20,10,4,2008,0,0,0.0540541139530397,1,304.7972717285156,0.0540541139530397,1,265.7207336425781,-0.0810809070887893,0,216.2237243652344,-0.2522521448143889,0,341.2687072753906,0.1801801335920803,1
2008-10-24 00:00:00+07:00,263.1156077177628,263.1156077177628,239.669662475586,239.669662475586,45822500,0.0,0.0,276.1411163330078,284.998469543457,353.1219627380371,523.573987121582,601.9816606903076,267.7761550075468,290.1352448726123,346.6641725176893,472.5952062041201,557.7412370140228,572.9635226742739,353.1219627380371,133.28040280180025,29.36507364653319,-78.08994579410347,-80.26626850327446,2.1763227091709894,0.0,6.51321448919749,33.68027309268881,11444392515,-0.0980392866219973,0.1007417558478296,265.7207336425781,20.0,-0.0980392866219973,281.3512878417969,20.0,-0.1481479814289968,304.7972717285156,79932500.0,-0.2136751713149818,263.1155700683594,38400000.0,-0.0891087805510025,273.5360412597656,0.0,-0.1238095668424847,276.1411163330078,34192008.0,24.782737704730657,239.669662475586,304.7972717285156,284.998469543457,37075008.0,25.08365869475695,239.669662475586,328.2431640625,353.1219627380371,36564131.0,109.92077996811842,239.669662475586,552.2822875976562,0,0,0,0,-8.910878055100257,-12.380956684248478,-56.19047834212424,0.1405278947064051,1.2451310489533378,0.2419680330339792,4,24,10,4,2008,0,0,-0.0978260571996254,0,216.2237243652344,-0.0978260571996254,0,217.52626037597656,-0.0923913434470041,0,285.25897216796875,0.1902172733147931,1,320.4278564453125,0.3369562636153542,1
2008-10-27 00:00:00+07:00,216.2237243652344,217.52627692165143,216.2237243652344,216.2237243652344,60065000,0.0,0.0,261.5525360107422,276.6621353149414,337.62159194946287,514.0914059448243,600.0987943267822,250.5920114601093,276.69678659854355,334.24127269364595,462.5414226025952,554.3430528085622,549.6484472422738,337.62159194946287,125.59473665665192,28.24427364869699,-79.05690586396486,-80.02439597541255,0.9674901114476882,0.0,2.7451028405221733,32.377720670963285,11384327515,-0.0978260571996254,0.0976928774526289,239.669662475586,45822500.0,-0.0978260571996254,265.7207336425781,20.0,-0.1862745469607287,281.3512878417969,20.0,-0.2314813057233402,289.1666259765625,45205000.0,-0.2522521448143889,299.5870666503906,0.0,-0.2782608181895877,261.5525360107422,37164008.0,34.68801281500365,216.2237243652344,304.7972717285156,276.6621353149414,43081508.0,32.46348910994109,216.2237243652344,328.2431640625,337.62159194946287,36127506.0,106.01342764640548,216.2237243652344,552.2822875976562,0,0,0,0,-25.225214481438897,-27.82608181895877,-58.91088385437284,0.1497417582923159,1.2560029355264006,0.213720539276553,0,27,10,4,2008,0,0,0.0,0,216.2237243652344,0.0,0,238.3670959472656,0.102409537376332,1,341.2687072753906,0.5783129639323779,1,325.6381225585937,0.5060240198644526,1
2008-10-30 00:00:00+07:00,224.03901914169228,238.3670959472656,224.03901914169228,238.3670959472656,29082500,0.0,0.0,225.6020935058594,253.21619567871093,290.8599594116211,488.8218872070312,594.2967994689941,234.0774968490024,253.56516720600132,305.8525162296657,435.6018728441654,544.5831980787589,428.9061675909597,290.8599594116211,152.81375123228244,43.54066154276276,-74.37496917785523,-78.39610857013213,4.021139392276893,27.499990408178483,18.33332807573808,31.540371372278084,11413410035,0.0958083660118429,0.1003541736407733,217.52626037597656,20.0,0.0958083660118429,216.2237243652344,110817500.0,0.102409537376332,216.2237243652344,60065000.0,0.102409537376332,265.7207336425781,20.0,-0.1029412997636307,278.7462463378906,20.0,-0.1448598893119379,225.6020935058594,49157504.0,12.267522980054178,216.2237243652344,239.669662475586,253.21619567871093,40932506.0,32.34131690682776,216.2237243652344,304.7972717285156,290.8599594116211,41025880.0,69.02310408966933,216.2237243652344,518.4158325195312,0,0,0,0,-10.294129976363076,-14.485988931193797,-55.36585446691578,0.1323184781311251,0.9492279958959734,0.3098721284826565,3,30,10,4,2008,0,0,0.1967212632026911,1,285.25897216796875,0.1967212632026911,1,346.4789733886719,0.4535520182086041,1,286.5615234375,0.2021857391797756,1,304.7972717285156,0.2786885308866056,1
2008-10-31 00:00:00+07:00,240.9721911007955,285.25897216796875,239.6696387164669,285.25897216796875,79627500,0.0,0.0,234.719955444336,255.43053588867187,279.20211639404295,480.3031945800781,592.6302400207519,251.1379886219912,259.32767719908634,303.8912263190279,429.7060728176479,542.0028575224327,366.3211259348864,279.20211639404295,192.08310685319947,47.55555162178612,-67.10482763661281,-76.13785238342827,9.033024746815457,57.49998509808231,33.055544618823326,31.1682126346216,11493037535,0.1967212632026911,0.1122702625828364,238.3670959472656,29082500.0,0.1967212632026911,217.52626037597656,20.0,0.3113771720017697,216.2237243652344,110817500.0,0.3192769341356984,239.669662475586,45822500.0,0.1902172733147931,263.1155700683594,38400000.0,0.0841584634989724,234.71995544433597,55918504.0,29.779767139815917,216.2237243652344,285.25897216796875,255.43053588867187,45055256.0,33.818725745740274,216.2237243652344,304.7972717285156,279.20211639404295,43590005.0,43.55950477042173,216.2237243652344,375.1351013183594,0,0,0,0,19.021727331479312,8.41584634989725,-44.97487262655666,0.1092628652404624,0.6240569424473191,0.5347619641559757,4,31,10,4,2008,1,0,0.1963469709006793,1,341.2687072753906,0.1963469709006793,1,317.8228759765625,0.1141555813691257,1,320.4278564453125,0.1232875657163738,1,328.2431640625,0.1506848025422349,1
2008-11-03 00:00:00+07:00,291.77171919728056,341.2687072753906,291.77171919728056,341.2687072753906,64250000,0.0,0.0,259.7289520263672,260.6407440185547,277.50879669189453,473.8425347900391,591.2437292480469,281.1815615064577,274.2260463038689,307.4509864101101,426.2379408355986,540.0055027936065,357.8278396405768,277.50879669189453,197.1897537432123,52.03252373216617,-56.17610735913155,-72.14550337856893,15.969396019437385,93.33330829242516,59.44442793289532,33.122043898572485,11557287535,0.1963469709006793,0.1220092314891976,285.25897216796875,79627500.0,0.1963469709006793,238.3670959472656,29082500.0,0.4316938582449741,217.52626037597656,20.0,0.5688621074326163,216.2237243652344,60065000.0,0.5783129639323779,289.1666259765625,45205000.0,0.1801801335920803,259.7289520263672,56755504.0,53.45702602565564,216.2237243652344,341.2687072753906,260.6407440185547,46959756.0,42.49439323097787,216.2237243652344,341.2687072753906,277.50879669189453,44181130.0,40.159521474341126,216.2237243652344,364.7146301269531,0,0,0,0,57.831296393237785,18.01801335920803,-9.027785969361457,0.0970556139266653,0.5788576355498876,0.8969165234216858,0,3,11,4,2008,0,0,0.0152673421330622,1,346.4789733886719,0.0152673421330622,1,286.5615234375,-0.1603053039191901,0,325.6381225585937,-0.0458014004318997,0,310.0074768066406,-0.0916029797115953,0
2008-11-06 00:00:00+07:00,286.5615234375,310.00746626420454,286.5615234375,286.5615234375,56510000,0.0,0.0,315.47821044921875,270.54015197753904,279.462629699707,452.16806640625,586.5777272033691,300.79108712604534,291.74845947386893,309.3979109464138,413.78829643675874,533.4073908580526,358.1281388067724,279.462629699707,200.7971205926416,53.65853751453721,-38.27804945588156,-57.07794372296346,18.799894267081903,46.66663138658132,69.21279629694662,35.72715846499692,11401752555,-0.0983609264846242,0.0941072001804161,317.8228759765625,99025000.0,-0.0983609264846242,346.4789733886719,20.0,-0.1729324275154726,341.2687072753906,64250000.0,-0.1603053039191901,238.3670959472656,29082500.0,0.2021857391797756,265.7207336425781,20.0,0.0784311766313083,315.47821044921875,59882504.0,29.073491516485905,285.25897216796875,346.4789733886719,270.54015197753904,54520004.0,51.83020473746412,216.2237243652344,346.4789733886719,279.462629699707,43506381.0,39.332754553532695,216.2237243652344,346.4789733886719,0,0,0,0,20.218573917977565,7.843117663130839,4.761888823770977,0.1246753508162065,0.5629769475195623,0.5451207512566355,3,6,11,4,2008,0,0,0.1181817174949477,1,320.4278564453125,0.1181817174949477,1,323.0329895019531,0.1272727253364414,1,304.7972717285156,0.0636364159160847,1,273.5360412597656,-0.0454544002330978,0
2008-11-07 00:00:00+07:00,276.1410795382368,320.4278564453125,270.9308704903455,320.4278564453125,87655000,0.0,0.0,322.5119873046875,278.61597137451173,281.8072204589844,444.4048510742188,585.0612391662597,307.33667689913443,296.96289528685867,310.4483819463089,410.127102711604,531.2881915106622,362.49809161788136,281.8072204589844,201.1163493000874,54.761900334645055,-33.181865113687365,-52.298728001108245,19.11686288742088,63.99994190015326,57.777748695461874,36.8436316331475,11489407555,0.1181817174949477,0.0971961972643647,286.5615234375,56510000.0,0.1181817174949477,317.8228759765625,99025000.0,0.0081963277839764,346.4789733886719,20.0,-0.0751881613148739,285.25897216796875,79627500.0,0.1232875657163738,239.669662475586,45822500.0,0.3369562636153542,322.5119873046875,61488004.0,23.69070590316877,286.5615234375,346.4789733886719,278.61597137451173,58703254.0,52.76882334379259,216.2237243652344,346.4789733886719,281.8072204589844,47889131.0,40.3454355794485,216.2237243652344,346.4789733886719,0,0,0,0,12.328756571637388,33.695626361535425,17.142828772979012,0.1149826111932799,0.5726671660681677,0.7393123003361565,4,7,11,4,2008,0,0,0.0162603406928525,1,325.6381225585937,0.0162603406928525,1,330.8483581542969,0.0325205861456143,1,328.2431640625,0.0243902253190066,1,281.3512878417969,-0.1219512218351241,0
2008-11-25 00:00:00+07:00,278.74625811660496,304.79731027703536,276.141152900562,296.98199462890625,71507500,0.0,0.0,281.8723571777344,299.0660461425781,299.65219192504884,350.25635681152346,569.1076371765137,287.6526459853444,293.1503295708806,301.41745168664494,368.4880717410147,505.4373342609241,365.96450587929314,299.65219192504884,233.3398779708045,45.555546010382194,-16.529720911891843,-19.514384299811407,2.9846633879195643,46.153896164568735,27.11303111976196,29.214390532993622,11633149975,0.1067961209216807,0.0857164030643254,268.3258361816406,20.0,0.1067961209216807,281.3512878417969,72235000.0,0.0555558387772459,273.5360412597656,20.0,0.0857143112152998,307.40240478515625,20.0,-0.0338982714319779,323.0329895019531,20.0,-0.0806449982499059,281.8723571777344,28748512.0,11.562670632795966,268.3258361816406,296.98199462890625,299.0660461425781,14374266.0,21.334303112822298,268.3258361816406,330.8483581542969,299.65219192504884,27994637.0,33.15615697712215,217.52626037597656,346.4789733886719,0,0,0,0,-3.389827143197799,-8.06449982499059,37.34940303186109,0.0983709149421615,0.442595220333518,0.479866504899942,1,25,11,4,2008,0,0,0.1140350732969799,1,330.8483581542969,0.1140350732969799,1,359.5045166015625,0.210526304972735,1,325.6381225585937,0.0964911289167369,1,409.0014343261719,0.3771926976153537,1
2008-11-26 00:00:00+07:00,296.981990784172,330.8483581542969,294.3768856018547,330.8483581542969,92357500,0.0,0.0,290.2087036132813,299.0660461425781,305.3182968139648,346.0881884765625,567.7334597778321,302.0512167083286,300.0045165860472,304.2203951597546,367.0120045415356,503.70013051856967,360.5188334755357,305.3182968139648,250.117760152394,59.34067504303162,-12.40659966999118,-18.092827373847364,5.686227703856183,79.48721370053832,46.20136969840582,29.586541962520737,11725507475,0.1140350732969799,0.088062179882477,296.98199462890625,71507500.0,0.1140350732969799,268.3258361816406,20.0,0.2330096976957978,281.3512878417969,72235000.0,0.1759262262212642,289.1666259765625,20.0,0.1441443390535419,330.8483581542969,20.0,0.0,290.2087036132813,47220008.0,25.163219008751103,268.3258361816406,330.8483581542969,299.0660461425781,23610014.0,21.334303112822298,268.3258361816406,330.8483581542969,305.3182968139648,32612511.0,27.60026833078541,238.3670959472656,346.4789733886719,0,0,0,0,14.414433905354196,0.0,52.09582400876667,0.0894262922372507,0.3615933747672213,0.7312483073928643,2,26,11,4,2008,0,0,-0.0236222077568809,0,323.0329895019531,-0.0236222077568809,0,354.2943115234375,0.0708661620687451,1,317.8228759765625,-0.0393699465531568,0,390.7657165527344,0.1811021784502675,1
2008-11-28 00:00:00+07:00,325.6381490956182,367.3198321798573,325.6381490956182,359.5045166015625,91362500,0.0,0.0,315.7387390136719,304.0157531738281,313.2638687133789,338.63758850097656,565.2310643005371,325.8649328491009,314.24842165073846,311.10658945807546,365.0605600033748,500.4855526883365,362.63080015469205,313.2638687133789,263.8969372720657,56.98925462579128,-4.485591867875428,-14.02185533043506,9.536263462559631,93.33333702228632,81.53846907792993,29.02830975005071,11816869955,0.1129034132267436,0.0893820991866695,323.0329895019531,20.0,0.1129034132267436,330.8483581542969,92357500.0,0.0866141775861597,296.98199462890625,71507500.0,0.210526304972735,281.3512878417969,72235000.0,0.2777781092074154,328.2431640625,20.0,0.0952383962918115,315.7387390136719,51045508.0,34.62928234712744,268.3258361816406,359.5045166015625,304.0157531738281,32746262.0,28.273364645543904,268.3258361816406,359.5045166015625,313.2638687133789,31745137.0,24.683465720656574,268.3258361816406,359.5045166015625,0,0,0,0,27.77781092074154,9.523839629181152,26.02741777737172,0.0807453269974426,0.315177946592248,0.9683362580794996,4,28,11,4,2008,0,0,-0.0144927388600779,0,354.2943115234375,-0.0144927388600779,0,317.8228759765625,-0.1159419108806235,0,320.4278564453125,-0.1086958810021252,0,393.3708801269531,0.0942028874783917,1
2008-12-09 00:00:00+07:00,330.84835948114807,359.5045166015625,330.84835948114807,359.5045166015625,67607500,0.0,0.0,330.8483459472656,331.89039001464846,316.7807678222656,319.6724261474609,557.8248941040039,337.0468910606336,329.3700324140109,321.95302063615964,358.6165349235294,490.8353812076496,368.8115363536299,316.7807678222656,264.7499992909013,59.803921793820194,3.525233362904885,-2.914168865203199,6.439402228108084,85.71428917424278,68.02720228814094,28.84225277091289,11884477395,0.1219515075553963,0.0659506932061809,320.4278564453125,20.0,0.1219515075553963,330.8483581542969,20.0,0.0866141775861597,317.8228759765625,20.0,0.1311473898690469,354.2943115234375,20.0,0.0147058671524291,268.3258361816406,20.0,0.3398058186174786,330.8483459472656,13521516.0,16.782222839556674,317.8228759765625,359.5045166015625,331.89039001464846,32283512.0,20.261107849825308,296.98199462890625,359.5045166015625,316.7807678222656,19753515.0,26.015384265682144,268.3258361816406,359.5045166015625,0,0,0,0,1.4705867152429164,33.98058186174786,10.40000899675837,0.0802277897467381,0.3284970163375378,0.9105623459467344,1,9,12,4,2008,0,0,0.1376809342828553,1,409.0014343261719,0.1376809342828553,1,354.2943115234375,-0.0144927388600779,0,390.7657165527344,0.0869563482725823,1,359.5045166015625,0.0,0
2008-12-10 00:00:00+07:00,359.5044454586734,411.6065390034087,356.8993407814366,409.0014343261719,154645000,0.0,0.0,347.52100830078126,343.092333984375,321.0791900634766,317.4320361328125,557.0863334655762,361.031738815813,343.84846912531293,330.2433457494941,360.5924133314762,490.0211130794757,387.4992829817604,321.0791900634766,254.6590971451927,70.1754394978864,9.805122647775988,-0.3703105626073613,10.17543321038335,98.38709692775392,79.73446094870792,31.44735415758277,12039122395,0.1376809342828553,0.0718175599522185,359.5045166015625,67607500.0,0.1376809342828553,320.4278564453125,20.0,0.2764228393356813,330.8483581542969,20.0,0.2362202327612186,325.6381225585937,20.0,0.2559998538026768,296.98199462890625,71507500.0,0.3771926976153537,347.52100830078126,44450512.0,38.13608022390248,317.8228759765625,409.0014343261719,343.092333984375,40597262.0,28.21995751850832,317.8228759765625,409.0014343261719,321.0791900634766,27485764.0,33.210046459141935,268.3258361816406,409.0014343261719,0,0,0,0,25.59998538026769,37.719269761535365,26.612899492638032,0.07688812683357,0.4137302881893577,1.1618648092743968,2,10,12,4,2008,0,0,-0.0445859506666053,0,390.7657165527344,-0.0445859506666053,0,393.3708801269531,-0.0382163799131169,0,382.9504699707031,-0.0636940660083199,0,359.5045166015625,-0.1210189343373705,0
2008-12-12 00:00:00+07:00,390.7657847684972,401.1862056956571,351.6892062916475,354.2943115234375,54997500,0.0,0.0,366.79876708984375,352.2102020263672,326.5499099731445,310.6066607666016,555.1414022827148,365.39348032655926,352.7271384348363,337.7489934887884,361.4822931205048,487.6928087790086,400.4710340273589,326.5499099731445,252.62878591893008,61.1111250569805,12.727008796930136,4.413814743801225,8.31319405312891,58.33336136217602,79.93246128700774,32.749910499801466,11984124875,-0.0933331750570165,0.0762139905790608,390.7657165527344,20.0,-0.0933331750570165,409.0014343261719,154645000.0,-0.133757777384972,359.5045166015625,67607500.0,-0.0144927388600779,330.8483581542969,20.0,0.0708661620687451,323.0329895019531,20.0,0.0967743946823591,366.79876708984375,55450008.0,34.33405249026832,320.4278564453125,409.0014343261719,352.2102020263672,36861262.0,30.1512526106272,317.8228759765625,409.0014343261719,326.5499099731445,30235638.0,36.96056202710722,268.3258361816406,409.0014343261719,0,0,0,0,7.086616206874519,9.677439468235915,16.23933164303686,0.0924370203940883,0.4527401282106841,0.6876622001171481,4,12,12,4,2008,0,0,0.1102940897794533,1,393.3708801269531,0.1102940897794533,1,382.9504699707031,0.0808823554745952,1,367.3197937011719,0.0367645817448376,1,359.5045166015625,0.0147058671524291,1
2008-12-15 00:00:00+07:00,372.5300387957238,393.37088012695307,372.5300387957238,393.3708801269531,53690000,0.0,0.0,381.3873718261719,355.5968383789062,329.8062957763672,308.10576171875,554.2473670959473,374.7192802600239,360.1169096515848,343.0463160257564,362.7328259442871,486.7542821257544,409.55019339437615,329.8062957763672,250.06239815835812,67.64705781016194,15.360874520675964,6.603226699176173,8.757647821499791,81.81821694921442,74.40950129416122,34.05246242539715,12037814875,0.1102940897794533,0.0768710219683423,354.2943115234375,54997500.0,0.1102940897794533,390.7657165527344,20.0,0.0066668171332966,409.0014343261719,154645000.0,-0.0382163799131169,320.4278564453125,20.0,0.2276425791778493,359.5045166015625,91362500.0,0.0942028874783917,381.3873718261719,66188004.0,23.48929297631005,354.2943115234375,409.0014343261719,355.5968383789062,33094012.0,32.8433718066073,317.8228759765625,409.0014343261719,329.8062957763672,32920137.0,39.87194880900449,268.3258361816406,409.0014343261719,0,0,0,0,22.76425791778493,9.420288747839178,19.841301569970348,0.0865657936205327,0.4835802023141559,0.8985545367689103,0,15,12,4,2008,0,0,-0.0066226650365629,0,390.7657165527344,-0.0066226650365629,0,382.9504699707031,-0.026490039508992,0,362.1095886230469,-0.0794702736862913,0,406.3963317871094,0.0331123942269253,1
2009-01-05 00:00:00+07:00,372.5299708048502,414.2116458599384,369.9248661139072,406.3963317871094,67257500,0.0,0.0,368.8828796386719,373.0510437011719,364.3239410400391,322.1212310791016,543.3889402770997,376.7754378133519,371.54878848945503,361.7999361144772,366.0497827830789,475.9264089789781,418.10662552832576,364.3239410400391,310.5412565517524,60.46511089380182,12.121887438421195,11.8708950572942,0.2509923811269985,82.14282519769763,51.84050208023101,27.35359990214959,12105072275,0.1304345648528162,0.068982068500761,359.5045166015625,0.0,0.1304345648528162,359.5045166015625,33177500.0,0.1304345648528162,359.5045166015625,24337500.0,0.1304345648528162,362.1095886230469,20.0,0.1223020448932785,393.3708801269531,53690000.0,0.0331123942269253,368.8828796386719,24954504.0,20.97065726864722,359.5045166015625,406.3963317871094,373.0510437011719,15283260.0,16.694348359513672,359.5045166015625,406.3963317871094,364.3239410400391,24188636.0,26.89134224414333,317.8228759765625,409.0014343261719,0,0,1,0,12.230204489327855,3.311239422692536,13.043456485281624,0.0673076939003444,0.2952465014226226,0.8911332350492214,0,5,1,1,2009,0,0,-0.006410251115227,0,403.7912292480469,-0.006410251115227,0,377.7402038574219,-0.0705127622674975,0,411.6066284179688,0.0128207275098852,1,385.5555419921875,-0.0512819338286727,0
2009-01-09 00:00:00+07:00,377.74020213001177,414.2116699218749,377.74020213001177,414.211669921875,38810000,0.0,0.0,399.10206298828126,379.5637969970703,377.3494567871094,331.0827923583984,539.6461004638672,394.59538466476135,386.0935558529262,373.5882977165893,370.6806560098653,472.84334411468274,424.4473026312125,377.3494567871094,330.2516109430063,57.1428451892473,15.231654968528233,13.306821836896404,1.9248331316318288,86.66660012580451,62.22217923784319,22.70163062812985,12093657235,0.096551719123388,0.0655129407755965,377.7402038574219,20.0,0.096551719123388,393.3708801269531,20.0,0.0529800014383268,403.7912292480469,50225000.0,0.0258065057362275,359.5045166015625,0.0,0.1521737580308184,367.3197937011719,20.0,0.1276595408818381,399.10206298828126,31258508.0,14.0772009089651,377.7402038574219,414.211669921875,379.5637969970703,21380758.0,22.645916583969264,359.5045166015625,414.211669921875,377.3494567871094,28640384.0,23.54892292205152,320.4278564453125,414.211669921875,0,0,0,0,15.217375803081843,12.765954088183818,25.196834051901277,0.0548068349508637,0.249624558864408,0.8913365088584083,4,9,1,1,2009,0,0,-0.0062891552630507,0,411.6066284179688,-0.0062891552630507,0,409.0014343261719,-0.0125786789075398,0,393.3708801269531,-0.050314347248721,0,364.7146301269531,-0.1194969707257586,0
2009-04-13 00:00:00+07:00,395.9759558929256,424.6321105957031,395.9759558929256,424.6321105957031,237965000,0.0,0.0,395.45493774414064,378.0007354736328,366.1475067138672,376.59397216796873,478.1494757080078,396.8919725753411,384.7642347374069,375.9760160866881,374.1497664656107,428.7005959673464,406.9798698602439,366.1475067138672,325.31514356749045,75.86211005698118,7.377076853300878,0.5875698336872468,6.789507019613631,100.0,93.49198652073626,14.51415832969774,12088949695,0.0939598075263417,0.0327559699498941,388.1606140136719,0.0,0.0939598075263417,388.1606140136719,20.0,0.0939598075263417,382.9504699707031,20.0,0.1088434246553837,367.3197937011719,20.0,0.1560283923636223,369.92486572265625,20.0,0.1478874494315896,395.45493774414064,47593012.0,16.72144389271039,382.9504699707031,424.6321105957031,378.0007354736328,27448014.0,22.15445151784066,351.6891784667969,424.6321105957031,366.1475067138672,18662766.0,20.41618157318838,341.2687072753906,424.6321105957031,0,0,0,0,15.602839236362232,14.78874494315896,17.266187899194698,0.0341805482146328,0.2230377779318647,1.2161550223309274,0,13,4,2,2009,0,0,0.0429447451532931,1,442.8678283691406,0.0429447451532931,1,461.1035461425781,0.0858894903065865,1,458.4984436035156,0.0797545267132588,1,453.2882690429688,0.0674846713948806,1
2009-06-01 00:00:00+07:00,604.3843379057655,677.32727523922,599.1741280962331,672.1170654296875,46327500,0.0,0.0,588.2326416015625,574.4255737304687,548.8955932617188,467.6684301757812,433.7955612182617,603.408995438759,579.2299468807479,549.6485205798533,491.68957688475285,454.5632263959199,625.8994798350845,548.8955932617188,471.89170668835294,74.4897961623185,37.58209536194295,32.23641966573429,5.345675696208659,97.297297867697,86.47452558365143,28.470080050580417,12493462175,0.1466667527467711,0.0411327540810965,586.1485595703125,20.0,0.1466667527467711,562.7025756835938,20.0,0.1944446222112501,565.3076782226562,20.0,0.1889402732735614,560.097412109375,20.0,0.200000305122705,518.4158325195312,20.0,0.2964825209198556,588.2326416015625,9265516.0,48.29644923881971,554.8873291015625,672.1170654296875,574.4255737304687,4632766.0,35.99804748856307,544.4669189453125,672.1170654296875,548.8955932617188,7692016.0,38.50194328668292,497.5750427246094,672.1170654296875,0,0,1,0,20.000030512270506,29.64825209198556,32.307693231915536,0.0423588114555302,0.2805775361240679,1.3000990446798353,0,1,6,2,2009,0,1,0.0038759654724687,1,674.72216796875,0.0038759654724687,1,698.1680908203125,0.0387596547246875,1,695.5630493164062,0.0348837800625247,1,677.3272094726562,0.0077518401346317,1
2011-09-22 00:00:00+07:00,888.4974365234375,945.452400403145,885.6496883294521,888.4974365234375,14937500,0.0,0.0,974.4993774414064,1022.3414855957031,1061.4980682373048,1125.7148022460938,1169.0277880859376,964.203643867138,1004.260224452401,1044.9853469911536,1099.7704918279874,1129.677522520198,1186.0867111194304,1061.4980682373048,936.9094253551792,17.14278774142005,-45.76570252668228,-30.15212469789929,-15.61357782878299,1.1363632287948238,5.435279639385219,36.61393634926007,13193214675,-0.0877193444227275,0.0269603635489989,973.929931640625,10377500.0,-0.0877193444227275,985.3207397460938,12327500.0,-0.0982657720648472,1002.4072875976562,5770000.0,-0.1136362958286268,1013.79833984375,23035000.0,-0.1235954907359823,1127.7083740234375,6200000.0,-0.2121212744448667,974.4993774414064,10883000.0,51.43315890126927,888.4974365234375,1022.3414916992188,1022.3414855957031,10027750.0,67.09513325903103,888.4974365234375,1122.0125732421875,1061.4980682373048,9865750.0,62.29432144106286,888.4974365234375,1127.7083740234375,0,0,0,0,-12.359549073598233,-21.212127444486672,-20.8121675538787,0.0412088260969273,0.2347411580107991,-0.1942873271263767,3,22,9,3,2011,0,0,0.0096154176417322,1,897.0407104492188,0.0096154176417322,1,879.9542236328125,-0.0096153489469292,0,928.365966796875,0.0448718574016795,1,820.1514892578125,-0.0769230663546457,0
2011-10-11 00:00:00+07:00,860.0201416015625,865.715639228063,814.4561605895592,860.0201416015625,40300000,0.0,0.0,812.1777709960937,857.7417297363281,906.4382110595704,1037.2637475585936,1148.8492797851563,829.8578439092028,851.5353102557665,902.676643020258,1001.087835526153,1096.7966051598094,1071.2826580317785,906.4382110595704,741.5937640873624,39.79594269231685,-66.71136886543604,-63.65419389982275,-3.0571749656132923,46.87516225236235,20.54395759128823,63.05732477210184,13215252175,0.0902532209915008,0.0445711323366215,788.8260498046875,18862500.0,0.0902532209915008,797.369384765625,21002500.0,0.0785718112996685,820.1514892578125,23517500.0,0.0486113271340014,820.1514892578125,14435000.0,0.0486113271340014,879.9542236328125,11705000.0,-0.0226535443502434,812.1777709960937,22836500.0,29.277967288629423,788.8260498046875,860.0201416015625,857.7417297363281,17193500.0,62.24356549426243,788.8260498046875,956.8433837890624,906.4382110595704,15020875.0,82.42222348610395,788.8260498046875,1047.9710693359375,0,0,0,0,4.86113271340014,-2.265354435024347,-19.680822562790635,0.0733207534589528,0.3637191039850693,0.359206450958479,1,11,10,4,2011,0,0,0.0728473723916065,1,922.6703491210938,0.0728473723916065,1,973.929931640625,0.1324501421872925,1,968.2342529296876,0.1258274150726337,1,988.1685180664062,0.1490062502794422,1
2012-06-04 00:00:00+07:00,793.4409790039062,868.2939015514445,790.4468621020047,793.4409790039062,47310000,0.0,0.0,895.83408203125,923.0081604003906,948.2002777099608,1047.7316247558597,1051.384221191406,877.2456163696045,908.5657864794352,946.7497548678988,1018.0366322886482,1072.58929218244,1053.8531811132657,948.2002777099608,842.547374306656,29.74699222434857,-48.37095911976781,-41.444343780552416,-6.926615339215388,1.5797089605270065,3.826596222681185,37.53279756349304,13265847150,-0.1166667029067145,0.0350915181165351,898.235107421875,15082500.0,-0.1166667029067145,898.235107421875,50312500.0,-0.1166667029067145,955.1233520507812,19277500.0,-0.1692790493497208,934.1358642578124,8115000.0,-0.1506150129089527,937.0012817382812,21125000.0,-0.1532124934429637,895.83408203125,28092500.0,62.20554929947993,793.4409790039062,955.1233520507812,923.0081604003906,20800750.0,52.20775565539251,793.4409790039062,974.2518920898438,948.2002777099608,16819625.0,52.82645170165242,793.4409790039062,1045.8880615234375,0,1,0,1,-15.061501290895274,-15.321249344296373,-24.344398945409417,0.0473038304759757,0.2228493407710693,-0.2323949163767785,0,4,6,2,2012,0,0,-0.0075472296093375,0,787.4526977539062,-0.0075472296093375,0,811.4056396484375,0.0226414580541129,1,835.3585815429688,0.0528301457175632,1,832.3644409179688,0.0490565309128945,1
2013-01-02 00:00:00+07:00,991.0526733398438,1009.017374367152,913.2056355548408,991.0526733398438,39525000,0.0,0.0,911.4092041015624,913.5050964355468,887.4562713623047,930.691337890625,961.3514932250976,929.5487186887586,915.4964503953782,909.9006207353336,920.53572128705,959.3834727841328,981.5868386980392,887.4562713623047,793.3257040265703,71.99995955615488,1.3547236912673952,-7.662195307909443,9.016918999176838,90.47619128079504,69.28918553505868,37.64035117928968,13357334705,0.0960263644534829,0.0354560191129808,904.223388671875,6990000.0,0.0960263644534829,898.235107421875,7702500.0,0.1033332644772422,889.2528076171875,15.0,0.1144779806717011,898.235107421875,5815000.0,0.1033332644772422,931.17041015625,17782500.0,0.0643085975783375,911.4092041015624,12608003.0,45.92822368032893,874.2820434570312,991.0526733398438,913.5050964355468,11143501.5,32.354024381386346,874.2820434570312,991.0526733398438,887.4562713623047,13577500.75,47.0652836678672,826.3763427734375,991.0526733398438,0,0,0,0,10.333326447724222,6.430859757833751,15.734253672120111,0.0379801721864508,0.2121356744512892,1.0502803441524096,2,2,1,1,2013,0,0,0.0211480810944753,1,1012.0115356445312,0.0211480810944753,1,997.0408935546876,0.0060422824900552,1,946.1409912109376,-0.0453171494685079,0,982.0704345703124,-0.0090633313558009,0
2013-08-12 00:00:00+07:00,640.4868030286815,690.7210620897546,634.2075206460474,687.5814208984375,19522500,0.0,0.0,646.1381103515625,674.3948913574219,710.814730834961,752.9486962890625,878.7424890136718,659.1350404582466,672.504966250156,700.3930913688514,752.4320187267471,856.6903069159812,812.2166895634934,710.814730834961,609.4127721064285,36.08251038394285,-34.55309265598953,-29.97474003845532,-4.578352617534215,50.00004036180849,27.358512911988285,34.53605363985706,13250604565,0.0950001336511801,0.0386716804755459,627.9281616210938,11735000.0,0.0950001336511801,643.6264038085938,12472500.0,0.068292750001778,624.7885131835938,6225000.0,0.1005026603240255,643.6264038085938,9025000.0,0.068292750001778,722.117431640625,1792500.0,-0.047826031098187,646.1381103515625,10570000.0,25.058224707005703,624.7885131835938,687.5814208984375,674.3948913574219,9917250.0,43.59973563869997,624.7885131835938,747.234619140625,710.814730834961,9889625.0,50.70097936426621,624.7885131835938,784.9102172851562,0,0,0,0,6.829275000177804,-4.782603109818706,-9.87654212344732,0.0502283112809099,0.2853119225861296,0.3854395406763178,0,12,8,3,2013,0,0,0.0365295871387389,1,712.698486328125,0.0365295871387389,1,731.5363159179688,0.0639268218767414,1,671.8831176757812,-0.0228311916894785,0,781.7705078125,0.1369860849221158,1
2013-08-19 00:00:00+07:00,722.1173694646247,734.6759324118356,671.8831176757812,671.8831176757812,5072500,0.0,0.0,721.489501953125,683.8138061523438,700.7678741455078,744.4716674804688,872.5273785400391,704.830892201308,700.7888291309408,707.9117907842198,746.6850586201051,850.0874610289385,789.20974784149,700.7678741455078,612.3260004495256,40.1639345568405,-14.491122987025506,-21.590789800958625,7.099666813933119,38.46150943668387,68.00443241542355,41.488135298977205,13276457065,-0.0932204716185061,0.0438167882920717,740.955322265625,14317500.0,-0.0932204716185061,731.5363159179688,7512500.0,-0.081545094815056,750.374267578125,13547500.0,-0.1046026673538237,687.5814208984375,19522500.0,-0.0228311916894785,643.6264038085938,9025000.0,0.0439023534460072,721.489501953125,10204500.0,31.033295157317305,671.8831176757812,750.374267578125,683.8138061523438,10387250.0,47.79411943824926,624.7885131835938,750.374267578125,700.7678741455078,10417625.0,44.22093684799107,624.7885131835938,772.3516235351562,0,0,0,0,-2.283119168947856,4.390235344600724,-12.653067539913842,0.06174903671117,0.2524141786717181,0.336702032291754,0,19,8,3,2013,0,0,-0.0607476308652884,0,631.0678100585938,-0.0607476308652884,0,753.5137939453125,0.1214953525725024,1,781.7705078125,0.1635513488072864,1,800.6083984375,0.1915888007530433,1
2013-08-22 00:00:00+07:00,640.4867248535156,753.5137939453125,637.3470840454102,753.5137939453125,16610000,0.0,0.0,687.5813354492187,694.8025329589843,691.1919616699219,737.4388684082031,868.0414282226562,695.8319378947162,692.9186575464073,700.454101229355,738.7661535520948,844.9255540641167,783.59678093777,691.1919616699219,598.7871424020738,57.51633131558113,-14.299999641351292,-19.794753445659182,5.494753804307891,88.46148727829261,40.38457735951915,50.23426975194264,13290312065,0.1764707564028931,0.0582132855110515,640.4866333007812,5832500.0,0.1764707564028931,631.0678100585938,8587500.0,0.194029836310855,671.8831176757812,5072500.0,0.1214953525725024,731.5363159179688,7512500.0,0.0300429077123332,643.6264038085938,12472500.0,0.1707316379291952,687.5813354492187,10084000.0,56.68773040924872,631.0678100585938,753.5137939453125,694.8025329589843,11331000.0,49.88531651083573,627.9281616210938,753.5137939453125,691.1919616699219,9535000.0,46.20240963392406,624.7885131835938,753.5137939453125,0,0,1,0,3.00429077123332,17.073163792919523,4.347819472153724,0.0666666889917458,0.26737816523386,0.8372217638061833,3,22,8,3,2013,0,0,0.0208333839587804,1,769.2120361328125,0.0208333839587804,1,781.7705078125,0.0374999291243742,1,750.374267578125,-0.0041665147903255,0,866.5409545898438,0.1500001215010729,1
2013-09-10 00:00:00+07:00,879.0993923611111,888.518314422123,778.6308903769841,791.189453125,15245000,0.0,0.0,850.8427124023438,819.7602661132812,772.5086486816406,750.123017578125,857.7868060302734,833.9096890746755,819.0106206229551,788.13394672342,769.5172493092462,840.8122532191428,913.7499265764526,772.5086486816406,631.2673707868286,69.67213833115693,33.694447874211164,24.893385911675264,8.8010619625359,61.24999620730974,84.18724277601733,44.852003656736905,13356139565,-0.0967743463905075,0.0576467157409444,875.9598999023438,6647500.0,-0.0967743463905075,866.5409545898438,6555000.0,-0.0869566534226989,866.5409545898438,13440000.0,-0.0869566534226989,853.9822998046875,16742500.0,-0.0735294475003155,781.7705078125,10402500.0,0.0120482228715117,850.8427124023438,11279500.0,34.24949297044972,791.189453125,875.9598999023438,819.7602661132812,14986250.0,48.49138798665511,750.374267578125,875.9598999023438,772.5086486816406,12896250.0,70.62063894740602,631.0678100585938,875.9598999023438,0,0,0,0,-7.352944750031554,1.204822287151175,11.01320801188539,0.0566893346209087,0.3656691174548108,0.5661308249323252,1,10,9,3,2013,0,0,0.0436509014068513,1,825.7255859375,0.0436509014068513,1,810.0272827148438,0.0238095054420139,1,838.2841186523438,0.0595238793203469,1,828.865234375,0.0476191651711106,1
2015-10-20 00:00:00+07:00,460.80425440122,501.4634533189747,460.80425440122,494.6869201660156,69822000,0.0,0.0,450.6394409179687,433.020458984375,406.33785247802734,392.9711358642578,597.2599848937988,457.1917637004372,438.4279318174798,419.68777036513706,420.8860166289834,558.1361312871846,476.3423570759339,406.33785247802734,336.3333478801208,78.33335184740959,18.247831095021013,8.6010888748781,9.646742220142912,94.80519587870351,81.65811767830836,23.71786775796158,13924488065,0.1018868142565039,0.0362593720687302,448.9453125,18369500.0,0.1018868142565039,437.0863952636719,30118000.0,0.1317829278753832,447.2511291503906,30170500.0,0.1060607518325,448.9453125,30825500.0,0.1018868142565039,386.2623901367188,12701000.0,0.2807017529998703,450.6394409179687,36251800.0,26.38174374129696,425.2274475097656,494.6869201660156,433.020458984375,33872900.0,31.55517219451457,379.4858703613281,494.6869201660156,406.33785247802734,21811000.0,35.002252298953266,376.0975646972656,494.6869201660156,0,0,0,0,10.188681425650392,28.07017529998703,26.95651881063024,0.0479452089616639,0.3445630485616253,1.131024161912506,1,20,10,4,2015,0,0,-0.0102740294342328,0,489.6044921875,-0.0102740294342328,0,491.2986145019531,-0.0068493940832827,0,504.8516845703125,0.0205478737963915,1,504.8516845703125,0.0205478737963915,1
2015-11-13 00:00:00+07:00,467.5807976217831,469.2749309464997,421.8391978544348,432.0039978027344,89945500,0.0,0.0,475.7126403808594,492.8233703613281,490.705697631836,433.59645690917966,572.2809481811523,468.13507182699385,480.4824461042626,477.0545027874991,457.1011301470345,547.3267812805659,535.2818750481136,490.705697631836,446.1295202155583,30.20834134723188,10.532731263614778,20.24040218919831,-9.707670925583532,9.375003197246096,14.236131278013936,20.08758549996933,13812944065,-0.0860215255095676,0.038028825102541,472.6632080078125,16048500.0,-0.0860215255095676,469.27490234375,23935000.0,-0.0794223265614025,496.3810424804688,9095500.0,-0.1296927947853035,506.5458679199219,7950500.0,-0.1471571970832295,494.6869201660156,18468000.0,-0.1267123099641386,475.7126403808594,30498800.0,29.35304179011036,432.0039978027344,508.2400512695313,492.8233703613281,21555750.0,28.00248774180136,432.0039978027344,526.8754272460938,490.705697631836,22971025.0,22.288088708138844,432.0039978027344,526.8754272460938,0,0,0,0,-14.71571970832295,-12.671230996413865,-1.162790129368252,0.0464986102030053,0.181681923121757,-0.1584425048486295,4,13,11,4,2015,0,0,-0.0549020278248507,0,408.2861022949219,-0.0549020278248507,0,415.0626831054688,-0.0392156433353226,0,408.2861022949219,-0.0549020278248507,0,398.121337890625,-0.0784313573125339,0
2016-02-22 00:00:00+07:00,318.1582155899263,364.2386387211616,316.8029090272429,360.8503723144531,70175500,0.0,0.0,316.4640869140625,308.2983673095703,302.8940826416016,304.55772399902344,443.2580982971192,325.10235726972473,314.23104387963144,307.93918499601847,320.3410136991833,437.4444371784419,333.2072103190556,302.8940826416016,272.5809549641476,81.72755854666217,4.025468372042496,-1.984209628333457,6.009678000375954,95.37036810553796,80.59347499215524,11.786330284389916,13262925065,0.1402570749517786,0.0380103626978363,316.46405029296875,34090500.0,0.1402570749517786,310.7040405273437,45164500.0,0.161395814814633,295.4568786621094,14643000.0,0.2213300768235933,302.9110717773437,6120000.0,0.1912749514144467,305.6216125488281,9658500.0,0.1807096013433975,316.4640869140625,35208000.0,26.244295661600976,295.4568786621094,360.8503723144531,308.2983673095703,21343600.0,19.55854063946376,295.4568786621094,360.8503723144531,302.8940826416016,17019075.0,15.15656383872702,286.9861755371094,360.8503723144531,0,0,0,0,19.127495141444676,18.070960134339757,20.06762542633984,0.0326626524140566,0.2001566185320424,1.4559602408820005,0,22,2,1,2016,0,0,-0.0234741966679761,0,352.37969970703125,-0.0234741966679761,0,322.9018249511719,-0.1051642183985667,0,343.9090576171875,-0.0469483087646714,0,438.7805480957031,0.2159625755168679,1
2016-03-07 00:00:00+07:00,401.5096135084233,440.474681486034,401.5096135084233,438.7805480957031,57336500,0.0,0.0,389.6506530761719,364.6113616943359,336.4548645019531,314.34981323242187,428.94436798095705,395.9032951150692,372.7155450469888,349.14962176478224,336.0308017280499,430.5909430151695,415.9717996264496,336.4548645019531,256.9379293774566,80.95955196403959,24.47086982930768,13.95815807094462,10.512711758363054,98.8344987112528,94.1705021886448,24.153495559905952,13396351065,0.1163794144295342,0.0475150035574153,393.0389099121094,30029000.0,0.1163794144295342,387.95654296875,77817500.0,0.1310043767738362,374.4034423828125,64262500.0,0.171945816799055,343.9090576171875,62360000.0,0.2758621454632319,360.8503723144531,70175500.0,0.2159625755168679,389.6506530761719,51738800.0,31.33003838130492,354.0738220214844,438.7805480957031,364.6113616943359,53120000.0,34.53723244506768,322.9018249511719,438.7805480957031,336.4548645019531,37231800.0,39.75846756224825,295.4568786621094,438.7805480957031,0,0,0,0,27.586214546323195,21.596257551686797,43.56986877870119,0.0550468694766245,0.4726751996420303,1.1434206966952565,0,7,3,1,2016,0,0,0.023165941262464,1,448.9453125,0.023165941262464,1,425.2274475097656,-0.0308881071523284,0,416.7567443847656,-0.0501932088979792,0,460.8042602539063,0.0501930002453061,1
2016-03-17 00:00:00+07:00,445.55709250313896,476.0514942714146,445.55709250313896,474.35736083984375,66188000,0.0,0.0,434.3757690429687,426.5827606201172,384.0091842651367,332.2601904296875,419.1353367614746,440.4563894503219,422.29023568898447,393.1660321890072,360.35973432493313,430.9068958686241,482.0563717586113,384.0091842651367,285.96199677166214,84.5440430902726,34.41950800024625,28.18594840541129,6.233559594834965,98.88888916254828,79.33297378280251,24.008289420854144,13510050565,0.1023623242274169,0.052494894544271,430.3098449707031,30952500.0,0.1023623242274169,416.7567443847656,21459000.0,0.1382116000068833,425.2274475097656,0.0,0.1155379635482016,425.2274475097656,40783000.0,0.1155379635482016,374.4034423828125,64262500.0,0.2669684814351476,434.3757690429687,23719900.0,22.87396459313259,416.7567443847656,474.35736083984375,426.5827606201172,40336650.0,25.08742304672329,387.95654296875,474.35736083984375,384.0091842651367,45940700.0,49.02359374673727,310.7040405273437,474.35736083984375,0,0,0,0,11.553796354820168,26.696848143514764,60.5504542618311,0.0506122417460704,0.5106502214581333,0.9607382367837938,3,17,3,1,2016,0,0,-0.0607144019760492,0,445.5570373535156,-0.0607144019760492,0,460.8042602539063,-0.028571498420393,0,440.47467041015625,-0.0714286173818377,0,420.14501953125,-0.1142858650124275,0
2016-04-20 00:00:00+07:00,496.3810736003675,518.4048072413394,498.0752069573653,515.0165405273438,33706500,0.0,0.0,478.4232299804688,466.22547912597656,451.3171020507813,403.4070135498047,397.6960823059082,482.9013236699299,470.2179951112761,454.424511601544,417.47494417602127,435.3906760822353,496.55427945390977,451.3171020507813,406.0799246476528,81.17649751527614,20.997381769143946,18.664061105627898,2.3333206635160444,96.7213118020498,96.88690108588332,13.553061032625502,13502146065,0.0974730119917799,0.0337621794219786,469.27490234375,0.0,0.0974730119917799,469.27490234375,0.0,0.0974730119917799,469.27490234375,0.0,0.0974730119917799,469.27490234375,0.0,0.0974730119917799,450.639404296875,52257000.0,0.1428573169958702,478.4232299804688,6741300.0,20.456282476154943,469.27490234375,515.0165405273438,466.22547912597656,14915750.0,20.9141373965675,443.8629455566406,515.0165405273438,451.3171020507813,16817050.0,22.618588701564235,420.14501953125,515.0165405273438,0,0,1,0,9.747301199177992,14.285731699587023,11.764708998906848,0.0263157781665576,0.2004673751451967,1.204060709943379,2,20,4,2,2016,0,0,0.0131576904611987,1,521.79296875,0.0131576904611987,1,528.1114501953125,0.0254261924375485,1,519.3095703125,0.0083357124428673,1,464.7380065917969,-0.0976250857575659,0
2016-07-13 00:00:00+07:00,679.5032958984375,681.2636671313351,619.6506739799223,679.5032958984375,62997500,0.0,0.0,593.5971557617188,571.2404479980469,558.917855834961,509.16977355957033,418.6940289306641,610.6144441488857,584.860870978656,560.4360466382238,518.920317943835,468.3173685119417,629.2817370448314,558.917855834961,488.5539746250905,82.48175367210591,28.712830711387937,20.77814849048967,7.934682220898267,98.9130437216404,95.21151431118328,27.53723429762221,13727711605,0.1188406006836064,0.0375456778601377,607.3280639648438,36265000.0,0.1188406006836064,582.682861328125,29111000.0,0.1661631755387949,556.2772827148438,24291500.0,0.2215190463687537,547.4754638671875,16699000.0,0.2411575326109569,566.839599609375,13617500.0,0.1987576315534451,593.5971557617188,33395700.0,54.13537120297372,542.1942749023438,679.5032958984375,571.2404479980469,24942850.0,43.368939751011055,540.4340209960938,679.5032958984375,558.917855834961,21397850.0,35.18194060493522,521.0698852539062,679.5032958984375,0,0,0,0,24.115753261095698,19.875763155344515,26.143793960044537,0.040525534554196,0.2517861273362063,1.3568703004302238,2,13,7,3,2016,0,0,-0.0336786675843003,0,656.6185302734375,-0.0336786675843003,0,704.1484985351562,0.0362694379637009,1,704.1484985351562,0.0362694379637009,1,697.10693359375,0.0259066259156801,1
2016-11-15 00:00:00+07:00,897.789306640625,906.591162588082,808.0103759765625,808.0103759765625,27018000,0.0,0.0,903.7745361328124,894.6206176757812,881.241812133789,790.37146484375,577.9505290222168,882.1983393842646,887.9670651514363,871.6292172125152,810.5302185442323,643.0507074870068,955.835372849365,881.241812133789,806.6482514182131,41.044778146876425,27.5435714735246,35.445337704803,-7.901766231278408,6.122503681496777,53.40137450937826,58.84668915959857,13966813105,-0.1052631116515008,0.0426301991347847,903.0703735351562,16922000.0,-0.1052631116515008,957.6419677734376,45006500.0,-0.1562500358508468,943.558837890625,29885000.0,-0.1436566078031638,906.5911254882812,19320000.0,-0.1087378276051667,892.5082397460938,33396500.0,-0.0946746035572396,903.7745361328124,28616700.0,58.44590286946636,808.0103759765625,957.6419677734376,894.6206176757812,31875950.0,46.12037770513798,808.0103759765625,957.6419677734376,881.241812133789,25798575.0,37.29678035778796,808.0103759765625,957.6419677734376,0,0,0,1,-10.87378276051667,-9.467460355723968,-5.942624785273143,0.0728291256018542,0.1692919234845638,0.0091303092739004,1,15,11,4,2016,0,0,0.0915032901907944,1,881.9459838867188,0.0915032901907944,1,783.365234375,-0.030501021192675,0,813.2914428710938,0.0065358899483791,1,813.2914428710938,0.0065358899483791,1
2016-11-16 00:00:00+07:00,808.0103924231614,887.227097562687,802.7292787471931,881.9459838867188,24797000,0.0,0.0,898.8455078125,893.5643920898438,881.241812133789,793.7865832519532,580.8457035827637,882.1142208850828,886.8723231033057,872.6117664195822,813.3308367929573,645.4277749138696,955.835372849365,881.241812133789,806.6482514182131,50.16502258182672,25.173721565837354,33.391014477009875,-8.217292911172521,48.979621065540336,38.77553202007819,62.74465417543742,13991610105,0.0915032901907944,0.0471459030307742,808.0103759765625,27018000.0,0.0915032901907944,903.0703735351562,16922000.0,-0.0233917425125398,957.6419677734376,45006500.0,-0.0790441380328345,906.5911254882812,24252000.0,-0.0271844064084444,892.5082397460938,52114000.0,-0.0118343510894418,898.8455078125,28725700.0,59.18354958423684,808.0103759765625,957.6419677734376,893.5643920898438,29144250.0,46.29474560209761,808.0103759765625,957.6419677734376,881.241812133789,25914000.0,37.29678035778796,808.0103759765625,957.6419677734376,0,0,0,0,-2.718440640844444,-1.1834351089441864,0.0,0.0711434207103284,0.1692919234845638,0.5047200572420366,2,16,11,4,2016,0,0,-0.0479041824999275,0,839.6970825195312,-0.0479041824999275,0,783.365234375,-0.1117764027647989,0,837.9367065429688,-0.0499001958711824,0,830.8952026367188,-0.0578842493562022,0
2016-12-05 00:00:00+07:00,866.102640523539,957.6419439935064,866.102640523539,948.840087890625,53396500,0.0,0.0,862.5818725585938,841.2813842773437,856.3325592041016,830.93041015625,615.5932151794434,878.7442191570325,858.4609063864989,851.6176407382362,822.7805212405582,668.3316750235016,966.4157865441646,856.3325592041016,746.2493318640386,66.00000277374045,7.801521263909194,1.331241648984117,6.470279614925078,95.19230662205956,68.8605595602214,42.751872233029545,14082350605,0.0955285064190314,0.0496227163601107,866.1026000976562,13454000.0,0.0955285064190314,853.780029296875,15469000.0,0.1113402226941711,830.8952026367188,20171000.0,0.1419491710622786,813.2914428710938,8934500.0,0.1666667542216051,783.365234375,22813000.0,0.2112358913242396,862.5818725585938,23015100.0,52.35441526030223,813.2914428710938,948.840087890625,841.2813842773437,19260150.0,42.5206559001112,804.4896850585938,948.840087890625,856.3325592041016,22119600.0,55.04161367003147,783.365234375,957.6419677734376,0,0,1,0,16.666675422160516,21.12358913242396,3.2567003491883684,0.0450569835514344,0.2571039163625339,0.9201708603652866,0,5,12,4,2016,0,0,-0.0315398452417617,0,918.913818359375,-0.0315398452417617,0,887.2271728515625,-0.0649349830655181,0,888.9874877929688,-0.0630797548095961,0,852.0196533203125,-0.1020408347054084,0
2017-09-13 00:00:00+07:00,875.2552069197812,875.2552069197812,722.1755925408072,725.7774658203125,100979500,0.0,0.0,851.12265625,864.0894348144532,900.3783020019531,922.9800463867188,854.9750003051757,830.2813687911787,859.4832648355309,886.825804897993,900.519845343549,842.7195513472235,1005.1001425565232,900.3783020019531,795.656461447383,18.905504345686907,-27.87028928539541,-15.138460631749028,-12.731828653646389,1.538461154216771,26.073000032708222,35.3755514293562,14149933605,-0.1724846078773596,0.0419687515052241,877.05615234375,5538500.0,-0.1724846078773596,889.6626586914062,6431500.0,-0.1842104884025934,891.4636840820312,6928500.0,-0.1858586291513727,884.260009765625,6202000.0,-0.1792261803033686,895.0654907226562,24084500.0,-0.189134791428127,851.12265625,25727300.0,70.56592921707305,725.7774658203125,891.4636840820312,864.0894348144532,18716950.0,50.81636162995921,725.7774658203125,891.4636840820312,900.3783020019531,13386325.0,52.36092027728508,725.7774658203125,950.8945922851562,0,0,0,0,-17.922618030336867,-18.913479142812704,-23.38402969554413,0.0487415951794161,0.232617423857784,-0.3336409828981989,2,13,9,3,2017,0,0,-0.0099255428706654,0,718.57373046875,-0.0099255428706654,0,747.3887329101562,0.0297767127082371,1,750.9906616210938,0.0347395682398101,1,664.5457153320312,-0.084367114400657,0
2017-12-19 00:00:00+07:00,814.0233283314278,896.8664104182545,814.0233283314278,886.060791015625,79232400,0.0,0.0,826.9901123046875,809.8812255859375,804.47841796875,808.0802978515625,841.4976818847656,835.2969322186632,820.621209599319,812.8224029406683,811.4236534907717,819.0700526647945,851.4279818570628,804.47841796875,757.5288540804372,70.58824506655893,6.676267166449065,-0.0807183118600847,6.75698547830915,90.909081867191,77.61481638960389,23.540813643569475,14472293405,0.0884955108582099,0.0257090190863326,814.0233764648438,10645100.0,0.0884955108582099,821.2271118164062,12516000.0,0.0789473195250682,806.8196411132812,17020600.0,0.0982142053371477,792.4121704101562,10400000.0,0.1181817040455042,806.8196411132812,18458000.0,0.0982142053371477,826.9901123046875,48110320.0,33.55737367743066,806.8196411132812,886.060791015625,809.8812255859375,28479710.0,28.940381999427224,787.0093994140625,886.060791015625,804.47841796875,21699605.0,23.474781944156412,778.0046997070312,886.060791015625,0,0,0,0,11.818170404550422,9.821420533714775,14.153121231026478,0.0265679441887801,0.1167205057081756,1.3688299346182355,1,19,12,4,2017,0,0,0.0,0,886.060791015625,0.0,0,907.6721801757812,0.0243904135915828,1,907.6721801757812,0.0243904135915828,1,900.46826171875,0.0162601379602982,1
2018-04-19 00:00:00+07:00,1379.738037109375,1379.738037109375,1379.738037109375,1379.738037109375,0,318.521,0.0,1267.903466796875,1229.341394042969,1154.7716125488282,1126.7424536132812,952.7236306762696,1282.448252704581,1236.8846092679398,1184.658569890314,1128.3816416105046,986.7884835125316,1339.3399895781772,1154.7716125488282,970.2032355194792,91.59362153791416,55.52612709028813,34.40552580591333,21.1206012843748,100.0,88.57143061266872,44.52462532234853,15273884505,0.1007507880825575,0.0270559563603433,1253.4517822265625,63977900.0,0.1007507880825575,1235.4425048828125,0.0,0.1167966389826045,1235.4425048828125,0.0,0.1167966389826045,1231.840576171875,44261100.0,0.1200621767121139,1163.4051513671875,34597300.0,0.1859480211927562,1267.903466796875,17829460.0,63.00191356034254,1235.4425048828125,1379.738037109375,1229.341394042969,31982440.0,64.44576679859405,1145.3958740234375,1379.738037109375,1154.7716125488282,25558765.0,92.28418851467448,1040.94140625,1379.738037109375,0,0,0,0,12.006217671211395,18.59480211927562,32.54713750698923,0.0322703470693828,0.3196621306302586,1.109439244634995,3,19,4,2,2018,0,0,0.0,0,1379.738037109375,0.0,0,1320.2666015625,-0.0431034253947734,0,1320.2666015625,-0.0431034253947734,0,1300.4427490234375,-0.0574712633508788,0
2018-08-14 00:00:00+07:00,1847.5801303570088,1859.4744230417105,1625.553333575909,1649.3419189453125,160956200,0.0,0.0,1864.2321533203128,1839.650646972656,1786.7210571289063,1682.170212402344,1250.045669555664,1818.1948721017795,1823.613823705695,1787.668880307249,1681.6148632645036,1337.9037779119394,1962.102936025364,1786.7210571289063,1611.3391782324484,45.78946404672505,52.74688303464609,60.127723080053926,-7.380840045407837,7.142853029331992,62.44706624910589,80.71129173764696,15553587005,-0.1422680384884059,0.0400519935648508,1922.91064453125,29644100.0,-0.1422680384884059,1938.7698974609373,20050200.0,-0.1492843368852936,1903.0867919921875,17356100.0,-0.1333333162284469,1895.1573486328125,37076700.0,-0.129707134800619,1776.214599609375,63878500.0,-0.0714286892428225,1864.2321533203128,51196060.0,120.9545720811557,1649.3419189453125,1938.7698974609373,1839.650646972656,40359580.0,90.29455119420888,1649.3419189453125,1938.7698974609373,1786.7210571289063,41494945.0,87.69093944822897,1649.3419189453125,1938.7698974609373,0,0,0,1,-12.9707134800619,-7.1428689242822525,-5.02283994130166,0.0489354516553235,0.1963170223988741,0.1083428372189473,1,14,8,3,2018,0,0,-0.0312499606813767,0,1597.800048828125,-0.0312499606813767,0,1633.48291015625,-0.0096153554377637,0,1633.48291015625,-0.0096153554377637,0,1641.412353515625,-0.0048077147246449,0
2018-11-26 00:00:00+07:00,1712.7783698842006,1716.7431346293029,1558.1525448252105,1562.1173095703125,90097500,0.0,0.0,1703.26279296875,1788.5052001953125,1754.606475830078,1748.6196801757812,1521.3760614013672,1684.1349509548968,1732.1845202480908,1750.9597204730649,1736.3594819851896,1532.5270966867197,1939.0959329318969,1754.606475830078,1570.1170187282596,36.64921322493951,-11.233804694082892,12.53825495547311,-23.772059649556,0.91324195756936,6.672748176398862,81.41926690557702,15837736905,-0.0858467989656108,0.0346171124172355,1708.8134765625,37523600.0,-0.0858467989656108,1673.130615234375,44667700.0,-0.0663506510808252,1724.6724853515625,65978300.0,-0.0942527796795658,1847.580078125,23279200.0,-0.1545063036425391,1752.42578125,24190400.0,-0.108597164978902,1703.26279296875,47653420.0,102.64825793693004,1562.1173095703125,1847.580078125,1788.5052001953125,48685080.0,115.59848885364624,1562.1173095703125,1934.804931640625,1754.606475830078,34405675.0,92.24472855090929,1562.1173095703125,1934.804931640625,0,0,0,0,-15.450630364253914,-10.859716497890204,-5.966574537872315,0.0521210964162306,0.2102915492940255,-0.0216806675124316,0,26,11,4,2018,0,0,-0.0177664607698838,0,1534.364013671875,-0.0177664607698838,0,1641.412353515625,0.0507612606681402,1,1570.046630859375,0.0050760088506052,1,1593.8350830078125,0.0203043479789777,1
2020-03-09 00:00:00+07:00,1032.141825542191,1032.141825542191,962.4613647460938,962.4613647460938,38358000,0.0,0.0,1041.7229125976562,1021.6897888183594,1024.0850799560546,1064.3691040039062,1114.5608169555665,1021.3946576049788,1024.4359201506009,1026.5336559844798,1046.7803224128584,1147.4365465691758,1098.0072075550336,1024.0850799560546,950.1629523570756,41.90473165041764,-5.769924085454477,-8.120845828423205,2.350921742968728,10.81078779142906,54.95494863261544,51.94927924399934,15192594105,-0.0979591834399855,0.0359087274696793,1066.9820556640625,18529800.0,-0.0979591834399855,1071.3370361328125,29850800.0,-0.1016259755004134,1075.692138671875,33038400.0,-0.1052631787990789,958.1063842773438,39002300.0,0.0045454038718619,1023.4319458007812,17784200.0,-0.0595746315178594,1041.7229125976562,30052120.0,47.54765086952244,962.4613647460938,1075.692138671875,1021.6897888183594,30775370.0,45.50025507751016,958.1063842773438,1075.692138671875,1024.0850799560546,24614895.0,36.961063799489466,958.1063842773438,1084.4022216796875,0,0,0,0,0.4545403871861975,-5.957463151785946,-1.7777828715766608,0.0539754437391926,0.1443671605920694,0.0831849189713258,0,9,3,1,2020,0,0,0.0452489373590545,1,1006.01171875,0.0452489373590545,1,897.1359252929688,-0.0678733109150396,0,897.1359252929688,-0.0678733109150396,0,729.4673461914062,-0.2420814248644188,0
2020-03-17 00:00:00+07:00,799.1478235791301,805.6803670961257,744.7099609375,744.7099609375,23282900,0.0,0.0,878.84482421875,957.6708435058594,990.9868408203124,1032.5773901367188,1101.9747805786133,866.0298305761853,919.8358718614022,963.77621755093,1014.402143248906,1132.9567677628247,1158.0621845074409,990.9868408203124,823.9114971331842,26.61871228966858,-46.047047320791535,-22.95714227588216,-23.08990504490938,0.0,6.289309293098367,59.72612716819479,15145107405,-0.1699028653943297,0.0533984029358894,897.1359252929688,0.0,-0.1699028653943297,897.1359252929688,0.0,-0.1699028653943297,897.1359252929688,23191300.0,-0.1699028653943297,1006.01171875,23587000.0,-0.2597402723471008,1032.1419677734375,30483600.0,-0.2784810770324484,878.84482421875,14214740.0,79.49567533194652,744.7099609375,958.1063842773438,957.6708435058594,21443770.0,104.08528343236824,744.7099609375,1075.692138671875,990.9868408203124,24806380.0,83.5376718435642,744.7099609375,1084.4022216796875,0,0,0,0,-25.97402723471009,-27.84810770324484,-28.15127198449555,0.080200521412399,0.3371898330129749,-0.2370234124551615,1,17,3,1,2020,0,0,-0.0672514500060976,0,694.6271362304688,-0.0672514500060976,0,783.9052734375,0.0526316479648771,1,779.5501708984375,0.0467835960151223,1,892.7809448242188,0.1988304060017074,1
2020-03-20 00:00:00+07:00,646.7218505859374,807.8579345703125,603.1715576171874,783.9052734375,79840200,0.0,0.0,753.4200317382813,848.7951477050781,938.2909973144532,1004.3568041992188,1092.6114682006837,764.5268824898767,827.081856995628,898.3425511522396,979.933723544718,1120.41847629291,1194.2466664114088,938.2909973144532,682.3353282174975,38.70056839393972,-77.10535276976123,-47.36982316167708,-29.73552960808415,35.93074853536014,11.97691617845337,70.14708250047913,15192173305,0.2121211892421317,0.0741183893175395,646.7218627929688,2795600.0,0.2121211892421317,694.6271362304688,29978700.0,0.1285267052645202,744.7099609375,23282900.0,0.0526316479648771,897.1359252929688,0.0,-0.1262134852291108,1066.9820556640625,18529800.0,-0.2653060383947907,753.4200317382813,27179480.0,95.52562113579596,646.7218627929688,897.1359252929688,848.7951477050781,24563320.0,123.03671900245432,646.7218627929688,1006.01171875,938.2909973144532,26640655.0,127.97783454847782,646.7218627929688,1075.692138671875,0,0,0,0,-12.62134852291108,-26.53060383947907,-25.311199844801337,0.0894841314089869,0.5455784395875989,0.1984131579862135,4,20,3,1,2020,0,0,-0.0694445223048164,0,729.4673461914062,-0.0694445223048164,0,879.7158813476562,0.1222221755059989,1,827.4555053710938,0.0555554776951834,1,940.6863403320312,0.2000000155720744,1
2020-03-26 00:00:00+07:00,805.6803863827545,923.2661725034808,796.9703281515896,879.7158813476562,41809200,0.0,0.0,763.8721069335937,795.0105407714843,902.6886322021484,979.7508911132812,1085.5018838500976,801.0677186001545,817.6998955348188,873.1667666589993,959.3866507349704,1110.85241767508,1166.4408810690184,902.6886322021484,638.9363833352786,38.77551823008822,-68.09255747831571,-60.78143685156708,-7.311120626748632,57.990874926762345,39.38800983795913,78.23498971550417,15208107005,0.1284916791613002,0.0826053042123132,779.5501708984375,48910700.0,0.1284916791613002,729.4673461914062,74786200.0,0.2059701999557714,783.9052734375,79840200.0,0.1222221755059989,694.6271362304688,29978700.0,0.2664576942985672,958.1063842773438,24599500.0,-0.0818181615487447,763.8721069335937,49628380.0,85.10989481884154,646.7218627929688,879.7158813476562,795.0105407714843,32459480.0,92.9268205653857,646.7218627929688,897.1359252929688,902.6886322021484,31543865.0,131.87612443343494,646.7218627929688,1075.692138671875,0,0,0,0,26.645769429856724,-8.181816154874477,-14.40676899184038,0.0889321102122815,0.5843703785732512,0.45645013274164,3,26,3,1,2020,0,0,0.0099010182633845,1,888.4259643554688,0.0099010182633845,1,949.396240234375,0.0792077992044133,1,884.0709228515625,0.0049505091316921,1,862.2957153320312,-0.0198020365267689,0
2020-03-31 00:00:00+07:00,840.5205246111668,949.396240234375,827.4554387363818,949.396240234375,33618700,0.0,0.0,864.9087524414062,792.3975341796875,889.4057891845703,963.898583984375,1080.341174621582,869.3164740947798,851.7042150793868,877.6775052317867,951.455197553712,1104.2847032662723,1147.9943420327777,889.4057891845703,630.8172363363631,46.82926282346655,-41.93224067396102,-55.772419349532086,13.840178675571067,82.38339761395328,67.41624812149739,86.1673632862627,15296792405,0.1473683286554408,0.0899023508213956,827.4555053710938,16821100.0,0.1473683286554408,888.4259643554688,71887800.0,0.0686273007826134,879.7158813476562,41809200.0,0.0792077992044133,729.4673461914062,74786200.0,0.3014924454003747,897.1359252929688,0.0,0.0582523934980534,864.9087524414062,42609500.0,64.41909475335589,779.5501708984375,949.396240234375,792.3975341796875,42373110.0,94.26649374568215,646.7218627929688,949.396240234375,889.4057891845703,32268475.0,129.29427642410363,646.7218627929688,1075.692138671875,0,0,0,0,30.14924454003747,5.8252393498053445,-0.909099885555864,0.0907601690786038,0.5814861022779891,0.6159959526225032,1,31,3,1,2020,1,0,-0.0596329467200963,0,892.7809448242188,-0.0596329467200963,0,918.9111938476562,-0.0321099295476385,0,914.5560913085938,-0.036697163364772,0,853.5857543945312,-0.1009172796136113,0
2022-03-04 00:00:00+07:00,1710.0257278701008,1839.5731314966235,1710.0257278701008,1834.3912353515625,99834700,0.0,0.0,1688.2616943359376,1606.9059692382812,1543.9459289550782,1482.7477270507814,1303.220942993164,1700.9846967462313,1636.6122240750738,1575.7025994934309,1502.3739051910295,1360.8647912719705,1738.5760406519107,1543.9459289550782,1349.3158172582455,94.87183281714113,65.63242117082063,38.52866971400526,27.10375145681537,98.63013692027415,90.1847601303745,51.07867766974419,16540151205,0.089230792648453,0.0232676319442996,1684.1162109375,48840200.0,0.089230792648453,1653.0247802734375,61140500.0,0.1097179287585294,1627.1153564453125,73101000.0,0.127388557968672,1559.7506103515625,70217300.0,0.1760798317226475,1502.7498779296875,18397500.0,0.2206896585337086,1688.2616943359376,82957640.0,84.30743742003828,1627.1153564453125,1834.3912353515625,1606.9059692382812,58974570.0,103.47799503803884,1502.7498779296875,1834.3912353515625,1543.9459289550782,40106545.0,97.31505584841624,1445.7490234375,1834.3912353515625,0,0,0,0,17.607983172264753,22.06896585337086,25.978649745365637,0.0278450292856719,0.2521203729311371,1.2461468933668889,4,4,3,1,2022,0,0,0.0225988204294134,1,1875.8463134765625,0.0225988204294134,1,1834.3912353515625,0.0,0,1803.2998046875,-0.0169491818674677,0,1653.0247802734375,-0.0988701055603146,0
2022-06-06 00:00:00+07:00,2623.5361328125,2623.5361328125,2623.5361328125,2623.5361328125,5083700,688.515,0.0,2404.69912109375,2309.2025634765623,2143.3070556640623,1939.199069824219,1527.75998046875,2432.5873179210903,2328.361023509697,2197.666478961181,1991.6371287150096,1615.7329915696998,2553.418443877371,2143.3070556640623,1733.1956674507535,90.7668766866899,153.40926495966642,116.119007450537,37.29025750912941,100.0,97.3333331411036,98.19279696308644,17281459705,0.0934963448885781,0.0334877048740042,2399.218017578125,160576400.0,0.0934963448885781,2357.7626953125,137664800.0,0.1127227256705638,2347.39892578125,99567500.0,0.1176353980563178,2290.39794921875,59131500.0,0.1454499134996967,2046.848876953125,47998400.0,0.2817439344705377,2404.69912109375,94745100.0,127.78207959349844,2295.579833984375,2623.5361328125,2309.2025634765623,105064400.0,145.94770892274437,2098.66796875,2623.5361328125,2143.3070556640623,84520640.0,205.05569410665424,1891.39208984375,2623.5361328125,0,0,0,0,14.54499134996967,28.17439344705377,39.09033710820346,0.0374276518379112,0.3826902796120769,1.0854861519947103,0,6,6,2,2022,0,0,-0.0556844199946324,0,2477.446044921875,-0.0556844199946324,0,2477.446044921875,-0.0556844199946324,0,2355.7041015625,-0.1020881808716989,0,2270.48486328125,-0.1345707669567217,0
2023-06-26 00:00:00+07:00,2722.425537109375,2722.425537109375,2722.425537109375,2722.425537109375,4857300,1094.05,0.0,2392.5259765625,2304.7222900390625,2122.6434631347656,2182.6173120117187,2277.1578369140625,2428.409805977913,2322.5309359284724,2217.51979559793,2178.936320336065,2197.32860019911,2589.8978227104776,2122.6434631347656,1655.3891035590534,82.53712013664816,99.09204328517626,41.18862217781187,57.90342110736439,100.0,76.99305407033982,110.54403930673392,16986482705,0.208772167353253,0.0514086929520799,2252.223876953125,225347500.0,0.208772167353253,2300.92041015625,111652300.0,0.1831897900912189,2343.530029296875,61158000.0,0.1616772574175973,2307.007568359375,63449900.0,0.1800678829352189,2148.7431640625,44733700.0,0.2669850834858496,2392.5259765625,93195280.0,188.22273022760143,2252.223876953125,2722.425537109375,2304.7222900390625,100613090.0,168.98388603027468,2118.3076171875,2722.425537109375,2122.6434631347656,66670900.0,233.62717978785608,1789.604736328125,2722.425537109375,0,0,0,0,18.006788293521893,26.69850834858496,48.586628468636526,0.0406049817708173,0.4402570358054016,1.1418153856490911,0,26,6,2,2023,0,0,-0.1492063307014448,0,2316.222412109375,-0.1492063307014448,0,2359.435546875,-0.1333333034407955,0,2428.576416015625,-0.1079365136303246,0,2368.078125,-0.1301587159241883,0
2023-06-27 00:00:00+07:00,2316.222412109375,2316.222412109375,2316.222412109375,2316.222412109375,64168100,0.0,0.0,2387.064453125,2323.9050537109374,2148.9743469238283,2179.0276147460936,2275.83431640625,2391.0140080217343,2321.3839315977275,2226.9200447894964,2184.320088640901,2198.5116232031924,2596.127501114526,2148.9743469238283,1701.821192733131,62.7633940292707,93.66466885574071,51.68383151339765,41.98083734234308,47.14126465200032,68.89728491557628,134.77583423888623,16922314605,-0.1492063307014448,0.0623648997013642,2722.425537109375,4857300.0,-0.1492063307014448,2252.223876953125,225347500.0,0.0284157076084412,2300.92041015625,111652300.0,0.0066503829882955,2343.530029296875,62961300.0,-0.0116523436210003,2124.394775390625,51190800.0,0.0902975468311804,2387.064453125,93436640.0,190.38360919852997,2252.223876953125,2722.425537109375,2323.9050537109374,101910820.0,156.67887884618435,2118.3076171875,2722.425537109375,2148.9743469238283,68363245.0,223.57657709534865,1801.779052734375,2722.425537109375,0,0,0,0,-1.1652343621000316,9.02975468311804,29.42647977462072,0.0581877774492935,0.4161549483648136,0.687014296576135,1,27,6,2,2023,0,0,0.0149254045984046,1,2350.79296875,0.0149254045984046,1,2402.648681640625,0.0373134587936838,1,2394.006103515625,0.0335821339952464,1,2394.006103515625,0.0335821339952464,1
2025-04-10 00:00:00+07:00,2550.0,2680.0,2530.0,2680.0,27346700,0.0,0.0,2518.0,2450.0,2473.0,2584.2,2699.45,2527.730600754948,2490.402792174737,2494.443162644796,2560.258371561796,2631.502917520192,2647.126390877298,2473.0,2298.873609122702,62.82051282051282,-20.8296435699599,-46.20237205475987,25.37272848479997,100.0,72.91666666666664,105.71428571428572,17483789805,0.089430894308943,0.0303597009247341,2460.0,12180100.0,0.089430894308943,2420.0,19199300.0,0.1074380165289257,2520.0,8070300.0,0.0634920634920634,2450.0,13581800.0,0.0938775510204081,2420.0,13320600.0,0.1074380165289257,2518.0,16055880.0,99.09591313468262,2420.0,2680.0,2450.0,13412920.0,107.39335795729902,2300.0,2680.0,2473.0,11026885.0,87.06319543864899,2300.0,2680.0,0,0,0,0,9.387755102040815,10.743801652892571,6.7729083665338585,0.0394456289978678,0.1408219901959547,1.0943958263795497,3,10,4,2,2025,0,0,0.0,0,2680.0,0.0,0,2760.0,0.0298507462686568,1,2730.0,0.0186567164179105,1,2780.0,0.0373134328358208,1
