Date,Open,High,Low,Close,Volume,Dividends,Stock Splits
2004-06-08 00:00:00+07:00,-1.0403236566153877,-1.040733501233605,-1.0385316698590958,-1.0399330016116235,0.7877458025558626,0.0,0.0
2004-06-09 00:00:00+07:00,-1.039841183524464,-1.0402549946227206,-1.0385316760478127,-1.039450453895217,0.6040689331439232,0.0,0.0
2004-06-10 00:00:00+07:00,-1.039358704295181,-1.040733507495442,-1.0380452386708678,-1.039450453895217,0.40415346314925416,0.0,0.0
2004-06-11 00:00:00+07:00,-1.039841183524464,-1.040733507495442,-1.0380452386708678,-1.039450453895217,0.3352805878166871,0.0,0.0
2004-06-14 00:00:00+07:00,-1.0393586979814402,-1.040733501233605,-1.0385316698590958,-1.0399330016116235,0.38902800436159574,0.0,0.0
2004-06-15 00:00:00+07:00,-1.0403236536413594,-1.0402549851979235,-1.0385316668606692,-1.0389678904474062,0.6079806130403073,0.0,0.0
2004-06-16 00:00:00+07:00,-1.0388762250658983,-1.0402549946227206,-1.0380452386708678,-1.039450453895217,0.24335526693101897,0.0,0.0
2004-06-17 00:00:00+07:00,-1.039841177298414,-1.0412120141932966,-1.0385316698590958,-1.0399330016116235,0.6644888115592762,0.0,0.0
2004-06-18 00:00:00+07:00,-1.0403236566153877,-1.0412120141932966,-1.0385316698590958,-1.0399330016116235,0.5653327236104659,0.0,0.0
2004-06-21 00:00:00+07:00,-1.039841177298414,-1.0412120141932966,-1.0385316698590958,-1.0399330016116235,0.6458484951265939,0.0,0.0
2004-06-22 00:00:00+07:00,-1.039841177298414,-1.040733501233605,-1.0380452323937406,-1.0399330016116235,0.032605370775377694,0.0,0.0
2004-06-23 00:00:00+07:00,-1.039358704295181,-1.040733507495442,-1.0380452386708678,-1.039450453895217,0.766226770034016,0.0,0.0
2004-06-24 00:00:00+07:00,-1.039358704295181,-1.040733507495442,-1.0380452386708678,-1.039450453895217,0.4543470346794373,0.0,0.0
2004-06-25 00:00:00+07:00,-1.0393586949224396,-1.0402549851979235,-1.0375587918442895,-1.0389678904474062,0.37962642441000094,0.0,0.0
2004-06-28 00:00:00+07:00,-1.0388762155629796,-1.0402549851979235,-1.0375587918442895,-1.0389678904474062,0.5621488654306694,0.0,0.0
2004-06-29 00:00:00+07:00,-1.038876208902966,-1.039776465500349,-1.0370723476214485,-1.0384853296214962,0.30095654920502474,0.0,0.0
2004-06-30 00:00:00+07:00,-1.0383937384003086,-1.0392979614024387,-1.0370723565209803,-1.0380027845269904,0.6004710033115412,0.0,0.0
2004-07-01 00:00:00+07:00,-1.0346216297739255,-1.0360353754311233,-1.0338884045656733,-1.0352610026494944,0.47512044258148173,22.5,0.0
2004-07-02 00:00:00+07:00,-1.035169901122338,-1.0360353748452207,-1.03333563415165,-1.0347126452252349,0.7818809960860379,0.0,0.0
2004-07-05 00:00:00+07:00,-1.034621629183166,-1.0360353748452207,-1.0327828643166876,-1.0347126452252349,-6.175100444806386,0.0,0.0
2004-07-06 00:00:00+07:00,-1.0340733478881705,-1.0344040711668354,-1.0327828550133247,-1.0330675650867542,0.9631087911229167,0.0,0.0
2004-07-07 00:00:00+07:00,-1.0335250758208365,-1.0338603063246414,-1.032230085049149,-1.0330675650867542,0.6952730762052994,0.0,0.0
2004-07-08 00:00:00+07:00,-1.0329768037535025,-1.0338603063246414,-1.0316773150849734,-1.0330675650867542,0.5926002947446529,0.0,0.0
2004-07-09 00:00:00+07:00,-1.033525080483418,-1.0338603110738724,-1.0316773197858056,-1.0325192129062963,0.6939711743739684,0.0,0.0
2004-07-12 00:00:00+07:00,-1.0324285364747656,-1.032772781514464,-1.0311245498851547,-1.0325192129062963,0.7729921118623494,0.0,0.0
2004-07-13 00:00:00+07:00,-1.0324285256142873,-1.0333165353812455,-1.031124539079653,-1.031970844994434,0.32905696739543644,0.0,0.0
2004-07-14 00:00:00+07:00,-1.0324285316861685,-1.0338603063246414,-1.0316773150849734,-1.0330675650867542,0.5380931575189507,0.0,0.0
2004-07-15 00:00:00+07:00,-1.0335250758208365,-1.0344040711668354,-1.032230085049149,-1.0330675650867542,0.33286635346190846,0.0,0.0
2004-07-16 00:00:00+07:00,-1.033525080483418,-1.0338603110738724,-1.0316773197858056,-1.0325192129062963,0.3473290759452164,0.0,0.0
2004-07-19 00:00:00+07:00,-1.0329768084790918,-1.0338603110738724,-1.0311245498851547,-1.0325192129062963,-0.05706804969651492,0.0,0.0
2004-07-20 00:00:00+07:00,-1.0329768084790918,-1.0338603110738724,-1.0311245498851547,-1.0325192129062963,0.4110135252302456,0.0,0.0
2004-07-21 00:00:00+07:00,-1.0329768084790918,-1.0338603110738724,-1.0311245498851547,-1.0325192129062963,0.3974336705645583,0.0,0.0
2004-07-22 00:00:00+07:00,-1.0329768084790918,-1.0338603110738724,-1.0311245498851547,-1.0325192129062963,0.061113256601815893,0.0,0.0
2004-07-23 00:00:00+07:00,-1.0329768084790918,-1.0338603110738724,-1.0311245498851547,-1.0325192129062963,-0.41552025948102855,0.0,0.0
2004-07-26 00:00:00+07:00,-1.0329768037535025,-1.0344040711668354,-1.032230085049149,-1.0330675650867542,0.8003976600122376,0.0,0.0
2004-07-27 00:00:00+07:00,-1.0335250758208365,-1.0344040711668354,-1.032230085049149,-1.0330675650867542,0.5528841766530505,0.0,0.0
2004-07-28 00:00:00+07:00,-1.0329768037535025,-1.0344040711668354,-1.0316773150849734,-1.0330675650867542,0.41840646081748845,0.0,0.0
2004-07-29 00:00:00+07:00,-1.0329768037535025,-1.0344040711668354,-1.0316773150849734,-1.0330675650867542,0.039145543001732716,0.0,0.0
2004-07-30 00:00:00+07:00,-1.0329768037535025,-1.0344040711668354,-1.0316773150849734,-1.0330675650867542,0.5093595541710446,0.0,0.0
2004-08-02 00:00:00+07:00,-1.0335250788967236,-1.0344040742586609,-1.0316773181860945,-1.0336159251329144,-0.22623995568699276,0.0,0.0
2004-08-03 00:00:00+07:00,-1.0335250758208365,-1.0338603063246414,-1.0316773150849734,-1.0330675650867542,0.639644381905087,0.0,0.0
2004-08-04 00:00:00+07:00,-1.0329768084790918,-1.0338603110738724,-1.0311245498851547,-1.0325192129062963,0.5537863432890326,0.0,0.0
2004-08-05 00:00:00+07:00,-1.0329768084790918,-1.0338603110738724,-1.0311245498851547,-1.0325192129062963,0.3288223780595046,0.0,0.0
2004-08-06 00:00:00+07:00,-1.0329768037535025,-1.0338603063246414,-1.031124545120798,-1.0330675650867542,0.3101013153370584,0.0,0.0
2004-08-09 00:00:00+07:00,-1.0335250740846649,-1.0349478342871306,-1.0327828533102181,-1.0341642773133726,0.6786046482249262,0.0,0.0
2004-08-10 00:00:00+07:00,-1.0340733461754605,-1.0354915991525935,-1.0322300833223885,-1.0341642773133726,0.2555742506090954,0.0,0.0
2004-08-11 00:00:00+07:00,-1.0335250788967236,-1.0349478390596305,-1.0316773181860945,-1.0336159251329144,0.35568300391965973,0.0,0.0
2004-08-12 00:00:00+07:00,-1.0335250740846649,-1.0349478342871306,-1.0322300833223885,-1.0341642773133726,-0.4777965299717258,0.0,0.0
2004-08-13 00:00:00+07:00,-1.0340733461754605,-1.0349478342871306,-1.0322300833223885,-1.0341642773133726,0.272137303362544,0.0,0.0
2004-08-16 00:00:00+07:00,-1.034073357243994,-1.0354916101301348,-1.0327828643166876,-1.0347126452252349,0.3542560825344138,0.0,0.0
2004-08-17 00:00:00+07:00,-1.034621629183166,-1.0360353748452207,-1.0327828643166876,-1.0347126452252349,-6.175100444806386,0.0,0.0
2004-08-18 00:00:00+07:00,-1.0340733509224915,-1.0349478390596305,-1.032230088108363,-1.0336159251329144,0.5274342676857388,0.0,0.0
2004-08-19 00:00:00+07:00,-1.0335250788967236,-1.0349478390596305,-1.032230088108363,-1.0336159251329144,0.017615514601532663,0.0,0.0
2004-08-20 00:00:00+07:00,-1.0340733461754605,-1.0349478342871306,-1.0322300833223885,-1.0341642773133726,-0.7300965440285765,0.0,0.0
2004-08-23 00:00:00+07:00,-1.0340733461754605,-1.0349478342871306,-1.0322300833223885,-1.0341642773133726,-0.13844213952902046,0.0,0.0
2004-08-24 00:00:00+07:00,-1.0340733461754605,-1.0354915991525935,-1.0327828533102181,-1.0341642773133726,0.6582375244499327,0.0,0.0
2004-08-25 00:00:00+07:00,-1.034073357243994,-1.0354916101301348,-1.03333563415165,-1.0347126452252349,-0.32194566426927046,0.0,0.0
2004-08-26 00:00:00+07:00,-1.035169901122338,-1.0360353748452207,-1.03333563415165,-1.0347126452252349,-0.23090470708431796,0.0,0.0
2004-08-27 00:00:00+07:00,-1.0346216182662562,-1.0354915991525935,-1.0327828533102181,-1.0341642773133726,0.3765715977578598,0.0,0.0
2004-08-30 00:00:00+07:00,-1.0346216297739255,-1.0360353754311233,-1.0333356347389835,-1.0352610026494944,0.4985997826495761,0.0,0.0
2004-08-31 00:00:00+07:00,-1.034621629183166,-1.0354916101301348,-1.0327828643166876,-1.0347126452252349,0.535814897420068,0.0,0.0
2004-09-01 00:00:00+07:00,-1.0346216199555045,-1.0344040711668354,-1.0327828550133247,-1.0330675650867542,0.9453743649401094,0.0,0.0
2004-09-02 00:00:00+07:00,-1.0329768037535025,-1.0338603063246414,-1.0316773150849734,-1.0330675650867542,0.8661630122741553,0.0,0.0
2004-09-03 00:00:00+07:00,-1.0329768084790918,-1.0333165462941685,-1.0311245498851547,-1.0325192129062963,0.6929389391353591,0.0,0.0
2004-09-06 00:00:00+07:00,-1.0324285316861685,-1.0333165414824472,-1.031124545120798,-1.0330675650867542,0.6115020448727351,0.0,0.0
2004-09-07 00:00:00+07:00,-1.0329768068709557,-1.0344040742586609,-1.0316773181860945,-1.0336159251329144,0.6930761380603848,0.0,0.0
2004-09-08 00:00:00+07:00,-1.033525080483418,-1.0338603110738724,-1.0316773197858056,-1.0325192129062963,0.3668923097287056,0.0,0.0
2004-09-09 00:00:00+07:00,-1.0329768068709557,-1.0344040742586609,-1.0327828580306315,-1.0336159251329144,1.070181688076676,0.0,0.0
2004-09-10 00:00:00+07:00,-1.0335250758208365,-1.0338603063246414,-1.032230085049149,-1.0330675650867542,0.9550160604326646,0.0,0.0
2004-09-13 00:00:00+07:00,-1.0329768037535025,-1.0344040711668354,-1.031124545120798,-1.0330675650867542,-6.175100444806386,0.0,0.0
2004-09-14 00:00:00+07:00,-1.0324285400253979,-1.031685255661838,-1.0305717835642647,-1.0308741458773192,1.177617901751494,0.0,0.0
2004-09-15 00:00:00+07:00,-1.0307837230521955,-1.0305977250623217,-1.0294662427618029,-1.0297774310288004,1.1900875805488396,0.0,0.0
2004-09-16 00:00:00+07:00,-1.03023544638786,-1.0316852499024685,-1.0289134682220542,-1.0303257832092583,0.48446007973833616,0.0,0.0
2004-09-17 00:00:00+07:00,-1.0307837184180562,-1.0316852499024685,-1.0300190080755203,-1.0303257832092583,0.6141514652774106,0.0,0.0
2004-09-20 00:00:00+07:00,-1.03023544638786,-1.0316852499024685,-1.0283606982953213,-1.0303257832092583,-6.175100444806386,0.0,0.0
2004-09-21 00:00:00+07:00,-1.0296871882685625,-1.0295102049885458,-1.0278079423936086,-1.0286807266678841,1.2527408619436202,0.0,0.0
2004-09-22 00:00:00+07:00,-1.028590647876472,-1.0300539729210696,-1.027807945664934,-1.0292290867140443,0.48741372293849655,0.0,0.0
2004-09-23 00:00:00+07:00,-1.029687191513269,-1.0300539729210696,-1.027807945664934,-1.0292290867140443,0.8651554884648465,0.0,0.0
2004-09-24 00:00:00+07:00,-1.029687191513269,-1.0305977375163746,-1.027807945664934,-1.0292290867140443,-0.5553720113283345,0.0,0.0
2004-09-27 00:00:00+07:00,-1.0296871743576639,-1.0305977202917456,-1.0289134682220542,-1.0303257832092583,0.42253301806678334,0.0,0.0
2004-09-28 00:00:00+07:00,-1.0302354521949686,-1.031685255661838,-1.0289134740036188,-1.0308741458773192,0.645754203401062,0.0,0.0
2004-09-29 00:00:00+07:00,-1.0307837184180562,-1.0316852499024685,-1.0289134682220542,-1.0303257832092583,0.5393049986379154,0.0,0.0
2004-09-30 00:00:00+07:00,-1.03023544638786,-1.031141485097107,-1.0289134682220542,-1.0303257832092583,0.5750085134320192,0.0,0.0
2004-10-01 00:00:00+07:00,-1.0302354510806593,-1.0311414898095055,-1.028360703026619,-1.0297774310288004,0.7498187423794375,0.0,0.0
2004-10-04 00:00:00+07:00,-1.0296871820081879,-1.0289664338379896,-1.0278079360818753,-1.0275840065755637,1.1073261983269302,0.0,0.0
2004-10-05 00:00:00+07:00,-1.0280423696363843,-1.0251600845878646,-1.026149630050969,-1.0237455124714496,1.1694791620786429,0.0,0.0
2004-10-06 00:00:00+07:00,-1.023656197761677,-1.0251600878449372,-1.0233857843026446,-1.0242938725176098,0.574224203709946,0.0,0.0
2004-10-07 00:00:00+07:00,-1.0247527342780698,-1.0262476099736786,-1.0244913167922551,-1.024842222076167,0.7210885134497529,0.0,0.0
2004-10-08 00:00:00+07:00,-1.0253010062172419,-1.0257038452585927,-1.023385777122331,-1.024842222076167,0.5977027920269452,0.0,0.0
2004-10-11 00:00:00+07:00,-1.0247527414799786,-1.0251600878449372,-1.0233857843026446,-1.0242938725176098,0.6644590246183749,0.0,0.0
2004-10-12 00:00:00+07:00,-1.024204465614948,-1.0257038485077115,-1.0239385501513316,-1.0253905821223273,0.6363334712224593,0.0,0.0
2004-10-13 00:00:00+07:00,-1.0247527342780698,-1.0257038452585927,-1.023385777122331,-1.024842222076167,0.409176677881167,0.0,0.0
2004-10-14 00:00:00+07:00,-1.0247527342780698,-1.0257038452585927,-1.023385777122331,-1.024842222076167,0.6170426948304654,0.0,0.0
2004-10-15 00:00:00+07:00,-1.0253010133391292,-1.0257038524806597,-1.0233857843026446,-1.0242938725176098,0.6130020234917287,0.0,0.0
2004-10-18 00:00:00+07:00,-1.0242044696208277,-1.0257038524806597,-1.0228330145483602,-1.0242938725176098,0.3396551803402359,0.0,0.0
2004-10-19 00:00:00+07:00,-1.024204465614948,-1.0257038485077115,-1.0233857803526654,-1.0253905821223273,0.7211813062840636,0.0,0.0
2004-10-20 00:00:00+07:00,-1.025301009421291,-1.0262476131870926,-1.0244913199499979,-1.0253905821223273,0.578916437745856,0.0,0.0
2004-10-21 00:00:00+07:00,-1.0253010020930216,-1.0267913705984482,-1.0244913127276403,-1.0259389316808847,0.4152892436600832,0.0,0.0
2004-10-22 00:00:00+07:00,-1.025849278156414,-1.0257038452585927,-1.023938546957293,-1.024842222076167,0.5026876583681145,0.0,0.0
2004-10-25 00:00:00+07:00,-1.0247527414799786,-1.0257038524806597,-1.0233857843026446,-1.0242938725176098,-0.12558480042125675,0.0,0.0
2004-10-26 00:00:00+07:00,-1.0242044663724537,-1.0251600845878646,-1.0228330113093265,-1.0237455124714496,0.21193700161419032,0.0,0.0
2004-10-27 00:00:00+07:00,-1.0236561770009747,-1.0224412429572693,-1.021727454108773,-1.0215520670430074,0.8892210101239979,0.0,0.0
2004-10-28 00:00:00+07:00,-1.0209148165769217,-1.0224412429572693,-1.020621914145182,-1.0215520670430074,0.5830822085751133,0.0,0.0
2004-10-29 00:00:00+07:00,-1.0214630886617324,-1.0229850078167964,-1.0200691441633865,-1.0215520670430074,0.3101013153370584,0.0,0.0
2004-11-01 00:00:00+07:00,-1.0214631001009822,-1.0208099601966156,-1.0195163857146858,-1.0199070078797325,0.509313013862047,0.0,0.0
2004-11-02 00:00:00+07:00,-1.0198182902180444,-1.0186349074970436,-1.0178580821930632,-1.018261943472656,0.7014516525415103,0.0,0.0
2004-11-03 00:00:00+07:00,-1.0181734683070716,-1.01972243071392,-1.0178580761297082,-1.0199070078797325,0.7424790654296485,0.0,0.0
2004-11-04 00:00:00+07:00,-1.0198182842040269,-1.0213537249379634,-1.0195163857146858,-1.0199070078797325,0.6843344660088323,0.0,0.0
2004-11-05 00:00:00+07:00,-1.019818270677114,-1.0202661817685323,-1.0178580624918236,-1.0193586373459693,0.2757705998224294,0.0,0.0
2004-11-08 00:00:00+07:00,-1.0192699985748268,-1.0208099466453924,-1.0184108324912393,-1.0193586373459693,-0.10673771114119833,0.0,0.0
2004-11-09 00:00:00+07:00,-1.0192699985748268,-1.0202661817685323,-1.017305292492408,-1.0193586373459693,0.08415485411452846,0.0,0.0
2004-11-10 00:00:00+07:00,-1.0187217490530072,-1.0170036162325975,-1.0173053150327176,-1.0160685190194196,0.59778700188113,0.0,0.0
2004-11-11 00:00:00+07:00,-1.0154321101788126,-1.013741020339663,-1.0134359189503812,-1.0138750840785802,0.5847221509048617,0.0,0.0
2004-11-12 00:00:00+07:00,-1.013239022379757,-1.013741020339663,-1.0123303792590992,-1.0138750840785802,0.6661824622391656,0.0,0.0
2004-11-15 00:00:00+07:00,-1.0137872943295207,-1.0153723145164344,-1.0117776094134583,-1.0138750840785802,-6.175100444806386,0.0,0.0
2004-11-16 00:00:00+07:00,-1.0137872943295207,-1.0153723145164344,-1.0117776094134583,-1.0138750840785802,-6.175100444806386,0.0,0.0
2004-11-17 00:00:00+07:00,-1.0137872943295207,-1.0153723145164344,-1.0117776094134583,-1.0138750840785802,-6.175100444806386,0.0,0.0
2004-11-18 00:00:00+07:00,-1.0137872943295207,-1.0153723145164344,-1.0117776094134583,-1.0138750840785802,-6.175100444806386,0.0,0.0
2004-11-19 00:00:00+07:00,-1.0137872943295207,-1.0153723145164344,-1.0117776094134583,-1.0138750840785802,-6.175100444806386,0.0,0.0
2004-11-22 00:00:00+07:00,-1.0137872954946296,-1.015372315671965,-1.013988689927974,-1.0149717989270992,0.6959720860652866,0.0,0.0
2004-11-23 00:00:00+07:00,-1.0137665947209091,-1.0125816624240243,-1.0117567399900598,-1.0127369746616317,0.6753576781894618,5.0,0.0
2004-11-24 00:00:00+07:00,-1.0126493611267862,-1.0131356869541779,-1.011193540430394,-1.0127369746616317,0.29243434832244974,0.0,0.0
2004-11-25 00:00:00+07:00,-1.013207975690343,-1.0147977583294954,-1.0123199373392158,-1.0144130823731294,0.3171021886179375,0.0,0.0
2004-11-26 00:00:00+07:00,-1.0143252362893938,-1.0159058341727287,-1.0145727618293994,-1.015530515481069,0.8251686846728749,0.0,0.0
2004-11-29 00:00:00+07:00,-1.0154424730280611,-1.0147977892858382,-1.0134463668140408,-1.0132957069470057,0.5922704865477066,0.0,0.0
2004-11-30 00:00:00+07:00,-1.0132079779238476,-1.0136897114843315,-1.011193540430394,-1.0127369746616317,0.42297083733077334,0.0,0.0
2004-12-01 00:00:00+07:00,-1.0126493903720855,-1.0142437650193652,-1.0123199682308042,-1.0132957069470057,0.6493194310910387,0.0,0.0
2004-12-02 00:00:00+07:00,-1.0126493903720855,-1.0131357164864194,-1.0111935696475676,-1.0132957069470057,0.8333336060936931,0.0,0.0
2004-12-03 00:00:00+07:00,-1.0126493903720855,-1.0136897407528922,-1.0111935696475676,-1.0132957069470057,0.7939035523484619,0.0,0.0
2004-12-06 00:00:00+07:00,-1.0137666234344758,-1.0147977892858382,-1.0117567689391858,-1.0132957069470057,0.15232809169955522,0.0,0.0
2004-12-07 00:00:00+07:00,-1.0132079835040126,-1.0147977660789305,-1.0123199450724405,-1.0138543867943655,0.3568636384643341,0.0,0.0
2004-12-08 00:00:00+07:00,-1.01376660024988,-1.0147977660789305,-1.011756745564389,-1.0138543867943655,0.21628900940357448,0.0,0.0
2004-12-09 00:00:00+07:00,-1.0137665925078954,-1.0147977583294954,-1.0123199373392158,-1.0144130823731294,0.5891031055507168,0.0,0.0
2004-12-10 00:00:00+07:00,-1.0143252093254478,-1.0153517828799714,-1.0128831369195404,-1.0144130823731294,0.6845688283197395,0.0,0.0
2004-12-13 00:00:00+07:00,-1.0148838528549466,-1.0164598584732771,-1.0145727618293994,-1.015530515481069,0.6146674767784979,0.0,0.0
2004-12-14 00:00:00+07:00,-1.0154424694204995,-1.0159058341727287,-1.0145727618293994,-1.015530515481069,0.71489159113131,0.0,0.0
2004-12-15 00:00:00+07:00,-1.0154424624812486,-1.0170138758916205,-1.0162623531451458,-1.0172066179487653,0.7712217929772143,0.0,0.0
2004-12-16 00:00:00+07:00,-1.0165596765956573,-1.0159058074304474,-1.0145727356605148,-1.0144130823731294,0.6114557888966997,0.0,0.0
2004-12-17 00:00:00+07:00,-1.0143252086294756,-1.0120276348417077,-1.0123199366375342,-1.0110608617063326,1.0180129227627643,0.0,0.0
2004-12-20 00:00:00+07:00,-1.011532147574764,-1.0109196094208073,-1.0095039619579182,-1.0105021818589728,0.7886847823193514,0.0,0.0
2004-12-21 00:00:00+07:00,-1.0104149062232999,-1.0114736256543613,-1.0089407544686269,-1.0099434705488044,0.5598624446950786,0.0,0.0
2004-12-22 00:00:00+07:00,-1.0098562866865135,-1.009811549486777,-1.0078143526957395,-1.0093847644824376,0.6979254766671108,0.0,0.0
2004-12-23 00:00:00+07:00,-1.008739076625853,-1.0098115728602202,-1.0072511765775578,-1.0088260846350778,0.4527259538487002,0.0,0.0
2004-12-24 00:00:00+07:00,-1.008739076625853,-1.0103655971099759,-1.0066879773029336,-1.0088260846350778,-6.175100444806386,0.0,0.0
2004-12-27 00:00:00+07:00,-1.0092976769777915,-1.0087035077784328,-1.0072511602825642,-1.007708662014741,0.5328263116166405,0.0,0.0
2004-12-28 00:00:00+07:00,-1.007621836766141,-1.007595468915525,-1.0061247711991101,-1.0065912656134117,0.6717399359294481,0.0,0.0
2004-12-29 00:00:00+07:00,-1.0059459770557693,-1.0075954590025502,-1.0055615620372693,-1.007708662014741,0.26988953595453624,0.0,0.0
2004-12-30 00:00:00+07:00,-1.0076218270167803,-1.0092575321663741,-1.0072511602825642,-1.007708662014741,0.28074635181836555,0.0,0.0
2004-12-31 00:00:00+07:00,-1.0076218270167803,-1.0092575321663741,-1.0055615620372693,-1.007708662014741,-6.175100444806386,0.0,0.0
2005-01-03 00:00:00+07:00,-1.0081804465783273,-1.0098115594382868,-1.0066879637743529,-1.008267368081108,0.3096607661258497,0.0,0.0
2005-01-04 00:00:00+07:00,-1.0081804253442197,-1.0081494647528255,-1.0061247429757922,-1.00714994021697,0.601031543837196,0.0,0.0
2005-01-05 00:00:00+07:00,-1.0070632092455225,-1.005379360286965,-1.0049983614954152,-1.0054738482368766,0.8306598937132433,0.0,0.0
2005-01-06 00:00:00+07:00,-1.0048287425935882,-1.006487409081321,-1.0044351620709273,-1.0054738482368766,0.39470464332334887,0.0,0.0
2005-01-07 00:00:00+07:00,-1.005945980062218,-1.0075954619842835,-1.0066879637743529,-1.008267368081108,0.8475885871020539,0.0,0.0
2005-01-10 00:00:00+07:00,-1.008180423564851,-1.0098115366139995,-1.011193537463769,-1.0110608617063326,1.1607024830212676,0.0,0.0
2005-01-11 00:00:00+07:00,-1.010973507685135,-1.0120276348417077,-1.010067138290004,-1.0110608617063326,0.9353938595715493,0.0,0.0
2005-01-12 00:00:00+07:00,-1.011532145904167,-1.0125816808071828,-1.010630359062194,-1.0121782895704705,0.661307087061515,0.0,0.0
2005-01-13 00:00:00+07:00,-1.0120907492424738,-1.0125816673841772,-1.0100671462641146,-1.0116195730165007,0.7613393244515296,0.0,0.0
2005-01-14 00:00:00+07:00,-1.0115321245091917,-1.0120276348417077,-1.0095039387031215,-1.0110608617063326,0.732173086447545,0.0,0.0
2005-01-17 00:00:00+07:00,-1.0109735229126002,-1.0114736256543613,-1.0089407544686269,-1.0099434705488044,0.445438621911806,0.0,0.0
2005-01-18 00:00:00+07:00,-1.0098562977204215,-1.0114736337734846,-1.0095039619579182,-1.0105021818589728,0.4445051868363174,0.0,0.0
2005-01-19 00:00:00+07:00,-1.0104149143385357,-1.012027658126162,-1.0095039619579182,-1.0105021818589728,0.8748090372432175,0.0,0.0
2005-01-20 00:00:00+07:00,-1.0109735229126002,-1.0114736256543613,-1.0095039539196475,-1.0099434705488044,0.6578430613871139,0.0,0.0
2005-01-24 00:00:00+07:00,-1.0098562895339993,-1.0114736256543613,-1.0083775550176062,-1.0099434705488044,0.39794699417260576,0.0,0.0
2005-01-25 00:00:00+07:00,-1.0098562977204215,-1.0109196094208073,-1.0083775631994174,-1.0105021818589728,0.6521084834859798,0.0,0.0
2005-01-26 00:00:00+07:00,-1.0098563096545319,-1.0103655971099759,-1.007814375852182,-1.0088260846350778,0.6878055664749234,0.0,0.0
2005-01-27 00:00:00+07:00,-1.0087390632073545,-1.0098115594382868,-1.0066879637743529,-1.008267368081108,0.7007367493738524,0.0,0.0
2005-01-28 00:00:00+07:00,-1.0081804601115139,-1.0098115728602202,-1.0072511765775578,-1.0088260846350778,0.5754577296093202,0.0,0.0
2005-01-31 00:00:00+07:00,-1.0092976728446987,-1.0109196012310828,-1.0078143555665853,-1.0099434705488044,0.5274489938681428,0.0,0.0
2005-02-01 00:00:00+07:00,-1.0098563096545319,-1.0103655971099759,-1.007814375852182,-1.0088260846350778,0.41530957575649974,0.0,0.0
2005-02-02 00:00:00+07:00,-1.008739076625853,-1.0098115728602202,-1.0072511765775578,-1.0088260846350778,0.6649551407392361,0.0,0.0
2005-02-03 00:00:00+07:00,-1.008739060324121,-1.0092575321663741,-1.0072511602825642,-1.007708662014741,0.6849528408169299,0.0,0.0
2005-02-04 00:00:00+07:00,-1.0081804253442197,-1.0081494647528255,-1.0061247429757922,-1.00714994021697,0.7539881636061921,0.0,0.0
2005-02-07 00:00:00+07:00,-1.007063191726265,-1.0081494647528255,-1.005561543404113,-1.00714994021697,0.6186096528509629,0.0,0.0
2005-02-08 00:00:00+07:00,-1.0076218085352422,-1.008703489294797,-1.005561543404113,-1.00714994021697,0.3593323847527049,0.0,0.0
2005-02-11 00:00:00+07:00,-1.0076218085352422,-1.0081494647528255,-1.005561543404113,-1.00714994021697,0.5939772182143428,0.0,0.0
2005-02-14 00:00:00+07:00,-1.007063191726265,-1.008703489294797,-1.0061247429757922,-1.00714994021697,0.639644381905087,0.0,0.0
2005-02-15 00:00:00+07:00,-1.0070632092455225,-1.007041433478499,-1.0049983614954152,-1.0054738482368766,0.735548063325307,0.0,0.0
2005-02-16 00:00:00+07:00,-1.0048287443554602,-1.0042713132963643,-1.0027455655737894,-1.0037977405253786,0.9129058287189696,0.0,0.0
2005-02-17 00:00:00+07:00,-1.002594268229245,-1.0003931326450513,-1.000492758323832,-0.9998868085484134,1.0003288612501033,0.0,0.0
2005-02-18 00:00:00+07:00,-1.000359801336298,-1.0015011815589228,-0.9999295588385967,-0.9998868085484134,0.4181443965821429,0.0,0.0
2005-02-21 00:00:00+07:00,-0.999801203321001,-1.0015012001130688,-0.998803178445911,-1.0004455303461846,0.2060853748195416,0.0,0.0
2005-02-22 00:00:00+07:00,-1.0003598199035766,-1.0020552244304999,-0.998803178445911,-1.0004455303461846,0.26967323103257174,0.0,0.0
2005-02-23 00:00:00+07:00,-1.000918436486152,-1.000393151478207,-0.9993663777893314,-1.0004455303461846,0.413106809698025,0.0,0.0
2005-02-24 00:00:00+07:00,-1.0003597882108788,-1.0003931193316806,-0.9988031467352795,-0.9993280919944436,0.6081557831096964,0.0,0.0
2005-02-25 00:00:00+07:00,-0.999801203321001,-1.0015012001130688,-0.9982399791024907,-1.0004455303461846,0.7880938686160044,0.0,0.0
2005-02-28 00:00:00+07:00,-1.0003598070562512,-1.0020552116887895,-1.0004927639159564,-1.0010042206811471,0.7724685121120903,0.0,0.0
2005-03-01 00:00:00+07:00,-1.0014770404160587,-1.0015011872748303,-0.9993663650328626,-1.0010042206811471,0.595869186700602,0.0,0.0
2005-03-02 00:00:00+07:00,-1.0009184325836997,-1.0026092448775596,-1.0010559720052612,-1.0026803388802477,0.53879226387171,0.0,0.0
2005-03-03 00:00:00+07:00,-1.002594268229245,-1.0015011815589228,-1.000492758323832,-0.9998868085484134,0.6451144400576768,0.0,0.0
2005-03-04 00:00:00+07:00,-0.9998011713882069,-0.9998390947761271,-0.9982399471497934,-0.9993280919944436,0.7477698279677275,0.0,0.0
2005-03-07 00:00:00+07:00,-0.9992425772979132,-0.998177044496217,-0.9971135708976903,-0.9976520052581516,0.990012584620832,0.0,0.0
2005-03-08 00:00:00+07:00,-0.9970081025342953,-0.9976230119072496,-0.9959871639695151,-0.9970932939479832,0.4145157415365114,0.0,0.0
2005-03-09 00:00:00+07:00,-0.9964494704521764,-0.9981770211094669,-0.9971135479788211,-0.9993280919944436,0.7713970410473631,0.0,0.0
2005-03-10 00:00:00+07:00,-0.9992425678898244,-1.0003931326450513,-0.997676760897655,-0.9998868085484134,0.7279139667609225,0.0,0.0
2005-03-14 00:00:00+07:00,-0.9992425545655352,-1.0003931193316806,-0.9988031467352795,-0.9993280919944436,0.7188285478576404,0.0,0.0
2005-03-15 00:00:00+07:00,-0.999242595336195,-0.9942988932771751,-0.9971135890839539,-0.9942998055665602,0.9452858372207401,0.0,0.0
2005-03-16 00:00:00+07:00,-0.9936564169354472,-0.9909747339182131,-0.9914815829715969,-0.9898301675232279,0.9295097432451233,0.0,0.0
2005-03-17 00:00:00+07:00,-0.9897460669034795,-0.9915287247799737,-0.9909183509152509,-0.9915062437719172,0.8046097699872072,0.0,0.0
2005-03-18 00:00:00+07:00,-0.9903046837372549,-0.9920827493465394,-0.9897919517218894,-0.9915062437719172,0.5766868941823452,0.0,0.0
2005-03-21 00:00:00+07:00,-0.9914219295699119,-0.9904206881195469,-0.9903551634177342,-0.9887127396590899,0.6782994425194447,0.0,0.0
2005-03-22 00:00:00+07:00,-0.9875116342233005,-0.988758636538919,-0.9892287854865311,-0.9898301675232279,0.9430296414171704,0.0,0.0
2005-03-23 00:00:00+07:00,-0.9897461006640811,-0.9915287582630367,-0.9875391873727318,-0.9898301675232279,-6.175100444806386,0.0,0.0
2005-03-24 00:00:00+07:00,-0.9914219340076056,-0.9931908149459828,-0.9937343647328494,-0.9937410732811862,1.261471432361184,0.0,0.0
2005-03-28 00:00:00+07:00,-0.9936563749874461,-0.9954068870736456,-0.9959871379991586,-0.9982106746179085,1.045066650547763,0.0,0.0
2005-03-29 00:00:00+07:00,-0.9981253604156405,-0.9987310854118262,-0.997676786505397,-0.9987694278784881,0.8555243485341101,0.0,0.0
2005-03-30 00:00:00+07:00,-0.9992425678898244,-0.9987310592742438,-0.9993663593533613,-0.9998868085484134,1.213825806725874,0.0,0.0
2005-03-31 00:00:00+07:00,-0.9992425440024535,-0.999285059509786,-0.9971135373290823,-0.9982106746179085,1.0917032644577818,0.0,0.0
2005-04-01 00:00:00+07:00,-0.9981253101994519,-0.9987310348760516,-0.9965503376641204,-0.9982106746179085,0.7994628948968714,0.0,0.0
2005-04-04 00:00:00+07:00,-0.9975667192463914,-0.9987310607990229,-0.9959871639695151,-0.9970932939479832,0.417700452726181,0.0,0.0
2005-04-05 00:00:00+07:00,-0.9970081106858045,-0.9987310688835203,-0.9959871720687905,-0.9976520052581516,0.5432110419638184,0.0,0.0
2005-04-06 00:00:00+07:00,-0.9981253359584874,-0.9987310607990229,-0.9965503634435185,-0.9970932939479832,0.7252732084145692,0.0,0.0
2005-04-07 00:00:00+07:00,-0.9970081106858045,-0.9987310688835203,-0.99767677031214,-0.9976520052581516,1.1261692109276282,0.0,0.0
2005-04-08 00:00:00+07:00,-0.9975667273388317,-0.9992850932708237,-0.9965503714832403,-0.9976520052581516,0.3786789072296024,0.0,0.0
2005-04-11 00:00:00+07:00,-0.9981253101994519,-0.9998390841435203,-0.9971135373290823,-0.9982106746179085,0.45469213116102675,0.0,0.0
2005-04-12 00:00:00+07:00,-0.9986839271009527,-0.9998390841435203,-0.997676736994044,-0.9982106746179085,0.917736064727512,0.0,0.0
2005-04-13 00:00:00+07:00,-0.9986839769479045,-0.9987310854118262,-0.996550387920005,-0.9987694278784881,0.6489873887052545,0.0,0.0
2005-04-14 00:00:00+07:00,-0.9981253604156405,-0.9992851096793594,-0.997676786505397,-0.9987694278784881,0.8387825328715007,0.0,0.0
2005-04-15 00:00:00+07:00,-0.9998011609039541,-0.9998390841435203,-0.997676736994044,-0.9982106746179085,0.6312471397371203,0.0,0.0
2005-04-18 00:00:00+07:00,-0.9992425678898244,-1.000947157101987,-0.9988031598681257,-0.9998868085484134,0.9672477099481382,0.0,0.0
2005-04-19 00:00:00+07:00,-0.9998011903763473,-1.0015011872748303,-0.9993663650328626,-1.0010042206811471,0.8066869474507169,0.0,0.0
2005-04-20 00:00:00+07:00,-1.000359777805455,-0.999285059509786,-0.9982399366590058,-0.9982106746179085,0.7303294892794436,0.0,0.0
2005-04-21 00:00:00+07:00,-0.9986839511665877,-1.0003931326450513,-0.9982399603828904,-0.9998868085484134,0.6928291409973407,0.0,0.0
2005-04-25 00:00:00+07:00,-0.9998011945164859,-1.0015011913809337,-1.0044351638042774,-1.0037977405253786,1.2099148217564355,0.0,0.0
2005-04-26 00:00:00+07:00,-1.003711515645526,-1.004271317918487,-1.0027455701256243,-1.0026803388802477,0.793622895417985,0.0,0.0
2005-04-27 00:00:00+07:00,-1.0025942484032886,-1.0031632349595252,-1.001619137618021,-1.0032390082400047,0.9549945359515262,0.0,0.0
2005-04-28 00:00:00+07:00,-1.003152886714757,-1.004271305605152,-1.0027455579995361,-1.0043564361041428,0.8218823491556315,0.0,0.0
2005-04-29 00:00:00+07:00,-1.0048287425935882,-1.006487409081321,-1.0055615609199031,-1.0054738482368766,1.105516018892587,0.0,0.0
2005-05-02 00:00:00+07:00,-1.0048287344520355,-1.0053793520821064,-1.0027455555891194,-1.0049151369267082,0.4040904738662021,0.0,0.0
2005-05-03 00:00:00+07:00,-1.0048287368428386,-1.0053793544914995,-1.0033087574707815,-1.0043564361041428,0.47067572026887156,0.0,0.0
2005-05-04 00:00:00+07:00,-1.0037115178859897,-1.0031632715171217,-1.0021823729930863,-1.0021216380576823,0.764302382019085,0.0,0.0
2005-05-06 00:00:00+07:00,-1.0020356570959625,-1.0020552116887895,-0.9999295644744096,-1.0010042206811471,0.49473841361998544,0.0,0.0
2005-05-09 00:00:00+07:00,-1.0009184266399644,-1.0026092389826864,-1.0004927667765433,-1.001562926747514,0.6381267777887265,0.0,0.0
2005-05-10 00:00:00+07:00,-1.0014770432977018,-1.0026092389826864,-0.9999295673573447,-1.001562926747514,0.3986089173441737,0.0,0.0
2005-05-11 00:00:00+07:00,-1.0025942766131763,-1.0026092389826864,-1.0010559661957419,-1.001562926747514,0.27888501769401636,0.0,0.0
2005-05-12 00:00:00+07:00,-1.0009184266399644,-1.0026092389826864,-0.9993663679381461,-1.001562926747514,0.3347170551484061,0.0,0.0
2005-05-13 00:00:00+07:00,-1.0020356570959625,-1.0026092361027485,-0.9999295644744096,-1.0010042206811471,0.1842987912096292,0.0,0.0
2005-05-16 00:00:00+07:00,-1.0014770515076543,-1.0031632715171217,-0.9999295755709783,-1.0021216380576823,0.07991260077555196,0.0,0.0
2005-05-17 00:00:00+07:00,-1.0014770530687278,-1.0020552244304999,-0.9999295771327514,-1.0004455303461846,0.3931262390461059,0.0,0.0
2005-05-18 00:00:00+07:00,-1.0003598070562512,-1.0020552116887895,-0.9993663650328626,-1.0010042206811471,0.3660734048673345,0.0,0.0
2005-05-19 00:00:00+07:00,-1.000918436486152,-1.0020552244304999,-0.998803178445911,-1.0004455303461846,0.2738212785800177,0.0,0.0
2005-05-20 00:00:00+07:00,-1.0009184237361548,-1.0026092361027485,-0.9993663650328626,-1.0010042206811471,0.2669112702343663,0.0,0.0
2005-05-23 00:00:00+07:00,-1.0014770404160587,-1.0026092361027485,-0.9993663650328626,-1.0010042206811471,-0.19747393113167488,0.0,0.0
2005-05-25 00:00:00+07:00,-1.0014770404160587,-1.0026092361027485,-0.9993663650328626,-1.0010042206811471,0.2953749191062076,0.0,0.0
2005-05-26 00:00:00+07:00,-1.0014770530687278,-1.0015012001130688,-0.9993663777893314,-1.0004455303461846,0.5072902589443786,0.0,0.0
2005-05-27 00:00:00+07:00,-1.0003598070562512,-1.0020552116887895,-0.9988031655913158,-1.0010042206811471,0.4328914374826432,0.0,0.0
2005-05-30 00:00:00+07:00,-1.0009184050335505,-1.000947143887234,-0.9988031467352795,-0.9993280919944436,0.4656988776093666,0.0,0.0
2005-05-31 00:00:00+07:00,-0.9992425615813341,-0.998177028327222,-0.9971135550521759,-0.9965345826378149,0.6714383731571807,0.0,0.0
2005-06-01 00:00:00+07:00,-0.9970081025342953,-0.9981770363531361,-0.995423964495512,-0.9970932939479832,0.4509872051497834,0.0,0.0
2005-06-02 00:00:00+07:00,-0.9970081067434559,-0.9965149673110357,-0.9948607692652002,-0.99485848541392,0.6720800959293126,0.0,0.0
2005-06-03 00:00:00+07:00,-0.9947736631888903,-0.9954069417847671,-0.9937343934115653,-0.9942998055665602,0.6323705749217977,0.0,0.0
2005-06-06 00:00:00+07:00,-0.9947736429174535,-0.9965149701875695,-0.9937343732616821,-0.9954171914802868,0.37766083629985425,0.0,0.0
2005-06-07 00:00:00+07:00,-0.9953322677801569,-0.9959609540416786,-0.993734381471855,-0.9959759027904551,0.3899040243547634,0.0,0.0
2005-06-08 00:00:00+07:00,-0.9958908843831596,-0.9970690027170592,-0.9948607801998852,-0.9959759027904551,0.38408107611397513,0.0,0.0
2005-06-09 00:00:00+07:00,-0.995890876239793,-0.9970689945829485,-0.9942975726843413,-0.9954171914802868,0.1681224212991806,0.0,0.0
2005-06-10 00:00:00+07:00,-0.9953322677801569,-0.9970690027170592,-0.99429758083587,-0.9959759027904551,0.06279869144912122,0.0,0.0
2005-06-13 00:00:00+07:00,-0.9964495009861624,-0.9970690027170592,-0.99429758083587,-0.9959759027904551,0.38312333587516884,0.0,0.0
2005-06-14 00:00:00+07:00,-0.9953322566986712,-0.9965149673110357,-0.9937343703786964,-0.99485848541392,0.37167344925183027,0.0,0.0
2005-06-15 00:00:00+07:00,-0.9947736343371709,-0.9948528883119032,-0.9926079657656905,-0.9937410732811862,0.7605192833795977,0.0,0.0
2005-06-16 00:00:00+07:00,-0.9936564008939825,-0.9937448394012897,-0.9926079657656905,-0.9937410732811862,0.6172361077581903,0.0,0.0
2005-06-17 00:00:00+07:00,-0.9936563925479993,-0.9937448309514716,-0.99148155838408,-0.9920649550820856,0.4198141901972422,0.0,0.0
2005-06-20 00:00:00+07:00,-0.99198052917369,-0.9937448180229829,-0.9909183458782842,-0.9926236454170482,0.22746039238579452,0.0,0.0
2005-06-21 00:00:00+07:00,-0.9930977629101505,-0.9931907934222455,-0.9914815455097028,-0.9926236454170482,0.4899490301940195,0.0,0.0
2005-06-22 00:00:00+07:00,-0.9925391460419203,-0.9942988426237203,-0.9920447451411212,-0.9926236454170482,0.44392519591147445,0.0,0.0
2005-06-23 00:00:00+07:00,-0.9930977841723883,-0.9942988638565965,-0.9914815667985318,-0.9937410732811862,0.1178829131330499,0.0,0.0
2005-06-24 00:00:00+07:00,-0.9936563876599539,-0.9948528750955211,-0.9920447530321705,-0.9931823567272164,0.2682484407209429,0.0,0.0
2005-06-27 00:00:00+07:00,-0.9936564066538864,-0.995406918479763,-0.9926079714921925,-0.99485848541392,0.10813308434257483,0.0,0.0
2005-06-28 00:00:00+07:00,-0.9942150233354815,-0.995406918479763,-0.9926079714921925,-0.99485848541392,0.35304222533018115,0.0,0.0
2005-06-29 00:00:00+07:00,-0.9942150233354815,-0.995406918479763,-0.9926079714921925,-0.99485848541392,-0.01677211467432651,0.0,0.0
2005-06-30 00:00:00+07:00,-0.9942150176155768,-0.99540691276721,-0.9926079657656905,-0.9937410732811862,0.5178489211029258,0.0,0.0
2005-07-01 00:00:00+07:00,-0.9936563797783811,-0.9942988426237203,-0.9920447451411212,-0.9926236454170482,0.2330345180942233,0.0,0.0
2005-07-04 00:00:00+07:00,-0.9930978136336509,-0.9948529175309713,-0.9926079948541026,-0.9942998055665602,0.37486280077494066,0.0,0.0
2005-07-05 00:00:00+07:00,-0.9942150262562838,-0.9959609457921905,-0.9931711738390229,-0.9954171914802868,0.5700675243093994,0.0,0.0
2005-07-06 00:00:00+07:00,-0.9947736429174535,-0.9965149701875695,-0.9937343732616821,-0.9954171914802868,0.29454140193292533,0.0,0.0
2005-07-07 00:00:00+07:00,-0.9958908609594439,-0.9970689793199677,-0.9948607569213763,-0.9965345826378149,0.707338062062633,0.0,0.0
2005-07-08 00:00:00+07:00,-0.9970081095621323,-0.9970689945829485,-0.9948607721070003,-0.9954171914802868,0.23317187421971236,0.0,0.0
2005-07-11 00:00:00+07:00,-0.9953322595786233,-0.9970689945829485,-0.9937343732616821,-0.9954171914802868,-0.12146603651371086,0.0,0.0
2005-07-12 00:00:00+07:00,-0.9953322677801569,-0.9970690027170592,-0.993734381471855,-0.9959759027904551,0.2259213489871078,0.0,0.0
2005-07-13 00:00:00+07:00,-0.9958908843831596,-0.9970690027170592,-0.993734381471855,-0.9959759027904551,0.37613949626274085,0.0,0.0
2005-07-14 00:00:00+07:00,-0.9953322595786233,-0.9965149701875695,-0.9931711738390229,-0.9954171914802868,0.1439094077932684,0.0,0.0
2005-07-15 00:00:00+07:00,-0.9953322595786233,-0.9965149701875695,-0.9931711738390229,-0.9954171914802868,0.46352876996930176,0.0,0.0
2005-07-18 00:00:00+07:00,-0.9947736400170764,-0.9965149673110357,-0.9926079714921925,-0.99485848541392,0.305698366078159,0.0,0.0
2005-07-19 00:00:00+07:00,-0.9953322566986712,-0.9965149673110357,-0.9931711709354444,-0.99485848541392,0.3899258965967632,0.0,0.0
2005-07-20 00:00:00+07:00,-0.9940878489948684,-0.9941344221636572,-0.9924927382426444,-0.9924578364160671,0.47238797898401236,8.0,0.0
2005-07-21 00:00:00+07:00,-0.9923733627132536,-0.9935676248757709,-0.9907641867133354,-0.9924578364160671,0.33655795679483275,0.0,0.0
2005-07-22 00:00:00+07:00,-0.9923733387453015,-0.9941343983927404,-0.991916530741911,-0.994172564725042,0.4400273509579636,0.0,0.0
2005-07-25 00:00:00+07:00,-0.9940878447294204,-0.9947012151607267,-0.9919165500991007,-0.9930294160149264,0.28647751996123283,0.0,0.0
2005-07-26 00:00:00+07:00,-0.9929448460761463,-0.993000815369966,-0.9907641745500503,-0.991314656243143,0.6020192325729112,0.0,0.0
2005-07-27 00:00:00+07:00,-0.9912303603770736,-0.9924340188340838,-0.9896118075309996,-0.9918862410858037,0.30126716384183744,0.0,0.0
2005-07-28 00:00:00+07:00,-0.9912303595396518,-0.9924340179978182,-0.9896118066925303,-0.991314656243143,-0.07251803506752065,0.0,0.0
2005-07-29 00:00:00+07:00,-0.99123036392078,-0.991867225030715,-0.9890356271808404,-0.9907430766442837,0.11180313406058028,0.0,0.0
2005-08-01 00:00:00+07:00,-0.9906588640274869,-0.9918672206256705,-0.9890356227637704,-0.991314656243143,0.36412368435678477,0.0,0.0
2005-08-02 00:00:00+07:00,-0.991230371609084,-0.9907336381817998,-0.9890356349322175,-0.9890283326039047,0.3460907461111049,0.0,0.0
2005-08-03 00:00:00+07:00,-0.9889443880878417,-0.9884664471846595,-0.9867308977325139,-0.9878851629185833,0.5473380200110751,0.0,0.0
2005-08-04 00:00:00+07:00,-0.9872298601763416,-0.9884664056668248,-0.9861546724976155,-0.9884567058108326,0.38503618511092735,0.0,0.0
2005-08-05 00:00:00+07:00,-0.988372885631579,-0.9901668321319501,-0.9884594424195222,-0.9901714918016231,0.08980099648947477,0.0,0.0
2005-08-08 00:00:00+07:00,-0.9906588640274869,-0.9924340179978182,-0.9890356227637704,-0.991314656243143,0.3097709557780472,0.0,0.0
2005-08-09 00:00:00+07:00,-0.9912303674410585,-0.993000823206417,-0.9913403662252802,-0.9930294160149264,0.6475726597690038,0.0,0.0
2005-08-10 00:00:00+07:00,-0.9923733513898527,-0.9930008162005035,-0.9901879914539369,-0.9918862410858037,0.27564908694125945,0.0,0.0
2005-08-11 00:00:00+07:00,-0.9918018672860487,-0.9935676248757709,-0.9907641867133354,-0.9924578364160671,0.21636108328149833,0.0,0.0
2005-08-12 00:00:00+07:00,-0.9929448343401145,-0.9947011958468569,-0.991916530741911,-0.994172564725042,0.3818496926492373,0.0,0.0
2005-08-15 00:00:00+07:00,-0.9940878546149378,-0.995834819601184,-0.9953736628814985,-0.9958873454720312,1.0774339602631857,0.0,0.0
2005-08-16 00:00:00+07:00,-0.9958023346213085,-0.996968407948557,-0.9936451052683012,-0.995315755385569,0.2990302007479355,0.0,0.0
2005-08-18 00:00:00+07:00,-0.9952308391893213,-0.9964016106559277,-0.9942212891162256,-0.995315755385569,0.7241293114214901,0.0,0.0
2005-08-19 00:00:00+07:00,-0.9958023393175464,-0.9975352098988173,-0.9971022128832511,-0.9981736795988724,0.9741890168237205,0.0,0.0
2005-08-22 00:00:00+07:00,-0.9986598224951794,-0.9981020134816693,-0.9965260353097536,-0.9987452696853344,0.37793261352562546,0.0,0.0
2005-08-23 00:00:00+07:00,-0.9980883271443585,-0.9958348246331481,-0.9965260353097536,-0.9987452696853344,0.7289052893964664,0.0,0.0
2005-08-24 00:00:00+07:00,-0.9986598163060866,-0.998668804416081,-0.9976783966966153,-0.9981736795988724,0.8404204480426574,0.0,0.0
2005-08-25 00:00:00+07:00,-0.9980883163492571,-0.9964016106559277,-0.9965260245079239,-0.995315755385569,0.44851977535378934,0.0,0.0
2005-08-26 00:00:00+07:00,-0.9963738161479756,-0.9975351913487743,-0.9959498269498547,-0.9964589093394861,0.2205872098245615,0.0,0.0
2005-08-29 00:00:00+07:00,-0.9969453364427164,-0.9986688106937995,-0.9976784028419386,-0.9987452696853344,0.8290494507597447,0.0,0.0
2005-08-30 00:00:00+07:00,-0.9998028254745965,-0.9964016348651328,-1.0011355172456775,-0.9970305308887567,0.7760956511744465,0.0,0.0
2005-08-31 00:00:00+07:00,-0.9952308453890608,-0.9964016168492569,-0.994221295276238,-0.9958873454720312,0.4318848825350189,0.0,0.0
2005-09-01 00:00:00+07:00,-0.996373829161151,-0.9958348124524643,-0.9953736559258386,-0.9947441705429084,0.35777648015137803,0.0,0.0
2005-09-05 00:00:00+07:00,-0.9952308634235839,-0.9969684319835951,-0.9947974968660714,-0.9970305308887567,0.39110495883223756,0.0,0.0
2005-09-06 00:00:00+07:00,-0.9963738161479756,-0.9969683939547406,-0.9942212750968297,-0.9964589093394861,0.5601842544310379,0.0,0.0
2005-09-07 00:00:00+07:00,-0.9958023346213085,-0.9964016106559277,-0.9936451052683012,-0.995315755385569,0.5000686765536797,0.0,0.0
2005-09-08 00:00:00+07:00,-0.9946593428455098,-0.9952680151533291,-0.9930689205076857,-0.9947441705429084,0.6320437353319744,0.0,0.0
2005-09-09 00:00:00+07:00,-0.994659344422073,-0.9935676248757709,-0.9924927382426444,-0.9924578364160671,0.7440621302617767,0.0,0.0
2005-09-12 00:00:00+07:00,-0.9923733505639815,-0.9924340179978182,-0.9901879906212904,-0.991314656243143,0.8568913894472455,0.0,0.0
2005-09-13 00:00:00+07:00,-0.9912303629606094,-0.9930008187628007,-0.9919165457376607,-0.9936009956137857,0.8104783914220949,0.0,0.0
2005-09-14 00:00:00+07:00,-0.9940878340110468,-0.9952680017726395,-0.9942212750968297,-0.9964589093394861,0.5772998505878282,0.0,0.0
2005-09-15 00:00:00+07:00,-0.9963738161479756,-0.9969683939547406,-0.9942212750968297,-0.9964589093394861,0.25155964133667363,0.0,0.0
2005-09-16 00:00:00+07:00,-0.9958023407761223,-0.9964016168492569,-0.994221295276238,-0.9958873454720312,0.5800195408308464,0.0,0.0
2005-09-19 00:00:00+07:00,-0.994087848325347,-0.9958348133632986,-0.9936451052683012,-0.995315755385569,0.6752614353585605,0.0,0.0
2005-09-20 00:00:00+07:00,-0.9952308382840569,-0.9958348124524643,-0.9936451043622239,-0.9947441705429084,0.8797509930085585,0.0,0.0
2005-09-21 00:00:00+07:00,-0.9946593428455098,-0.9964016097515994,-0.9924927366531474,-0.9947441705429084,-6.175100444806386,0.0,0.0
2005-09-22 00:00:00+07:00,-0.9946593500019992,-0.9964016168492569,-0.995949846684129,-0.9958873454720312,0.7806320947200421,0.0,0.0
2005-09-23 00:00:00+07:00,-0.9969453491927137,-0.9981020262205197,-0.9953736805369446,-0.9970305308887567,0.07011904196131329,0.0,0.0
2005-09-26 00:00:00+07:00,-0.9969453315502453,-0.995834819601184,-0.9947974790788683,-0.9958873454720312,0.6268384666133566,0.0,0.0
2005-09-27 00:00:00+07:00,-0.9969453116822078,-0.9975351913487743,-0.994797459047838,-0.9964589093394861,0.4420476349065759,0.0,0.0
2005-09-28 00:00:00+07:00,-0.9963738347152542,-0.9981020071574491,-0.9965260290698869,-0.9981736795988724,0.1299635750546329,0.0,0.0
2005-09-29 00:00:00+07:00,-0.9963738161479756,-0.9975351913487743,-0.9971021948518713,-0.9964589093394861,0.5917078694758585,0.0,0.0
2005-09-30 00:00:00+07:00,-0.9952308391893213,-0.996968407948557,-0.9942212891162256,-0.995315755385569,0.39136643049634423,0.0,0.0
2005-10-03 00:00:00+07:00,-0.9952308391893213,-0.996968407948557,-0.9947974729641502,-0.995315755385569,0.45684576795731774,0.0,0.0
2005-10-04 00:00:00+07:00,-0.9918018558834631,-0.9935676135669235,-0.993068911068623,-0.9918862410858037,0.8253375021631543,0.0,0.0
2005-10-05 00:00:00+07:00,-0.9935163449148975,-0.9935676161115496,-0.993068913547608,-0.9936009956137857,0.46773314535336485,0.0,0.0
2005-10-06 00:00:00+07:00,-0.9935163449148975,-0.9952680081577963,-0.993068913547608,-0.9936009956137857,0.34074028114134153,0.0,0.0
2005-10-07 00:00:00+07:00,-0.994675795346628,-0.9958429743920365,-0.9930937983479883,-0.9947606255917724,0.37734349410505835,5.0,0.0
2005-10-10 00:00:00+07:00,-0.993516350157887,-0.9952680133576843,-0.9936782642500639,-0.9936010008575871,0.35577953268610363,0.0,0.0
2005-10-11 00:00:00+07:00,-0.994675795346628,-0.9958429743920365,-0.9930937983479883,-0.9947606255917724,0.45948785421975696,0.0,0.0
2005-10-12 00:00:00+07:00,-0.9952554917260509,-0.9964179050537063,-0.9936782505848656,-0.9953404117398579,0.08452360002845535,0.0,0.0
2005-10-13 00:00:00+07:00,-0.9958352510213481,-0.997567851042677,-0.9948472398657703,-0.9959202608135604,0.5594731933973205,0.0,0.0
2005-10-14 00:00:00+07:00,-0.9958352510213481,-0.997567851042677,-0.9948472398657703,-0.9959202608135604,0.31450354367673705,0.0,0.0
2005-10-17 00:00:00+07:00,-0.9958352290320935,-0.9975678292341914,-0.9960161665119196,-0.996500046961646,0.6035014403852104,0.0,0.0
2005-10-18 00:00:00+07:00,-0.996414947400771,-0.998142781864541,-0.9948472180245602,-0.996500046961646,-0.05770157760688264,0.0,0.0
2005-10-19 00:00:00+07:00,-0.998154099454914,-0.9987177314218793,-0.9960161634349933,-0.9982394683315197,0.6294508430615985,0.0,0.0
2005-10-20 00:00:00+07:00,-0.9975743873465225,-0.9992926903072612,-0.9966006439413061,-0.9976596664520299,0.5597685273814116,0.0,0.0
2005-10-21 00:00:00+07:00,-0.9969946699951415,-0.9987177386858451,-0.9960161707082138,-0.9970798593287387,-0.20092722271434083,0.0,0.0
2005-10-24 00:00:00+07:00,-0.9969946699951415,-0.9969928808893291,-0.99484722228492,-0.9970798593287387,0.3490799597918491,0.0,0.0
2005-10-25 00:00:00+07:00,-0.9958352290320935,-0.9975678292341914,-0.9948472180245602,-0.996500046961646,0.028299692198474908,0.0,0.0
2005-10-26 00:00:00+07:00,-0.9969946699951415,-0.9981427860870065,-0.9954316964965668,-0.9970798593287387,0.8980749771905554,0.0,0.0
2005-10-27 00:00:00+07:00,-0.9969946699951415,-0.9987177386858451,-0.9954316964965668,-0.9970798593287387,0.49963823119682294,0.0,0.0
2005-10-28 00:00:00+07:00,-0.9993135184287073,-0.9992926660008078,-0.9983540428257902,-0.9993990668466978,0.5051300704264515,0.0,0.0
2005-10-31 00:00:00+07:00,-0.9993135184287073,-1.0004425715815741,-0.9983540428257902,-0.9993990668466978,0.22197276023657703,0.0,0.0
2005-11-01 00:00:00+07:00,-1.0016324088061894,-1.0004425883502053,-1.0018609051301723,-1.0017183163150685,0.8610451741706717,0.0,0.0
2005-11-07 00:00:00+07:00,-1.0016324088061894,-1.003317351657174,-0.9995230080292206,-1.0017183163150685,-6.175100444806386,0.0,0.0
2005-11-08 00:00:00+07:00,-1.0016324088061894,-1.003317351657174,-0.9995230080292206,-1.0017183163150685,-6.175100444806386,0.0,0.0
2005-11-09 00:00:00+07:00,-1.0022121133509239,-1.003892290577224,-1.0036143146628915,-1.0034577271973393,0.8827898453809553,0.0,0.0
2005-11-10 00:00:00+07:00,-1.0045309903201047,-1.0050421990682494,-1.0030298431967448,-1.004617346687723,0.7356856192623316,0.0,0.0
2005-11-11 00:00:00+07:00,-1.0045309903201047,-1.0050421990682494,-1.0041987919234208,-1.004617346687723,0.6873131400510516,0.0,0.0
2005-11-14 00:00:00+07:00,-1.0039513096696504,-1.0056171893421666,-1.0041988288096655,-1.0040375762710418,0.62506367139194,0.0,0.0
2005-11-15 00:00:00+07:00,-1.0022121261575703,-1.00389230327859,-1.0024453783823133,-1.0022981234383597,0.3113647933881161,0.0,0.0
2005-11-16 00:00:00+07:00,-0.9998932619950359,-1.0015925019928136,-1.0001074904977614,-0.9999789001889962,0.3820734765966418,0.0,0.0
2005-11-17 00:00:00+07:00,-0.9998932619950359,-1.0015925019928136,-0.9989385420794354,-0.9999789001889962,0.4236463844324291,0.0,0.0
2005-11-18 00:00:00+07:00,-1.0004729531314693,-1.0015924748059974,-0.999522989299293,-1.0005586810932803,0.9728257042124836,0.0,0.0
2005-11-21 00:00:00+07:00,-1.001052696697798,-1.000442594788162,-0.9995230143220798,-1.0011385144355787,0.7451423843474485,0.0,0.0
2005-11-22 00:00:00+07:00,-1.0004729531314693,-1.0021674276147896,-0.999522989299293,-1.0005586810932803,0.7743700589859803,0.0,0.0
2005-11-23 00:00:00+07:00,-0.9993135184287073,-1.0010175243719572,-0.9989385172321538,-0.9993990668466978,0.5994788998632095,0.0,0.0
2005-11-24 00:00:00+07:00,-0.9975743873465225,-0.9992926903072612,-0.9966006439413061,-0.9976596664520299,0.8432460975161242,0.0,0.0
2005-11-25 00:00:00+07:00,-0.9975743873465225,-0.9987177377010178,-0.9960161697221318,-0.9976596664520299,0.33975626294616673,0.0,0.0
2005-11-28 00:00:00+07:00,-0.9975743873465225,-0.9987177377010178,-0.9960161697221318,-0.9976596664520299,0.6507064242994739,0.0,0.0
2005-11-29 00:00:00+07:00,-0.9975743873465225,-0.9992926903072612,-0.9960161697221318,-0.9976596664520299,0.24858365780152586,0.0,0.0
2005-11-30 00:00:00+07:00,-0.9975743873465225,-0.9992926903072612,-0.9960161697221318,-0.9976596664520299,0.6937339402464474,0.0,0.0
2005-12-01 00:00:00+07:00,-0.9975743873465225,-0.9992926903072612,-0.9960161697221318,-0.9976596664520299,0.41208226471955556,0.0,0.0
2005-12-02 00:00:00+07:00,-0.996414947400771,-0.998142781864541,-0.99543169226824,-0.996500046961646,0.9383780228497269,0.0,0.0
2005-12-05 00:00:00+07:00,-0.996414947400771,-0.9975678292341914,-0.9948472180245602,-0.996500046961646,0.4221544571983518,0.0,0.0
2005-12-06 00:00:00+07:00,-0.9952554917260509,-0.995842952285256,-0.994262724968933,-0.9953404117398579,0.7351350686473354,0.0,0.0
2005-12-07 00:00:00+07:00,-0.992936611834548,-0.994693040936716,-0.9925092960354439,-0.9930211727590902,0.8811699460706499,0.0,0.0
2005-12-08 00:00:00+07:00,-0.992356904969146,-0.9929681942595254,-0.9907558844533291,-0.9924413761234018,0.8032202783439488,0.0,0.0
2005-12-09 00:00:00+07:00,-0.9940960675092679,-0.9941181069497028,-0.9930937889178459,-0.9941808079808783,0.5575068665625434,0.0,0.0
2005-12-12 00:00:00+07:00,-0.9940960675092679,-0.9952680123026345,-0.9925093146272863,-0.9941808079808783,0.2952887858069308,0.0,0.0
2005-12-13 00:00:00+07:00,-0.992936611834548,-0.994693040936716,-0.9919248216091774,-0.9930211727590902,0.4393449811503858,0.0,0.0
2005-12-14 00:00:00+07:00,-0.9952554917260509,-0.9946930467483556,-0.9936782505848656,-0.9953404117398579,0.5153421046946537,0.0,0.0
2005-12-15 00:00:00+07:00,-0.9952554917260509,-0.9964179050537063,-0.9936782505848656,-0.9953404117398579,0.60357242766112,0.0,0.0
2005-12-16 00:00:00+07:00,-0.9952554917260509,-0.9964179050537063,-0.9936782505848656,-0.9953404117398579,0.4570802328858902,0.0,0.0
2005-12-19 00:00:00+07:00,-0.9952554917260509,-0.9964179050537063,-0.9936782505848656,-0.9953404117398579,-0.029180479502791592,0.0,0.0
2005-12-20 00:00:00+07:00,-0.9952554917260509,-0.9969928578221565,-0.9936782505848656,-0.9953404117398579,0.3050288994190834,0.0,0.0
2005-12-21 00:00:00+07:00,-0.996414947400771,-0.9975678292341914,-0.9948472180245602,-0.996500046961646,0.4251714643880672,0.0,0.0
2005-12-22 00:00:00+07:00,-0.9952554917260509,-0.9969928578221565,-0.994262724968933,-0.9953404117398579,0.15453045491360504,0.0,0.0
2005-12-23 00:00:00+07:00,-0.9952555328155539,-0.9969928985738716,-0.9942627657863102,-0.9959202608135604,-0.06176768646838001,0.0,0.0
2005-12-26 00:00:00+07:00,-0.9958352510213481,-0.997567851042677,-0.9936782917068501,-0.9959202608135604,-6.175100444806386,0.0,0.0
2005-12-27 00:00:00+07:00,-0.996414947400771,-0.9969928766038417,-0.9942627437808805,-0.996500046961646,-0.28621677892227726,0.0,0.0
2005-12-28 00:00:00+07:00,-0.9958352510213481,-0.997567851042677,-0.9948472398657703,-0.9959202608135604,-0.20393198074982014,0.0,0.0
2005-12-29 00:00:00+07:00,-0.9952554917260509,-0.9969928578221565,-0.9948471993530004,-0.9953404117398579,0.16725200471143126,0.0,0.0
2005-12-30 00:00:00+07:00,-0.9952554917260509,-0.9969928578221565,-0.9930937762007982,-0.9953404117398579,-6.175100444806386,0.0,0.0
2006-01-02 00:00:00+07:00,-0.9952554917260509,-0.9969928578221565,-0.994262724968933,-0.9953404117398579,-0.41529847425478333,0.0,0.0
2006-01-03 00:00:00+07:00,-0.993516350157887,-0.9952680133576843,-0.9936782642500639,-0.9936010008575871,0.41532990666387176,0.0,0.0
2006-01-04 00:00:00+07:00,-0.992936629810512,-0.9906683899865794,-0.990755890880079,-0.9889625333836545,0.9648037600773076,0.0,0.0
2006-01-05 00:00:00+07:00,-0.9888785922317731,-0.9900934286875939,-0.989002459526492,-0.9907019495097267,0.46164766659564505,0.0,0.0
2006-01-06 00:00:00+07:00,-0.9911974661520937,-0.9918182869101032,-0.9895869338824883,-0.9907019495097267,0.37247928373017913,0.0,0.0
2006-01-09 00:00:00+07:00,-0.9906177498984884,-0.9912433364081074,-0.9884179874152361,-0.9895423352631443,0.5800068813493434,0.0,0.0
2006-01-10 00:00:00+07:00,-0.9894583129692515,-0.9912433364081074,-0.9872490387344205,-0.9895423352631443,-6.175100444806386,0.0,0.0
2006-01-11 00:00:00+07:00,-0.9894583171274847,-0.9912433405321566,-0.9890024658618463,-0.9901221476302369,0.5517737627890535,0.0,0.0
2006-01-12 00:00:00+07:00,-0.9900380291919334,-0.9918182869101032,-0.9884179851704957,-0.9907019495097267,0.42523074789263887,0.0,0.0
2006-01-13 00:00:00+07:00,-0.9906177476720135,-0.9918182869101032,-0.9884179851704957,-0.9907019495097267,0.2730874559340046,0.0,0.0
2006-01-16 00:00:00+07:00,-0.9906177476720135,-0.9906683814284302,-0.989002459526492,-0.9907019495097267,0.6437576079188845,0.0,0.0
2006-01-17 00:00:00+07:00,-0.9906177570947289,-0.992393248996193,-0.9895869432505608,-0.9912817671206208,0.4712820284315107,0.0,0.0
2006-01-18 00:00:00+07:00,-0.9917771747349907,-0.9935431353167921,-0.9907558727566442,-0.9930211727590902,0.21567577739693009,0.0,0.0
2006-01-19 00:00:00+07:00,-0.9923569093081718,-0.9918182932294115,-0.9901714144852324,-0.9901221476302369,0.11836091176155866,0.0,0.0
2006-01-20 00:00:00+07:00,-0.990038035563622,-0.9912433405321566,-0.988417991550153,-0.9901221476302369,0.2819419452916093,0.0,0.0
2006-01-23 00:00:00+07:00,-0.9906177570947289,-0.992393248996193,-0.9895869432505608,-0.9912817671206208,0.02879447733282614,0.0,0.0
2006-01-24 00:00:00+07:00,-0.9911974755093735,-0.9929682016721318,-0.9895869432505608,-0.9912817671206208,-0.20562605885528273,0.0,0.0
2006-01-25 00:00:00+07:00,-0.991197472435897,-0.9918182932294115,-0.9890024658618463,-0.9901221476302369,0.16774965243812962,0.0,0.0
2006-01-26 00:00:00+07:00,-0.9900380291919334,-0.9918182869101032,-0.9884179851704957,-0.9907019495097267,0.03926550447515457,0.0,0.0
2006-01-27 00:00:00+07:00,-0.9894583129692515,-0.9912433364081074,-0.9884179874152361,-0.9895423352631443,0.18473317893404348,0.0,0.0
2006-01-30 00:00:00+07:00,-0.990038035563622,-0.9912433405321566,-0.988417991550153,-0.9901221476302369,-0.3088064690190088,0.0,0.0
2006-01-31 00:00:00+07:00,-0.990038035563622,-0.9918182932294115,-0.9878335172384599,-0.9901221476302369,-6.175100444806386,0.0,0.0
2006-02-01 00:00:00+07:00,-0.98887860086086,-0.9906683899865794,-0.9878335193960117,-0.9889625333836545,0.39730522114488825,0.0,0.0
2006-02-02 00:00:00+07:00,-0.9894583129692515,-0.9912433364081074,-0.9878335130748284,-0.9895423352631443,0.05686357023685858,0.0,0.0
2006-02-03 00:00:00+07:00,-0.9882988782664895,-0.9900934331652752,-0.9872490409488266,-0.9883827210165619,-0.004451214311059387,0.0,0.0
2006-02-06 00:00:00+07:00,-0.9882988782664895,-0.9900934331652752,-0.9866645666235859,-0.9883827210165619,-0.02714190744846094,0.0,0.0
2006-02-07 00:00:00+07:00,-0.9882988845651145,-0.9895184867437471,-0.9860800986486428,-0.9878029191370721,0.002283756993473935,0.0,0.0
2006-02-08 00:00:00+07:00,-0.9882988760400145,-0.9900934309571036,-0.9884179874152361,-0.9895423352631443,0.4512073170237686,0.0,0.0
2006-02-09 00:00:00+07:00,-0.9894583129692515,-0.9912433364081074,-0.9878335130748284,-0.9895423352631443,0.28600597244969855,0.0,0.0
2006-02-10 00:00:00+07:00,-0.9894583129692515,-0.9912433364081074,-0.9884179874152361,-0.9895423352631443,-0.3199175690534694,0.0,0.0
2006-02-13 00:00:00+07:00,-0.990038035563622,-0.9906683878349014,-0.988417991550153,-0.9901221476302369,0.007447929456708668,0.0,0.0
2006-02-14 00:00:00+07:00,-0.990038035563622,-0.9918182932294115,-0.9890024658618463,-0.9901221476302369,0.39241035501030685,0.0,0.0
2006-02-15 00:00:00+07:00,-0.9906177476720135,-0.9918182869101032,-0.989002459526492,-0.9907019495097267,0.1745210377864409,0.0,0.0
2006-02-16 00:00:00+07:00,-0.990038035563622,-0.9906683878349014,-0.988417991550153,-0.9901221476302369,0.004411680061731921,0.0,0.0
2006-02-17 00:00:00+07:00,-0.990038035563622,-0.9912433405321566,-0.9878335172384599,-0.9901221476302369,-0.060726702509939084,0.0,0.0
2006-02-20 00:00:00+07:00,-0.9906177476720135,-0.9918182869101032,-0.989002459526492,-0.9907019495097267,0.15224143956845082,0.0,0.0
2006-02-21 00:00:00+07:00,-0.9906177560164898,-0.9923932479268178,-0.9895869421785745,-0.991861574243912,0.23814859014917647,0.0,0.0
2006-02-22 00:00:00+07:00,-0.992936611834548,-0.9929681825068302,-0.9907558727566442,-0.9930211727590902,0.4388893227150458,0.0,0.0
2006-02-23 00:00:00+07:00,-0.993516350157887,-0.9935431553510575,-0.991340367118689,-0.9936010008575871,0.32688750709827913,0.0,0.0
2006-02-24 00:00:00+07:00,-0.993516350157887,-0.9941181080199332,-0.991340367118689,-0.9936010008575871,-1.2809501883032817,0.0,0.0
2006-02-27 00:00:00+07:00,-0.9917771928607545,-0.9918182952434527,-0.9907558907737207,-0.991861574243912,0.23491842429563484,0.0,0.0
2006-02-28 00:00:00+07:00,-0.9906177476720135,-0.9923932396509396,-0.9895869338824883,-0.9907019495097267,0.08735514068217189,0.0,0.0
2006-03-01 00:00:00+07:00,-0.9906177498984884,-0.9906683836826055,-0.9890024617556441,-0.9895423352631443,0.3723642788165544,0.0,0.0
2006-03-02 00:00:00+07:00,-0.9871394121057905,-0.9877935929150043,-0.9872490122339316,-0.9872230753071709,0.706608787960349,0.0,0.0
2006-03-03 00:00:00+07:00,-0.9871394446401028,-0.9883685783010269,-0.9849111469474758,-0.9866432996466882,0.052330334526732615,0.0,0.0
2006-03-06 00:00:00+07:00,-0.9871394477510816,-0.9883685814070002,-0.9854956243663096,-0.9878029191370721,0.025128774094121824,0.0,0.0
2006-03-07 00:00:00+07:00,-0.9894583129692515,-0.9883685727805978,-0.9872490387344205,-0.9895423352631443,0.1453709546923728,0.0,0.0
2006-03-08 00:00:00+07:00,-0.9900380291919334,-0.9912433341692667,-0.9884179851704957,-0.9907019495097267,0.36492368768144856,0.0,0.0
2006-03-09 00:00:00+07:00,-0.9900380314338699,-0.9912433364081074,-0.9884179874152361,-0.9895423352631443,0.16750091762066366,0.0,0.0
2006-03-10 00:00:00+07:00,-0.985400286266595,-0.9872186698583065,-0.9866645668637951,-0.9854836801563043,0.5460422528594042,0.0,0.0
2006-03-13 00:00:00+07:00,-0.9854002925300321,-0.98664372340188,-0.9854956243663096,-0.9878029191370721,0.32099076317669795,0.0,0.0
2006-03-14 00:00:00+07:00,-0.9877191598169148,-0.9877936223229478,-0.9860800922983454,-0.9883827210165619,0.15427207634487805,0.0,0.0
2006-03-15 00:00:00+07:00,-0.9882988824394813,-0.9900934373039616,-0.9872490450991981,-0.9889625333836545,0.28455786654928195,0.0,0.0
2006-03-16 00:00:00+07:00,-0.985979993131997,-0.9860687527262997,-0.9860800811699206,-0.9860634767919927,0.6736115462421952,0.0,0.0
2006-03-17 00:00:00+07:00,-0.985400294603274,-0.9820441042320435,-0.9831577293272268,-0.9808452231699746,0.7955078392371666,0.0,0.0
2006-03-20 00:00:00+07:00,-0.9772842433472613,-0.979169347158481,-0.9790664154860984,-0.9773663804302273,0.8041317202301737,0.0,0.0
2006-03-21 00:00:00+07:00,-0.9772842200874532,-0.9785943713339497,-0.9778974442757387,-0.978525973701604,0.1665873643400397,0.0,0.0
2006-03-22 00:00:00+07:00,-0.982501689023711,-0.9808941849091737,-0.9814042929710274,-0.9825846340522454,0.3366599438435951,0.0,0.0
2006-03-23 00:00:00+07:00,-0.982501708993824,-0.9814691580822665,-0.9808198386220088,-0.9831644621507423,0.4471310687429878,0.0,0.0
2006-03-24 00:00:00+07:00,-0.9830814273470502,-0.9843439211573929,-0.9814043128501104,-0.9831644621507423,0.29786354670958765,0.0,0.0
2006-03-27 00:00:00+07:00,-0.9813422648069282,-0.9831940085083938,-0.9802353569463684,-0.9814250302932658,0.1574027123680764,0.0,0.0
2006-03-28 00:00:00+07:00,-0.9784436570780651,-0.9791693240898868,-0.9790663930184328,-0.978525973701604,0.3541591297763141,0.0,0.0
2006-03-29 00:00:00+07:00,-0.9772842433472613,-0.9774444893050755,-0.9767285185624018,-0.9773663804302273,0.6030989051289039,0.0,0.0
2006-03-30 00:00:00+07:00,-0.9772842433472613,-0.979169347158481,-0.9749750958696294,-0.9773663804302273,-6.175100444806386,0.0,0.0
2006-03-31 00:00:00+07:00,-0.9772842433472613,-0.979169347158481,-0.9749750958696294,-0.9773663804302273,-6.175100444806386,0.0,0.0
2006-04-03 00:00:00+07:00,-0.9772842433472613,-0.9785943945406791,-0.9755595701005536,-0.9773663804302273,0.2450183410421047,0.0,0.0
2006-04-04 00:00:00+07:00,-0.9772842433472613,-0.9785943945406791,-0.977312992793326,-0.9773663804302273,0.2644725003399865,0.0,0.0
2006-04-05 00:00:00+07:00,-0.9720667557268953,-0.9734197986222886,-0.9743906000659477,-0.9721480848577978,0.574532995752074,0.0,0.0
2006-04-06 00:00:00+07:00,-0.9697478758353922,-0.9711199817040205,-0.9702992737106496,-0.96982884587703,0.608937133618613,0.0,0.0
2006-04-07 00:00:00+07:00,-0.9685884621045884,-0.9676702887878602,-0.9673769249822991,-0.9686692526056533,0.524966203049671,0.0,0.0
2006-04-10 00:00:00+07:00,-0.9685884621045884,-0.9705450520376872,-0.9662079764550584,-0.9686692526056533,-6.175100444806386,0.0,0.0
2006-04-11 00:00:00+07:00,-0.9726464940502343,-0.9716949606289756,-0.9708837737983573,-0.9727279129562947,0.2833415336677677,0.0,0.0
2006-04-12 00:00:00+07:00,-0.9755450598351811,-0.9745696971761844,-0.9738061188991204,-0.9756269275975451,0.6798037978246668,0.0,0.0
2006-04-13 00:00:00+07:00,-0.9738059497249544,-0.9734198377372372,-0.9738061636721486,-0.9738875481780828,0.6537507580558122,0.0,0.0
2006-04-14 00:00:00+07:00,-0.9738059497249544,-0.9757196478297605,-0.9714682671334074,-0.9738875481780828,-6.175100444806386,0.0,0.0
2006-04-17 00:00:00+07:00,-0.9732262218875943,-0.9745697332308509,-0.972052731723718,-0.9733077305671888,0.016656836690586124,0.0,0.0
2006-04-18 00:00:00+07:00,-0.9691681899419484,-0.969970108862498,-0.9708837797220169,-0.9692490702165474,0.630109101939333,0.0,0.0
2006-04-19 00:00:00+07:00,-0.9627912885907784,-0.964220583227131,-0.9656235121571488,-0.9628711813727411,0.49890365011768983,0.0,0.0
2006-04-20 00:00:00+07:00,-0.9622115397814603,-0.9619207419907898,-0.9638700599191486,-0.9622913427866413,0.5202776647693104,0.0,0.0
2006-04-21 00:00:00+07:00,-0.9645304301589424,-0.9642205696204134,-0.9621166533567918,-0.9646105922550119,0.23692805636488415,0.0,0.0
2006-04-24 00:00:00+07:00,-0.9645304462868342,-0.9676703014478361,-0.9667924631753831,-0.9675096488466737,0.5208934635345148,0.0,0.0
2006-04-25 00:00:00+07:00,-0.9691681899419484,-0.9693951562643075,-0.9667924602450996,-0.9692490702165474,0.3263364547620523,0.0,0.0
2006-04-26 00:00:00+07:00,-0.9680087132952703,-0.9682452107724437,-0.9667924203834467,-0.9680894140195535,0.6456389232171357,0.0,0.0
2006-04-27 00:00:00+07:00,-0.9697478758353922,-0.9688201705962333,-0.9679613761398311,-0.96982884587703,0.5597416892024357,0.0,0.0
2006-04-28 00:00:00+07:00,-0.9697479022001395,-0.9705450553656156,-0.9708837737983573,-0.9727279129562947,0.6506444383224003,0.0,0.0
2006-05-01 00:00:00+07:00,-0.9720667557268953,-0.9728448458781693,-0.9708837539099472,-0.9721480848577978,0.2752234570767432,0.0,0.0
2006-05-02 00:00:00+07:00,-0.9720667557268953,-0.9711199876458116,-0.9702992795506138,-0.9721480848577978,0.5303817626617864,0.0,0.0
2006-05-03 00:00:00+07:00,-0.9714870383755142,-0.9728448470072154,-0.970883755031899,-0.9715682777345065,0.42782926408310146,0.0,0.0
2006-05-04 00:00:00+07:00,-0.9738059497249544,-0.9728448852141065,-0.972637215402778,-0.9738875481780828,0.6456808477070989,0.0,0.0
2006-05-05 00:00:00+07:00,-0.9738059402032033,-0.9745697332308509,-0.9726372059138938,-0.9733077305671888,0.520728356268874,0.0,0.0
2006-05-08 00:00:00+07:00,-0.9714870383755142,-0.9728448470072154,-0.9714682293847844,-0.9715682777345065,0.5877686087302731,0.0,0.0
2006-05-09 00:00:00+07:00,-0.9697478758353922,-0.9711199817040205,-0.9702992737106496,-0.96982884587703,0.5981116203787434,0.0,0.0
2006-05-10 00:00:00+07:00,-0.9685884621045884,-0.9705450520376872,-0.9679613992459194,-0.9686692526056533,0.5276256594183429,0.0,0.0
2006-05-11 00:00:00+07:00,-0.9656898543757253,-0.9670953203973628,-0.9662079609645291,-0.9657701960139915,0.7328262387060077,0.0,0.0
2006-05-12 00:00:00+07:00,-0.9697478758353922,-0.9688201705962333,-0.9685458505325357,-0.96982884587703,0.4688155646352845,0.0,0.0
2006-05-15 00:00:00+07:00,-0.9749653529697793,-0.9739947562926174,-0.973221656184352,-0.9750471309618567,0.6342385471910229,0.0,0.0
2006-05-16 00:00:00+07:00,-0.9743856356183982,-0.9762945682518482,-0.9790664005283549,-0.9744673238385655,0.738962724328494,0.0,0.0
2006-05-17 00:00:00+07:00,-0.9720667557268953,-0.9728448458781693,-0.9708837539099472,-0.9721480848577978,0.6978713637630215,0.0,0.0
2006-05-18 00:00:00+07:00,-0.9772842267904522,-0.9768695198732644,-0.9761440278387523,-0.9750471309618567,0.5501083617979209,0.0,0.0
2006-05-19 00:00:00+07:00,-0.9749653699231585,-0.9768695366872736,-0.9755595701005536,-0.9773663804302273,0.11024198252824638,0.0,0.0
2006-05-22 00:00:00+07:00,-0.9807625474555471,-0.9803192462672409,-0.9790664094465265,-0.9808452231699746,0.6209131647113045,0.0,0.0
2006-05-23 00:00:00+07:00,-0.9796030917808272,-0.9814691328445933,-0.9819887626817574,-0.9796855879481864,0.5372924535513783,0.0,0.0
2006-05-24 00:00:00+07:00,-0.9790233744294461,-0.9803192284603223,-0.9814042894067705,-0.9791057808248952,0.7009156130372176,0.0,0.0
2006-05-25 00:00:00+07:00,-0.9790233744294461,-0.9808941812231772,-0.976728494379735,-0.9791057808248952,-6.175100444806386,0.0,0.0
2006-05-26 00:00:00+07:00,-0.9790233744294461,-0.9808941812231772,-0.976728494379735,-0.9791057808248952,-6.175100444806386,0.0,0.0
2006-05-29 00:00:00+07:00,-0.9778639780458174,-0.9774445059038162,-0.9790664313671595,-0.9802654370218891,0.5773636381058969,0.0,0.0
2006-05-30 00:00:00+07:00,-0.976704473565985,-0.9780193906167963,-0.9778974170288021,-0.9767865208689218,0.41644627949750734,0.0,0.0
2006-05-31 00:00:00+07:00,-0.9790233744294461,-0.9808941812231772,-0.9790663918932527,-0.9791057808248952,0.4194728367774461,0.0,0.0
2006-06-01 00:00:00+07:00,-0.9801828510761242,-0.9803192685046273,-0.9784819572354919,-0.9802654370218891,0.08818970575767553,0.0,0.0
2006-06-02 00:00:00+07:00,-0.9796030917808272,-0.9808941800747356,-0.9790663907542668,-0.9796855879481864,0.4172963748629344,0.0,0.0
2006-06-05 00:00:00+07:00,-0.9778639397266842,-0.9791693252312422,-0.9778974454012574,-0.9779461665783128,0.0006122067694301342,0.0,0.0
2006-06-06 00:00:00+07:00,-0.9790233744294461,-0.9808941812231772,-0.9790663918932527,-0.9791057808248952,0.12206691530397931,0.0,0.0
2006-06-07 00:00:00+07:00,-0.9780750329707947,-0.9799536358729148,-0.9769675571389591,-0.9781572925111874,0.29897338153563546,9.0,0.0
2006-06-08 00:00:00+07:00,-0.9822241146724693,-0.9817171811248127,-0.9811506772651524,-0.9823070167173328,0.7820367937652045,0.0,0.0
2006-06-09 00:00:00+07:00,-0.979853213838935,-0.981717198703789,-0.9793579180300611,-0.9799357487388506,0.7737035244822164,0.0,0.0
2006-06-12 00:00:00+07:00,-0.9816313842210962,-0.9817171803041852,-0.9799554919399107,-0.9817141944789108,0.6001844208802564,0.0,0.0
2006-06-13 00:00:00+07:00,-0.9834095650892364,-0.9846564569699076,-0.9823458529589127,-0.9834926507065739,0.78732766276185,0.0,0.0
2006-06-14 00:00:00+07:00,-0.9822241146724693,-0.9840686088784373,-0.9847362308011841,-0.9823070167173328,0.6824727145112015,0.0,0.0
2006-06-15 00:00:00+07:00,-0.9822241146724693,-0.9817171811248127,-0.9799554927531418,-0.9823070167173328,0.3366854359315981,0.0,0.0
2006-06-16 00:00:00+07:00,-0.9751113807139292,-0.9770143471551643,-0.9787603288243748,-0.9751931813190775,0.8575415620910292,0.0,0.0
2006-06-19 00:00:00+07:00,-0.9768895510960904,-0.9770143288287296,-0.975772350127715,-0.9769716270591378,0.13194448268154327,0.0,0.0
2006-06-20 00:00:00+07:00,-0.9774823025194216,-0.9787779213428492,-0.9763699640764869,-0.9775644702727655,0.10778856128284729,0.0,0.0
2006-06-21 00:00:00+07:00,-0.9780750329707947,-0.978777922311699,-0.9757723729477715,-0.9781572925111874,-0.0912087405335047,0.0,0.0
2006-06-22 00:00:00+07:00,-0.9768895510960904,-0.9781900426670849,-0.9751747578912566,-0.9769716270591378,0.4116921445676421,0.0,0.0
2006-06-23 00:00:00+07:00,-0.9774823025194216,-0.9787779213428492,-0.9757723719748878,-0.9775644702727655,-0.17233728429219372,0.0,0.0
2006-06-26 00:00:00+07:00,-0.9792604938735409,-0.9799536378228729,-0.9775651511800951,-0.9793429369880314,0.01716846054470745,0.0,0.0
2006-06-27 00:00:00+07:00,-0.9786677948801049,-0.9793658116541089,-0.9769675896307851,-0.978750146212418,-0.08515199598238886,0.0,0.0
2006-06-28 00:00:00+07:00,-0.9804459652622661,-0.981717220556483,-0.9799555318294082,-0.9805285919524782,0.32939553943770206,0.0,0.0
2006-06-29 00:00:00+07:00,-0.980445952810166,-0.9805414945914439,-0.9775651511800951,-0.9793429369880314,0.18267491103790695,0.0,0.0
2006-06-30 00:00:00+07:00,-0.9768895510960904,-0.9770143288287296,-0.9763699423641733,-0.9769716270591378,0.6487173705546027,0.0,0.0
2006-07-03 00:00:00+07:00,-0.9727404589084369,-0.974662916180964,-0.9745771803072244,-0.9728218923653896,0.6095190888774815,0.0,0.0
2006-07-04 00:00:00+07:00,-0.9721477389430427,-0.9728993552849319,-0.9703940448659859,-0.9722290806145705,0.5063839882906541,0.0,0.0
2006-07-05 00:00:00+07:00,-0.9727404589084369,-0.9717236320245187,-0.9703940352774245,-0.9728218923653896,0.37128136894001357,0.0,0.0
2006-07-06 00:00:00+07:00,-0.9733331683878518,-0.9740750392284158,-0.9715891994739361,-0.9734146936286059,0.34705702158988333,0.0,0.0
2006-07-07 00:00:00+07:00,-0.9697767961655923,-0.9717236170634375,-0.9697964282671186,-0.9698577706856768,0.37399379378981995,0.0,0.0
2006-07-10 00:00:00+07:00,-0.9709622780402966,-0.9717236397755921,-0.9686012666259791,-0.9710434361377265,0.11063292813890088,0.0,0.0
2006-07-11 00:00:00+07:00,-0.9709622780402966,-0.9728993533500898,-0.9691988587283238,-0.9710434361377265,-0.2917669367747325,0.0,0.0
2006-07-12 00:00:00+07:00,-0.9715550294636277,-0.9723115185702071,-0.9691988808444693,-0.9716362793513541,-0.09675152418703792,0.0,0.0
2006-07-13 00:00:00+07:00,-0.9727404589084369,-0.9734872025183859,-0.9709916274245388,-0.9728218923653896,0.1863867755557311,0.0,0.0
2006-07-14 00:00:00+07:00,-0.9762968311306963,-0.9764264816590539,-0.975174767507248,-0.9763788153083186,0.28372766114086123,0.0,0.0
2006-07-17 00:00:00+07:00,-0.9762968366704587,-0.9799536282202495,-0.9781627337428316,-0.9799357487388506,0.3128967684504817,0.0,0.0
2006-07-18 00:00:00+07:00,-0.9810386852276601,-0.9811293543408426,-0.9793579303846054,-0.9811214037032974,0.43254334431729424,0.0,0.0
2006-07-19 00:00:00+07:00,-0.9798532263286043,-0.9811293543408426,-0.9787603383201865,-0.9811214037032974,0.29809149416447234,0.0,0.0
2006-07-20 00:00:00+07:00,-0.979853213838935,-0.9805414850480959,-0.9781627337428316,-0.9799357487388506,0.6363765329822082,0.0,0.0
2006-07-21 00:00:00+07:00,-0.9786677948801049,-0.9805415248157933,-0.9781627734158248,-0.978750146212418,0.3319372948881955,0.0,0.0
2006-07-24 00:00:00+07:00,-0.9804459652622661,-0.981129363866075,-0.9781627558177071,-0.9805285919524782,0.35464362340933037,0.0,0.0
2006-07-25 00:00:00+07:00,-0.9804459652622661,-0.9805415071756667,-0.9781627558177071,-0.9805285919524782,0.22753018727642021,0.0,0.0
2006-07-26 00:00:00+07:00,-0.9804459249315776,-0.9817171803041852,-0.9793578996786587,-0.9817141944789108,0.3799641985243477,0.0,0.0
2006-07-27 00:00:00+07:00,-0.9810386803730402,-0.979365779092307,-0.9787603334257403,-0.9781572925111874,0.7425425266235238,0.0,0.0
2006-07-28 00:00:00+07:00,-0.9786677948801049,-0.9793658116541089,-0.9769675896307851,-0.978750146212418,0.5042811118825768,0.0,0.0
2006-07-31 00:00:00+07:00,-0.9751113807139292,-0.9764264903457258,-0.9751747760749638,-0.9751931813190775,0.6530126944033511,0.0,0.0
2006-08-01 00:00:00+07:00,-0.9727404589084369,-0.974662916180964,-0.9733819960129959,-0.9728218923653896,0.5647247386569906,0.0,0.0
2006-08-02 00:00:00+07:00,-0.9715550294636277,-0.9728993752316996,-0.9721868407169979,-0.9716362793513541,0.7336084050525935,0.0,0.0
2006-08-03 00:00:00+07:00,-0.974518618804619,-0.9723114592073234,-0.9727843751042027,-0.974600327617847,0.7980796812924499,0.0,0.0
2006-08-04 00:00:00+07:00,-0.974518618804619,-0.9752507442108682,-0.9733819674235424,-0.974600327617847,0.4799651426492934,0.0,0.0
2006-08-07 00:00:00+07:00,-0.9751113807139292,-0.975250776726849,-0.9727844075753564,-0.9751931813190775,0.7674250485180075,0.0,0.0
2006-08-08 00:00:00+07:00,-0.9762968311306963,-0.9758386247979091,-0.9739795831523189,-0.9763788153083186,0.4237853048540747,0.0,0.0
2006-08-09 00:00:00+07:00,-0.974518618804619,-0.975838601211577,-0.9739795597428824,-0.974600327617847,0.2590334667054135,0.0,0.0
2006-08-10 00:00:00+07:00,-0.9768895510960904,-0.9758386149903744,-0.9751747578912566,-0.9769716270591378,0.5921849296200643,0.0,0.0
2006-08-11 00:00:00+07:00,-0.9768895510960904,-0.9770143288287296,-0.9745771656547983,-0.9769716270591378,0.31836739365695876,0.0,0.0
2006-08-14 00:00:00+07:00,-0.974518618804619,-0.976426458212286,-0.9739795597428824,-0.974600327617847,0.4728190371307475,0.0,0.0
2006-08-15 00:00:00+07:00,-0.9733331683878518,-0.9752507531249619,-0.9727843840060073,-0.9734146936286059,0.5500807673738763,0.0,0.0
2006-08-16 00:00:00+07:00,-0.9721477389430427,-0.9728993552849319,-0.9703940448659859,-0.9722290806145705,0.885760337530615,0.0,0.0
2006-08-17 00:00:00+07:00,-0.9721477389430427,-0.97407506883719,-0.9697964527749451,-0.9722290806145705,-6.175100444806386,0.0,0.0
2006-08-18 00:00:00+07:00,-0.9721477389430427,-0.97407506883719,-0.9697964527749451,-0.9722290806145705,-6.175100444806386,0.0,0.0
2006-08-21 00:00:00+07:00,-0.9721477389430427,-0.97407506883719,-0.9697964527749451,-0.9722290806145705,-6.175100444806386,0.0,0.0
2006-08-22 00:00:00+07:00,-0.9703695266169654,-0.9717236178954195,-0.9697964290936572,-0.9704505929240989,0.6308317500277794,0.0,0.0
2006-08-23 00:00:00+07:00,-0.9703695485531514,-0.972311496562841,-0.9691988587283238,-0.9710434361377265,0.4092801292583491,0.0,0.0
2006-08-24 00:00:00+07:00,-0.9697767961655923,-0.970547903230847,-0.9703940205006468,-0.9698577706856768,0.918984543519457,0.0,0.0
2006-08-25 00:00:00+07:00,-0.9691840866861773,-0.9693722097090675,-0.9674060795213517,-0.9692649694224605,0.7738340340009846,0.0,0.0
2006-08-28 00:00:00+07:00,-0.967998604811473,-0.9687843299724676,-0.9674060568524241,-0.9680793039704109,0.7131955111619949,0.0,0.0
2006-08-29 00:00:00+07:00,-0.967998604811473,-0.9693721869026274,-0.9662108723571793,-0.9680793039704109,0.44321291673176705,0.0,0.0
2006-08-30 00:00:00+07:00,-0.9674058743600998,-0.9687843291545584,-0.9662108715395059,-0.9674864817319889,0.49311676523268855,0.0,0.0
2006-08-31 00:00:00+07:00,-0.9662204239433327,-0.9681964810019129,-0.9656132880676036,-0.9663008477427477,0.46834460269721834,0.0,0.0
2006-09-01 00:00:00+07:00,-0.9668131543947058,-0.9681964818637728,-0.9650156967309446,-0.9668936699811698,0.4876945041003898,0.0,0.0
2006-09-04 00:00:00+07:00,-0.9650349630405866,-0.9670207655148128,-0.9656132863723198,-0.9651152032659038,0.4516837485298146,0.0,0.0
2006-09-05 00:00:00+07:00,-0.9656276830059806,-0.9670207559106478,-0.9644180923430166,-0.9657080150167229,0.6819254595632974,0.0,0.0
2006-09-06 00:00:00+07:00,-0.9674058743600998,-0.9681964722198798,-0.9662108715395059,-0.9674864817319889,0.8293276461143871,0.0,0.0
2006-09-07 00:00:00+07:00,-0.9685913352628461,-0.9687843307995667,-0.9662108731840399,-0.9686721262088328,0.3884793687802386,0.0,0.0
2006-09-08 00:00:00+07:00,-0.967998604811473,-0.9693721869026274,-0.9662108723571793,-0.9680793039704109,0.043023256740100574,0.0,0.0
2006-09-11 00:00:00+07:00,-0.967998604811473,-0.9693721869026274,-0.9662108723571793,-0.9680793039704109,0.3871370530087402,0.0,0.0
2006-09-12 00:00:00+07:00,-0.9685913352628461,-0.969960044650747,-0.9674060576699942,-0.9686721262088328,0.6231008743438102,0.0,0.0
2006-09-13 00:00:00+07:00,-0.9674058743600998,-0.9681964722198798,-0.96561327928729,-0.9674864817319889,0.3857895342846659,0.0,0.0
2006-09-14 00:00:00+07:00,-0.9662204239433327,-0.9681964810019129,-0.9650156958644395,-0.9663008477427477,0.12456274213390184,0.0,0.0
2006-09-15 00:00:00+07:00,-0.9662204239433327,-0.9681964810019129,-0.9644181036612756,-0.9663008477427477,0.012666013851241078,0.0,0.0
2006-09-18 00:00:00+07:00,-0.9662204222336622,-0.9670207655148128,-0.9638205097344151,-0.9651152032659038,0.2000202810270343,0.0,0.0
2006-09-19 00:00:00+07:00,-0.9644422745331296,-0.9658450926949022,-0.9626253665113864,-0.9645224229778931,0.5995148083847851,0.0,0.0
2006-09-20 00:00:00+07:00,-0.9650349630405866,-0.9664329086190705,-0.9638205097344151,-0.9651152032659038,0.998981033139938,0.0,0.0
2006-09-21 00:00:00+07:00,-0.9632567821724463,-0.9646693458302089,-0.9626253331674797,-0.9633367470382407,1.0364520691074317,0.0,0.0
2006-09-22 00:00:00+07:00,-0.9591076794988137,-0.961142208878864,-0.9614301528928852,-0.9591870018568897,0.8751883589960534,0.0,0.0
2006-09-25 00:00:00+07:00,-0.9573294986306734,-0.9593786460479898,-0.9578446075994429,-0.9574085456292265,0.7524035003959336,0.0,0.0
2006-09-26 00:00:00+07:00,-0.9602931194296017,-0.959378618911074,-0.9584421729618267,-0.960372625358528,0.43431883658852044,0.0,0.0
2006-09-27 00:00:00+07:00,-0.9597004309221449,-0.9605543739824903,-0.9578446219605287,-0.9597798450705173,0.2532812391097428,0.0,0.0
2006-09-28 00:00:00+07:00,-0.9597004309221449,-0.9611422307022283,-0.9578446219605287,-0.9597798450705173,-0.24447189566997737,0.0,0.0
2006-09-29 00:00:00+07:00,-0.9597004309221449,-0.9611422307022283,-0.9584422139942445,-0.9597798450705173,0.31158406072416767,0.0,0.0
2006-10-02 00:00:00+07:00,-0.961478590818327,-0.9617300588499498,-0.95963736961846,-0.9615582803229747,0.2749191163854314,0.0,0.0
2006-10-03 00:00:00+07:00,-0.961478590818327,-0.9634936294532883,-0.9602349618026692,-0.9615582803229747,0.2459792911966402,0.0,0.0
2006-10-04 00:00:00+07:00,-0.9620713317556792,-0.962317927172253,-0.9602349732042997,-0.9621511130489996,0.3439504459796212,0.0,0.0
2006-10-05 00:00:00+07:00,-0.9620713317556792,-0.962317927172253,-0.9602349732042997,-0.9621511130489996,0.5120636796976901,0.0,0.0
2006-10-06 00:00:00+07:00,-0.9620713317556792,-0.963493640788494,-0.9602349732042997,-0.9621511130489996,0.3020847291654352,0.0,0.0
2006-10-09 00:00:00+07:00,-0.9638495335957775,-0.9640815110156805,-0.9620277629275761,-0.9639295902518683,0.556397594256912,0.0,0.0
2006-10-10 00:00:00+07:00,-0.9632567821724463,-0.9646693458302089,-0.9614301488276266,-0.9633367470382407,0.9287863257537774,0.0,0.0
2006-10-11 00:00:00+07:00,-0.9631368225721967,-0.964543374082784,-0.9613163193123814,-0.9632167688616927,0.3516288205860886,5.5,0.0
2006-10-12 00:00:00+07:00,-0.9643363976027345,-0.9651382325415149,-0.963130441717606,-0.9644165296519662,0.6664293821122799,0.0,0.0
2006-10-13 00:00:00+07:00,-0.961937258027638,-0.9633536709350141,-0.9619210327903382,-0.9620170185590221,0.7430418791143707,0.0,0.0
2006-10-16 00:00:00+07:00,-0.9613374705123691,-0.962163958999954,-0.9601069121017867,-0.9614171381638854,0.5241049149938934,0.0,0.0
2006-10-17 00:00:00+07:00,-0.9589382994793354,-0.9609742212956003,-0.9595021785901768,-0.9590175956081328,0.6632754127510144,0.0,0.0
2006-10-18 00:00:00+07:00,-0.9583385748799407,-0.9597845719406176,-0.9576881200449932,-0.9584177781386131,0.5973416614356183,0.0,0.0
2006-10-19 00:00:00+07:00,-0.9583385748799407,-0.9597845719406176,-0.9570834138745249,-0.9584177781386131,0.49665836994476825,0.0,0.0
2006-10-20 00:00:00+07:00,-0.9607376725111211,-0.9603793812854456,-0.9588974872158801,-0.9608172472811458,0.5206682978164435,0.0,0.0
2006-10-23 00:00:00+07:00,-0.9607376725111211,-0.9627588020739626,-0.9582927808051456,-0.9608172472811458,-6.175100444806386,0.0,0.0
2006-10-24 00:00:00+07:00,-0.9607376725111211,-0.9627588020739626,-0.9582927808051456,-0.9608172472811458,-6.175100444806386,0.0,0.0
2006-10-25 00:00:00+07:00,-0.9607376725111211,-0.9627588020739626,-0.9582927808051456,-0.9608172472811458,-6.175100444806386,0.0,0.0
2006-10-26 00:00:00+07:00,-0.9607376725111211,-0.9627588020739626,-0.9582927808051456,-0.9608172472811458,-6.175100444806386,0.0,0.0
2006-10-27 00:00:00+07:00,-0.9607376725111211,-0.9627588020739626,-0.9582927808051456,-0.9608172472811458,-6.175100444806386,0.0,0.0
2006-10-30 00:00:00+07:00,-0.9625370350569278,-0.9621639517669824,-0.9607116112883974,-0.962616888466556,0.48101019544847484,0.0,0.0
2006-10-31 00:00:00+07:00,-0.9625370350569278,-0.962758806938374,-0.9601069049038268,-0.962616888466556,0.6754154111015618,0.0,0.0
2006-11-01 00:00:00+07:00,-0.9613374705123691,-0.9627588141332774,-0.9601069121017867,-0.9614171381638854,0.2900813402740114,0.0,0.0
2006-11-02 00:00:00+07:00,-0.9601378954818313,-0.9615691005300846,-0.9595022024351455,-0.9602173773736119,0.5629874547575613,0.0,0.0
2006-11-03 00:00:00+07:00,-0.9607376725111211,-0.960974236482575,-0.9582927808051456,-0.9608172472811458,0.39286608811077545,0.0,0.0
2006-11-06 00:00:00+07:00,-0.9589382994793354,-0.9603793660193721,-0.9582927656078903,-0.9590175956081328,0.5466001640742378,0.0,0.0
2006-11-07 00:00:00+07:00,-0.9577387139628185,-0.9585947866191589,-0.955873926058202,-0.9578178243302564,0.8060796320833798,0.0,0.0
2006-11-08 00:00:00+07:00,-0.9583385748799407,-0.9591897169798405,-0.9558740015335884,-0.9584177781386131,0.35940402789569603,0.0,0.0
2006-11-09 00:00:00+07:00,-0.9541400308151213,-0.9562153981520319,-0.9558739583469538,-0.9542185839098474,0.5852712402377692,0.0,0.0
2006-11-10 00:00:00+07:00,-0.9529404767565416,-0.9538359951780825,-0.9516410312771093,-0.9530188440947797,0.542774501192143,0.0,0.0
2006-11-13 00:00:00+07:00,-0.9589382994793354,-0.9550256685333196,-0.9564786461344607,-0.9590175956081328,0.4651532154192323,0.0,0.0
2006-11-14 00:00:00+07:00,-0.9547398393023483,-0.9562154206761702,-0.9552692741629594,-0.9548184852801899,0.504894456489304,0.0,0.0
2006-11-15 00:00:00+07:00,-0.9541400308151213,-0.9556205429711352,-0.9528504263757877,-0.9542185839098474,0.5925758752348403,0.0,0.0
2006-11-16 00:00:00+07:00,-0.9541400308151213,-0.9550256877902383,-0.9528504263757877,-0.9542185839098474,0.5390914510456012,0.0,0.0
2006-11-17 00:00:00+07:00,-0.9541400308151213,-0.9538359774284448,-0.9516410135873212,-0.9542185839098474,0.22683160701717672,0.0,0.0
2006-11-20 00:00:00+07:00,-0.9517409017260038,-0.9538359917801358,-0.9516410278906201,-0.9518190833045062,0.35866300249365246,0.0,0.0
2006-11-21 00:00:00+07:00,-0.9517408775980715,-0.9526462573948594,-0.9504315911578034,-0.9506193015390271,0.3617362887180556,0.0,0.0
2006-11-22 00:00:00+07:00,-0.9505413057235079,-0.9514565469391649,-0.9492221782738811,-0.9506193015390271,0.5291237028756054,0.0,0.0
2006-11-23 00:00:00+07:00,-0.9493417516649282,-0.9514565646086874,-0.9480127831793876,-0.9494195617239592,0.2437551308867603,0.0,0.0
2006-11-24 00:00:00+07:00,-0.9505413373738483,-0.9431286075775235,-0.948012797299951,-0.9434207892354004,0.6278879802052952,0.0,0.0
2006-11-27 00:00:00+07:00,-0.9433439079701763,-0.9431286075775235,-0.9431751470034846,-0.9434207892354004,0.34596667017915245,0.0,0.0
2006-11-28 00:00:00+07:00,-0.9505413057235079,-0.9478874155720817,-0.9480127653899586,-0.9506193015390271,0.4808586890103428,0.0,0.0
2006-11-29 00:00:00+07:00,-0.9481422080923275,-0.9490771722022049,-0.9468033985595021,-0.9482198323964943,0.5522677179829212,0.0,0.0
2006-11-30 00:00:00+07:00,-0.9469425806318945,-0.9466976955491265,-0.944384517192596,-0.9470200191682067,0.4688852825440273,0.0,0.0
2006-12-01 00:00:00+07:00,-0.944543462028756,-0.9466977206655669,-0.9431751295145958,-0.9446205290504682,0.19774682323293158,0.0,0.0
2006-12-04 00:00:00+07:00,-0.9469425806318945,-0.9466976955491265,-0.9468033431405464,-0.9470200191682067,0.17178732974503005,0.0,0.0
2006-12-05 00:00:00+07:00,-0.9457430370592939,-0.9478874342512911,-0.9455939582557378,-0.9458202898407416,0.23361790719856027,0.0,0.0
2006-12-06 00:00:00+07:00,-0.9469425806318945,-0.9466976955491265,-0.9455939301665712,-0.9470200191682067,0.315344814829563,0.0,0.0
2006-12-07 00:00:00+07:00,-0.9493417516649282,-0.949077144037097,-0.9480127831793876,-0.9494195617239592,0.3483905230759325,0.0,0.0
2006-12-08 00:00:00+07:00,-0.9505413057235079,-0.9514565469391649,-0.9504315911578034,-0.9506193015390271,0.7001906461404745,0.0,0.0
2006-12-11 00:00:00+07:00,-0.9517409017260038,-0.9514565713379545,-0.9492222025997533,-0.9518190833045062,0.6129329359812908,0.0,0.0
2006-12-12 00:00:00+07:00,-0.9517409017260038,-0.9526462815590451,-0.9516410278906201,-0.9518190833045062,0.4027861335932514,0.0,0.0
2006-12-13 00:00:00+07:00,-0.9493417516649282,-0.9514565646086874,-0.9504316086018068,-0.9494195617239592,0.4172761586357602,0.0,0.0
2006-12-14 00:00:00+07:00,-0.9493417516649282,-0.9502668543228923,-0.9480127831793876,-0.9494195617239592,0.4199546501254823,0.0,0.0
2006-12-15 00:00:00+07:00,-0.9493417516649282,-0.9502668543228923,-0.9480127831793876,-0.9494195617239592,0.261542198268007,0.0,0.0
2006-12-18 00:00:00+07:00,-0.9505413057235079,-0.9514565469391649,-0.9492221782738811,-0.9506193015390271,0.2603377261226588,0.0,0.0
2006-12-19 00:00:00+07:00,-0.9541400308151213,-0.9526462670666511,-0.9540598391642541,-0.9542185839098474,0.5881892808559074,0.0,0.0
2006-12-20 00:00:00+07:00,-0.9517409017260038,-0.9526462815590451,-0.9504316152451868,-0.9518190833045062,0.4553812981313071,0.0,0.0
2006-12-21 00:00:00+07:00,-0.9505413057235079,-0.9526462573948594,-0.9492221782738811,-0.9506193015390271,-0.01960199066179529,0.0,0.0
2006-12-22 00:00:00+07:00,-0.9505413057235079,-0.9514565469391649,-0.9492221782738811,-0.9506193015390271,-0.19323426467563173,0.0,0.0
2006-12-26 00:00:00+07:00,-0.9517409017260038,-0.9526462815590451,-0.9492222025997533,-0.9518190833045062,0.2956905587503751,0.0,0.0
2006-12-27 00:00:00+07:00,-0.9517408775980715,-0.9526462573948594,-0.9492221782738811,-0.9506193015390271,-0.09986946745099413,0.0,0.0
2006-12-28 00:00:00+07:00,-0.9505413233681842,-0.9514565646086874,-0.9492221958905971,-0.9494195617239592,0.24211944981374253,0.0,0.0
2006-12-29 00:00:00+07:00,-0.9493417516649282,-0.9514565646086874,-0.9492221958905971,-0.9494195617239592,-6.175100444806386,0.0,0.0
2007-01-02 00:00:00+07:00,-0.9481422080923275,-0.9502668822222916,-0.9480128110006026,-0.9482198323964943,0.13795584308581066,0.0,0.0
2007-01-03 00:00:00+07:00,-0.9505413057235079,-0.9502668364834705,-0.9480127653899586,-0.9506193015390271,0.28482429779203106,0.0,0.0
2007-01-04 00:00:00+07:00,-0.9493417516649282,-0.9514565646086874,-0.9492221958905971,-0.9494195617239592,0.3309539209038198,0.0,0.0
2007-01-05 00:00:00+07:00,-0.9493417516649282,-0.9514565646086874,-0.9480127831793876,-0.9494195617239592,0.10581328126662715,0.0,0.0
2007-01-08 00:00:00+07:00,-0.9481422080923275,-0.9502668822222916,-0.9480128110006026,-0.9482198323964943,0.33694025405484157,0.0,0.0
2007-01-09 00:00:00+07:00,-0.9493417516649282,-0.9502668543228923,-0.9492221958905971,-0.9494195617239592,0.4171952819690002,0.0,0.0
2007-01-10 00:00:00+07:00,-0.951740883108041,-0.9538359733152272,-0.9564786608058125,-0.9566180950027915,0.7312566067972924,0.0,0.0
2007-01-11 00:00:00+07:00,-0.9583385748799407,-0.9568102971367316,-0.9570834138745249,-0.9584177781386131,0.504753011440514,0.0,0.0
2007-01-12 00:00:00+07:00,-0.9589382994793354,-0.9597845107431442,-0.9613162980636065,-0.9590175956081328,0.4648183534803609,0.0,0.0
2007-01-15 00:00:00+07:00,-0.9541400308151213,-0.9562153981520319,-0.956478664741187,-0.9542185839098474,0.40339683745821675,0.0,0.0
2007-01-16 00:00:00+07:00,-0.9517409017260038,-0.9526462815590451,-0.9516410278906201,-0.9518190833045062,0.32279949623840737,0.0,0.0
2007-01-17 00:00:00+07:00,-0.9529404767565416,-0.9526462849903049,-0.9504316186655408,-0.9530188440947797,0.30971586531762413,0.0,0.0
2007-01-18 00:00:00+07:00,-0.9493417516649282,-0.9514565646086874,-0.9504316086018068,-0.9494195617239592,0.2064192419037677,0.0,0.0
2007-01-19 00:00:00+07:00,-0.9481422080923275,-0.9502668822222916,-0.9480128110006026,-0.9482198323964943,0.36551075315612025,0.0,0.0
2007-01-22 00:00:00+07:00,-0.944543462028756,-0.9466977206655669,-0.9468033677272885,-0.9446205290504682,0.7403783205252187,0.0,0.0
2007-01-23 00:00:00+07:00,-0.9469425806318945,-0.9478874060934067,-0.9468033431405464,-0.9470200191682067,0.5576689026182271,0.0,0.0
2007-01-24 00:00:00+07:00,-0.9469425806318945,-0.9478874060934067,-0.9480127561145214,-0.9470200191682067,0.4805554779088881,0.0,0.0
2007-01-25 00:00:00+07:00,-0.9493417516649282,-0.949077144037097,-0.9480127831793876,-0.9494195617239592,0.21288457082132553,0.0,0.0
2007-01-26 00:00:00+07:00,-0.9505413057235079,-0.9526462573948594,-0.9516410040417258,-0.9506193015390271,0.3261263000934802,0.0,0.0
2007-01-29 00:00:00+07:00,-0.9529404767565416,-0.9526462849903049,-0.9516410312771093,-0.9530188440947797,0.5391056916334627,0.0,0.0
2007-01-30 00:00:00+07:00,-0.9505413057235079,-0.9514565469391649,-0.9504315911578034,-0.9506193015390271,0.21364803416885875,0.0,0.0
2007-01-31 00:00:00+07:00,-0.9517409017260038,-0.9526462815590451,-0.9504316152451868,-0.9518190833045062,0.2401396893743422,0.0,0.0
2007-02-01 00:00:00+07:00,-0.9481422080923275,-0.9502668822222916,-0.9492222234417033,-0.9482198323964943,0.4304668987508884,0.0,0.0
2007-02-02 00:00:00+07:00,-0.9433439079701763,-0.9455080278793949,-0.9455939721517178,-0.9434207892354004,0.7052604410148854,0.0,0.0
2007-02-05 00:00:00+07:00,-0.9469425806318945,-0.9466976955491265,-0.9455939301665712,-0.9470200191682067,0.17549507068642453,0.0,0.0
2007-02-06 00:00:00+07:00,-0.9505413057235079,-0.949077126027776,-0.9480127653899586,-0.9506193015390271,0.08251711857840441,0.0,0.0
2007-02-07 00:00:00+07:00,-0.9493417516649282,-0.9514565646086874,-0.9492221958905971,-0.9494195617239592,0.33688930537006156,0.0,0.0
2007-02-08 00:00:00+07:00,-0.9529404767565416,-0.9514565748025274,-0.9516410312771093,-0.9530188440947797,0.3893129530585079,0.0,0.0
2007-02-09 00:00:00+07:00,-0.9541400308151213,-0.9550256877902383,-0.9540598391642541,-0.9542185839098474,0.5041079214231419,0.0,0.0
2007-02-12 00:00:00+07:00,-0.9541400308151213,-0.9562153981520319,-0.9552692519527206,-0.9542185839098474,-0.11133144002172701,0.0,0.0
2007-02-13 00:00:00+07:00,-0.9541400308151213,-0.9562153981520319,-0.9528504263757877,-0.9542185839098474,-0.021882594792308245,0.0,0.0
2007-02-14 00:00:00+07:00,-0.9529404767565416,-0.95502570536586,-0.9516410312771093,-0.9530188440947797,0.30033448611157115,0.0,0.0
2007-02-15 00:00:00+07:00,-0.9493417516649282,-0.9514565646086874,-0.9492221958905971,-0.9494195617239592,0.5279346082705726,0.0,0.0
2007-02-16 00:00:00+07:00,-0.9481422080923275,-0.9502668822222916,-0.9480128110006026,-0.9482198323964943,0.45321854166005815,0.0,0.0
2007-02-19 00:00:00+07:00,-0.9493417516649282,-0.9514565646086874,-0.9480127831793876,-0.9494195617239592,-0.39380533103288895,0.0,0.0
2007-02-20 00:00:00+07:00,-0.9493417516649282,-0.9514565646086874,-0.9480127831793876,-0.9494195617239592,-0.7083116026244037,0.0,0.0
2007-02-21 00:00:00+07:00,-0.9481422080923275,-0.9502668822222916,-0.9480128110006026,-0.9482198323964943,0.15366844517809305,0.0,0.0
2007-02-22 00:00:00+07:00,-0.9505413057235079,-0.9502668364834705,-0.9492221782738811,-0.9506193015390271,0.1174521517191362,0.0,0.0
2007-02-23 00:00:00+07:00,-0.9529404767565416,-0.9526462849903049,-0.9516410312771093,-0.9530188440947797,0.5814975269997632,0.0,0.0
2007-02-26 00:00:00+07:00,-0.9553396163316381,-0.9550257016891714,-0.9528504402251123,-0.9554183551877238,0.1660880488526037,0.0,0.0
2007-02-27 00:00:00+07:00,-0.9553396163316381,-0.9562154119133518,-0.9534551465493994,-0.9554183551877238,0.2972644725578857,0.0,0.0
2007-02-28 00:00:00+07:00,-0.955939403846907,-0.9579999789303942,-0.9588975050985321,-0.9560182355828605,0.6541498892528522,0.0,0.0
2007-03-01 00:00:00+07:00,-0.9553396163316381,-0.9556205568012616,-0.9540598528736867,-0.9554183551877238,0.3909087259471554,0.0,0.0
2007-03-02 00:00:00+07:00,-0.9577387139628185,-0.9574050759282178,-0.9552692194966695,-0.9578178243302564,0.7308384793296471,0.0,0.0
2007-03-05 00:00:00+07:00,-0.9589382994793354,-0.9603793660193721,-0.957083352625604,-0.9590175956081328,0.412902142112648,0.0,0.0
2007-03-06 00:00:00+07:00,-0.955939403846907,-0.9579999789303942,-0.9552692672048481,-0.9560182355828605,0.23784385819469875,0.0,0.0
2007-03-07 00:00:00+07:00,-0.955939403846907,-0.9574051238268358,-0.9546645608892342,-0.9560182355828605,0.326598969574723,0.0,0.0
2007-03-08 00:00:00+07:00,-0.9547398393023483,-0.9568102757444462,-0.9540598616034645,-0.9548184852801899,0.18263520929075447,0.0,0.0
2007-03-09 00:00:00+07:00,-0.9553396163316381,-0.9562154119133518,-0.9528504402251123,-0.9554183551877238,-0.12800205632090103,0.0,0.0
2007-03-12 00:00:00+07:00,-0.9517409017260038,-0.9532411366695905,-0.9522457342133369,-0.9518190833045062,0.3450471293812966,0.0,0.0
2007-03-13 00:00:00+07:00,-0.9481422080923275,-0.9502668822222916,-0.9492222234417033,-0.9482198323964943,0.5491135800491919,0.0,0.0
2007-03-14 00:00:00+07:00,-0.9517409017260038,-0.9538359917801358,-0.9504316152451868,-0.9518190833045062,0.22451628150304717,0.0,0.0
2007-03-15 00:00:00+07:00,-0.9529404767565416,-0.9526462849903049,-0.9504316186655408,-0.9530188440947797,0.1131149245048655,0.0,0.0
2007-03-16 00:00:00+07:00,-0.9541400308151213,-0.9538359774284448,-0.9528504263757877,-0.9542185839098474,-0.04182092637869509,0.0,0.0
2007-03-20 00:00:00+07:00,-0.9541400308151213,-0.9550256877902383,-0.9540598391642541,-0.9542185839098474,-0.18869889836374318,0.0,0.0
2007-03-21 00:00:00+07:00,-0.9529404767565416,-0.9538359951780825,-0.952850443888678,-0.9530188440947797,-0.15565901487574643,0.0,0.0
2007-03-22 00:00:00+07:00,-0.9493417516649282,-0.9502668543228923,-0.9492221958905971,-0.9494195617239592,0.45492805258366037,0.0,0.0
2007-03-23 00:00:00+07:00,-0.9505413057235079,-0.9514565469391649,-0.9492221782738811,-0.9506193015390271,0.08709392769572805,0.0,0.0
2007-03-26 00:00:00+07:00,-0.9505413057235079,-0.9526462573948594,-0.9492221782738811,-0.9506193015390271,-0.35462273548663603,0.0,0.0
2007-03-27 00:00:00+07:00,-0.9505413057235079,-0.9514565469391649,-0.9492221782738811,-0.9506193015390271,0.296235080410153,0.0,0.0
2007-03-28 00:00:00+07:00,-0.9505413057235079,-0.9526462573948594,-0.9492221782738811,-0.9506193015390271,0.030089947782914832,0.0,0.0
2007-03-29 00:00:00+07:00,-0.9517409017260038,-0.9526462815590451,-0.9504316152451868,-0.9518190833045062,0.22129843828246631,0.0,0.0
2007-03-30 00:00:00+07:00,-0.9517409017260038,-0.9526462815590451,-0.9492222025997533,-0.9518190833045062,0.4250726360761333,0.0,0.0
2007-04-02 00:00:00+07:00,-0.9481422080923275,-0.9502668822222916,-0.9480128110006026,-0.9482198323964943,0.30830810081204363,0.0,0.0
2007-04-03 00:00:00+07:00,-0.9433439079701763,-0.9455080278793949,-0.9455939721517178,-0.9434207892354004,0.6448098768724916,0.0,0.0
2007-04-04 00:00:00+07:00,-0.9433439079701763,-0.9431286075775235,-0.941965734429368,-0.9434207892354004,0.5426617564688861,0.0,0.0
2007-04-05 00:00:00+07:00,-0.9469425806318945,-0.9443182744605662,-0.9455939301665712,-0.9470200191682067,0.4388703239801381,0.0,0.0
2007-04-09 00:00:00+07:00,-0.9457430370592939,-0.9466977239701687,-0.9455939582557378,-0.9458202898407416,0.31968155291845446,0.0,0.0
2007-04-10 00:00:00+07:00,-0.944543462028756,-0.9443183000421258,-0.9443845422521601,-0.9446205290504682,0.3870047415512652,0.0,0.0
2007-04-11 00:00:00+07:00,-0.9457430370592939,-0.9443183034079239,-0.9443845455492785,-0.9458202898407416,0.42733860948594343,0.0,0.0
2007-04-12 00:00:00+07:00,-0.9457430370592939,-0.9466977239701687,-0.9455939582557378,-0.9458202898407416,0.13120871870759304,0.0,0.0
2007-04-13 00:00:00+07:00,-0.9469425806318945,-0.9478874060934067,-0.9455939301665712,-0.9470200191682067,0.15198135351029113,0.0,0.0
2007-04-16 00:00:00+07:00,-0.9469425806318945,-0.9478874060934067,-0.944384517192596,-0.9470200191682067,0.3853022595038951,0.0,0.0
2007-04-17 00:00:00+07:00,-0.9457430370592939,-0.9478874342512911,-0.9443845455492785,-0.9458202898407416,0.28125498153533157,0.0,0.0
2007-04-18 00:00:00+07:00,-0.9481422080923275,-0.9478874621821184,-0.9468033985595021,-0.9482198323964943,0.328274386551914,0.0,0.0
2007-04-19 00:00:00+07:00,-0.9505413057235079,-0.949077126027776,-0.9492221782738811,-0.9506193015390271,0.2783729061728135,0.0,0.0
2007-04-20 00:00:00+07:00,-0.9481421804563828,-0.9478874342512911,-0.946803370962197,-0.9458202898407416,0.11974340272778497,0.0,0.0
2007-04-23 00:00:00+07:00,-0.9457430370592939,-0.9466977239701687,-0.9443845455492785,-0.9458202898407416,0.41563472768339454,0.0,0.0
2007-04-24 00:00:00+07:00,-0.9457430370592939,-0.9478874342512911,-0.9443845455492785,-0.9458202898407416,0.18799344947363916,0.0,0.0
2007-04-25 00:00:00+07:00,-0.944543462028756,-0.9466977206655669,-0.9431751295145958,-0.9446205290504682,0.04650596732511532,0.0,0.0
2007-04-26 00:00:00+07:00,-0.9457430370592939,-0.9455080136890462,-0.9431751328428192,-0.9458202898407416,0.40913528870908883,0.0,0.0
2007-04-27 00:00:00+07:00,-0.9433439079701763,-0.9443183177284592,-0.9431751470034846,-0.9434207892354004,0.510196216084479,0.0,0.0
2007-04-30 00:00:00+07:00,-0.9469425806318945,-0.9455079850048465,-0.9455939301665712,-0.9470200191682067,0.45585204749330455,0.0,0.0
2007-05-01 00:00:00+07:00,-0.9469425806318945,-0.9478874060934067,-0.944384517192596,-0.9470200191682067,0.16109729380837098,0.0,0.0
2007-05-02 00:00:00+07:00,-0.9469425806318945,-0.9478874060934067,-0.944384517192596,-0.9470200191682067,0.29315738079810744,0.0,0.0
2007-05-03 00:00:00+07:00,-0.9469425806318945,-0.9455079850048465,-0.944384517192596,-0.9470200191682067,0.10635760303797258,0.0,0.0
2007-05-04 00:00:00+07:00,-0.9457430337581523,-0.9466977206655669,-0.9443845422521601,-0.9446205290504682,0.19956677730091796,0.0,0.0
2007-05-07 00:00:00+07:00,-0.9433439079701763,-0.9455080278793949,-0.9431751470034846,-0.9434207892354004,0.05059324723472308,0.0,0.0
2007-05-08 00:00:00+07:00,-0.944543462028756,-0.9455080103538465,-0.9431751295145958,-0.9446205290504682,0.11004634473600654,0.0,0.0
2007-05-09 00:00:00+07:00,-0.9433439079701763,-0.9455080278793949,-0.9443845595776013,-0.9434207892354004,0.3306946752915584,0.0,0.0
2007-05-10 00:00:00+07:00,-0.944543462028756,-0.9455080103538465,-0.9431751295145958,-0.9446205290504682,0.4029125741658094,0.0,0.0
2007-05-11 00:00:00+07:00,-0.9481422080923275,-0.9466977521620317,-0.9455939861184015,-0.9482198323964943,0.20107616140971873,0.0,0.0
2007-05-14 00:00:00+07:00,-0.9433439079701763,-0.9443183177284592,-0.9443845595776013,-0.9434207892354004,0.49240083652139666,0.0,0.0
2007-05-15 00:00:00+07:00,-0.9433439079701763,-0.9455080278793949,-0.941965734429368,-0.9434207892354004,0.17387016308481515,0.0,0.0
2007-05-16 00:00:00+07:00,-0.9409447264511636,-0.9431285695086183,-0.9407562838531843,-0.9410212361920449,0.46879813297329626,0.0,0.0
2007-05-21 00:00:00+07:00,-0.9421442909957224,-0.9431285621342317,-0.9419656894820406,-0.9422209864947155,0.349669819275997,0.0,0.0
2007-05-22 00:00:00+07:00,-0.9421442909957224,-0.9431285621342317,-0.940756276491745,-0.9422209864947155,0.3022817847962807,0.0,0.0
2007-05-23 00:00:00+07:00,-0.9409447264511636,-0.9407491485208207,-0.9395468709304249,-0.9410212361920449,0.7566869482445481,0.0,0.0
2007-05-24 00:00:00+07:00,-0.9421442909957224,-0.9443182726945665,-0.9419656894820406,-0.9422209864947155,0.3627547095204084,0.0,0.0
2007-05-25 00:00:00+07:00,-0.9457430370592939,-0.9466977239701687,-0.9443845455492785,-0.9458202898407416,0.49577231282338513,0.0,0.0
2007-05-28 00:00:00+07:00,-0.9421442909957224,-0.9443182726945665,-0.9431751024723362,-0.9422209864947155,0.2176558644762314,0.0,0.0
2007-05-29 00:00:00+07:00,-0.9457430370592939,-0.9443183034079239,-0.9431751328428192,-0.9458202898407416,0.008956167596607128,0.0,0.0
2007-05-30 00:00:00+07:00,-0.9469425806318945,-0.9466976955491265,-0.9468033431405464,-0.9470200191682067,0.4906209096549022,0.0,0.0
2007-05-31 00:00:00+07:00,-0.9457430652216376,-0.9478874621821184,-0.9480128110006026,-0.9482198323964943,0.7152092232700494,0.0,0.0
2007-06-04 00:00:00+07:00,-0.9469425806318945,-0.949077116637687,-0.9468033431405464,-0.9470200191682067,0.731248413051302,0.0,0.0
2007-06-05 00:00:00+07:00,-0.944543462028756,-0.9466977206655669,-0.9455939549897242,-0.9446205290504682,0.6223395430712746,0.0,0.0
2007-06-06 00:00:00+07:00,-0.944543462028756,-0.9466977206655669,-0.9431751295145958,-0.9446205290504682,0.6121720658277724,0.0,0.0
2007-06-07 00:00:00+07:00,-0.9421442909957224,-0.9443182726945665,-0.9431751024723362,-0.9422209864947155,0.6469675639049934,0.0,0.0
2007-06-08 00:00:00+07:00,-0.944543462028756,-0.9455080103538465,-0.9431751295145958,-0.9446205290504682,0.8511411991073479,0.0,0.0
2007-06-11 00:00:00+07:00,-0.9441757711736204,-0.943901856633499,-0.944066467640529,-0.9442527812567049,0.6214979013698229,11.5,0.0
2007-06-12 00:00:00+07:00,-0.942950054597329,-0.945117412289264,-0.9428306963732911,-0.9430268748725386,0.3946183407472544,0.0,0.0
2007-06-13 00:00:00+07:00,-0.942950054597329,-0.945117412289264,-0.9428306963732911,-0.9430268748725386,0.2702291720083557,0.0,0.0
2007-06-14 00:00:00+07:00,-0.942950054597329,-0.945117412289264,-0.941594966886999,-0.9430268748725386,0.08678021281750165,0.0,0.0
2007-06-15 00:00:00+07:00,-0.942950054597329,-0.945117412289264,-0.941594966886999,-0.9430268748725386,0.6069043014952853,0.0,0.0
2007-06-18 00:00:00+07:00,-0.9417244114228908,-0.9439018448601675,-0.9415949977247539,-0.9418010419015922,0.602090523119934,0.0,0.0
2007-06-19 00:00:00+07:00,-0.942950054597329,-0.9439018139524218,-0.941594966886999,-0.9430268748725386,0.38654125449047344,0.0,0.0
2007-06-20 00:00:00+07:00,-0.942950054597329,-0.945117412289264,-0.941594966886999,-0.9430268748725386,0.30441408706478706,0.0,0.0
2007-06-21 00:00:00+07:00,-0.942950054597329,-0.945117412289264,-0.9428306963732911,-0.9430268748725386,0.5757013469565434,0.0,0.0
2007-06-22 00:00:00+07:00,-0.942950054597329,-0.945117412289264,-0.9428306963732911,-0.9430268748725386,0.11750004046468063,0.0,0.0
2007-06-25 00:00:00+07:00,-0.942950054597329,-0.945117412289264,-0.9428306963732911,-0.9430268748725386,0.3020847291654352,0.0,0.0
2007-06-26 00:00:00+07:00,-0.942950054597329,-0.945117412289264,-0.941594966886999,-0.9430268748725386,0.3931695786148659,0.0,0.0
2007-06-27 00:00:00+07:00,-0.942950054597329,-0.945117412289264,-0.9428306963732911,-0.9430268748725386,0.36691567868984015,0.0,0.0
2007-06-28 00:00:00+07:00,-0.9441757711736204,-0.945117454575146,-0.9415950094714246,-0.9442527812567049,0.5020228780371714,0.0,0.0
2007-06-29 00:00:00+07:00,-0.9441757691533859,-0.9414706586709695,-0.9415950074346165,-0.9405751879554402,0.9334847529692804,0.0,0.0
2007-07-02 00:00:00+07:00,-0.939273041186182,-0.9402550285535145,-0.9378877880228671,-0.9393492920588766,0.46745326340142535,0.0,0.0
2007-07-03 00:00:00+07:00,-0.939273098678274,-0.9341770974318735,-0.9366521165883439,-0.9319941683819642,1.0578525183407708,0.0,0.0
2007-07-04 00:00:00+07:00,-0.9331446470523473,-0.9329614159669712,-0.9317091181659182,-0.9332199489148963,0.5784843869576399,0.0,0.0
2007-07-05 00:00:00+07:00,-0.9331446470523473,-0.9341770144145305,-0.9317091181659182,-0.9332199489148963,0.2593520302293444,0.0,0.0
2007-07-06 00:00:00+07:00,-0.9343703531426598,-0.9366082426898427,-0.9354163380228471,-0.9344458448114599,0.632076433121859,0.0,0.0
2007-07-09 00:00:00+07:00,-0.9306933292455338,-0.9329614468045683,-0.9329448780413132,-0.930768251510195,0.6873596251824406,0.0,0.0
2007-07-10 00:00:00+07:00,-0.9294676441271794,-0.9317458377763673,-0.930473408635964,-0.9295423765888373,0.5876076288856633,0.0,0.0
2007-07-11 00:00:00+07:00,-0.9306933292455338,-0.9329614468045683,-0.9304734193794965,-0.930768251510195,0.35304222533018115,0.0,0.0
2007-07-12 00:00:00+07:00,-0.9319190563078044,-0.9317459019680888,-0.929237743360401,-0.9319941683819642,0.31621109367635436,0.0,0.0
2007-07-13 00:00:00+07:00,-0.9306933292455338,-0.9317458486205783,-0.9304734193794965,-0.930768251510195,0.3327116826822779,0.0,0.0
2007-07-16 00:00:00+07:00,-0.9331446470523473,-0.9317458175194122,-0.9304733885670757,-0.9332199489148963,0.05423115865467268,0.0,0.0
2007-07-17 00:00:00+07:00,-0.9294676441271794,-0.9305302395004774,-0.930473408635964,-0.9295423765888373,0.22780922680101207,0.0,0.0
2007-07-18 00:00:00+07:00,-0.9294676441271794,-0.9317458377763673,-0.928001949787303,-0.9295423765888373,0.2743401340330788,0.0,0.0
2007-07-19 00:00:00+07:00,-0.9282420324106784,-0.929314703792105,-0.9280020118008901,-0.9283165750806994,0.16109729380837098,0.0,0.0
2007-07-20 00:00:00+07:00,-0.9221136068189066,-0.9232366581965158,-0.9242947696644075,-0.9221872004739107,0.6349634798247148,0.0,0.0
2007-07-23 00:00:00+07:00,-0.9233393012488103,-0.9220210805306847,-0.921823331172073,-0.9209613570153614,0.511848122008255,0.0,0.0
2007-07-24 00:00:00+07:00,-0.9196623204700302,-0.9183743283858782,-0.9193519138248716,-0.9197355345320178,0.6109349846375876,0.0,0.0
2007-07-25 00:00:00+07:00,-0.9208879411979195,-0.9159430778688658,-0.9193518608285085,-0.9172837532264938,0.7329730290044773,0.0,0.0
2007-07-26 00:00:00+07:00,-0.9172109099806922,-0.9195898635692787,-0.9205875815951685,-0.9221872004739107,0.5836088346136872,0.0,0.0
2007-07-27 00:00:00+07:00,-0.9270163347603002,-0.9256678862333477,-0.926766259212937,-0.9234130963704741,0.5632399661386852,0.0,0.0
2007-07-30 00:00:00+07:00,-0.923339250165246,-0.9256678240051793,-0.9242947393069354,-0.924638897878612,0.5337819868059567,0.0,0.0
2007-07-31 00:00:00+07:00,-0.9233393416208283,-0.9220211215474017,-0.9218233715443732,-0.9197355345320178,0.5007531022533119,0.0,0.0
2007-08-01 00:00:00+07:00,-0.9270163263203659,-0.9244522796317614,-0.9255305216795796,-0.927090679184136,0.6781849212650094,0.0,0.0
2007-08-02 00:00:00+07:00,-0.9245649246257202,-0.9256678240051793,-0.9292376577445031,-0.924638897878612,0.7210125736131543,0.0,0.0
2007-08-03 00:00:00+07:00,-0.923339312909219,-0.9244522882813312,-0.92429480102275,-0.9234130963704741,0.6171337260829858,0.0,0.0
2007-08-06 00:00:00+07:00,-0.9172109187753844,-0.9159430778688658,-0.9193518608285085,-0.9172837532264938,0.680449243538034,0.0,0.0
2007-08-07 00:00:00+07:00,-0.9306933292455338,-0.9293146522525985,-0.9280019607176796,-0.930768251510195,0.4684667652172598,0.0,0.0
2007-08-08 00:00:00+07:00,-0.9306933566113815,-0.9256678862333477,-0.9280019883080304,-0.9234130963704741,0.846331544178761,0.0,0.0
2007-08-09 00:00:00+07:00,-0.923339312909219,-0.9244522882813312,-0.92429480102275,-0.9234130963704741,0.3131150719740112,0.0,0.0
2007-08-10 00:00:00+07:00,-0.9270163263203659,-0.9293146717188461,-0.9280019800115862,-0.927090679184136,0.1086737888451702,0.0,0.0
2007-08-13 00:00:00+07:00,-0.9257906621739697,-0.9280990834901973,-0.9267662605540606,-0.925864825237984,-4.9812804505728,0.0,0.0
2007-08-14 00:00:00+07:00,-0.9282420324106784,-0.9305303015465991,-0.9280020118008901,-0.9283165750806994,-0.04076240515432349,0.0,0.0
2007-08-15 00:00:00+07:00,-0.9380473770397857,-0.9317458514553522,-0.9354163394139002,-0.9381234381127246,0.6028144817132719,0.0,0.0
2007-08-16 00:00:00+07:00,-0.9404987472764944,-0.9426862566315188,-0.942830736538384,-0.9405751879554402,0.7412710964588164,0.0,0.0
2007-08-20 00:00:00+07:00,-0.9368217128933894,-0.9329614599899987,-0.9366520786358926,-0.9368975841665725,0.8447035708423498,0.0,0.0
2007-08-21 00:00:00+07:00,-0.9380473770397857,-0.9366082440952177,-0.9354163394139002,-0.9381234381127246,0.501737582574961,0.0,0.0
2007-08-22 00:00:00+07:00,-0.9331446470523473,-0.9341770144145305,-0.9354163069624457,-0.9332199489148963,0.39526508845400377,0.0,0.0
2007-08-23 00:00:00+07:00,-0.9294676441271794,-0.9317458377763673,-0.930473408635964,-0.9295423765888373,0.6108770693074574,0.0,0.0
2007-08-24 00:00:00+07:00,-0.9270163263203659,-0.9293146717188461,-0.9304734383435925,-0.927090679184136,0.4131681864850864,0.0,0.0
2007-08-27 00:00:00+07:00,-0.9270163263203659,-0.9280990736970749,-0.9255305216795796,-0.927090679184136,0.30216919525608166,0.0,0.0
2007-08-28 00:00:00+07:00,-0.9257906621739697,-0.9280990834901973,-0.9255305314703327,-0.925864825237984,0.2644411227191886,0.0,0.0
2007-08-29 00:00:00+07:00,-0.9306933292455338,-0.9317458486205783,-0.9304734193794965,-0.930768251510195,0.6613972539231244,0.0,0.0
2007-08-30 00:00:00+07:00,-0.9294676441271794,-0.9293146412245873,-0.9267662203629726,-0.9295423765888373,0.2893518751744267,0.0,0.0
2007-08-31 00:00:00+07:00,-0.9270163263203659,-0.9280990736970749,-0.926766250845583,-0.927090679184136,0.42690625987044906,0.0,0.0
2007-09-03 00:00:00+07:00,-0.9257906621739697,-0.9268834855493611,-0.9255305314703327,-0.925864825237984,0.1070491458727404,0.0,0.0
2007-09-04 00:00:00+07:00,-0.9257906621739697,-0.9280990834901973,-0.9255305314703327,-0.925864825237984,0.0012148911373535394,0.0,0.0
2007-09-05 00:00:00+07:00,-0.9245649246257202,-0.926883422463116,-0.9242947393069354,-0.924638897878612,0.30160569995529407,0.0,0.0
2007-09-06 00:00:00+07:00,-0.9257906621739697,-0.9280990834901973,-0.9255305314703327,-0.925864825237984,-0.08335535971511825,0.0,0.0
2007-09-07 00:00:00+07:00,-0.9257906621739697,-0.9280990834901973,-0.9242948023866046,-0.925864825237984,-0.005541021929894563,0.0,0.0
2007-09-10 00:00:00+07:00,-0.9294676441271794,-0.9305302395004774,-0.9292376792116336,-0.9295423765888373,0.5365329420224291,0.0,0.0
2007-09-11 00:00:00+07:00,-0.9306933292455338,-0.9317458486205783,-0.929237690048588,-0.930768251510195,0.28161356676520266,0.0,0.0
2007-09-12 00:00:00+07:00,-0.9306933292455338,-0.9305302504365883,-0.929237690048588,-0.930768251510195,0.41886962954019785,0.0,0.0
2007-09-13 00:00:00+07:00,-0.9282420324106784,-0.929314703792105,-0.9280020118008901,-0.9283165750806994,0.23100218606448344,0.0,0.0
2007-09-14 00:00:00+07:00,-0.9270163263203659,-0.9293146717188461,-0.926766250845583,-0.927090679184136,-0.02656164719228448,0.0,0.0
2007-09-17 00:00:00+07:00,-0.9282420324106784,-0.9280991060376111,-0.9280020118008901,-0.9283165750806994,0.16471122191101084,0.0,0.0
2007-09-18 00:00:00+07:00,-0.9282420324106784,-0.9305303015465991,-0.9280020118008901,-0.9283165750806994,0.04485750467573218,0.0,0.0
2007-09-19 00:00:00+07:00,-0.923339312909219,-0.9256678862333477,-0.9230590719276566,-0.9234130963704741,0.515220101411772,0.0,0.0
2007-09-20 00:00:00+07:00,-0.923339312909219,-0.9208054944252815,-0.9205876137374698,-0.9234130963704741,0.5830445618858926,0.0,0.0
2007-09-21 00:00:00+07:00,-0.9196623204700302,-0.9220211215474017,-0.9205876426846225,-0.9197355345320178,0.23117487910318987,0.0,0.0
2007-09-24 00:00:00+07:00,-0.9196622670570744,-0.9195898722916716,-0.9181161315413677,-0.9172837532264938,0.23006815839434355,0.0,0.0
2007-09-25 00:00:00+07:00,-0.9172109509764224,-0.9171587084451264,-0.9156447051786596,-0.9185096491230572,0.19975580908674223,0.0,0.0
2007-09-26 00:00:00+07:00,-0.9172109187753844,-0.9195898722916716,-0.9156446729670862,-0.9172837532264938,-0.22163696816744236,0.0,0.0
2007-09-27 00:00:00+07:00,-0.9172109187753844,-0.917158676009801,-0.9144089436799454,-0.9172837532264938,0.12399921638928335,0.0,0.0
2007-09-28 00:00:00+07:00,-0.923339312909219,-0.9183742985212482,-0.9205876137374698,-0.9234130963704741,0.33609864446293414,0.0,0.0
2007-10-01 00:00:00+07:00,-0.9196623204700302,-0.9220211215474017,-0.9193519138248716,-0.9197355345320178,-0.08012771936190607,0.0,0.0
2007-10-02 00:00:00+07:00,-0.9172108974782797,-0.9171586545577435,-0.9156446516630136,-0.9160578678175332,0.47204274722694345,0.0,0.0
2007-10-03 00:00:00+07:00,-0.9159852231710509,-0.9135118596398901,-0.9144089222081242,-0.9160578678175332,0.6903218188551894,0.0,0.0
2007-10-04 00:00:00+07:00,-0.9086311858627781,-0.9062182785199303,-0.9131732009759043,-0.9087026917026065,0.7336572320683632,0.0,0.0
2007-10-05 00:00:00+07:00,-0.9061798156260694,-0.9074338550358276,-0.9057588030220032,-0.906250941859891,0.40589165616733297,0.0,0.0
2007-10-08 00:00:00+07:00,-0.9049542039095683,-0.9062183192565734,-0.9045231357553717,-0.9050251403517532,0.4774237183665483,0.0,0.0
2007-10-09 00:00:00+07:00,-0.9061798156260694,-0.9074338550358276,-0.9057588030220032,-0.906250941859891,0.22119184672898007,0.0,0.0
2007-10-10 00:00:00+07:00,-0.8976001666012955,-0.9001403358359792,-0.9032874127844605,-0.8976699642368265,0.698727163876582,0.0,0.0
2007-10-11 00:00:00+07:00,-0.8963745234268573,-0.8989247684068827,-0.897108797882618,-0.8964441312658801,0.24541629779552115,0.0,0.0
2007-10-17 00:00:00+07:00,-0.8988258708113633,-0.8989247684068827,-0.897108797882618,-0.8964441312658801,0.38225240009533573,0.0,0.0
2007-10-18 00:00:00+07:00,-0.9000515473239832,-0.8989247712631593,-0.8983445295409663,-0.9001217245671449,0.2509403828748917,0.0,0.0
2007-10-19 00:00:00+07:00,-0.9000515081155398,-0.9025715254060378,-0.9045231357553717,-0.9050251403517532,0.2447527832335609,0.0,0.0
2007-10-22 00:00:00+07:00,-0.9110825566555616,-0.9110806939469839,-0.9107017643432022,-0.9123803059790769,0.2591609271465623,0.0,0.0
2007-10-23 00:00:00+07:00,-0.9061798156260694,-0.9086494534365201,-0.9057588030220032,-0.906250941859891,0.6219582512928036,0.0,0.0
2007-10-24 00:00:00+07:00,-0.9049541959277037,-0.9062183112829618,-0.908230315279271,-0.90992858759917,0.4888976403719346,0.0,0.0
2007-10-25 00:00:00+07:00,-0.9025028127009015,-0.9037870800937937,-0.9057588227411599,-0.9025733695338319,0.41031295340024043,0.0,0.0
2007-10-26 00:00:00+07:00,-0.9000515473239832,-0.8977091735868267,-0.8971088007261223,-0.9001217245671449,0.35179970914334374,0.0,0.0
2007-10-29 00:00:00+07:00,-0.8976001666012955,-0.8964935421173248,-0.8946373094447048,-0.8976699642368265,0.3657453020451814,0.0,0.0
2007-10-30 00:00:00+07:00,-0.897600123795518,-0.8952779005779518,-0.8946372662877586,-0.8952181934189053,0.3912139292592165,0.0,0.0
2007-10-31 00:00:00+07:00,-0.8951487753926286,-0.8977090969800252,-0.8946372662877586,-0.8952181934189053,0.05958934712931719,0.0,0.0
2007-11-01 00:00:00+07:00,-0.8926974152900206,-0.8916310941360968,-0.890930066527046,-0.8915405896300377,0.5788402324953849,0.0,0.0
2007-11-02 00:00:00+07:00,-0.8963744495940732,-0.8928467041758783,-0.8946372662877586,-0.8952181934189053,0.32631019237488945,0.0,0.0
2007-11-05 00:00:00+07:00,-0.8951488088304359,-0.8977091301429476,-0.8971087577727371,-0.8988958181829786,0.17699137834084253,0.0,0.0
2007-11-06 00:00:00+07:00,-0.8988258708113633,-0.8977091707108517,-0.897108797882618,-0.8964441312658801,0.08294049917234796,0.0,0.0
2007-11-07 00:00:00+07:00,-0.8963745234268573,-0.8964935730148205,-0.8958730690477492,-0.8964441312658801,0.2565064997349408,0.0,0.0
2007-11-08 00:00:00+07:00,-0.9000514641851494,-0.9025714818367895,-0.9032873639308963,-0.9025733695338319,0.46294423384326255,0.0,0.0
2007-11-09 00:00:00+07:00,-0.9025028127009015,-0.905002678350798,-0.9032873639308963,-0.9025733695338319,0.30019295276690755,0.0,0.0
2007-11-12 00:00:00+07:00,-0.9074055322023609,-0.9086494955709071,-0.9069945744674339,-0.9074768482440573,0.3888525351589656,0.0,0.0
2007-11-13 00:00:00+07:00,-0.9074055097324057,-0.9013558835797852,-0.904523093336028,-0.9025733695338319,0.6026365988395748,0.0,0.0
2007-11-14 00:00:00+07:00,-0.8976001666012955,-0.8989247379297611,-0.8958730384932412,-0.8976699642368265,0.4516104938594289,0.0,0.0
2007-11-15 00:00:00+07:00,-0.8976001999792006,-0.900140368939492,-0.8995802583558102,-0.9001217245671449,0.20493292775947058,0.0,0.0
2007-11-16 00:00:00+07:00,-0.9025028342009305,-0.9050026996740799,-0.9032873851428119,-0.9037992549427926,0.417458062372624,0.0,0.0
2007-11-19 00:00:00+07:00,-0.9037285683411571,-0.9025715642921571,-0.9008159871706541,-0.9001217245671449,0.3410676692310292,0.0,0.0
2007-11-20 00:00:00+07:00,-0.9000515081155398,-0.9050027213063948,-0.9057588648485966,-0.9050251403517532,0.8640220184312647,0.0,0.0
2007-11-21 00:00:00+07:00,-0.9061798373747667,-0.9086494750064261,-0.9094660128024609,-0.9087026917026065,0.6606953389282126,0.0,0.0
2007-11-22 00:00:00+07:00,-0.9098568582481579,-0.905002678350798,-0.9082302815514237,-0.9025733695338319,0.42680792356154246,0.0,0.0
2007-11-23 00:00:00+07:00,-0.9025028358317376,-0.902571505105196,-0.9057588452288776,-0.9074768482440573,0.5986159807696458,0.0,0.0
2007-11-26 00:00:00+07:00,-0.9049541824095394,-0.9062182977787749,-0.9032873851428119,-0.9037992549427926,0.35544156467798665,0.0,0.0
2007-11-27 00:00:00+07:00,-0.9074055322023609,-0.9086494955709071,-0.9057588452288776,-0.9074768482440573,0.2763168828061446,0.0,0.0
2007-11-28 00:00:00+07:00,-0.9049541824095394,-0.9062182977787749,-0.9032873851428119,-0.9037992549427926,0.4406705838320162,0.0,0.0
2007-11-29 00:00:00+07:00,-0.9000515047201103,-0.901355924064628,-0.8995802160074023,-0.8988958181829786,0.6361611708248192,0.0,0.0
2007-11-30 00:00:00+07:00,-0.8974671411019339,-0.9000084039102478,-0.8994844261958184,-0.8987722847090662,0.65506921609861,5.5,0.0
2007-12-03 00:00:00+07:00,-0.898702276409192,-0.8975583210261989,-0.8969937693799186,-0.895066144152857,0.5889057252671889,0.0,0.0
2007-12-04 00:00:00+07:00,-0.8949967496684662,-0.8975583210261989,-0.8945031520316342,-0.895066144152857,0.7044559958159625,0.0,0.0
2007-12-05 00:00:00+07:00,-0.8949967496684662,-0.8975583210261989,-0.8945031520316342,-0.895066144152857,0.5457629611383134,0.0,0.0
2007-12-06 00:00:00+07:00,-0.8937615971889258,-0.8926582585234834,-0.8920125578140424,-0.8901247003203324,0.8220149056549507,0.0,0.0
2007-12-07 00:00:00+07:00,-0.8900560818282902,-0.8902082268561344,-0.8882766431912744,-0.8888893446060028,0.7527733882901221,0.0,0.0
2007-12-10 00:00:00+07:00,-0.8863505775926448,-0.8889832272461109,-0.8870313563062043,-0.8864186331773433,0.3332012376009775,0.0,0.0
2007-12-11 00:00:00+07:00,-0.8863505775926448,-0.8889832272461109,-0.8857860480100448,-0.8864186331773433,0.4066428773849591,0.0,0.0
2007-12-12 00:00:00+07:00,-0.8925264108624787,-0.8914332261738402,-0.8895219297909155,-0.8913600560346622,0.48858489592402027,0.0,0.0
2007-12-13 00:00:00+07:00,-0.8912912463448898,-0.8914332372093364,-0.8907672492994222,-0.8901247003203324,0.5535541907921514,0.0,0.0
2007-12-14 00:00:00+07:00,-0.891291235366281,-0.8938832689492742,-0.8920125469697325,-0.8913600560346622,0.3671959837646437,0.0,0.0
2007-12-17 00:00:00+07:00,-0.8937615627967131,-0.8963332883564427,-0.8969937583856424,-0.8963014998671868,0.3389721029127568,0.0,0.0
2007-12-18 00:00:00+07:00,-0.8999374064684044,-0.9012333399724083,-0.8994843414847147,-0.9012429332121086,0.6173384592910938,0.0,0.0
2007-12-19 00:00:00+07:00,-0.8999374916991593,-0.9012334251020041,-0.8994844261958184,-0.8987722847090662,0.4902277719594556,0.0,0.0
2007-12-26 00:00:00+07:00,-0.8974671428978224,-0.8951083209741694,-0.8957485028231705,-0.8925954536994033,0.4938798822050271,0.0,0.0
2007-12-27 00:00:00+07:00,-0.8925264217669079,-0.8926582585234834,-0.8907672492994222,-0.8901247003203324,0.4609529930877489,0.0,0.0
2007-12-28 00:00:00+07:00,-0.8900560801160591,-0.8914332463881403,-0.8907672583814118,-0.893830809413733,0.570510156332256,0.0,0.0
2007-12-31 00:00:00+07:00,-0.8937616061970152,-0.8963333313999603,-0.8907672583814118,-0.893830809413733,-6.175100444806386,0.0,0.0
2008-01-02 00:00:00+07:00,-0.8937615740882242,-0.8963332995551286,-0.8932578433574921,-0.895066144152857,0.04538822059928415,0.0,0.0
2008-01-03 00:00:00+07:00,-0.8974671411019339,-0.8987833827184917,-0.8982391178056157,-0.8987722847090662,0.48114481243015456,0.0,0.0
2008-01-04 00:00:00+07:00,-0.8974670897694563,-0.8987833314519897,-0.8969937583856424,-0.8963014998671868,0.8300499139057382,0.0,0.0
2008-01-07 00:00:00+07:00,-0.8987023164005467,-0.9012334251020041,-0.8982391178056157,-0.8987722847090662,0.5019594992756016,0.0,0.0
2008-01-08 00:00:00+07:00,-0.8987023054683557,-0.9000083929915736,-0.896993798471156,-0.9000076404233959,0.4766917372374962,0.0,0.0
2008-01-09 00:00:00+07:00,-0.901172627569676,-0.8975583210261989,-0.8982390780540608,-0.895066144152857,0.7381523641945764,0.0,0.0
2008-01-14 00:00:00+07:00,-0.8962319141118752,-0.8975583099042161,-0.8969937583856424,-0.8963014998671868,0.5576824022144301,0.0,0.0
2008-01-15 00:00:00+07:00,-0.8962319658033213,-0.8987833827184917,-0.8982391178056157,-0.8987722847090662,0.38412555802182147,0.0,0.0
2008-01-16 00:00:00+07:00,-0.902407756313069,-0.9036833815955511,-0.904465575562564,-0.9037136656159738,0.4645361140893673,0.0,0.0
2008-01-17 00:00:00+07:00,-0.9036429322302666,-0.9036833815955511,-0.9069561935902885,-0.9037136656159738,0.5430421234597286,0.0,0.0
2008-01-18 00:00:00+07:00,-0.9073484599818596,-0.906133425206063,-0.9082015026041508,-0.9037136656159738,0.48101019544847484,0.0,0.0
2008-01-21 00:00:00+07:00,-0.9110539818065952,-0.9085834627603154,-0.9094468056878015,-0.9111258628275691,0.16345481162286654,0.0,0.0
2008-01-22 00:00:00+07:00,-0.9159947645797594,-0.9183837158345621,-0.9256358968121745,-0.9185381439399875,0.726463201899726,0.0,0.0
2008-01-23 00:00:00+07:00,-0.913524416735833,-0.9122586125321065,-0.9119375068483208,-0.9098905805264593,0.5559366120147337,0.0,0.0
2008-01-24 00:00:00+07:00,-0.9098188118162551,-0.906133425206063,-0.9069561935902885,-0.9037136656159738,0.5508250491061212,0.0,0.0
2008-01-25 00:00:00+07:00,-0.9036429680573618,-0.8987833314519897,-0.9007296846419898,-0.8963014998671868,0.5687100820543564,0.0,0.0
2008-01-28 00:00:00+07:00,-0.9011726167421995,-0.8975583099042161,-0.899484375889874,-0.8963014998671868,-0.03938736859434414,0.0,2.0
2008-01-29 00:00:00+07:00,-0.8962319661751278,-0.8987833830872416,-0.8982391181700599,-0.8975369185071336,-0.06333503036761187,0.0,0.0
2008-01-30 00:00:00+07:00,-0.8974671300927557,-0.9000083929915736,-0.90072972387462,-0.9000076404233959,0.0697346877518641,0.0,0.0
2008-01-31 00:00:00+07:00,-0.8999374916991593,-0.9012334251020041,-0.9007297345860208,-0.8987722847090662,0.09103042033289588,0.0,0.0
2008-02-01 00:00:00+07:00,-0.8974671411019339,-0.9000084039102478,-0.8982391178056157,-0.8987722847090662,0.1081945704055237,0.0,0.0
2008-02-04 00:00:00+07:00,-0.8974670897694563,-0.8963332883564427,-0.894503140881411,-0.8963014998671868,0.39289319625148467,0.0,0.0
2008-02-05 00:00:00+07:00,-0.8987023167671893,-0.8987833830872416,-0.8957485013948613,-0.8975369185071336,0.07550989105007645,0.0,0.0
2008-02-06 00:00:00+07:00,-0.8974671300927557,-0.9024584355277949,-0.8994844154067988,-0.9000076404233959,-0.3002221233304969,0.0,0.0
2008-02-11 00:00:00+07:00,-0.9011726222488268,-0.9012333800869149,-0.9057109249643208,-0.9049490737683177,-0.04478677296816458,0.0,0.0
2008-02-12 00:00:00+07:00,-0.9048781019961045,-0.9073584409105282,-0.9094468056878015,-0.9111258628275691,0.1502097685172112,0.0,0.0
2008-02-13 00:00:00+07:00,-0.9085837146349668,-0.9110335905157255,-0.9119375060655689,-0.9123613129303245,0.40211100610754064,0.0,0.0
2008-02-14 00:00:00+07:00,-0.9098188515765631,-0.9049084446132065,-0.9069562336767807,-0.9049490737683177,0.5047372917710051,0.0,0.0
2008-02-15 00:00:00+07:00,-0.9085836358990574,-0.906133425206063,-0.9057108845764263,-0.9037136656159738,0.27467545185856124,0.0,0.0
2008-02-18 00:00:00+07:00,-0.9024078422963848,-0.9000084039102478,-0.9007297345860208,-0.8987722847090662,0.5530586413915374,0.0,0.0
2008-02-19 00:00:00+07:00,-0.8974671414711586,-0.8975583618980463,-0.8957485013948613,-0.8975369185071336,0.4245236277044862,0.0,0.0
2008-02-20 00:00:00+07:00,-0.8962319141118752,-0.8987833314519897,-0.8957484496335266,-0.8963014998671868,0.3525981094988424,0.0,0.0
2008-02-21 00:00:00+07:00,-0.8962319569176527,-0.8963333313999603,-0.8945031837386561,-0.893830809413733,0.5418573902147519,0.0,0.0
2008-02-22 00:00:00+07:00,-0.8962319141118752,-0.8963332883564427,-0.8932578321292952,-0.8963014998671868,0.1841110467689721,0.0,0.0
2008-02-25 00:00:00+07:00,-0.8949967923257143,-0.8951083209741694,-0.893257886068089,-0.8925954536994033,0.39607183478296326,0.0,0.0
2008-02-26 00:00:00+07:00,-0.8925264308366964,-0.8951083101470052,-0.8920125668338267,-0.893830809413733,0.1278202726111739,0.0,0.0
2008-02-27 00:00:00+07:00,-0.8937616155830664,-0.8951083195196553,-0.8957485013948613,-0.8975369185071336,0.22198162418142778,0.0,0.0
2008-02-28 00:00:00+07:00,-0.8987023164005467,-0.9012334251020041,-0.8982391178056157,-0.8987722847090662,0.14553665144404804,0.0,0.0
2008-02-29 00:00:00+07:00,-0.8999374920632198,-0.9000084042764371,-0.8982391181700599,-0.8975369185071336,0.5330038893914739,0.0,0.0
2008-03-03 00:00:00+07:00,-0.9011726562195556,-0.8987833717234631,-0.90072972387462,-0.9000076404233959,0.5036272597477796,0.0,0.0
2008-03-04 00:00:00+07:00,-0.8987022654270374,-0.8987833314519897,-0.899484375889874,-0.8963014998671868,0.2274254896851942,0.0,0.0
2008-03-05 00:00:00+07:00,-0.8949967496684662,-0.8975583210261989,-0.8969937693799186,-0.895066144152857,0.35970238217340883,0.0,0.0
2008-03-06 00:00:00+07:00,-0.8949967905047085,-0.8975583615267353,-0.8969938094154133,-0.8987722847090662,-0.0266522490393161,0.0,0.0
2008-03-10 00:00:00+07:00,-0.9036429540320503,-0.9036834035314776,-0.906956214774529,-0.9024783203892468,0.24509299264138618,0.0,0.0
2008-03-11 00:00:00+07:00,-0.906113334518938,-0.907358497418759,-0.9069562433363874,-0.9061844504578531,0.3360603410289955,0.0,0.0
2008-03-12 00:00:00+07:00,-0.9011726562195556,-0.9024584355277949,-0.90072972387462,-0.9000076404233959,0.17112105180236636,0.0,0.0
2008-03-13 00:00:00+07:00,-0.9036429834265172,-0.9036834331068035,-0.905710934696556,-0.9061844504578531,0.41231817757505235,0.0,0.0
2008-03-14 00:00:00+07:00,-0.9061133639757342,-0.9085835480707156,-0.9106921976441085,-0.9123613129303245,0.2075205819841492,0.0,0.0
2008-03-17 00:00:00+07:00,-0.9159947501676574,-0.9183837015409388,-0.9281265005190037,-0.9271856968659126,0.6185275063235404,0.0,0.0
2008-03-18 00:00:00+07:00,-0.9258761538324008,-0.9269588509904165,-0.9318624261719767,-0.9271856968659126,0.3334779175598335,0.0,0.0
2008-03-19 00:00:00+07:00,-0.9221706320305927,-0.9183837062601651,-0.925635887839606,-0.9160674010485194,0.5733671567654525,0.0,0.0
2008-03-24 00:00:00+07:00,-0.9209354659617528,-0.920833758311075,-0.9218999714997562,-0.9185381439399875,0.017934487324290784,0.0,0.0
2008-03-25 00:00:00+07:00,-0.9172299399252577,-0.9183837158345621,-0.9181640461873377,-0.9185381439399875,0.5282359365996393,0.0,0.0
2008-03-26 00:00:00+07:00,-0.9197002906162545,-0.9196087370728185,-0.9181640461873377,-0.9185381439399875,0.2701905937084275,0.0,0.0
2008-03-27 00:00:00+07:00,-0.9197002587422071,-0.9220587479373137,-0.9206546316980015,-0.9197734786791114,0.4247215684955924,0.0,0.0
2008-03-28 00:00:00+07:00,-0.9209354175393197,-0.9159336230099268,-0.9181639973676583,-0.9135966266942429,0.35019738652986293,0.0,0.0
2008-03-31 00:00:00+07:00,-0.9159947145953123,-0.9134835797588273,-0.9144280708741186,-0.9135966266942429,0.4839764820023669,0.0,0.0
2008-04-01 00:00:00+07:00,-0.9135244020229081,-0.9147086402609595,-0.9206546518352811,-0.9210088658562497,0.43752352133986155,0.0,0.0
2008-04-02 00:00:00+07:00,-0.9184651139919782,-0.9196087357944874,-0.9206546618139437,-0.9222442425457851,0.22674418570029015,0.0,0.0
2008-04-03 00:00:00+07:00,-0.9209354853215415,-0.9232838199882238,-0.9256359153863376,-0.924714995924856,0.4243651938863235,0.0,0.0
2008-04-04 00:00:00+07:00,-0.9234058376672865,-0.9171587166339263,-0.9293718420958842,-0.9148320663093954,0.48698385380479486,0.0,0.0
2008-04-07 00:00:00+07:00,-0.9184651449207658,-0.9208337877173384,-0.929371849408116,-0.9308918374221217,0.6802832506655356,0.0,0.0
2008-04-08 00:00:00+07:00,-0.9320519958797759,-0.9343089441366053,-0.9343530089776464,-0.9345978626146995,0.3348836485330746,0.0,0.0
2008-04-09 00:00:00+07:00,-0.935757531299019,-0.9367589955750748,-0.9380889434572065,-0.9383039717081001,0.44691300121171157,0.0,0.0
2008-04-10 00:00:00+07:00,-0.9406982969040207,-0.9318589767611992,-0.9393343150099142,-0.9308918374221217,0.4446173314665336,0.0,0.0
2008-04-11 00:00:00+07:00,-0.9283465458022124,-0.9294089347514524,-0.929371849408116,-0.9308918374221217,0.5114975554501441,0.0,0.0
2008-04-14 00:00:00+07:00,-0.9345223898127126,-0.9355340082178781,-0.934353050972678,-0.9333625383631783,0.23757276092069252,0.0,0.0
2008-04-15 00:00:00+07:00,-0.9320520203882159,-0.9306339041160583,-0.9306171068923821,-0.9284210525802423,0.15749875814199937,0.0,0.0
2008-04-16 00:00:00+07:00,-0.9271113410657325,-0.9257338416133427,-0.9256358951890983,-0.9234796087477177,0.28620498456013815,0.0,0.0
2008-04-17 00:00:00+07:00,-0.9209354659617528,-0.920833758311075,-0.9206546630622834,-0.9185381439399875,0.47935266536813587,0.0,0.0
2008-04-18 00:00:00+07:00,-0.9172298903313141,-0.9147086013843772,-0.9156733797052984,-0.9135966266942429,0.4823665991637643,0.0,0.0
2008-04-21 00:00:00+07:00,-0.911054096326697,-0.9122586427487788,-0.9181640775637653,-0.9173028092008634,0.38159776340172324,0.0,0.0
2008-04-22 00:00:00+07:00,-0.9184651126492613,-0.9208337557111309,-0.9256358943369831,-0.9259503411515828,0.24845225900973528,0.0,0.0
2008-04-23 00:00:00+07:00,-0.9258761538324008,-0.9269588509904165,-0.9268811919680126,-0.9271856968659126,0.1866223628802644,0.0,0.0
2008-04-24 00:00:00+07:00,-0.9246409894807807,-0.9269588620055856,-0.9256358943369831,-0.9259503411515828,0.1481880749797749,0.0,0.0
2008-04-25 00:00:00+07:00,-0.9271113181824651,-0.9294088826735555,-0.928126489602179,-0.9284210525802423,0.09855731288671828,0.0,0.0
2008-04-28 00:00:00+07:00,-0.9283465128662154,-0.9306339230910883,-0.9331077424910448,-0.9333625383631783,-0.07480015329806447,0.0,0.0
2008-04-29 00:00:00+07:00,-0.9308168338236898,-0.9294088714685237,-0.9293717872395628,-0.9296564082945721,0.03702439936272818,0.0,0.0
2008-04-30 00:00:00+07:00,-0.9308168663123002,-0.9281838832644765,-0.9293718197123302,-0.9259503411515828,0.05277767488479973,0.0,0.0
2008-05-05 00:00:00+07:00,-0.9184651152707561,-0.9183837158345621,-0.916918737749865,-0.9185381439399875,0.24579724602353897,0.0,0.0
2008-05-06 00:00:00+07:00,-0.9172299399252577,-0.9159336733580491,-0.916918737749865,-0.9185381439399875,0.29143408759344824,0.0,0.0
2008-05-07 00:00:00+07:00,-0.9184651468938269,-0.9196087686848363,-0.9181640775637653,-0.9173028092008634,-0.0688361349227494,0.0,0.0
2008-05-08 00:00:00+07:00,-0.9184651468938269,-0.9171587267061505,-0.9169187693793283,-0.9173028092008634,0.23880792779503848,0.0,0.0
2008-05-09 00:00:00+07:00,-0.9172299399252577,-0.9183837158345621,-0.916918737749865,-0.9185381439399875,-0.17764075627484874,0.0,0.0
2008-05-12 00:00:00+07:00,-0.9209354970828699,-0.9196087686848363,-0.9181640775637653,-0.9173028092008634,-0.11397728436568264,0.0,0.0
2008-05-13 00:00:00+07:00,-0.9159947549260009,-0.9159336636340522,-0.9144281112180025,-0.9160674010485194,0.22816641918694933,0.0,0.0
2008-05-14 00:00:00+07:00,-0.9172299075412257,-0.9196087049550086,-0.9181640143088873,-0.9197734786791114,0.17102869720714545,0.0,0.0
2008-05-15 00:00:00+07:00,-0.9159947967047836,-0.9183837476954935,-0.9156734611948912,-0.9173028092008634,-0.33170048162580584,0.0,0.0
2008-05-16 00:00:00+07:00,-0.9159947319407348,-0.9183836834638558,-0.9181640143088873,-0.9197734786791114,-0.1453339890508527,0.0,0.0
2008-05-21 00:00:00+07:00,-0.9221706396291671,-0.9245088203615555,-0.923145278286643,-0.9234796087477177,0.31725722176698307,0.0,0.0
2008-05-22 00:00:00+07:00,-0.9246410108896547,-0.9269588832384619,-0.9243906071062727,-0.924714995924856,0.20257902054800722,0.0,0.0
2008-05-23 00:00:00+07:00,-0.9246409555917994,-0.9257338068585355,-0.9281264784987419,-0.9296564082945721,0.1734423633579547,0.0,0.0
2008-05-26 00:00:00+07:00,-0.9332872148793253,-0.9318589448368491,-0.9306171259874306,-0.9321271721612457,0.2717764851158784,0.0,0.0
2008-05-27 00:00:00+07:00,-0.9357575642821894,-0.9343089859994841,-0.9343530500535892,-0.9358332707670435,0.3119811306219566,0.0,0.0
2008-05-28 00:00:00+07:00,-0.9357575642821894,-0.9367590285791695,-0.9355983585435026,-0.9358332707670435,0.28591011115703824,0.0,0.0
2008-05-29 00:00:00+07:00,-0.9357575642821894,-0.9367590285791695,-0.9355983585435026,-0.9358332707670435,0.4361523329886106,0.0,0.0
2008-05-30 00:00:00+07:00,-0.9345224204328654,-0.9367590598680068,-0.9343530812976355,-0.9370686684317846,0.052272571238944486,0.0,0.0
2008-06-02 00:00:00+07:00,-0.9357575642821894,-0.9367590285791695,-0.9343530500535892,-0.9358332707670435,0.11171793955531015,0.0,0.0
2008-06-03 00:00:00+07:00,-0.9394630995563327,-0.9392090803310688,-0.9380889845954384,-0.939539379860444,0.36274879708322544,0.0,0.0
2008-06-04 00:00:00+07:00,-0.9394630987723342,-0.9404341007535919,-0.9393342922254238,-0.9420101122643092,0.07081802568613942,0.0,0.0
2008-06-05 00:00:00+07:00,-0.9419334186368186,-0.9416590908721012,-0.9405795698978067,-0.9407747145995681,0.4070751366193701,0.0,0.0
2008-06-06 00:00:00+07:00,-0.938227924242138,-0.9404341015382788,-0.9380889845954384,-0.939539379860444,0.26576436552005617,0.0,0.0
2008-06-09 00:00:00+07:00,-0.9456389753792708,-0.9441091643966228,-0.9430702174649156,-0.9420101122643092,0.14030691757850083,0.0,0.0
2008-06-10 00:00:00+07:00,-0.9406982630104984,-0.9428841321901688,-0.9468061322545102,-0.943245467978639,0.30428120064700953,0.0,0.0
2008-06-11 00:00:00+07:00,-0.9431685921874946,-0.9441091318106576,-0.9430701852680597,-0.9444808132053658,0.13730056343437957,0.0,0.0
2008-06-12 00:00:00+07:00,-0.948109294701308,-0.9465591748484283,-0.9455608027135579,-0.9444808132053658,0.27029860216192125,0.0,0.0
2008-06-13 00:00:00+07:00,-0.9424544243118921,-0.9433704663006328,-0.9424119016823667,-0.9425311678364622,0.04428164667839767,12.7,0.0
2008-06-16 00:00:00+07:00,-0.9449860437462153,-0.9421151043949694,-0.9424119293322223,-0.9450631793037513,0.010050455182669829,0.0,0.0
2008-06-17 00:00:00+07:00,-0.9475176317226015,-0.9471366604792878,-0.9462404659346888,-0.9475951593082318,0.23780998259426833,0.0,0.0
2008-06-18 00:00:00+07:00,-0.9475176317226015,-0.9496474403587407,-0.947516646000338,-0.9475951593082318,0.08809852272209175,0.0,0.0
2008-06-19 00:00:00+07:00,-0.9487834466827526,-0.9496474595825692,-0.94879284502191,-0.9488611702856777,0.18027475104957247,0.0,0.0
2008-06-20 00:00:00+07:00,-0.9487834466827526,-0.9496474595825692,-0.9475166651516828,-0.9488611702856777,0.11356319823838218,0.0,0.0
2008-06-23 00:00:00+07:00,-0.955112448081655,-0.9521582633906264,-0.9538975879575354,-0.9551911517596875,0.32379294822004206,0.0,0.0
2008-06-24 00:00:00+07:00,-0.9563781896399528,-0.9571797674882937,-0.9564498941497508,-0.9564570893239136,0.4554447053789722,0.0,0.0
2008-06-25 00:00:00+07:00,-0.953846664579441,-0.9559244436162201,-0.9551737791207103,-0.9539251722450501,0.3443870413204159,0.0,0.0
2008-06-26 00:00:00+07:00,-0.9513150346591387,-0.9521582358936093,-0.9513452016247818,-0.9513931502901583,0.5516123892644735,0.0,0.0
2008-06-27 00:00:00+07:00,-0.955112448081655,-0.9546690423894174,-0.9538975879575354,-0.9551911517596875,0.24104708081484438,0.0,0.0
2008-06-30 00:00:00+07:00,-0.9487834466827526,-0.9509028493300575,-0.9513452047623648,-0.9488611702856777,0.2910346294894957,0.0,0.0
2008-07-01 00:00:00+07:00,-0.9437202392720433,-0.9433704854652688,-0.9449642808396398,-0.9437971788139081,0.3433445418283928,0.0,0.0
2008-07-02 00:00:00+07:00,-0.9437202392720433,-0.9396043154976653,-0.94113574049181,-0.9437971788139081,0.395475022664391,0.0,0.0
2008-07-03 00:00:00+07:00,-0.9411886617816362,-0.943370499499918,-0.9462404744073946,-0.9412652092970305,0.3261722822838649,0.0,0.0
2008-07-04 00:00:00+07:00,-0.9424544243118921,-0.9408596859571899,-0.9398595410793943,-0.9425311678364622,0.19609876873113682,0.0,0.0
2008-07-07 00:00:00+07:00,-0.9424544243118921,-0.9433704663006328,-0.9449642622853393,-0.9425311678364622,-0.2696411827984058,0.0,0.0
2008-07-08 00:00:00+07:00,-0.9437202218271873,-0.937093517041991,-0.9424119031905407,-0.9349352173354177,0.496903650053556,0.0,0.0
2008-07-09 00:00:00+07:00,-0.9297965054019196,-0.932071995554261,-0.9322024992900045,-0.9298712887892653,0.39974299700327215,0.0,0.0
2008-07-10 00:00:00+07:00,-0.9335939083384569,-0.9320720118566128,-0.9334786950731502,-0.9336692797711917,0.12555841677263038,0.0,0.0
2008-07-11 00:00:00+07:00,-0.9323281038642848,-0.9345827822975662,-0.9334786862673993,-0.9324032792813486,-0.1540082225861643,0.0,0.0
2008-07-14 00:00:00+07:00,-0.9323281038642848,-0.9333273925472643,-0.9334786862673993,-0.9324032792813486,-0.24086229822634186,0.0,0.0
2008-07-15 00:00:00+07:00,-0.9411886617816362,-0.937093550222229,-0.9385833945269964,-0.9412652092970305,-0.06693847527173843,0.0,0.0
2008-07-16 00:00:00+07:00,-0.9399228782794221,-0.9370935627617614,-0.9398595865589568,-0.939999229782393,0.22799222484581624,0.0,0.0
2008-07-17 00:00:00+07:00,-0.9399228782794221,-0.9370935627617614,-0.9373072268305913,-0.939999229782393,0.10360251300529184,0.0,0.0
2008-07-18 00:00:00+07:00,-0.938657063319271,-0.9370935429928341,-0.9373072074650521,-0.9387332188049471,0.017264306250264323,0.0,0.0
2008-07-21 00:00:00+07:00,-0.9323281038642848,-0.9333273925472643,-0.9334786862673993,-0.9324032792813486,0.2542196491484599,0.0,0.0
2008-07-22 00:00:00+07:00,-0.9310622784181546,-0.9333273629264734,-0.9322024770823957,-0.9311372578162999,-0.2702249752746879,0.0,0.0
2008-07-23 00:00:00+07:00,-0.9272649383974916,-0.9283058504040678,-0.927097803599737,-0.9273393297599904,0.4567510353543983,0.0,0.0
2008-07-24 00:00:00+07:00,-0.9272649067676533,-0.9195180896273007,-0.9245454122571828,-0.9197433477961374,0.548563155607163,0.0,0.0
2008-07-25 00:00:00+07:00,-0.9247333294491474,-0.9245396633508607,-0.925821606108942,-0.9248073287803042,0.15389492970773225,0.0,0.0
2008-07-28 00:00:00+07:00,-0.9234675249749753,-0.9257950442956622,-0.921993057581644,-0.9235413282904611,-0.12674298586627825,0.0,0.0
2008-07-29 00:00:00+07:00,-0.9222017519587403,-0.9232842872783837,-0.9245454395653034,-0.9222753592634265,0.08554876318813755,0.0,0.0
2008-07-31 00:00:00+07:00,-0.9209359579705473,-0.918262730220125,-0.9194407219861896,-0.9210093692611863,0.2442127436278345,0.0,0.0
2008-08-01 00:00:00+07:00,-0.9259991234373405,-0.9232842719520469,-0.9232692447340892,-0.9260733187825445,-0.014769789562059845,0.0,0.0
2008-08-04 00:00:00+07:00,-0.9222017519587403,-0.9245396769234498,-0.9245454395653034,-0.9222753592634265,-0.09031523857818487,0.0,0.0
2008-08-05 00:00:00+07:00,-0.9222017519587403,-0.9220288976333175,-0.9219930800330851,-0.9222753592634265,0.056949075057168175,0.0,0.0
2008-08-06 00:00:00+07:00,-0.9209359579705473,-0.919518119853015,-0.9194407219861896,-0.9210093692611863,0.14569123052534413,0.0,0.0
2008-08-07 00:00:00+07:00,-0.9209359579705473,-0.919518119853015,-0.9194407219861896,-0.9210093692611863,0.20749285993566477,0.0,0.0
2008-08-08 00:00:00+07:00,-0.9247333294491474,-0.9232842735926897,-0.9232692463467677,-0.9248073287803042,-0.19458299063789228,0.0,0.0
2008-08-11 00:00:00+07:00,-0.9234675249749753,-0.9232842646311963,-0.921993057581644,-0.9235413282904611,-0.13689581391209266,0.0,0.0
2008-08-12 00:00:00+07:00,-0.9234675348055806,-0.9245396642951503,-0.9296501466481359,-0.9324032792813486,-0.0860753082689983,0.0,0.0
2008-08-13 00:00:00+07:00,-0.9323281157483945,-0.9245396769234498,-0.9296501586297401,-0.9222753592634265,-0.04918683562697376,0.0,0.0
2008-08-14 00:00:00+07:00,-0.9247333294491474,-0.9220288838345186,-0.9245454262278548,-0.9248073287803042,-0.10016041467668374,0.0,0.0
2008-08-15 00:00:00+07:00,-0.9259991625679452,-0.9207735332077084,-0.9232692841857123,-0.9184774102319114,0.3037421402989863,0.0,0.0
2008-08-19 00:00:00+07:00,-0.9234675249749753,-0.9195180951344972,-0.9207168776252683,-0.9235413282904611,0.11424056901983146,0.0,0.0
2008-08-20 00:00:00+07:00,-0.9234675249749753,-0.9232842646311963,-0.9207168776252683,-0.9235413282904611,-0.0041623074981878205,0.0,0.0
2008-08-21 00:00:00+07:00,-0.9247333294491474,-0.9232842735926897,-0.9219930664656806,-0.9248073287803042,-0.04040399504337839,0.0,0.0
2008-08-22 00:00:00+07:00,-0.9259991234373405,-0.9245396617237771,-0.9232692447340892,-0.9260733187825445,-0.2248270101852151,0.0,0.0
2008-08-25 00:00:00+07:00,-0.9196701325244171,-0.9220288693805925,-0.9219930522541349,-0.9197433477961374,-0.3140689851890954,0.0,0.0
2008-08-26 00:00:00+07:00,-0.9247333294491474,-0.9245396633508607,-0.9219930664656806,-0.9248073287803042,-0.3820229868612294,0.0,0.0
2008-08-27 00:00:00+07:00,-0.924733298667725,-0.9195180722375113,-0.9219930354317345,-0.9172113468164512,0.24493537601553012,0.0,0.0
2008-08-28 00:00:00+07:00,-0.914606977543603,-0.9144965581781929,-0.9143359998758012,-0.9146794087623821,0.37429704952738524,0.0,0.0
2008-08-29 00:00:00+07:00,-0.9133411940413889,-0.9119857910295164,-0.9117836523055651,-0.9134134292477447,0.1914267291242677,0.0,0.0
2008-09-01 00:00:00+07:00,-0.9120753511724012,-0.9094749633434707,-0.9092312450717964,-0.9096154068030097,0.37068086008052203,0.0,0.0
2008-09-02 00:00:00+07:00,-0.9032148001919283,-0.9057088127478773,-0.9066789037514357,-0.9032854672794113,0.43125430255194264,0.0,0.0
2008-09-03 00:00:00+07:00,-0.9070121402125914,-0.9057087652398093,-0.9041264967039346,-0.9070833953357207,0.3296167353187619,0.0,0.0
2008-09-04 00:00:00+07:00,-0.9095437596469146,-0.9069641834800173,-0.9092312450717964,-0.9096154068030097,-0.24928643176184154,0.0,0.0
2008-09-05 00:00:00+07:00,-0.9095437596469146,-0.908219573411744,-0.9130597852443473,-0.9096154068030097,0.3428565527743649,0.0,0.0
2008-09-08 00:00:00+07:00,-0.9082779971166587,-0.9044534378338427,-0.9066789182061175,-0.908349448263578,0.3876162603550667,0.0,0.0
2008-09-09 00:00:00+07:00,-0.9070122078948196,-0.909475002789894,-0.9194407219861896,-0.9210093692611863,0.20180022336536943,0.0,0.0
2008-09-10 00:00:00+07:00,-0.9222017519587403,-0.9245396769234498,-0.9245454395653034,-0.9222753592634265,0.32841799164789603,0.0,0.0
2008-09-11 00:00:00+07:00,-0.9285306904417685,-0.924539636680838,-0.9296501204479531,-0.9286052778118193,0.1747851079460905,0.0,0.0
2008-09-12 00:00:00+07:00,-0.9285307231503269,-0.9308166190226128,-0.9347548718456278,-0.9362012597756723,0.07637334594195612,0.0,0.0
2008-09-15 00:00:00+07:00,-0.9399228782794221,-0.9383489525033033,-0.9385834066947741,-0.939999229782393,0.4862385911136924,0.0,0.0
2008-09-16 00:00:00+07:00,-0.9462518633353122,-0.9333274015274441,-0.9449643132038595,-0.9336692797711917,0.3059838917267508,0.0,0.0
2008-09-17 00:00:00+07:00,-0.9310622784181546,-0.9308165829016076,-0.9296501168032762,-0.9311372578162999,0.07079064101916535,0.0,0.0
2008-09-18 00:00:00+07:00,-0.9373912724253012,-0.9195180896273007,-0.9360310322708986,-0.9197433477961374,0.1995762313317493,0.0,0.0
2008-09-19 00:00:00+07:00,-0.9133411940413889,-0.9119857910295164,-0.9143360116726826,-0.9134134292477447,0.23797932759695434,0.0,0.0
2008-09-22 00:00:00+07:00,-0.9095437596469146,-0.908219573411744,-0.9092312450717964,-0.9096154068030097,0.3874290625438386,0.0,0.0
2008-09-23 00:00:00+07:00,-0.914606977543603,-0.9119857788632991,-0.9117836403184115,-0.9146794087623821,0.3529023596321127,0.0,0.0
2008-09-24 00:00:00+07:00,-0.9209359478941768,-0.9119857713188187,-0.9181645320734235,-0.9121474182702988,-0.14090044673211355,0.0,0.0
2008-09-25 00:00:00+07:00,-0.9108096165509819,-0.9107304148540265,-0.9092313062368577,-0.910881459730867,-0.1780887206970803,0.0,0.0
2008-09-26 00:00:00+07:00,-0.9133411940413889,-0.9132411805933769,-0.9117836523055651,-0.9134134292477447,0.014988839949750529,0.0,0.0
2008-10-06 00:00:00+07:00,-0.9272649067676533,-0.9119857503674255,-0.9258215922587067,-0.9197433477961374,0.304574881638943,0.0,0.0
2008-10-07 00:00:00+07:00,-0.9196701325244171,-0.9144965301207172,-0.9219930522541349,-0.9197433477961374,-0.05537114198334277,0.0,0.0
2008-10-08 00:00:00+07:00,-0.9285306904417685,-0.9220288567199956,-0.9258215801268993,-0.9286052778118193,-0.10213633256007569,0.0,0.0
2008-10-09 00:00:00+07:00,-0.9285306904417685,-0.9308165865829443,-0.9258215801268993,-0.9286052778118193,-6.175100444806386,0.0,0.0
2008-10-10 00:00:00+07:00,-0.9285306904417685,-0.9308165865829443,-0.9258215801268993,-0.9286052778118193,-6.175100444806386,0.0,0.0
2008-10-13 00:00:00+07:00,-0.9272649383974916,-0.9283058504040678,-0.9398596008658973,-0.9273393297599904,0.45613238355678015,0.0,0.0
2008-10-14 00:00:00+07:00,-0.9247333525678414,-0.915751959721098,-0.9219930897740349,-0.9134134292477447,0.38955935490476795,0.0,0.0
2008-10-15 00:00:00+07:00,-0.9196701325244171,-0.9119857503674255,-0.9181645122495629,-0.9197433477961374,0.24401313213928164,0.0,0.0
2008-10-16 00:00:00+07:00,-0.9348596498967547,-0.9308165662561092,-0.9322024608969389,-0.9349352173354177,0.4368839879371529,0.0,0.0
2008-10-17 00:00:00+07:00,-0.9323280562740722,-0.9345827350985825,-0.9411357213808805,-0.9425311678364622,0.42324916278210833,0.0,0.0
2008-10-20 00:00:00+07:00,-0.938657063319271,-0.9358381530715746,-0.9398595675588052,-0.9387332188049471,0.11586811094270183,0.0,0.0
2008-10-21 00:00:00+07:00,-0.9323281038642848,-0.9308166130466602,-0.9322025063943115,-0.9324032792813486,0.007283595562866291,0.0,0.0
2008-10-22 00:00:00+07:00,-0.9196701491437046,-0.9220288858632564,-0.9373072268305913,-0.939999229782393,0.29312848835266114,0.0,0.0
2008-10-23 00:00:00+07:00,-0.9475176335845977,-0.9396043228353532,-0.9500690079338173,-0.9387332188049471,0.05966004616091353,0.0,0.0
2008-10-24 00:00:00+07:00,-0.9424544653909852,-0.9446258972137451,-0.9487928418182726,-0.9513931502901583,-0.061988294615016044,0.0,0.0
2008-10-27 00:00:00+07:00,-0.9627071910388553,-0.9596905703141461,-0.9602784568059539,-0.9627870707979235,0.057276648852970964,0.0,0.0
2008-10-28 00:00:00+07:00,-0.9627071669599404,-0.9634567156406273,-0.9704878743389977,-0.9716489903260024,0.40357563375183625,0.0,0.0
2008-10-29 00:00:00+07:00,-0.9627071910388553,-0.9634567397929692,-0.9628308167065904,-0.9627870707979235,0.41081791930066197,0.0,0.0
2008-10-30 00:00:00+07:00,-0.9677703669916274,-0.954669003445575,-0.9653831698795884,-0.9526591298047956,0.3024506007674092,0.0,0.0
2008-10-31 00:00:00+07:00,-0.9449860338427907,-0.9345827541796531,-0.9449642796041485,-0.9374672183151039,0.3463635573860638,0.0,0.0
2008-11-03 00:00:00+07:00,-0.9310622784181546,-0.927050412864309,-0.9334786572219553,-0.9311372578162999,0.39367300501890473,0.0,0.0
2008-11-04 00:00:00+07:00,-0.9348596498967547,-0.929561176098933,-0.93858336233044,-0.9349352173354177,0.10254182876963346,0.0,0.0
2008-11-05 00:00:00+07:00,-0.9297965054019196,-0.9270504362989231,-0.9296501394146598,-0.9298712887892653,0.3581721005038889,0.0,0.0
2008-11-06 00:00:00+07:00,-0.9335939083384569,-0.9345827911982755,-0.9398595940346554,-0.9336692797711917,0.0009973756208924906,0.0,0.0
2008-11-07 00:00:00+07:00,-0.9285306904417685,-0.9283058066221017,-0.9347548408760249,-0.9286052778118193,0.014538393163430323,0.0,0.0
2008-11-10 00:00:00+07:00,-0.9272649383974916,-0.9245396815854184,-0.927097803599737,-0.9273393297599904,-0.18419342529578317,0.0,0.0
2008-11-11 00:00:00+07:00,-0.9272649383974916,-0.9295612400102842,-0.9296501630529691,-0.9273393297599904,-0.0612267865233905,0.0,0.0
2008-11-12 00:00:00+07:00,-0.9285306904417685,-0.929561196602523,-0.9270977602339173,-0.9286052778118193,-0.09007590873288661,0.0,0.0
2008-11-13 00:00:00+07:00,-0.936125496314843,-0.9295612293242757,-0.9360310516658902,-0.9362012597756723,0.03024384939522539,0.0,0.0
2008-11-14 00:00:00+07:00,-0.9272649383974916,-0.9295612400102842,-0.9322025225062011,-0.9273393297599904,-0.15052286660569036,0.0,0.0
2008-11-17 00:00:00+07:00,-0.936125496314843,-0.9308166190226128,-0.9373072314861525,-0.9362012597756723,0.03974493685113191,0.0,0.0
2008-11-18 00:00:00+07:00,-0.9411886617816362,-0.943370499499918,-0.9449642944273281,-0.9412652092970305,0.21654120263111826,0.0,0.0
2008-11-19 00:00:00+07:00,-0.9348596498967547,-0.937093517041991,-0.943688083477241,-0.9349352173354177,0.20655825861335728,0.0,0.0
2008-11-20 00:00:00+07:00,-0.9373912588450989,-0.9396043141850722,-0.9411357392192541,-0.9374672183151039,0.20355240661018162,0.0,0.0
2008-11-21 00:00:00+07:00,-0.9437202392720433,-0.945881265443671,-0.9475166410715262,-0.9437971788139081,0.44603005478566327,0.0,0.0
2008-11-24 00:00:00+07:00,-0.9411886617816362,-0.943370499499918,-0.9436881144472619,-0.9412652092970305,0.012261159553654333,0.0,0.0
2008-11-25 00:00:00+07:00,-0.9399228782794221,-0.9396043422448455,-0.9398595865589568,-0.939999229782393,-0.00914114052625118,0.0,0.0
2008-11-26 00:00:00+07:00,-0.936125496314843,-0.938348957212636,-0.938583411306415,-0.9362012597756723,0.0898658115142424,0.0,0.0
2008-11-27 00:00:00+07:00,-0.9373912588450989,-0.9345827541796531,-0.9385833789626578,-0.9374672183151039,0.13019449392589755,0.0,0.0
2008-11-28 00:00:00+07:00,-0.9323280755133044,-0.9345827541796531,-0.9385833789626578,-0.9374672183151039,0.16258313038948052,0.0,0.0
2008-12-01 00:00:00+07:00,-0.9373912588450989,-0.9345827541796531,-0.9398595590909559,-0.9374672183151039,0.1470573674494652,0.0,0.0
2008-12-02 00:00:00+07:00,-0.938657063319271,-0.9396043228353532,-0.9436881076994346,-0.9387332188049471,0.004891983229106318,0.0,0.0
2008-12-03 00:00:00+07:00,-0.938657063319271,-0.9383489329140937,-0.9360310274181756,-0.9387332188049471,-0.17192418762833384,0.0,0.0
2008-12-04 00:00:00+07:00,-0.9348596498967547,-0.9320719564132856,-0.9347548214703393,-0.9349352173354177,0.15056916254666852,0.0,0.0
2008-12-05 00:00:00+07:00,-0.9323281038642848,-0.9345827822975662,-0.9347548661404869,-0.9324032792813486,0.03102768958516598,0.0,0.0
2008-12-09 00:00:00+07:00,-0.9234675249749753,-0.9245396544634291,-0.9283739573635219,-0.9235413282904611,0.3283853593345553,0.0,0.0
2008-12-10 00:00:00+07:00,-0.9259991234373405,-0.9232842719520469,-0.9232692447340892,-0.9260733187825445,0.16298248464247098,0.0,0.0
2008-12-11 00:00:00+07:00,-0.9234675249749753,-0.9220288747989632,-0.9245454174943951,-0.9235413282904611,0.31533126208021667,0.0,0.0
2008-12-12 00:00:00+07:00,-0.9247333398406582,-0.9270504531732874,-0.9309263354885482,-0.9336692797711917,-0.113093096950954,0.0,0.0
2008-12-15 00:00:00+07:00,-0.9310623188640736,-0.9170073374930865,-0.9283739774414446,-0.9146794087623821,0.336933885877562,0.0,0.0
2008-12-16 00:00:00+07:00,-0.917138523576073,-0.9182626822206251,-0.9181644949994745,-0.9172113468164512,0.02426889646981422,0.0,0.0
2008-12-17 00:00:00+07:00,-0.9120753790812378,-0.9144965507497813,-0.9143359925603523,-0.9121474182702988,0.22709373914488243,0.0,0.0
2008-12-18 00:00:00+07:00,-0.9120753790812378,-0.9132411610343,-0.9117836328849714,-0.9121474182702988,-0.23022052007473487,0.0,0.0
2008-12-19 00:00:00+07:00,-0.9120753790812378,-0.9119857713188187,-0.9117836328849714,-0.9121474182702988,-0.018538085887478614,0.0,0.0
2008-12-22 00:00:00+07:00,-0.9120753790812378,-0.9119857713188187,-0.9130598127226619,-0.9121474182702988,0.042771031225247745,0.0,0.0
2008-12-23 00:00:00+07:00,-0.9120753790812378,-0.9132411610343,-0.9105074530472811,-0.9121474182702988,-0.32373000523791606,0.0,0.0
2008-12-24 00:00:00+07:00,-0.914606977543603,-0.9119857788632991,-0.9117836403184115,-0.9146794087623821,-0.27445007973406804,0.0,0.0
2008-12-30 00:00:00+07:00,-0.9095437596469146,-0.908219573411744,-0.9092312450717964,-0.9096154068030097,-0.14127825695852084,0.0,0.0
2008-12-31 00:00:00+07:00,-0.9095437596469146,-0.9119857432069239,-0.9066788849567626,-0.9096154068030097,-6.175100444806386,0.0,0.0
2009-01-05 00:00:00+07:00,-0.8968857568491098,-0.8994317990906219,-0.9066788426687483,-0.89695544385499,0.13651939446573214,0.0,0.0
2009-01-06 00:00:00+07:00,-0.8968857568491098,-0.8893886770768639,-0.8964693996062736,-0.89695544385499,0.17671888314133608,0.0,0.0
2009-01-07 00:00:00+07:00,-0.8930884352371655,-0.8956656944318173,-0.9117836234032058,-0.9032854672794113,0.07929849885439465,0.0,0.0
2009-01-08 00:00:00+07:00,-0.915872750559838,-0.9144965353581126,-0.9143359774027421,-0.9159453777894166,0.01329664662010257,0.0,0.0
2009-01-09 00:00:00+07:00,-0.9222017519587403,-0.917007339053053,-0.9207169002669761,-0.9222753592634265,0.05082536097843066,0.0,0.0
2009-01-12 00:00:00+07:00,-0.9259991234373405,-0.922028882180317,-0.9245454246289599,-0.9260733187825445,0.2344740578285261,0.0,0.0
2009-01-13 00:00:00+07:00,-0.9247333294491474,-0.9232842735926897,-0.9270977859900291,-0.9248073287803042,0.33759555231813376,0.0,0.0
2009-01-14 00:00:00+07:00,-0.9259991234373405,-0.9245396617237771,-0.9245454246289599,-0.9260733187825445,0.12464484670537375,0.0,0.0
2009-01-15 00:00:00+07:00,-0.9335939083384569,-0.9320720118566128,-0.9334786950731502,-0.9336692797711917,0.17356464557815623,0.0,0.0
2009-01-16 00:00:00+07:00,-0.9305171931714405,-0.9238867789802012,-0.9291168610281145,-0.9216169475568113,0.06777889378661303,7.0,0.0
2009-01-19 00:00:00+07:00,-0.9241073584442087,-0.9213439147052961,-0.9265318860302396,-0.9241812608408633,0.13672334696046368,0.0,0.0
2009-01-20 00:00:00+07:00,-0.9228254055623106,-0.9251582036067043,-0.9291168600252725,-0.9228991094426388,0.006971146991752404,0.0,0.0
2009-01-21 00:00:00+07:00,-0.9330810705614109,-0.927701002184438,-0.9317017723450356,-0.9331563625788465,0.4563176429875823,0.0,0.0
2009-01-22 00:00:00+07:00,-0.9330810705614109,-0.9315152806020316,-0.9329942541807139,-0.9331563625788465,0.14771647912311486,0.0,0.0
2009-01-23 00:00:00+07:00,-0.931799170109408,-0.9340581967917786,-0.9329943173945416,-0.9318742636186362,-0.23725657872108308,0.0,0.0
2009-01-27 00:00:00+07:00,-0.9292351699718007,-0.9315152747403396,-0.9304092847087889,-0.9293098664337615,-0.36607482538306546,0.0,0.0
2009-01-28 00:00:00+07:00,-0.9330810705614109,-0.9302438544628338,-0.9304092905093574,-0.9331563625788465,-0.14871595847253216,0.0,0.0
2009-01-29 00:00:00+07:00,-0.9330810705614109,-0.9327867067412293,-0.9329942541807139,-0.9331563625788465,0.15550839956654486,0.0,0.0
2009-01-30 00:00:00+07:00,-0.9330810705614109,-0.9340581328804274,-0.9329942541807139,-0.9331563625788465,-0.21437799187484058,0.0,0.0
2009-02-02 00:00:00+07:00,-0.9330810705614109,-0.9340581328804274,-0.9329942541807139,-0.9331563625788465,-0.05482044297418271,0.0,0.0
2009-02-03 00:00:00+07:00,-0.931799170109408,-0.9340581967917786,-0.9317018361441766,-0.9318742636186362,-0.21035853370424726,0.0,0.0
2009-02-04 00:00:00+07:00,-0.9292351699718007,-0.9315152747403396,-0.9304092847087889,-0.9293098664337615,-0.1022264144012268,0.0,0.0
2009-02-05 00:00:00+07:00,-0.931799170109408,-0.9327867712283586,-0.9304093548938117,-0.9318742636186362,-0.16678791438029217,0.0,0.0
2009-02-06 00:00:00+07:00,-0.931799170109408,-0.9302439201015188,-0.9317018361441766,-0.9318742636186362,0.11177879490366473,0.0,0.0
2009-02-09 00:00:00+07:00,-0.9330810705614109,-0.9327867067412293,-0.9329942541807139,-0.9331563625788465,-0.1940252737559274,0.0,0.0
2009-02-10 00:00:00+07:00,-0.9382089554908561,-0.9366010110191239,-0.9368717250115959,-0.9382850415849647,0.02052326012754531,0.0,0.0
2009-02-11 00:00:00+07:00,-0.9420548455944873,-0.9416867107262831,-0.9446266108399451,-0.9421315272424469,0.19073890142767508,0.0,0.0
2009-02-12 00:00:00+07:00,-0.9394908978867751,-0.939143840327546,-0.9407491479956778,-0.9395671824955864,0.08989173414100425,0.0,0.0
2009-02-13 00:00:00+07:00,-0.9382089554908561,-0.9378724369210713,-0.9381642066060947,-0.9382850415849647,0.039954480787020956,0.0,0.0
2009-02-16 00:00:00+07:00,-0.9369269816370001,-0.9391438536986868,-0.9368717159095314,-0.9370028692115344,-0.27227600386613154,0.0,0.0
2009-02-17 00:00:00+07:00,-0.9446187618442624,-0.9404152711174243,-0.9433341160981135,-0.9446958405264988,0.15957326061525667,0.0,0.0
2009-02-18 00:00:00+07:00,-0.9433367984763853,-0.944229550777279,-0.9459190810327889,-0.9434136786406715,0.20155590350808877,0.0,0.0
2009-02-19 00:00:00+07:00,-0.9420548455944873,-0.9416867107262831,-0.9407491659431568,-0.9421315272424469,0.06135252390938142,0.0,0.0
2009-02-20 00:00:00+07:00,-0.9484646624338725,-0.9442295557066648,-0.9459190858005553,-0.9485423366715839,0.17914363292462498,0.0,0.0
2009-02-23 00:00:00+07:00,-0.9459007252121394,-0.946772400001737,-0.9446265964106999,-0.9459780024123262,-0.03544325548870347,0.0,0.0
2009-02-24 00:00:00+07:00,-0.9484646624338725,-0.9467724077187953,-0.9472115675008962,-0.9485423366715839,-0.14426477098641216,0.0,0.0
2009-02-25 00:00:00+07:00,-0.9459007604628775,-0.9467724353122959,-0.9510890387082951,-0.9536710156777021,0.3324988979375123,0.0,0.0
2009-02-26 00:00:00+07:00,-0.9510285996556057,-0.9531295453897736,-0.9536739834461543,-0.9511066709308416,0.4750091581275912,0.0,0.0
2009-02-27 00:00:00+07:00,-0.9535925473633179,-0.9531295639766074,-0.9523815201309086,-0.9536710156777021,0.2594555005539852,0.0,0.0
2009-03-02 00:00:00+07:00,-0.9561564636130929,-0.9544009766856983,-0.953673988732156,-0.956235328961754,0.02188138658334223,0.0,0.0
2009-03-03 00:00:00+07:00,-0.9574384230487278,-0.9518581194632985,-0.9549664650655869,-0.9511066709308416,0.10612265954420952,0.0,0.0
2009-03-04 00:00:00+07:00,-0.9510285984339383,-0.9429581366653792,-0.9497965373689964,-0.9421315272424469,0.3921713990316493,0.0,0.0
2009-03-05 00:00:00+07:00,-0.9407728507686731,-0.9404152543257066,-0.9394566542213454,-0.940849333893811,0.3652936544569813,0.0,0.0
2009-03-06 00:00:00+07:00,-0.9420548455944873,-0.9416867107262831,-0.9420416475754195,-0.9421315272424469,-0.1435537815057927,0.0,0.0
2009-03-10 00:00:00+07:00,-0.935644997297165,-0.9378724082726314,-0.9394566604259971,-0.9357206863505013,0.2808586135384018,0.0,0.0
2009-03-11 00:00:00+07:00,-0.9305171647976148,-0.932786730566171,-0.9317017959157982,-0.9305920597823975,0.33040928165269046,0.0,0.0
2009-03-12 00:00:00+07:00,-0.9330810705614109,-0.9327867067412293,-0.9329942541807139,-0.9331563625788465,-0.029783417264864765,0.0,0.0
2009-03-13 00:00:00+07:00,-0.9292351699718007,-0.9302438485492683,-0.9291168028203785,-0.9293098664337615,0.24804954098664717,0.0,0.0
2009-03-16 00:00:00+07:00,-0.9292351699718007,-0.9289724223581971,-0.9278243209319676,-0.9293098664337615,-0.11902272671709155,0.0,0.0
2009-03-17 00:00:00+07:00,-0.9279532380618607,-0.9302438813131647,-0.9304093168466294,-0.9280277360107426,0.3017607522353903,0.0,0.0
2009-03-18 00:00:00+07:00,-0.9305171647976148,-0.9289724527867456,-0.9304093142963654,-0.9305920597823975,0.0685377256817207,0.0,0.0
2009-03-19 00:00:00+07:00,-0.929235216576152,-0.9251581920513976,-0.9278243675028388,-0.9241812608408633,0.32140387674119597,0.0,0.0
2009-03-20 00:00:00+07:00,-0.9228254055623106,-0.9238867779225969,-0.922654453160016,-0.9228991094426388,-0.023477191487917576,0.0,0.0
2009-03-23 00:00:00+07:00,-0.9176975311188443,-0.9188010584812195,-0.9200694741226294,-0.9177704409241234,0.09476950869644589,0.0,0.0
2009-03-24 00:00:00+07:00,-0.9138516410152132,-0.914986784630352,-0.9136070701483738,-0.9139239552666412,0.3628374730846997,0.0,0.0
2009-03-25 00:00:00+07:00,-0.9125696776473362,-0.9124439342310593,-0.9123145898316469,-0.9126417933808139,0.05228701296069347,0.0,0.0
2009-03-27 00:00:00+07:00,-0.9112877352514173,-0.9099011051406986,-0.9097296490293849,-0.9113596524701921,-0.11098479691465275,0.0,0.0
2009-03-30 00:00:00+07:00,-0.9164155782369463,-0.9124439414460801,-0.9174845225981441,-0.9164882895258989,0.027959118469526246,0.0,0.0
2009-03-31 00:00:00+07:00,-0.9151335834111322,-0.9124439103749421,-0.9136070480003674,-0.9152060961772629,0.2590892363986811,0.0,0.0
2009-04-01 00:00:00+07:00,-0.9112877352514173,-0.9111725307498577,-0.9123146116231083,-0.9113596524701921,-0.039067933830623555,0.0,0.0
2009-04-02 00:00:00+07:00,-0.9061598712939299,-0.9086296730623873,-0.9084371613570401,-0.9062309944392797,0.3863645253259292,0.0,0.0
2009-04-03 00:00:00+07:00,-0.9112877352514173,-0.9048154027040619,-0.9084371677325231,-0.9113596524701921,0.26185847226121994,0.0,0.0
2009-04-06 00:00:00+07:00,-0.9087238190016421,-0.9073582665750285,-0.9097296613069251,-0.9087953391861401,0.13020603584412455,0.0,0.0
2009-04-07 00:00:00+07:00,-0.9100057509115821,-0.9099010850141633,-0.9097296291990741,-0.910077469609159,0.16383221171239934,0.0,0.0
2009-04-08 00:00:00+07:00,-0.9176975311188443,-0.9111725035616991,-0.9161920295892904,-0.9177704409241234,0.16899066404294427,0.0,0.0
2009-04-09 00:00:00+07:00,-0.9176975311188443,-0.9200724843011395,-0.9148995480781773,-0.9177704409241234,-6.175100444806386,0.0,0.0
2009-04-13 00:00:00+07:00,-0.9087238190016421,-0.9111725431149458,-0.9110221425063459,-0.9087953391861401,-0.02803231218566115,0.0,0.0
2009-04-14 00:00:00+07:00,-0.9023139811902988,-0.9022725479120045,-0.9071446830164402,-0.9023845087817974,0.552164868511882,0.0,0.0
2009-04-15 00:00:00+07:00,-0.9010319863644847,-0.9010010916389081,-0.9032672092646926,-0.9011023154331615,0.16862915971891893,0.0,0.0
2009-04-16 00:00:00+07:00,-0.8959040804630812,-0.8971867666544611,-0.8968047546947281,-0.8959736154518376,0.3401792274242036,0.0,0.0
2009-04-17 00:00:00+07:00,-0.895904127393337,-0.8908296842195648,-0.8929273563245644,-0.8908450098589394,0.3270906511970078,0.0,0.0
2009-04-20 00:00:00+07:00,-0.8933401956712433,-0.8933725334374978,-0.8942198354191665,-0.8934093336305943,0.026235662295131496,0.0,0.0
2009-04-22 00:00:00+07:00,-0.8984680596287306,-0.895915390739738,-0.8955123224651862,-0.8985379916615067,0.02924226890883383,0.0,0.0
2009-04-23 00:00:00+07:00,-0.9023139811902988,-0.9022725479120045,-0.900682276398568,-0.9023845087817974,-0.20760280757647206,0.0,0.0
2009-04-24 00:00:00+07:00,-0.8997499915386705,-0.8984582092929759,-0.8993897345969144,-0.8998201220845256,-0.18078869711606815,0.0,0.0
2009-04-27 00:00:00+07:00,-0.9087238190016421,-0.904815415548417,-0.9071446989080831,-0.9087953391861401,-0.2842721546907946,0.0,0.0
2009-04-28 00:00:00+07:00,-0.9035959235862178,-0.8984582482133675,-0.9058521801899727,-0.9036666496924192,-0.07949421069347207,0.0,0.0
2009-04-29 00:00:00+07:00,-0.9035959235862178,-0.9022725256115981,-0.9006822542289188,-0.9036666496924192,-0.08622584728390553,0.0,0.0
2009-04-30 00:00:00+07:00,-0.9023139811902988,-0.897186845370258,-0.8993897950749937,-0.9023845087817974,0.11919583117143183,0.0,0.0
2009-05-01 00:00:00+07:00,-0.8959040804630812,-0.8971867666544611,-0.8968047546947281,-0.8959736154518376,-0.08899011753281627,0.0,0.0
2009-05-04 00:00:00+07:00,-0.8920582847332615,-0.8933725870652715,-0.8955123692202442,-0.8921272241827811,0.21589233576081662,0.0,0.0
2009-05-05 00:00:00+07:00,-0.8946221275811832,-0.8921010741766846,-0.8980972483244676,-0.8946914640536131,0.20958427507581806,0.0,0.0
2009-05-06 00:00:00+07:00,-0.8997499915386705,-0.8971867832135628,-0.8968047710471077,-0.8998201220845256,0.15027514052721427,0.0,0.0
2009-05-07 00:00:00+07:00,-0.9023139811902988,-0.8959154197348214,-0.8993897950749937,-0.9023845087817974,0.1301598658718919,0.0,0.0
2009-05-08 00:00:00+07:00,-0.9023139811902988,-0.9022725479120045,-0.900682276398568,-0.9023845087817974,-0.006959473581473077,0.0,0.0
2009-05-11 00:00:00+07:00,-0.9010319993081151,-0.9010011046663128,-0.9071446662905838,-0.910077469609159,0.2624980471783994,0.0,0.0
2009-05-12 00:00:00+07:00,-0.9087238190016421,-0.90990111760164,-0.9110221425063459,-0.9087953391861401,0.3308372843013806,0.0,0.0
2009-05-13 00:00:00+07:00,-0.9074418136898489,-0.9060867994099064,-0.9084371396760521,-0.9075131353499013,0.19784184806575542,0.0,0.0
2009-05-14 00:00:00+07:00,-0.9074418136898489,-0.9099010768893383,-0.9097296211938309,-0.9075131353499013,-0.1870851432200484,0.0,0.0
2009-05-15 00:00:00+07:00,-0.9074418136898489,-0.9073582252363837,-0.9071446581582733,-0.9075131353499013,-0.05909145804178778,0.0,0.0
2009-05-18 00:00:00+07:00,-0.9023139811902988,-0.9010011222765679,-0.9084371643400145,-0.9023845087817974,0.0643783738101686,0.0,0.0
2009-05-19 00:00:00+07:00,-0.8946221275811832,-0.8971867786254263,-0.896804766516249,-0.8946914640536131,0.08508912794677459,0.0,0.0
2009-05-20 00:00:00+07:00,-0.8933401956712433,-0.8946439593178745,-0.8942198354191665,-0.8934093336305943,0.1975091474537123,0.0,0.0
2009-05-21 00:00:00+07:00,-0.8933401956712433,-0.8959153851982514,-0.8903423907014535,-0.8934093336305943,-6.175100444806386,0.0,0.0
2009-05-22 00:00:00+07:00,-0.8959040804630812,-0.8971867666544611,-0.8968047546947281,-0.8959736154518376,-0.14717461991467334,0.0,0.0
2009-05-25 00:00:00+07:00,-0.8959040804630812,-0.8959153404567686,-0.8942197909044451,-0.8959736154518376,-0.45712659465839955,0.0,0.0
2009-05-26 00:00:00+07:00,-0.9010319863644847,-0.8959153882026312,-0.8993897646119612,-0.9011023154331615,-0.163306949520673,0.0,0.0
2009-05-27 00:00:00+07:00,-0.8971860543169373,-0.8984582017447155,-0.896804763539453,-0.8972557878252679,-0.1339469988573796,0.0,0.0
2009-05-28 00:00:00+07:00,-0.8971860543169373,-0.8997296278784326,-0.896804763539453,-0.8972557878252679,-0.3018581185217083,0.0,0.0
2009-05-29 00:00:00+07:00,-0.9010319863644847,-0.8971868140617004,-0.9019747277137821,-0.9011023154331615,0.30539168721412235,0.0,0.0
2009-06-01 00:00:00+07:00,-0.8984680596287306,-0.8997296682629647,-0.8980972855304238,-0.8985379916615067,0.1722989837219897,0.0,0.0
2009-06-02 00:00:00+07:00,-0.8920582847332615,-0.8908297360545564,-0.8942198880289034,-0.8921272241827811,0.4290528794707031,0.0,0.0
2009-06-03 00:00:00+07:00,-0.8933401956712433,-0.8921011075571209,-0.8929273538465955,-0.8934093336305943,0.15946717647043968,0.0,0.0
2009-06-04 00:00:00+07:00,-0.8907762689354892,-0.892101110082405,-0.8916348747698207,-0.8908450098589394,0.22857543264902686,0.0,0.0
2009-06-05 00:00:00+07:00,-0.883084509700185,-0.8832011576388575,-0.889049938997598,-0.8831520595191807,0.5386568326603832,0.0,0.0
2009-06-08 00:00:00+07:00,-0.8779566562286768,-0.8781154591875877,-0.8787100922734831,-0.8780234119758711,0.40138166254875846,0.0,0.0
2009-06-09 00:00:00+07:00,-0.8702648340774983,-0.8730297211216426,-0.8748326135621862,-0.8703303987104953,0.4226076853435821,0.0,0.0
2009-06-10 00:00:00+07:00,-0.8707861550115901,-0.8670839461995556,-0.875487128482801,-0.8708518003735422,0.35594839356100394,13.0,0.0
2009-06-11 00:00:00+07:00,-0.8720894573468192,-0.8735467826913546,-0.8715452514265438,-0.8721553045311594,0.04493126368702583,0.0,0.0
2009-06-12 00:00:00+07:00,-0.8733927177381321,-0.8748393291637707,-0.8741731713549782,-0.8734587667383652,0.26947225588333346,0.0,0.0
2009-06-15 00:00:00+07:00,-0.8733927177381321,-0.8748393291637707,-0.8715452359764487,-0.8734587667383652,0.24821397204055265,0.0,0.0
2009-06-16 00:00:00+07:00,-0.8759993014366323,-0.8787170466747551,-0.8768011382273114,-0.8760657540783938,-0.05513502129643811,0.0,0.0
2009-06-17 00:00:00+07:00,-0.8773025423225577,-0.8800095739014694,-0.8846849098485242,-0.8877970188192744,0.29136875312230437,0.0,0.0
2009-06-18 00:00:00+07:00,-0.8903353335167397,-0.8890575400631933,-0.8912547798034502,-0.890404006159303,0.2046442180756575,0.0,0.0
2009-06-19 00:00:00+07:00,-0.8903353335167397,-0.8903501018289446,-0.8899408123206205,-0.890404006159303,-0.09790635557152567,0.0,0.0
2009-06-22 00:00:00+07:00,-0.8838189267003844,-0.8864723885039252,-0.8873128498387871,-0.8838865902472457,-0.14390909448702383,0.0,0.0
2009-06-23 00:00:00+07:00,-0.8877287498182395,-0.8890575078286842,-0.8899407806900751,-0.8877970188192744,0.024425396133150774,0.0,0.0
2009-06-24 00:00:00+07:00,-0.8838189267003844,-0.8864723885039252,-0.8833709468048471,-0.8838865902472457,0.09755717674967095,0.0,0.0
2009-06-25 00:00:00+07:00,-0.8746960200733612,-0.8774244793034507,-0.8807430352186207,-0.8747622708959824,0.3393707278356193,0.0,0.0
2009-06-26 00:00:00+07:00,-0.8890320311815105,-0.8838872654793738,-0.8899407860453211,-0.8891005020016859,0.6154114771559565,0.0,0.0
2009-06-29 00:00:00+07:00,-0.8903353335167397,-0.8877649782974419,-0.8886268448377905,-0.890404006159303,0.2260352616659746,0.0,0.0
2009-06-30 00:00:00+07:00,-0.8903353335167397,-0.8903501018289446,-0.8899408123206205,-0.890404006159303,0.11074280242664201,0.0,0.0
2009-07-01 00:00:00+07:00,-0.8864254474830103,-0.8877649194760133,-0.888626787104154,-0.8864935146616573,0.27587688876415917,0.0,0.0
2009-07-02 00:00:00+07:00,-0.8851221866694431,-0.8800095622565706,-0.8820569630603764,-0.8799761407000112,0.6444971595482663,0.0,0.0
2009-07-03 00:00:00+07:00,-0.8851221870916973,-0.8825946868203476,-0.8820569634860947,-0.8851900524544515,0.19494142238299705,0.0,0.0
2009-07-06 00:00:00+07:00,-0.8890320311815105,-0.8864723893827796,-0.8873128507015996,-0.8891005020016859,-0.06261076272132256,0.0,0.0
2009-07-07 00:00:00+07:00,-0.8864254474830103,-0.8877649194760133,-0.8859988513137281,-0.8864935146616573,0.23890925345857889,0.0,0.0
2009-07-08 00:00:00+07:00,-0.8864254474830103,-0.8890574816474297,-0.8833709155233023,-0.8864935146616573,-6.175100444806386,0.0,0.0
2009-07-09 00:00:00+07:00,-0.8864254474830103,-0.8838872329617641,-0.8846848834185153,-0.8864935146616573,0.32010959249523807,0.0,0.0
2009-07-10 00:00:00+07:00,-0.8864255063829777,-0.8877649782974419,-0.8873128773549608,-0.890404006159303,-0.009744801635779125,0.0,0.0
2009-07-13 00:00:00+07:00,-0.8903353335167397,-0.8890575400631933,-0.89256874728628,-0.890404006159303,0.13898147154426432,0.0,0.0
2009-07-14 00:00:00+07:00,-0.8903353335167397,-0.8890575400631933,-0.8886268448377905,-0.890404006159303,-0.011700950855293588,0.0,0.0
2009-07-15 00:00:00+07:00,-0.8799090826105712,-0.8825946863900119,-0.8873128342155099,-0.8799761407000112,0.3360411877293272,0.0,0.0
2009-07-16 00:00:00+07:00,-0.8759993014366323,-0.8761319231529573,-0.8754871707494144,-0.8760657540783938,0.3697549700593382,0.0,0.0
2009-07-17 00:00:00+07:00,-0.8812123639738423,-0.8787170056378009,-0.8794290328388057,-0.8812796238824226,0.3378560558868905,0.0,0.0
2009-07-20 00:00:00+07:00,-0.8812123639738423,-0.8838872537613163,-0.8781150650864578,-0.8812796238824226,-6.175100444806386,0.0,0.0
2009-07-21 00:00:00+07:00,-0.8812123639738423,-0.8800095676686797,-0.8820569683435019,-0.8812796238824226,0.41049853631957134,0.0,0.0
2009-07-22 00:00:00+07:00,-0.8864254474830103,-0.8838872329617641,-0.8846848834185153,-0.8864935146616573,0.2335407501228736,0.0,0.0
2009-07-23 00:00:00+07:00,-0.8812123639738423,-0.8838872537613163,-0.8833709360958498,-0.8812796238824226,0.12074109597191025,0.0,0.0
2009-07-24 00:00:00+07:00,-0.8812123639738423,-0.8813021296995586,-0.8794290328388057,-0.8812796238824226,0.30897818994094267,0.0,0.0
2009-07-27 00:00:00+07:00,-0.8812123639738423,-0.8813021296995586,-0.8807430005911538,-0.8812796238824226,0.1000961963687157,0.0,0.0
2009-07-28 00:00:00+07:00,-0.8812123639738423,-0.8825946917304375,-0.8794290328388057,-0.8812796238824226,0.41721044777726757,0.0,0.0
2009-07-29 00:00:00+07:00,-0.8838189267003844,-0.8825947026307581,-0.8820569791268672,-0.8838865902472457,-0.044767680327640794,0.0,0.0
2009-07-30 00:00:00+07:00,-0.8799090826105712,-0.8813021243232914,-0.8794290274828098,-0.8799761407000112,0.3794855882793664,0.0,0.0
2009-07-31 00:00:00+07:00,-0.8773025618279453,-0.8787170313850181,-0.8768011229911344,-0.8773692162855996,0.4527852837894297,0.0,0.0
2009-08-03 00:00:00+07:00,-0.8733927177381321,-0.8748393291637707,-0.8741731713549782,-0.8734587667383652,0.14429753817643376,0.0,0.0
2009-08-04 00:00:00+07:00,-0.8694828946202771,-0.8709616478786587,-0.8702312728661407,-0.8695483381663364,0.2838463833650353,0.0,0.0
2009-08-05 00:00:00+07:00,-0.864269790139151,-0.8670839611325675,-0.8662893689682422,-0.8643344264118962,0.383452160438459,0.0,0.0
2009-08-06 00:00:00+07:00,-0.8564501229314827,-0.859328577704293,-0.8610334867851104,-0.8565135482926329,0.31186479504128417,0.0,0.0
2009-08-07 00:00:00+07:00,-0.8590566437141086,-0.8593285464419358,-0.855777584437829,-0.8591204727070445,-0.15343359709653231,0.0,0.0
2009-08-10 00:00:00+07:00,-0.8538435392329825,-0.8567434221621321,-0.8557775845629416,-0.8539065609526043,-0.02249090351334014,0.0,0.0
2009-08-11 00:00:00+07:00,-0.8447206116340014,-0.846402929990689,-0.8505217181429792,-0.8447822206261353,0.1898942106254038,0.0,0.0
2009-08-12 00:00:00+07:00,-0.8473271796944519,-0.8502806321947738,-0.8505217336343255,-0.8486926701733697,0.1650141743499746,0.0,0.0
2009-08-13 00:00:00+07:00,-0.8486304557238145,-0.846402945951039,-0.8465798302236809,-0.8486926701733697,-0.3066911204043404,0.0,0.0
2009-08-14 00:00:00+07:00,-0.8473271743605434,-0.8502806269047143,-0.847893792742281,-0.8473891869909582,-0.06640979429284469,0.0,0.0
2009-08-18 00:00:00+07:00,-0.8564501229314827,-0.858036015688562,-0.8557776158373128,-0.8565135482926329,0.1066911972131839,0.0,0.0
2009-08-19 00:00:00+07:00,-0.8551468835121279,-0.8541583665321055,-0.8544636845054964,-0.8552101070606328,0.16182519879241192,0.0,0.0
2009-08-20 00:00:00+07:00,-0.8538435392329825,-0.8554508599599471,-0.8518356807834684,-0.8539065609526043,-0.17033148311987528,0.0,0.0
2009-08-21 00:00:00+07:00,-0.8486304557238145,-0.8515731942760187,-0.8492077658307773,-0.8486926701733697,-0.23162292158225448,0.0,0.0
2009-08-24 00:00:00+07:00,-0.8499336951431694,-0.8464029085864987,-0.8492077293496195,-0.8499961114053698,-0.24586500527950825,0.0,0.0
2009-08-25 00:00:00+07:00,-0.8512369345625243,-0.8502805583026825,-0.8492076924417816,-0.8512995526373699,-0.11043088587407901,0.0,0.0
2009-08-26 00:00:00+07:00,-0.8473271743605434,-0.8502806269047143,-0.8492077605767352,-0.8473891869909582,-0.05334963971697949,0.0,0.0
2009-08-27 00:00:00+07:00,-0.8486304557238145,-0.8502806321947738,-0.8492077658307773,-0.8486926701733697,-0.031837583867078405,0.0,0.0
2009-08-28 00:00:00+07:00,-0.8473271743605434,-0.8502806269047143,-0.847893792742281,-0.8473891869909582,-0.27996428321456196,0.0,0.0
2009-08-31 00:00:00+07:00,-0.8525402788416695,-0.8502806271494149,-0.8492077608197698,-0.8526030987453985,-0.1523392152627705,0.0,0.0
2009-09-01 00:00:00+07:00,-0.8460239349411885,-0.8464029773245271,-0.8478938288391633,-0.8460857457589581,0.06831714536928074,0.0,0.0
2009-09-02 00:00:00+07:00,-0.8512369345625243,-0.8502805583026825,-0.851835628912278,-0.8512995526373699,-0.004893536709301982,0.0,0.0
2009-09-03 00:00:00+07:00,-0.8512369345625243,-0.8515731208085945,-0.851835628912278,-0.8512995526373699,-0.031892773444413394,0.0,0.0
2009-09-04 00:00:00+07:00,-0.8512369345625243,-0.8528656833145067,-0.8492076924417816,-0.8512995526373699,-0.5794046596537199,0.0,0.0
2009-09-07 00:00:00+07:00,-0.8447206116340014,-0.846402929990689,-0.8465798144573403,-0.8447822206261353,-0.278951769137842,0.0,0.0
2009-09-08 00:00:00+07:00,-0.8447206116340014,-0.846402929990689,-0.8439518786669145,-0.8447822206261353,-0.22460275192945667,0.0,0.0
2009-09-09 00:00:00+07:00,-0.8408108094881044,-0.8438178316472965,-0.8413239688635366,-0.8408718130293121,0.04425208977082847,0.0,0.0
2009-09-10 00:00:00+07:00,-0.8395075071528751,-0.8412326813050235,-0.8373820391908499,-0.839568308871695,-0.22846734019794718,0.0,0.0
2009-09-11 00:00:00+07:00,-0.8434173931866046,-0.842525301644679,-0.8426379682607041,-0.8434788003693409,-0.21332225298171506,0.0,0.0
2009-09-14 00:00:00+07:00,-0.8499336951431694,-0.8489880331711867,-0.8478937613314764,-0.8499961114053698,-0.03814884894417822,0.0,0.0
2009-09-15 00:00:00+07:00,-0.8473271743605434,-0.8464029405697715,-0.847893792742281,-0.8473891869909582,0.003249586232788487,0.0,0.0
2009-09-16 00:00:00+07:00,-0.8460239349411885,-0.8464029773245271,-0.8452658935924405,-0.8460857457589581,-0.14784169442922404,0.0,0.0
2009-09-17 00:00:00+07:00,-0.8447205866943756,-0.8347698443079637,-0.8413239177322639,-0.8330508929596376,0.21806846092939666,0.0,0.0
2009-09-24 00:00:00+07:00,-0.8238682146814549,-0.8244293940928247,-0.8255563488374404,-0.82392659458358,0.2160636821793997,0.0,0.0
2009-09-25 00:00:00+07:00,-0.8355977259789363,-0.8321847941827623,-0.8334401828192599,-0.8356579222500776,0.037732886211092186,0.0,0.0
2009-09-28 00:00:00+07:00,-0.8421140489074592,-0.8347698595807598,-0.8386959965140592,-0.8421752542613122,-0.1516634631888087,0.0,0.0
2009-09-29 00:00:00+07:00,-0.8369010492861235,-0.8386476510744502,-0.8373821327705079,-0.8369614473829005,-0.12826898348098018,0.0,0.0
2009-09-30 00:00:00+07:00,-0.8329911003365199,-0.8347698443079637,-0.8347540775418747,-0.8330508929596376,0.024956968631629547,0.0,0.0
2009-10-01 00:00:00+07:00,-0.8225650172060162,-0.8244294723863894,-0.8281843607157083,-0.8226231953019912,0.20672500531978175,0.0,0.0
2009-10-02 00:00:00+07:00,-0.8251714202549764,-0.7908226999873404,-0.824242310780585,-0.8108917417842594,0.008366766473269477,0.0,0.0
2009-10-05 00:00:00+07:00,-0.8134419847472446,-0.8166740000481122,-0.817672520762656,-0.8134987500994938,0.1114378676651356,0.0,0.0
2009-10-06 00:00:00+07:00,-0.8030157338410762,-0.7985780868492042,-0.8097886727298262,-0.8030708846402019,0.17389052137536357,0.0,0.0
2009-10-07 00:00:00+07:00,-0.8004092179554556,-0.7985781239996735,-0.8176725155571516,-0.8174091786715225,0.3020354478002799,0.0,0.0
2009-10-08 00:00:00+07:00,-0.8290813401345392,-0.8218442921030567,-0.8268703380922245,-0.8291405273132259,0.46131386219919224,0.0,0.0
2009-10-09 00:00:00+07:00,-0.8264748193519131,-0.828307132772442,-0.826870368864687,-0.8265336028988143,0.4931939648925149,0.0,0.0
2009-10-12 00:00:00+07:00,-0.8277780587712681,-0.8295996583540809,-0.8281843003390384,-0.8278370441308144,-0.05289983727872562,0.0,0.0
2009-10-13 00:00:00+07:00,-0.8264748193519131,-0.8257220091959084,-0.8255564013589688,-0.8265336028988143,0.25028733797682223,0.0,0.0
2009-10-14 00:00:00+07:00,-0.8238682146814549,-0.8244293940928247,-0.8216144454821768,-0.82392659458358,0.36201487448878006,0.0,0.0
2009-10-15 00:00:00+07:00,-0.825171496044726,-0.8231368374491252,-0.8242423863919754,-0.8252300777659914,0.2914050515665687,0.0,0.0
2009-10-16 00:00:00+07:00,-0.8290813401345392,-0.829599663803924,-0.8268703380922245,-0.8291405273132259,0.20520279412513226,0.0,0.0
2009-10-19 00:00:00+07:00,-0.8238682146814549,-0.8270145182189954,-0.8268703166225285,-0.82392659458358,0.05773189085028776,0.0,0.0
2009-10-20 00:00:00+07:00,-0.825171496044726,-0.8257219615197127,-0.8242423863919754,-0.8252300777659914,0.051187728734902266,0.0,0.0
2009-10-21 00:00:00+07:00,-0.825171496044726,-0.8270145235550062,-0.8255563541488115,-0.8252300777659914,-0.12351931887115696,0.0,0.0
2009-10-22 00:00:00+07:00,-0.825171496044726,-0.8270145235550062,-0.8255563541488115,-0.8252300777659914,0.12093080858113818,0.0,0.0
2009-10-23 00:00:00+07:00,-0.825171496044726,-0.8270145235550062,-0.8242423863919754,-0.8252300777659914,0.19842093776075917,0.0,0.0
2009-10-26 00:00:00+07:00,-0.825171496044726,-0.8283070855902999,-0.8242423863919754,-0.8252300777659914,-0.1890167681128858,0.0,0.0
2009-10-27 00:00:00+07:00,-0.8290813401345392,-0.829599663803924,-0.8281843057625012,-0.8291405273132259,-0.005848146868770438,0.0,0.0
2009-10-28 00:00:00+07:00,-0.8342944236437072,-0.8321847673568252,-0.8321261886390923,-0.8343544180924605,0.048599403004484565,0.0,0.0
2009-10-29 00:00:00+07:00,-0.8355977259789363,-0.8386476037611832,-0.8518357297126987,-0.8356579222500776,0.5091073862706738,0.0,0.0
2009-10-30 00:00:00+07:00,-0.8355977259789363,-0.8347699180141306,-0.8334401828192599,-0.8356579222500776,0.27335517489312744,0.0,0.0
2009-11-02 00:00:00+07:00,-0.8342944236437072,-0.8360624535319512,-0.8373820597602916,-0.8343544180924605,-0.042484142565072304,0.0,0.0
2009-11-03 00:00:00+07:00,-0.8369010492861235,-0.834769966103025,-0.8334402306532434,-0.8369614473829005,0.011677339830805962,0.0,0.0
2009-11-04 00:00:00+07:00,-0.8342944236437072,-0.8360624535319512,-0.8347541241996919,-0.8343544180924605,-0.18073223319825116,0.0,0.0
2009-11-05 00:00:00+07:00,-0.8342944236437072,-0.8360624535319512,-0.8347541241996919,-0.8343544180924605,-0.3928167322521215,0.0,0.0
2009-11-06 00:00:00+07:00,-0.8277780587712681,-0.8308922203329088,-0.8294982680384735,-0.8278370441308144,-0.11290723843637782,0.0,0.0
2009-11-09 00:00:00+07:00,-0.8277780587712681,-0.8283070963752528,-0.8255563649401682,-0.8278370441308144,-0.2579902795936995,0.0,0.0
2009-11-10 00:00:00+07:00,-0.8264748193519131,-0.8270145709841751,-0.8242424338532508,-0.8265336028988143,-0.009003307896579623,0.0,0.0
2009-11-11 00:00:00+07:00,-0.8290813401345392,-0.8283071018537796,-0.8255563704219478,-0.8291405273132259,-0.07795747809828285,0.0,0.0
2009-11-12 00:00:00+07:00,-0.8238682146814549,-0.8270145182189954,-0.8242423810523527,-0.82392659458358,-0.2569693885947797,0.0,0.0
2009-11-13 00:00:00+07:00,-0.8243938768108703,-0.824929010833202,-0.8221554619219096,-0.8244523381142047,-0.4278266809471822,8.0,0.0
2009-11-16 00:00:00+07:00,-0.8257081265082201,-0.8262324565973536,-0.8221554837336223,-0.8257667913291922,-0.10528044584400198,0.0,0.0
2009-11-17 00:00:00+07:00,-0.8230796690574367,-0.8249290310813855,-0.8221554821837997,-0.8231379268496286,0.007874834388969115,0.0,0.0
2009-11-18 00:00:00+07:00,-0.8257081265082201,-0.8262324565973536,-0.8221554837336223,-0.8257667913291922,-0.3251384406638006,0.0,0.0
2009-11-19 00:00:00+07:00,-0.8270223552336118,-0.8275358813430964,-0.8248055036522544,-0.827081223568974,-0.3062857940947984,0.0,0.0
2009-11-20 00:00:00+07:00,-0.8270223552336118,-0.8275358813430964,-0.8248055036522544,-0.827081223568974,-0.5016870203876201,0.0,0.0
2009-11-23 00:00:00+07:00,-0.8296508546283115,-0.8288393491501356,-0.8274555664103574,-0.8297101299989488,-0.1223956736939974,0.0,0.0
2009-11-24 00:00:00+07:00,-0.8296508546283115,-0.8288393491501356,-0.8261305570805,-0.8297101299989488,-0.1667336790694678,0.0,0.0
2009-11-25 00:00:00+07:00,-0.8270223552336118,-0.830142729269289,-0.826130513217932,-0.827081223568974,-0.23028562276022466,0.0,0.0
2009-11-26 00:00:00+07:00,-0.8283366049309616,-0.8301427509586616,-0.8274555444803344,-0.8283956767839614,-0.16589411191095066,0.0,0.0
2009-11-30 00:00:00+07:00,-0.821765482275961,-0.823625648155634,-0.8314305885810644,-0.8218235365602582,0.2526406964497082,0.0,0.0
2009-12-01 00:00:00+07:00,-0.8151943176770443,-0.8184119274309121,-0.8195054790198812,-0.8152513543861437,0.3312064993787285,0.0,0.0
2009-12-02 00:00:00+07:00,-0.812565861929567,-0.8158050796451204,-0.8115554220539939,-0.8152513543861437,0.03735621125875583,0.0,0.0
2009-12-03 00:00:00+07:00,-0.8151942763751269,-0.8158050382668752,-0.812880390118934,-0.8165657446755141,-0.26213976579415843,0.0,0.0
2009-12-04 00:00:00+07:00,-0.8165085438731546,-0.8145016540544318,-0.8142054393598614,-0.8126224899065801,-0.17115438473864172,0.0,0.0
2009-12-07 00:00:00+07:00,-0.8125658860628484,-0.8158051035800072,-0.8155304742568644,-0.8191946720806947,-0.32736943850164985,0.0,0.0
2009-12-08 00:00:00+07:00,-0.8191369867649574,-0.8223221846957719,-0.8221554837336223,-0.8257667913291922,-0.11666689779893857,0.0,0.0
2009-12-09 00:00:00+07:00,-0.8270223552336118,-0.8262324573800002,-0.826130513217932,-0.827081223568974,-0.05641593096771442,0.0,0.0
2009-12-10 00:00:00+07:00,-0.8243938768108703,-0.8236255867524823,-0.8234804716071586,-0.8244523381142047,0.03171784865544436,0.0,0.0
2009-12-11 00:00:00+07:00,-0.8204512325786113,-0.8223222025057126,-0.8181804729423306,-0.8205090833452707,-0.06480833257234848,0.0,0.0
2009-12-14 00:00:00+07:00,-0.8191370248251776,-0.8197153748978673,-0.8195055023730051,-0.8191946720806947,-0.20781636015940272,0.0,0.0
2009-12-15 00:00:00+07:00,-0.821765482275961,-0.819715376867928,-0.8181804949627733,-0.8218235365602582,-0.12970419191650306,0.0,0.0
2009-12-16 00:00:00+07:00,-0.8204512325786113,-0.8197153547549325,-0.8181804729423306,-0.8205090833452707,-0.31681391991471153,0.0,0.0
2009-12-17 00:00:00+07:00,-0.8191370248251776,-0.8210187986704873,-0.8168554836289114,-0.8191946720806947,-0.29606715094798436,0.0,0.0
2009-12-21 00:00:00+07:00,-0.8309650623817451,-0.8262324812528387,-0.8274555462894473,-0.8310245412635249,-0.07793647405972241,0.0,0.0
2009-12-22 00:00:00+07:00,-0.8283366049309616,-0.8314461748063889,-0.8274555444803344,-0.8283956767839614,-0.17907065993244511,0.0,0.0
2009-12-23 00:00:00+07:00,-0.8257081265082201,-0.8288393045317414,-0.8261305124431516,-0.8257667913291922,-0.5796713634005677,0.0,0.0
2009-12-28 00:00:00+07:00,-0.8243938985595676,-0.8275358805645474,-0.8234804933034654,-0.8257667913291922,-0.39214193871246344,0.0,0.0
2009-12-29 00:00:00+07:00,-0.8257081265082201,-0.8275358805645474,-0.8234804933034654,-0.8257667913291922,-0.4756799430619218,0.0,0.0
2009-12-30 00:00:00+07:00,-0.8191370248251776,-0.8223222224431073,-0.822155521117099,-0.8191946720806947,-0.11540135706404733,0.0,0.0
2010-01-04 00:00:00+07:00,-0.8086231740500857,-0.8118948037431736,-0.816855455929334,-0.8086791931872349,0.1416049912652597,0.0,0.0
2010-01-05 00:00:00+07:00,-0.8059947375712603,-0.8092879750676304,-0.8102304272481036,-0.806050349682877,-0.0531148875761355,0.0,0.0
2010-01-06 00:00:00+07:00,-0.8138800679796945,-0.8092879378805522,-0.8102303905570323,-0.8139369011711562,-0.21643656512860807,0.0,0.0
2010-01-07 00:00:00+07:00,-0.8125658602262609,-0.8158050779558167,-0.8168554583657497,-0.8126224899065801,-0.10182122980580127,0.0,0.0
2010-01-08 00:00:00+07:00,-0.8191370248251776,-0.8158051035800072,-0.8155304742568644,-0.8191946720806947,-0.22090738061774234,0.0,0.0
2010-01-11 00:00:00+07:00,-0.8165085044585199,-0.8158050382668752,-0.812880390118934,-0.8165657446755141,-0.1029704815747616,0.0,0.0
2010-01-12 00:00:00+07:00,-0.8033663010924349,-0.8066811463920872,-0.8128804644308815,-0.8034215061785192,0.01068584610839415,0.0,0.0
2010-01-13 00:00:00+07:00,-0.811251589556953,-0.80928791516492,-0.8089053584257504,-0.811308015716387,-0.019850704292714825,0.0,0.0
2010-01-14 00:00:00+07:00,-0.8138800679796945,-0.8066810898761322,-0.8102303905570323,-0.8139369011711562,-0.2088554856425186,0.0,0.0
2010-01-15 00:00:00+07:00,-0.8138800679796945,-0.8118947858849722,-0.8102303905570323,-0.8139369011711562,-0.24230838288264164,0.0,0.0
2010-01-18 00:00:00+07:00,-0.811251629839724,-0.8092879559155675,-0.8102304083514938,-0.8086791931872349,-0.49056747980589993,0.0,0.0
2010-01-19 00:00:00+07:00,-0.8125658602262609,-0.8066811106461231,-0.808905401348085,-0.8126224899065801,-0.17974559625434466,0.0,0.0
2010-01-20 00:00:00+07:00,-0.8086231740500857,-0.8092879559155675,-0.8075803893203577,-0.8086791931872349,-0.016261656517298127,0.0,0.0
2010-01-21 00:00:00+07:00,-0.8178227541558697,-0.8145016361519697,-0.8155304312098345,-0.8178801978905016,0.06474082700767557,0.0,0.0
2010-01-22 00:00:00+07:00,-0.8204512325786113,-0.8223222025057126,-0.8208304918953685,-0.8205090833452707,0.06831714536928074,0.0,0.0
2010-01-25 00:00:00+07:00,-0.821765482275961,-0.8249290719182026,-0.8221555230482607,-0.8218235365602582,-0.34789176580872316,0.0,0.0
2010-01-26 00:00:00+07:00,-0.8204512545336299,-0.8223222243930653,-0.8195055043246025,-0.8218235365602582,0.1843383034388668,0.0,0.0
2010-01-27 00:00:00+07:00,-0.8257081265082201,-0.8236256086629657,-0.8221554837336223,-0.8257667913291922,-0.10614496019895091,0.0,0.0
2010-01-28 00:00:00+07:00,-0.8178227541558697,-0.8210187561064552,-0.8221554791795285,-0.8178801978905016,-0.1487674543017215,0.0,0.0
2010-01-29 00:00:00+07:00,-0.811251589556953,-0.8145016116191646,-0.8195054361748243,-0.811308015716387,0.048862021375224496,0.0,0.0
2010-02-01 00:00:00+07:00,-0.8191370248251776,-0.8184119511252472,-0.8168554836289114,-0.8191946720806947,-0.10294791067110251,0.0,0.0
2010-02-02 00:00:00+07:00,-0.8230796690574367,-0.8210187591556042,-0.8208304726057567,-0.8231379268496286,0.0059826196797592365,0.0,0.0
2010-02-03 00:00:00+07:00,-0.8230796690574367,-0.8236256071061252,-0.8208304726057567,-0.8231379268496286,-0.1757433210154397,0.0,0.0
2010-02-04 00:00:00+07:00,-0.8243938768108703,-0.8236255867524823,-0.8221554619219096,-0.8244523381142047,-0.1354306699732228,0.0,0.0
2010-02-05 00:00:00+07:00,-0.8349077695298784,-0.8327496244576859,-0.8314305984923178,-0.8349678589580759,0.356117172456077,0.0,0.0
2010-02-08 00:00:00+07:00,-0.836221977283312,-0.8379632994134445,-0.838055625374916,-0.836282270222652,0.16269878012158964,0.0,0.0
2010-02-09 00:00:00+07:00,-0.8322792491632207,-0.8353564074199276,-0.8367305723352433,-0.8323389315528953,0.18127268022616128,0.0,0.0
2010-02-10 00:00:00+07:00,-0.8349077695298784,-0.8327496244576859,-0.8340806171070612,-0.8349678589580759,0.26620172786665575,0.0,0.0
2010-02-11 00:00:00+07:00,-0.8309650623817451,-0.8340530242814843,-0.8327555840439235,-0.8310245412635249,-0.06531432681710306,0.0,0.0
2010-02-12 00:00:00+07:00,-0.8309650623817451,-0.8327496004433768,-0.8287805557280663,-0.8310245412635249,-0.16025949356149202,0.0,0.0
2010-02-15 00:00:00+07:00,-0.8349077695298784,-0.8340530481666842,-0.8314305984923178,-0.8349678589580759,-0.6460024702302821,0.0,0.0
2010-02-16 00:00:00+07:00,-0.8283366049309616,-0.8301427509586616,-0.8301055633771304,-0.8283956767839614,-0.24634198269111743,0.0,0.0
2010-02-17 00:00:00+07:00,-0.821765482275961,-0.823625648155634,-0.8234805324100898,-0.8218235365602582,0.23634169520729542,0.0,0.0
2010-02-18 00:00:00+07:00,-0.8204512325786113,-0.8223222025057126,-0.8208304918953685,-0.8205090833452707,-0.05574532802985267,0.0,0.0
2010-02-19 00:00:00+07:00,-0.8191370248251776,-0.8210187986704873,-0.8195055023730051,-0.8191946720806947,0.05009949036203379,0.0,0.0
2010-02-22 00:00:00+07:00,-0.811251589556953,-0.80928791516492,-0.8155304070189217,-0.811308015716387,0.31186479504128417,0.0,0.0
2010-02-23 00:00:00+07:00,-0.8138800679796945,-0.8145016338893922,-0.8115554001624713,-0.8139369011711562,-0.19655684779668445,0.0,0.0
2010-02-24 00:00:00+07:00,-0.8086231740500857,-0.8118948037431736,-0.8128804273826299,-0.8086791931872349,-0.03738168147837571,0.0,0.0
2010-02-25 00:00:00+07:00,-0.8178227541558697,-0.8145016361519697,-0.8155304312098345,-0.8178801978905016,-0.06283190668074248,0.0,0.0
2010-03-01 00:00:00+07:00,-0.821765482275961,-0.8184119531053593,-0.8181804949627733,-0.8218235365602582,0.020839577283437497,0.0,0.0
2010-03-02 00:00:00+07:00,-0.8165085044585199,-0.8184118864685287,-0.8155304095303119,-0.8165657446755141,0.04870155594579299,0.0,0.0
2010-03-03 00:00:00+07:00,-0.8204512325786113,-0.8184119308795426,-0.8168554634658117,-0.8205090833452707,-0.29344160292560445,0.0,0.0
2010-03-04 00:00:00+07:00,-0.8138800679796945,-0.8145016338893922,-0.8168554385842275,-0.8139369011711562,0.15404583746388523,0.0,0.0
2010-03-05 00:00:00+07:00,-0.811251589556953,-0.8118947633920424,-0.811555377863019,-0.811308015716387,-0.22393084383439818,0.0,0.0
2010-03-08 00:00:00+07:00,-0.8086231740500857,-0.8092879559155675,-0.8075803893203577,-0.8086791931872349,0.23402912264218725,0.0,0.0
2010-03-09 00:00:00+07:00,-0.8007378226696934,-0.8040742761174396,-0.8075804048200582,-0.8007926207237499,0.09778530910398199,0.0,0.0
2010-03-10 00:00:00+07:00,-0.8033663010924349,-0.8040742989363658,-0.8022803898185109,-0.8034215061785192,-0.2450488491642535,0.0,0.0
2010-03-11 00:00:00+07:00,-0.8007378226696934,-0.7988605807671714,-0.799630348191641,-0.8007926207237499,0.22082741213524046,0.0,0.0
2010-03-12 00:00:00+07:00,-0.8059947375712603,-0.7988605845082674,-0.8022803707273198,-0.806050349682877,-0.2555661643345037,0.0,0.0
2010-03-15 00:00:00+07:00,-0.8007378226696934,-0.7962537330920373,-0.8022803670677803,-0.8007926207237499,0.1662129449733516,0.0,0.0
2010-03-17 00:00:00+07:00,-0.7954809106608103,-0.7727921032158473,-0.791680290820099,-0.7692462679441933,0.3971713691798631,0.0,0.0
2010-03-18 00:00:00+07:00,-0.7718248232272304,-0.7727921165733579,-0.7837302469299647,-0.787648319301138,0.18001481956390009,0.0,0.0
2010-03-19 00:00:00+07:00,-0.7875955563877342,-0.7806126592739967,-0.7916803032282399,-0.787648319301138,0.18590528848541796,0.0,0.0
2010-03-22 00:00:00+07:00,-0.7875955563877342,-0.7832195068408763,-0.7863802656960565,-0.787648319301138,-0.24692205072194195,0.0,0.0
2010-03-23 00:00:00+07:00,-0.7797101211195094,-0.7806125905424489,-0.7837301795334418,-0.7797616629368304,-0.24123165468452074,0.0,0.0
2010-03-24 00:00:00+07:00,-0.7744532271899006,-0.7780057605669337,-0.7757801395566437,-0.7745039549529089,-0.01617372219395307,0.0,0.0
2010-03-25 00:00:00+07:00,-0.7718247697391172,-0.7753989110918383,-0.7757801381115613,-0.7718750904733453,-0.014822334844501671,0.0,0.0
2010-03-26 00:00:00+07:00,-0.7718247697391172,-0.7701852150354983,-0.7704800996415184,-0.7718750904733453,-0.017706962002406873,0.0,0.0
2010-03-29 00:00:00+07:00,-0.7797101211195094,-0.7753988941922022,-0.7784301407646249,-0.7797616629368304,0.11964823482470782,0.0,0.0
2010-03-30 00:00:00+07:00,-0.7823386205142091,-0.7753989386371912,-0.7810802033656696,-0.7823905693668052,-0.2882107964707744,0.0,0.0
2010-03-31 00:00:00+07:00,-0.7849670569930345,-0.7780057666177125,-0.7863802222723673,-0.7850194128711631,0.03145728290073839,0.0,0.0
2010-04-01 00:00:00+07:00,-0.7875955563877342,-0.7806126592739967,-0.7837302469299647,-0.787648319301138,-0.18869889836374318,0.0,0.0
2010-04-05 00:00:00+07:00,-0.7797101377147111,-0.7727920630636683,-0.7757801381115613,-0.7718750904733453,0.07099597346093355,0.0,0.0
2010-04-06 00:00:00+07:00,-0.7744532271899006,-0.7519372804121569,-0.7704801011124058,-0.7745039549529089,0.1048710770519584,0.0,0.0
2010-04-07 00:00:00+07:00,-0.7665678758095084,-0.7597578414406805,-0.7704801173770267,-0.766617382489424,0.06841366647764745,0.0,0.0
2010-04-08 00:00:00+07:00,-0.7613109930154526,-0.7649715658345714,-0.7757801829410869,-0.7771328613828838,0.0077271189221369335,0.0,0.0
2010-04-09 00:00:00+07:00,-0.7823386205142091,-0.7780057864258364,-0.7784301843741397,-0.7823905693668052,-0.26514972691876826,0.0,0.0
2010-04-12 00:00:00+07:00,-0.7823386108348438,-0.7701852329411998,-0.7784301746153671,-0.766617382489424,-0.14520652861227415,0.0,0.0
2010-04-13 00:00:00+07:00,-0.7665678592526993,-0.7675783685050229,-0.7704801011124058,-0.7745039549529089,-0.41171415485546303,0.0,0.0
2010-04-14 00:00:00+07:00,-0.7691963542322499,-0.7701852555338169,-0.767830120871752,-0.7692462679441933,-0.30827642395405924,0.0,0.0
2010-04-15 00:00:00+07:00,-0.7691963542322499,-0.7701852555338169,-0.7704801397549018,-0.7692462679441933,-0.17817277832585604,0.0,0.0
2010-04-16 00:00:00+07:00,-0.7718247697391172,-0.7727920630636683,-0.7784301573465827,-0.7718750904733453,-0.2784653120983207,0.0,0.0
2010-04-19 00:00:00+07:00,-0.7770817265846003,-0.7780058040067064,-0.7784302017758448,-0.7771328613828838,-0.27704725121965557,0.0,0.0
2010-04-20 00:00:00+07:00,-0.7665678758095084,-0.7701852329411998,-0.7731301364564734,-0.766617382489424,0.16893904357743986,0.0,0.0
2010-04-21 00:00:00+07:00,-0.7718247697391172,-0.7675783670073283,-0.7678300804064969,-0.7718750904733453,-0.1456145666195914,0.0,0.0
2010-04-22 00:00:00+07:00,-0.7744532271899006,-0.7753989125514561,-0.7757801395566437,-0.7745039549529089,0.16226752634766548,0.0,0.0
2010-04-23 00:00:00+07:00,-0.7744532271899006,-0.7780057605669337,-0.7757801395566437,-0.7745039549529089,-0.30458856532252326,0.0,0.0
2010-04-26 00:00:00+07:00,-0.7744532271899006,-0.7753989125514561,-0.7704801011124058,-0.7745039549529089,-0.4176901128691788,0.0,0.0
2010-04-27 00:00:00+07:00,-0.7744532271899006,-0.7753989125514561,-0.7757801395566437,-0.7745039549529089,-0.05937010217555207,0.0,0.0
2010-04-28 00:00:00+07:00,-0.7875955563877342,-0.7832195068408763,-0.7863802656960565,-0.787648319301138,0.45069350569670386,0.0,0.0
2010-04-29 00:00:00+07:00,-0.7875955563877342,-0.7832195068408763,-0.7863802656960565,-0.787648319301138,0.24897755645483666,0.0,0.0
2010-04-30 00:00:00+07:00,-0.7875955563877342,-0.7832195068408763,-0.7837302469299647,-0.787648319301138,0.5068491377454658,0.0,0.0
2010-05-03 00:00:00+07:00,-0.7849670569930345,-0.7884331584673152,-0.7863802222723673,-0.7850194128711631,0.12074109597191025,0.0,0.0
2010-05-04 00:00:00+07:00,-0.7849670569930345,-0.7858263105049145,-0.7863802222723673,-0.7850194128711631,0.09505056054885885,0.0,0.0
2010-05-05 00:00:00+07:00,-0.8007378226696934,-0.7936468854169032,-0.799630348191641,-0.8007926207237499,0.40459931080477624,0.0,0.0
2010-05-06 00:00:00+07:00,-0.8059947375712603,-0.8014674321481081,-0.8102304272481036,-0.806050349682877,0.41082821709388984,0.0,0.0
2010-05-07 00:00:00+07:00,-0.8151943176770443,-0.8145016557522246,-0.8168554600312521,-0.8152513543861437,0.4064760795645876,0.0,0.0
2010-05-10 00:00:00+07:00,-0.8112516452133033,-0.8014674284423056,-0.8075804048200582,-0.8007926207237499,0.4145208359943543,0.0,0.0
2010-05-11 00:00:00+07:00,-0.7981093902630929,-0.7988606040249231,-0.8022803898185109,-0.8034215061785192,0.36765682768216956,0.0,0.0
2010-05-12 00:00:00+07:00,-0.8033663010924349,-0.8040742989363658,-0.8022803898185109,-0.8034215061785192,-0.020491071872199076,0.0,0.0
2010-05-14 00:00:00+07:00,-0.7981093232749937,-0.7988605369547814,-0.7996303049141957,-0.7981637142937751,0.19227736362851555,0.0,0.0
2010-05-17 00:00:00+07:00,-0.792852450317343,-0.7962537276921535,-0.8049303807624215,-0.7929060272850593,0.03902554011944808,0.0,0.0
2010-05-18 00:00:00+07:00,-0.7875955563877342,-0.7858263544077558,-0.7916803032282399,-0.787648319301138,0.3825820490784692,0.0,0.0
2010-05-19 00:00:00+07:00,-0.7981093232749937,-0.7910399926894056,-0.7969802856178871,-0.7981637142937751,0.16566098157045864,0.0,0.0
2010-05-20 00:00:00+07:00,-0.8007378226696934,-0.7988605807671714,-0.8049303859439192,-0.8007926207237499,0.23165796373546899,0.0,0.0
2010-05-21 00:00:00+07:00,-0.8059947375712603,-0.8066811274277896,-0.8089054178279729,-0.806050349682877,0.21834623912104723,0.0,0.0
2010-05-24 00:00:00+07:00,-0.8033663010924349,-0.7962537565692016,-0.8022803898185109,-0.8034215061785192,0.1557658612488662,0.0,0.0
2010-05-25 00:00:00+07:00,-0.811251589556953,-0.8118947633920424,-0.8102303681443848,-0.811308015716387,0.22145826435944024,0.0,0.0
2010-05-26 00:00:00+07:00,-0.7981093232749937,-0.8014673850432399,-0.807580362803121,-0.7981637142937751,0.15092818542323838,0.0,0.0
2010-05-27 00:00:00+07:00,-0.7954808238802941,-0.7988604939690401,-0.8049303018704059,-0.7955348078638002,0.19941547783220734,0.0,0.0
2010-05-31 00:00:00+07:00,-0.7823386205142091,-0.7832194820031267,-0.7916802793317894,-0.7823905693668052,0.4260842968705726,0.0,0.0
2010-06-01 00:00:00+07:00,-0.7919218825931691,-0.7847702203635415,-0.7880920653118836,-0.791975315458174,0.07247079779090776,14.0,0.0
2010-06-02 00:00:00+07:00,-0.7839358238700498,-0.7847702558095501,-0.7880921000346108,-0.7839880200569648,-0.09857435361914235,0.0,0.0
2010-06-03 00:00:00+07:00,-0.7786117357867347,-0.7794899356616141,-0.7773565951245366,-0.778663107514012,0.08802034679477432,0.0,0.0
2010-06-04 00:00:00+07:00,-0.773287731591252,-0.7768498462535185,-0.7746727829675647,-0.773338278871882,0.21975857365462778,0.0,0.0
2010-06-07 00:00:00+07:00,-0.7812737693424132,-0.7821300852402077,-0.7907759471841748,-0.7813255532978856,0.010278677869478052,0.0,0.0
2010-06-08 00:00:00+07:00,-0.7759496812590981,-0.7794899126134616,-0.777356572113081,-0.7760006407549328,-0.35101053167537305,0.0,0.0
2010-06-09 00:00:00+07:00,-0.7759496812590981,-0.7794899126134616,-0.7800404422978163,-0.7760006407549328,-0.4393352040264031,0.0,0.0
2010-06-10 00:00:00+07:00,-0.7839358238700498,-0.7768498145771363,-0.7854082302949944,-0.7839880200569648,-0.24227468459937418,0.0,0.0
2010-06-11 00:00:00+07:00,-0.7839358238700498,-0.7794899616546076,-0.7800404908157613,-0.7839880200569648,-0.26738820146752634,0.0,0.0
2010-06-14 00:00:00+07:00,-0.7839358238700498,-0.7847702558095501,-0.7800404908157613,-0.7839880200569648,-0.6820334384801012,0.0,0.0
2010-06-15 00:00:00+07:00,-0.7812737693424132,-0.7768497906619881,-0.7800404673651352,-0.7813255532978856,-0.021489549701963376,0.0,0.0
2010-06-16 00:00:00+07:00,-0.773287731591252,-0.7742096994563693,-0.7719889135129123,-0.773338278871882,-0.11973259970345188,0.0,0.0
2010-06-17 00:00:00+07:00,-0.7759496812590981,-0.7715694700674457,-0.7746727019283456,-0.7760006407549328,0.34612796025719034,0.0,0.0
2010-06-18 00:00:00+07:00,-0.7706256351196992,-0.7689293395592597,-0.7746727184719416,-0.7706757701623914,0.34315067947299643,0.0,0.0
2010-06-21 00:00:00+07:00,-0.7653016518961745,-0.7636491250001193,-0.7666211871080589,-0.7653509624954671,0.22565833103214802,0.0,0.0
2010-06-22 00:00:00+07:00,-0.7626395973685379,-0.7610089542378262,-0.7612534245633534,-0.7626884957363879,0.12758777078149114,0.0,0.0
2010-06-23 00:00:00+07:00,-0.7653016518961745,-0.7662892716893673,-0.7666211871080589,-0.7653509624954671,-0.2936759199442963,0.0,0.0
2010-06-24 00:00:00+07:00,-0.773287731591252,-0.7662892590649215,-0.7693050440582602,-0.773338278871882,-0.2938322190755775,0.0,0.0
2010-06-25 00:00:00+07:00,-0.7679635805920626,-0.7689293163703768,-0.7666210851983825,-0.7680133034033122,-0.38348677147573373,0.0,0.0
2010-06-28 00:00:00+07:00,-0.7653016518961745,-0.7636491250001193,-0.7612534484181308,-0.7653509624954671,-0.2729746469082334,0.0,0.0
2010-06-29 00:00:00+07:00,-0.7653016518961745,-0.7636491250001193,-0.7666211871080589,-0.7653509624954671,-0.19428934390974859,0.0,0.0
2010-06-30 00:00:00+07:00,-0.7732876759010103,-0.7583687600195715,-0.7693049879111488,-0.7573635622182294,-0.02981999257738689,0.0,0.0
2010-07-01 00:00:00+07:00,-0.7706256351196992,-0.761008897453084,-0.7693049784005537,-0.7706757701623914,-0.04486315401755188,0.0,0.0
2010-07-02 00:00:00+07:00,-0.7759496812590981,-0.7715694700674457,-0.7746727019283456,-0.7760006407549328,-0.1580838653026878,0.0,0.0
2010-07-05 00:00:00+07:00,-0.7759496812590981,-0.7768497650981229,-0.7746727019283456,-0.7760006407549328,-0.4591328664985045,0.0,0.0
2010-07-06 00:00:00+07:00,-0.7706256351196992,-0.7689293395592597,-0.7773565885076356,-0.7706757701623914,-0.18365211656265656,0.0,0.0
2010-07-07 00:00:00+07:00,-0.7653016518961745,-0.7689294183786154,-0.7666211871080589,-0.7653509624954671,-0.2520480257787909,0.0,0.0
2010-07-08 00:00:00+07:00,-0.7679635805920626,-0.7636490212331181,-0.7639372149594739,-0.7680133034033122,-0.010072942874117696,0.0,0.0
2010-07-09 00:00:00+07:00,-0.7626395973685379,-0.7610089542378262,-0.7612534245633534,-0.7626884957363879,-0.10886624709918961,0.0,0.0
2010-07-12 00:00:00+07:00,-0.7599775008969852,-0.7583687411782168,-0.7612533595416261,-0.7600259870268973,-0.1744933356199239,0.0,0.0
2010-07-13 00:00:00+07:00,-0.7599775008969852,-0.7583687411782168,-0.7558856193193444,-0.7600259870268973,-0.31790123665944686,0.0,0.0
2010-07-14 00:00:00+07:00,-0.7573154883132648,-0.7583687600195715,-0.7558856381535021,-0.7573635622182294,-0.11029254590277422,0.0,0.0
2010-07-15 00:00:00+07:00,-0.7599775008969852,-0.7610088886211598,-0.7558856193193444,-0.7600259870268973,-0.5388527749783744,0.0,0.0
2010-07-16 00:00:00+07:00,-0.7519913792579916,-0.7557285665900954,-0.7558855924087898,-0.752038628700071,0.009250493856026436,0.0,0.0
2010-07-19 00:00:00+07:00,-0.7573154883132648,-0.7583687600195715,-0.7558856381535021,-0.7573635622182294,-0.2537155737201107,0.0,0.0
2010-07-20 00:00:00+07:00,-0.7573154883132648,-0.7610089073055034,-0.7612533780565607,-0.7573635622182294,-0.0993553104011996,0.0,0.0
2010-07-21 00:00:00+07:00,-0.7573154883132648,-0.7583687600195715,-0.7558856381535021,-0.7573635622182294,-0.05329093681902023,0.0,0.0
2010-07-22 00:00:00+07:00,-0.7573154883132648,-0.7583687600195715,-0.7558856381535021,-0.7573635622182294,-0.20164599969102165,0.0,0.0
2010-07-23 00:00:00+07:00,-0.7546534967015025,-0.7557286523882482,-0.7505179382286081,-0.7547011583847673,-0.1847355781927171,0.0,0.0
2010-07-26 00:00:00+07:00,-0.7573154883132648,-0.753088465447708,-0.7532017682019727,-0.7573635622182294,-0.3553217136737529,0.0,0.0
2010-07-27 00:00:00+07:00,-0.7546534967015025,-0.7530885054300404,-0.7505179382286081,-0.7547011583847673,-0.004502222798528273,0.0,0.0
2010-07-28 00:00:00+07:00,-0.7546534967015025,-0.7504483584718327,-0.7505179382286081,-0.7547011583847673,-0.14454448659714997,0.0,0.0
2010-07-29 00:00:00+07:00,-0.7440053415068304,-0.7478081803142965,-0.7478340376615423,-0.7440513542740674,0.0043951060422347445,0.0,0.0
2010-07-30 00:00:00+07:00,-0.7573154883132648,-0.7425278763039806,-0.7532017682019727,-0.7573635622182294,-0.0009159202879890608,0.0,0.0
2010-08-02 00:00:00+07:00,-0.7573154883132648,-0.7557286127336398,-0.7558856381535021,-0.7573635622182294,-0.0010674193879360219,0.0,0.0
2010-08-03 00:00:00+07:00,-0.7679635805920626,-0.758368726095859,-0.769304955437291,-0.7680133034033122,0.2637658179635104,0.0,0.0
2010-08-04 00:00:00+07:00,-0.7679635805920626,-0.7636490212331181,-0.769304955437291,-0.7680133034033122,-0.02972856151008161,0.0,0.0
2010-08-05 00:00:00+07:00,-0.7573154883132648,-0.7557286127336398,-0.7585695081050315,-0.7573635622182294,-0.045685311905462406,0.0,0.0
2010-08-06 00:00:00+07:00,-0.7546534967015025,-0.7557286523882482,-0.7558856774653641,-0.7547011583847673,-0.28139431736172354,0.0,0.0
2010-08-09 00:00:00+07:00,-0.7466673750625089,-0.7504483298724484,-0.7558856495741839,-0.746713800057941,-0.20086739165997078,0.0,0.0
2010-08-10 00:00:00+07:00,-0.7546534967015025,-0.7530885054300404,-0.7532018078469861,-0.7547011583847673,-0.17346892611559775,0.0,0.0
2010-08-11 00:00:00+07:00,-0.7573154883132648,-0.7557286127336398,-0.7585695081050315,-0.7573635622182294,-0.22559699574846748,0.0,0.0
2010-08-12 00:00:00+07:00,-0.7599775008969852,-0.7610088886211598,-0.7612533595416261,-0.7600259870268973,-0.44177903431726195,0.0,0.0
2010-08-13 00:00:00+07:00,-0.7546534967015025,-0.7557286523882482,-0.7558856774653641,-0.7547011583847673,-0.2667729905906015,0.0,0.0
2010-08-16 00:00:00+07:00,-0.7599775008969852,-0.7530884462923306,-0.7558856193193444,-0.7600259870268973,-0.14979897599081354,0.0,0.0
2010-08-18 00:00:00+07:00,-0.7546534967015025,-0.758368799346456,-0.7558856774653641,-0.7547011583847673,0.01881015626468337,0.0,0.0
2010-08-19 00:00:00+07:00,-0.7573154883132648,-0.753088465447708,-0.7532017682019727,-0.7573635622182294,0.02699752082445848,0.0,0.0
2010-08-20 00:00:00+07:00,-0.7546534967015025,-0.7530885054300404,-0.7532018078469861,-0.7547011583847673,-0.18316850110072164,0.0,0.0
2010-08-23 00:00:00+07:00,-0.7519913792579916,-0.7530884189228119,-0.7505178517303972,-0.752038628700071,-0.47594381277184866,0.0,0.0
2010-08-24 00:00:00+07:00,-0.7519913792579916,-0.7504482712555285,-0.7478339813912007,-0.752038628700071,-0.12189479094790957,0.0,0.0
2010-08-25 00:00:00+07:00,-0.7519913792579916,-0.7530884189228119,-0.7532017220695935,-0.752038628700071,-0.31652176090228074,0.0,0.0
2010-08-26 00:00:00+07:00,-0.7573154883132648,-0.7557286127336398,-0.7532017682019727,-0.7573635622182294,-0.30137849324001575,0.0,0.0
2010-08-27 00:00:00+07:00,-0.7599775008969852,-0.7583687411782168,-0.7612533595416261,-0.7600259870268973,0.08558813223265942,0.0,0.0
2010-08-30 00:00:00+07:00,-0.7653016518961745,-0.7610089783108712,-0.7639373177630949,-0.7653509624954671,-0.13954371952823733,0.0,0.0
2010-08-31 00:00:00+07:00,-0.7653016518961745,-0.7636491250001193,-0.7639373177630949,-0.7653509624954671,-0.11608042655228941,0.0,0.0
2010-09-01 00:00:00+07:00,-0.7519913792579916,-0.7530884189228119,-0.7585694627479862,-0.752038628700071,-0.06420211000921855,0.0,0.0
2010-09-02 00:00:00+07:00,-0.7599775008969852,-0.7530884462923306,-0.7585694894304852,-0.7600259870268973,0.08478675070884326,0.0,0.0
2010-09-03 00:00:00+07:00,-0.7546534967015025,-0.758368799346456,-0.7558856774653641,-0.7547011583847673,-0.08784286938075168,0.0,0.0
2010-09-06 00:00:00+07:00,-0.7519913792579916,-0.7557285665900954,-0.7532017220695935,-0.752038628700071,0.006888876989725456,0.0,0.0
2010-09-07 00:00:00+07:00,-0.7519913792579916,-0.7557285665900954,-0.7532017220695935,-0.752038628700071,-0.21035853370424726,0.0,0.0
2010-09-15 00:00:00+07:00,-0.749329410231415,-0.7214067151321242,-0.7451501741883054,-0.7280767005460319,0.3474712014913474,0.0,0.0
2010-09-16 00:00:00+07:00,-0.7360192827837111,-0.7319673324257382,-0.7344147231405302,-0.7360640588728582,0.002517133978599124,0.0,0.0
2010-09-17 00:00:00+07:00,-0.7280331611447175,-0.731967303764938,-0.729046955258191,-0.7280767005460319,-0.0713619587480596,0.0,0.0
2010-09-20 00:00:00+07:00,-0.730695173728438,-0.7266869906210294,-0.7370985465989129,-0.7307391253546998,-0.08397457813117107,0.0,0.0
2010-09-21 00:00:00+07:00,-0.7333573331158649,-0.7293272679543372,-0.7397825416881241,-0.7334016969898074,0.04082124838126358,0.0,0.0
2010-09-22 00:00:00+07:00,-0.741343349895068,-0.7319673378762036,-0.7370985980657211,-0.7413889504406053,-0.017689300085291813,0.0,0.0
2010-09-23 00:00:00+07:00,-0.7333573331158649,-0.7346075605707808,-0.7370986727304963,-0.7334016969898074,-0.27827839433610424,0.0,0.0
2010-09-24 00:00:00+07:00,-0.7280331611447175,-0.7240468622903276,-0.7263630854365053,-0.7280767005460319,0.14500614360913347,0.0,0.0
2010-09-27 00:00:00+07:00,-0.7173850898378777,-0.7161264744026231,-0.7183115288436038,-0.7174269803361548,0.05714850455887114,0.0,0.0
2010-09-28 00:00:00+07:00,-0.7147230353102412,-0.7134863036953855,-0.71562763579354,-0.7147645135770756,0.0004446088556500613,0.0,0.0
2010-09-29 00:00:00+07:00,-0.712061064670437,-0.7161265104137882,-0.7129438260705142,-0.7121021307188191,0.018332792111281335,0.0,0.0
2010-09-30 00:00:00+07:00,-0.7173850898378777,-0.7108461808742589,-0.7129437900013257,-0.7174269803361548,0.000662470392134431,0.0,0.0
2010-10-01 00:00:00+07:00,-0.7014127626720582,-0.7055657457847634,-0.707575911365151,-0.7014521797816795,0.10145282554836367,0.0,0.0
2010-10-04 00:00:00+07:00,-0.709398926254968,-0.7055658150153897,-0.7075759797315092,-0.7094395800589172,0.09301419055549061,0.0,0.0
2010-10-05 00:00:00+07:00,-0.712061064670437,-0.7108462174149999,-0.7129438260705142,-0.7121021307188191,0.15514333548210496,0.0,0.0
2010-10-06 00:00:00+07:00,-0.7067370395029962,-0.7108462528965889,-0.7075761233130291,-0.7067772811014834,0.012585080700822461,0.0,0.0
2010-10-07 00:00:00+07:00,-0.7040749430314434,-0.7082060409397806,-0.707576057952011,-0.7041147723919928,-0.06460614090418629,0.0,0.0
2010-10-08 00:00:00+07:00,-0.709398926254968,-0.7108461095770467,-0.7102598496778508,-0.7094395800589172,-0.19247424950186534,0.0,0.0
2010-10-11 00:00:00+07:00,-0.7147230353102412,-0.7108461567564366,-0.7102598965959396,-0.7147645135770756,-0.3244548502546576,0.0,0.0
2010-10-12 00:00:00+07:00,-0.7147230353102412,-0.7134863036953855,-0.7102598965959396,-0.7147645135770756,-0.2292778985962794,0.0,0.0
2010-10-13 00:00:00+07:00,-0.712061064670437,-0.7161265104137882,-0.7156276952224805,-0.7121021307188191,0.14868092142496966,0.0,0.0
2010-10-14 00:00:00+07:00,-0.712061064670437,-0.7108462174149999,-0.7102599569185484,-0.7121021307188191,0.06735045751791684,0.0,0.0
2010-10-15 00:00:00+07:00,-0.720047060477682,-0.7161264134534696,-0.7183114687073994,-0.7200893631944113,0.03667716615747555,0.0,0.0
2010-10-18 00:00:00+07:00,-0.7227090730614024,-0.7214066891448048,-0.7209953199668873,-0.7227517880030792,-0.2711391181571784,0.0,0.0
2010-10-19 00:00:00+07:00,-0.7147230353102412,-0.7187665975732833,-0.7183115053923401,-0.7147645135770756,-0.2345436639430844,0.0,0.0
2010-10-20 00:00:00+07:00,-0.712061064670437,-0.7161265104137882,-0.7183115643744463,-0.7121021307188191,-0.19756280965463754,0.0,0.0
2010-10-21 00:00:00+07:00,-0.712061064670437,-0.7108462174149999,-0.7075760877665822,-0.7121021307188191,-0.13744372315484185,0.0,0.0
2010-10-22 00:00:00+07:00,-0.709398926254968,-0.7108461095770467,-0.7075759797315092,-0.7094395800589172,0.1268310641583626,0.0,0.0
2010-10-25 00:00:00+07:00,-0.7067370395029962,-0.7082061066543077,-0.704892254422434,-0.7067772811014834,0.05326764527720842,0.0,0.0
2010-10-26 00:00:00+07:00,-0.6987508339761702,-0.7002855531739681,-0.7022082721639706,-0.6987898388738344,0.38559581360777573,0.0,0.0
2010-10-27 00:00:00+07:00,-0.7014127626720582,-0.7002854502340973,-0.7022081704670803,-0.7014521797816795,-0.006873860670538729,0.0,0.0
2010-10-28 00:00:00+07:00,-0.709398926254968,-0.7082059622962182,-0.7048921097851676,-0.7094395800589172,-0.24576288091973092,0.0,0.0
2010-10-29 00:00:00+07:00,-0.7014127626720582,-0.7055657457847634,-0.7048920409161157,-0.7014521797816795,-0.17671864865193412,0.0,0.0
2010-11-01 00:00:00+07:00,-0.6987508339761702,-0.7029257002243726,-0.7022082721639706,-0.6987898388738344,-0.10076546883245284,0.0,0.0
2010-11-02 00:00:00+07:00,-0.6987508339761702,-0.7002855531739681,-0.7022082721639706,-0.6987898388738344,0.07028363520057761,0.0,0.0
2010-11-03 00:00:00+07:00,-0.6934268507526455,-0.6976454843062777,-0.696840610549882,-0.69346503120691,0.009724162656957323,0.0,0.0
2010-11-04 00:00:00+07:00,-0.6934268507526455,-0.6976454843062777,-0.6995244797061969,-0.69346503120691,0.06701840192185972,0.0,0.0
2010-11-05 00:00:00+07:00,-0.6960886955607013,-0.6976452988680167,-0.6941565555208131,-0.6961272882139324,-0.35188697589296747,0.0,0.0
2010-11-08 00:00:00+07:00,-0.6934268507526455,-0.6976454843062777,-0.7022083488625118,-0.69346503120691,-0.0829502620926387,0.0,0.0
2010-11-09 00:00:00+07:00,-0.7014127626720582,-0.6950051546834313,-0.6995243000180449,-0.7014521797816795,0.18849157606453223,0.0,0.0
2010-11-10 00:00:00+07:00,-0.6987508339761702,-0.7029257002243726,-0.7022082721639706,-0.6987898388738344,-0.04649023125534606,0.0,0.0
2010-11-11 00:00:00+07:00,-0.7040749430314434,-0.700285600794638,-0.70489218858082,-0.7041147723919928,0.05757546864434693,0.0,0.0
2010-11-12 00:00:00+07:00,-0.7067370395029962,-0.7082061066543077,-0.704892254422434,-0.7067772811014834,-0.16244882297130225,0.0,0.0
2010-11-15 00:00:00+07:00,-0.712061064670437,-0.7082060709156057,-0.7102599569185484,-0.7121021307188191,-0.18013991508278482,0.0,0.0
2010-11-16 00:00:00+07:00,-0.6987508339761702,-0.7029257002243726,-0.7075760115881734,-0.6987898388738344,-0.06365741207098885,0.0,0.0
2010-11-18 00:00:00+07:00,-0.709398926254968,-0.7029256677345612,-0.7102598496778508,-0.7094395800589172,0.2531029786773489,0.0,0.0
2010-11-19 00:00:00+07:00,-0.7040749430314434,-0.7082060409397806,-0.707576057952011,-0.7041147723919928,0.10939750706463533,0.0,0.0
2010-11-22 00:00:00+07:00,-0.70983359105825,-0.7086045677007622,-0.7080307224773323,-0.7098743121720521,0.10918913255299176,8.5,0.0
2010-11-23 00:00:00+07:00,-0.7205471158462748,-0.7139172349244656,-0.7188321393852077,-0.7205894959988883,0.21838206530672266,0.0,0.0
2010-11-24 00:00:00+07:00,-0.7205471158462748,-0.719230017268685,-0.7215325222329081,-0.7205894959988883,0.12164131025454099,0.0,0.0
2010-11-25 00:00:00+07:00,-0.7205471158462748,-0.719230017268685,-0.7188321393852077,-0.7205894959988883,-0.12560888997140943,0.0,0.0
2010-11-26 00:00:00+07:00,-0.728582374783063,-0.7218864386580441,-0.7269333174911773,-0.7286259992326467,0.02837704880998185,0.0,0.0
2010-11-29 00:00:00+07:00,-0.728582374783063,-0.7325120024376935,-0.7350344653413989,-0.7286259992326467,-0.11477031011503624,0.0,0.0
2010-11-30 00:00:00+07:00,-0.7500095921347774,-0.7325119398671399,-0.7458359361462011,-0.7500565346879646,0.2938284541307292,0.0,0.0
2010-12-01 00:00:00+07:00,-0.7312608503538806,-0.7325120684112731,-0.7404352945216719,-0.7313048895777814,0.2443041939372402,0.0,0.0
2010-12-02 00:00:00+07:00,-0.7259038572683292,-0.7218863291261387,-0.7215324434234268,-0.7259470669371008,0.15786135845221466,0.0,0.0
2010-12-03 00:00:00+07:00,-0.728582374783063,-0.7245428296029564,-0.7269333174911773,-0.7286259992326467,-0.2110970982172421,0.0,0.0
2010-12-06 00:00:00+07:00,-0.7232255075292601,-0.7245427815125308,-0.7269332700857603,-0.7232683024432002,-0.04849142280339627,0.0,0.0
2010-12-08 00:00:00+07:00,-0.7151902905363882,-0.7192300115960798,-0.7161317508570278,-0.7152318411598532,0.21909781479175278,0.0,0.0
2010-12-09 00:00:00+07:00,-0.7205471158462748,-0.7165736260965754,-0.7188321393852077,-0.7205894959988883,0.024221932829584597,0.0,0.0
2010-12-10 00:00:00+07:00,-0.7232255075292601,-0.7192299988940631,-0.7269332700857603,-0.7232683024432002,0.057305118949362535,0.0,0.0
2010-12-13 00:00:00+07:00,-0.7312608503538806,-0.7245428971108053,-0.7323341482311282,-0.7313048895777814,0.10113926158058381,0.0,0.0
2010-12-14 00:00:00+07:00,-0.7259038572683292,-0.7271991126630598,-0.7269332103312812,-0.7259470669371008,0.010115676954073598,0.0,0.0
2010-12-15 00:00:00+07:00,-0.7259038572683292,-0.7271991126630598,-0.7323339772391357,-0.7259470669371008,0.09867107009572462,0.0,0.0
2010-12-16 00:00:00+07:00,-0.7312608503538806,-0.7298556779777838,-0.7350345303279762,-0.7313048895777814,0.08150951836162083,0.0,0.0
2010-12-17 00:00:00+07:00,-0.7151902905363882,-0.7192300115960798,-0.7296336653106995,-0.7152318411598532,0.2580600411166217,0.0,0.0
2010-12-20 00:00:00+07:00,-0.7205471158462748,-0.719230017268685,-0.7242329050806084,-0.7205894959988883,-0.11098479691465275,0.0,0.0
2010-12-21 00:00:00+07:00,-0.7178687451352477,-0.7192300563229365,-0.7188321781973958,-0.7179107105297822,-0.08301419350128364,0.0,0.0
2010-12-22 00:00:00+07:00,-0.728582374783063,-0.7192300477131317,-0.7269333174911773,-0.7286259992326467,-0.06578049286401813,0.0,0.0
2010-12-23 00:00:00+07:00,-0.7339391791209916,-0.7271992054131888,-0.7350344506607493,-0.7339836330964762,-0.03152500831420022,0.0,0.0
2010-12-27 00:00:00+07:00,-0.728582374783063,-0.7271992205478688,-0.7269333174911773,-0.7286259992326467,-0.11193310807612021,0.0,0.0
2010-12-28 00:00:00+07:00,-0.728582374783063,-0.7245428296029564,-0.7242329348744367,-0.7286259992326467,-0.25986382746387193,0.0,0.0
2010-12-29 00:00:00+07:00,-0.7259038572683292,-0.7245427208945991,-0.724232826877354,-0.7259470669371008,-0.11987474840778321,0.0,0.0
2010-12-30 00:00:00+07:00,-0.7312608503538806,-0.7192301162438268,-0.7269333840374325,-0.7313048895777814,0.048321979331683515,0.0,0.0
2011-01-03 00:00:00+07:00,-0.728582374783063,-0.7218864386580441,-0.7242329348744367,-0.7286259992326467,-0.18186325767275566,0.0,0.0
2011-01-04 00:00:00+07:00,-0.7259038572683292,-0.7218863291261387,-0.7215324434234268,-0.7259470669371008,0.05481945696532401,0.0,0.0
2011-01-05 00:00:00+07:00,-0.7205471158462748,-0.7218864084407948,-0.7242329050806084,-0.7205894959988883,0.20475600510697006,0.0,0.0
2011-01-06 00:00:00+07:00,-0.7232255075292601,-0.7218863902032969,-0.724232887098665,-0.7232683024432002,0.029874371001008666,0.0,0.0
2011-01-07 00:00:00+07:00,-0.7312608503538806,-0.7298556779777838,-0.7323341482311282,-0.7313048895777814,0.25629776460449477,0.0,0.0
2011-01-10 00:00:00+07:00,-0.7580448300996074,-0.7378247310524073,-0.7539370933391236,-0.7580930169465173,0.48142229543725196,0.0,0.0
2011-01-11 00:00:00+07:00,-0.7687584387754647,-0.7511066546742966,-0.7674389772948212,-0.7688082846741763,0.4214310574119516,0.0,0.0
2011-01-12 00:00:00+07:00,-0.7634016973534102,-0.761732301027545,-0.7620382897213697,-0.7634507137359638,0.2571319542052676,0.0,0.0
2011-01-13 00:00:00+07:00,-0.7580448300996074,-0.7511066878744145,-0.7593378594254768,-0.7580930169465173,0.3207306496738924,0.0,0.0
2011-01-14 00:00:00+07:00,-0.7500095921347774,-0.7537630713067832,-0.7620382348050985,-0.7500565346879646,0.13228883673743386,0.0,0.0
2011-01-17 00:00:00+07:00,-0.755366417444664,-0.7564194679369878,-0.7593378568054389,-0.7554141895269998,0.10340310188773427,0.0,0.0
2011-01-18 00:00:00+07:00,-0.7634016973534102,-0.759075910067343,-0.7620382897213697,-0.7634507137359638,0.21770970918305893,0.0,0.0
2011-01-19 00:00:00+07:00,-0.7660800470924793,-0.7643886316051189,-0.767438995701881,-0.7661294782298644,0.14659524462470075,0.0,0.0
2011-01-20 00:00:00+07:00,-0.7687584387754647,-0.7697013961300314,-0.7701393606146366,-0.7688082846741763,-0.021346734317235178,0.0,0.0
2011-01-21 00:00:00+07:00,-0.7821505439940976,-0.7803270171155536,-0.7836413305603875,-0.7822024637221755,0.4733097923417255,0.0,0.0
2011-01-24 00:00:00+07:00,-0.784828977620999,-0.782983432361701,-0.7863417369899293,-0.7848813121168988,0.34507201384142205,0.0,0.0
2011-01-25 00:00:00+07:00,-0.7741152431133932,-0.7723577714240597,-0.7809408781551261,-0.7741659185380058,0.39155696301698256,0.0,0.0
2011-01-26 00:00:00+07:00,-0.7607232637265089,-0.7643886681399846,-0.7782405629299927,-0.7607718653412406,0.31415014578514167,0.0,0.0
2011-01-27 00:00:00+07:00,-0.7580448300996074,-0.7564194706032172,-0.7620382424686534,-0.7580930169465173,0.2541307706232938,0.0,0.0
2011-01-28 00:00:00+07:00,-0.7634016973534102,-0.764388691987747,-0.7674390549859366,-0.7634507137359638,0.18748481975801937,0.0,0.0
2011-01-31 00:00:00+07:00,-0.7714369143462823,-0.7723578531102908,-0.7728398086122663,-0.771487175019311,0.2670825907961973,0.0,0.0
2011-02-01 00:00:00+07:00,-0.7714369143462823,-0.7697014620469478,-0.7701394258751338,-0.771487175019311,0.3044210796799103,0.0,0.0
2011-02-02 00:00:00+07:00,-0.7607232637265089,-0.7643886681399846,-0.7620382658930769,-0.7607718653412406,0.0377178270463974,0.0,0.0
2011-02-04 00:00:00+07:00,-0.7526880467336369,-0.7564195069142998,-0.7620382778430552,-0.7527354040578935,0.006328924063612202,0.0,0.0
2011-02-07 00:00:00+07:00,-0.7500095921347774,-0.7537630713067832,-0.7539370854756499,-0.7500565346879646,0.11710476089084608,0.0,0.0
2011-02-08 00:00:00+07:00,-0.7526880467336369,-0.7537631158524908,-0.753937129636336,-0.7527354040578935,-0.02839639908624108,0.0,0.0
2011-02-09 00:00:00+07:00,-0.7580448300996074,-0.7564194706032172,-0.7593378594254768,-0.7580930169465173,-0.0017752894401784482,0.0,0.0
2011-02-10 00:00:00+07:00,-0.7687584387754647,-0.7670450044934979,-0.7728397439344521,-0.7688082846741763,0.3834967228842814,0.0,0.0
2011-02-11 00:00:00+07:00,-0.755366417444664,-0.7564194679369878,-0.7674390060027283,-0.7554141895269998,0.1618146603214804,0.0,0.0
2011-02-14 00:00:00+07:00,-0.7473312633676664,-0.7511067604965797,-0.7512367823054207,-0.7473777911692698,8.475771129454263e-06,0.0,0.0
2011-02-16 00:00:00+07:00,-0.7500095921347774,-0.7511066798768277,-0.7512367023658336,-0.7500565346879646,0.12830802090774185,0.0,0.0
2011-02-17 00:00:00+07:00,-0.7526880467336369,-0.7511067247906819,-0.7512367469007628,-0.7527354040578935,0.05539244872517659,0.0,0.0
2011-02-18 00:00:00+07:00,-0.7446528716846811,-0.7457939966613483,-0.7458360349901372,-0.7446989847249579,0.27455355552159105,0.0,0.0
2011-02-21 00:00:00+07:00,-0.7392960044308783,-0.7431375576717906,-0.7404352220268003,-0.7393412879355113,-0.09524712529048825,0.0,0.0
2011-02-22 00:00:00+07:00,-0.7392960044308783,-0.737824775645237,-0.7404352220268003,-0.7393412879355113,0.2214316317820354,0.0,0.0
2011-02-23 00:00:00+07:00,-0.7312608503538806,-0.7325120684112731,-0.737734912424824,-0.7313048895777814,0.17109026966326568,0.0,0.0
2011-02-24 00:00:00+07:00,-0.7392960044308783,-0.737824775645237,-0.7404352220268003,-0.7393412879355113,0.1501334856324899,0.0,0.0
2011-02-25 00:00:00+07:00,-0.7473312633676664,-0.7431375881891663,-0.7458360174293107,-0.7473777911692698,-0.12249116180638149,0.0,0.0
2011-02-28 00:00:00+07:00,-0.7366175498320188,-0.7404811220642739,-0.7431355608194211,-0.7366624185655825,0.20465353503463646,0.0,0.0
2011-03-01 00:00:00+07:00,-0.728582374783063,-0.7298556114927812,-0.7323340827246583,-0.7286259992326467,0.11655301415636486,0.0,0.0
2011-03-02 00:00:00+07:00,-0.7259038572683292,-0.7271991126630598,-0.7296335937852084,-0.7259470669371008,0.13156529884326626,0.0,0.0
2011-03-03 00:00:00+07:00,-0.7178687451352477,-0.7165736654422765,-0.72153256074882,-0.7179107105297822,0.3137078926359457,0.0,0.0
2011-03-04 00:00:00+07:00,-0.70983359105825,-0.7112609580386654,-0.7107311044770112,-0.7098743121720521,0.15773342505265603,0.0,0.0
2011-03-07 00:00:00+07:00,-0.7044766818605309,-0.7059480861675506,-0.7053302497729272,-0.7045165734321942,0.06855150730535756,0.0,0.0
2011-03-08 00:00:00+07:00,-0.707155010627642,-0.703291613233936,-0.7053301688562232,-0.707195316950889,0.012730746808518177,0.0,0.0
2011-03-09 00:00:00+07:00,-0.707155010627642,-0.703291613233936,-0.7026297855946222,-0.707195316950889,0.1906322147152057,0.0,0.0
2011-03-10 00:00:00+07:00,-0.7044766818605309,-0.708604477161535,-0.7053302497729272,-0.7045165734321942,-0.30149833753992633,0.0,0.0
2011-03-11 00:00:00+07:00,-0.70983359105825,-0.7139173483765684,-0.7161318684763688,-0.7098743121720521,0.1608120460326818,0.0,0.0
2011-03-14 00:00:00+07:00,-0.70983359105825,-0.7139173483765684,-0.7134314864766899,-0.7098743121720521,-0.14368063731540204,0.0,0.0
2011-03-15 00:00:00+07:00,-0.7178687451352477,-0.7192300563229365,-0.7188321781973958,-0.7179107105297822,0.147892031393539,0.0,0.0
2011-03-16 00:00:00+07:00,-0.7151902905363882,-0.7192300115960798,-0.7188321337477621,-0.7152318411598532,0.11097464528127965,0.0,0.0
2011-03-17 00:00:00+07:00,-0.7232255075292601,-0.7218863902032969,-0.7215325041115697,-0.7232683024432002,-0.04847212562347339,0.0,0.0
2011-03-18 00:00:00+07:00,-0.7232255075292601,-0.7218863902032969,-0.7188321211244741,-0.7232683024432002,-0.03262947290458199,0.0,0.0
2011-03-21 00:00:00+07:00,-0.7151902905363882,-0.7192300115960798,-0.7188321337477621,-0.7152318411598532,-0.36554600945225996,0.0,0.0
2011-03-22 00:00:00+07:00,-0.7125118778814449,-0.7165736175876675,-0.7134313651681312,-0.7125530137403355,-0.11694875580488986,0.0,0.0
2011-03-23 00:00:00+07:00,-0.7125120000122594,-0.7086045677007622,-0.7107311044770112,-0.7098743121720521,0.3270906511970078,0.0,0.0
2011-03-24 00:00:00+07:00,-0.707155010627642,-0.708604396392471,-0.7134313186410263,-0.707195316950889,0.1337656847221711,0.0,0.0
2011-03-25 00:00:00+07:00,-0.7044766818605309,-0.7059480861675506,-0.7026298671063019,-0.7045165734321942,0.16953737025946788,0.0,0.0
2011-03-28 00:00:00+07:00,-0.7017982692055876,-0.7059480831531227,-0.7053302467747155,-0.7018377460126767,-0.49590801794747363,0.0,0.0
2011-03-29 00:00:00+07:00,-0.7017982692055876,-0.7032916921374517,-0.7026298640860446,-0.7018377460126767,-0.133453845582738,0.0,0.0
2011-03-30 00:00:00+07:00,-0.707155010627642,-0.7059480048132034,-0.7053301688562232,-0.707195316950889,-0.15489815257295156,0.0,0.0
2011-03-31 00:00:00+07:00,-0.7017982692055876,-0.7032916921374517,-0.7026298640860446,-0.7018377460126767,0.09444985554734123,0.0,0.0
2011-04-01 00:00:00+07:00,-0.6937629054090091,-0.6979787763305726,-0.6972289655907983,-0.6938011379028898,0.2725130772726965,0.0,0.0
2011-04-04 00:00:00+07:00,-0.6991197307188958,-0.695322388562026,-0.6999293533468324,-0.6991587927419249,-0.16575888753579343,0.0,0.0
2011-04-05 00:00:00+07:00,-0.6991197307188958,-0.7032915643473973,-0.6999293533468324,-0.6991587927419249,-0.2402252417291118,0.0,0.0
2011-04-06 00:00:00+07:00,-0.7017982692055876,-0.7032916921374517,-0.7053302467747155,-0.7018377460126767,0.0553638215556279,0.0,0.0
2011-04-07 00:00:00+07:00,-0.696441443895701,-0.7006352951362981,-0.6972290927104028,-0.6964800911736415,0.07457657002373605,0.0,0.0
2011-04-08 00:00:00+07:00,-0.6991197307188958,-0.695322388562026,-0.6945285861136855,-0.6991587927419249,0.10326594036363966,0.0,0.0
2011-04-11 00:00:00+07:00,-0.6937629054090091,-0.6926659924150682,-0.6945285819444448,-0.6938011379028898,0.13589546389610072,0.0,0.0
2011-04-12 00:00:00+07:00,-0.696441443895701,-0.6979789040781768,-0.6972290927104028,-0.6964800911736415,-0.263104414183746,0.0,0.0
2011-04-13 00:00:00+07:00,-0.6910846605297304,-0.6953225487185779,-0.6945287455069704,-0.6911224782850177,-0.12311247465509029,0.0,0.0
2011-04-14 00:00:00+07:00,-0.6910846605297304,-0.6926661579100967,-0.6918283630289204,-0.6911224782850177,-0.12313639349255194,0.0,0.0
2011-04-15 00:00:00+07:00,-0.6830493806209842,-0.6873533250942365,-0.6891279299300229,-0.6830859540760535,0.013425865911117777,0.0,0.0
2011-04-18 00:00:00+07:00,-0.6776925972550137,-0.6793841877599293,-0.6810268171817879,-0.6777283411874299,0.028005579992659943,0.0,0.0
2011-04-19 00:00:00+07:00,-0.6750141846000703,-0.679384184668104,-0.6810268141231364,-0.6750495137679122,-0.14571665099628117,0.0,0.0
2011-04-20 00:00:00+07:00,-0.6696573592901837,-0.6740713966512795,-0.6756260428265886,-0.6696918589288771,0.010669568531614314,0.0,0.0
2011-04-21 00:00:00+07:00,-0.672335771945127,-0.6661022268284464,-0.6702252805858545,-0.6723706863483947,-0.17496502425162486,0.0,0.0
2011-04-25 00:00:00+07:00,-0.672335771945127,-0.6687586177862578,-0.6675248979560015,-0.6723706863483947,-0.9170862986125412,0.0,0.0
2011-04-26 00:00:00+07:00,-0.6696573592901837,-0.6714150056732654,-0.6756260428265886,-0.6696918589288771,-0.23808791571685056,0.0,0.0
2011-04-27 00:00:00+07:00,-0.672335771945127,-0.6714150087440691,-0.6702252805858545,-0.6723706863483947,-0.4253074791291664,0.0,0.0
2011-04-28 00:00:00+07:00,-0.6669789466352403,-0.6714150026428671,-0.6675248918353679,-0.6670130315093595,-0.24025874193045113,0.0,0.0
2011-04-29 00:00:00+07:00,-0.6776925972550137,-0.6714150150101685,-0.6756260520058958,-0.6777283411874299,-0.08918530984554257,0.0,0.0
2011-05-02 00:00:00+07:00,-0.672335771945127,-0.6767277906596918,-0.6729256632157077,-0.6723706863483947,-0.5224789260137522,0.0,0.0
2011-05-03 00:00:00+07:00,-0.6857277932759276,-0.6767277634051061,-0.6810267843228578,-0.6857647814955712,-0.1967932829605741,0.0,0.0
2011-05-04 00:00:00+07:00,-0.6803710518538733,-0.6846970142840331,-0.6891280088313949,-0.6804072105573588,0.085522514681404,0.0,0.0
2011-05-05 00:00:00+07:00,-0.6910846605297304,-0.6900097671016154,-0.6864275980728204,-0.6911224782850177,-0.019264735085929862,0.0,0.0
2011-05-06 00:00:00+07:00,-0.6830493806209842,-0.6873533250942365,-0.6918283127645577,-0.6830859540760535,-0.09265190196750553,0.0,0.0
2011-05-09 00:00:00+07:00,-0.6884062059308709,-0.68735333087189,-0.683727170053832,-0.6884436089150887,-0.37004246250833167,0.0,0.0
2011-05-10 00:00:00+07:00,-0.6830493806209842,-0.6846969339350779,-0.6837271642609534,-0.6830859540760535,-0.6352982320618171,0.0,0.0
2011-05-11 00:00:00+07:00,-0.6803710518538733,-0.6846970142840331,-0.6837272442736122,-0.6804072105573588,-0.16303855736514378,0.0,0.0
2011-05-12 00:00:00+07:00,-0.6884062059308709,-0.68735333087189,-0.683727170053832,-0.6884436089150887,-0.3072999973238715,0.0,0.0
2011-05-13 00:00:00+07:00,-0.6830493806209842,-0.6846969339350779,-0.686427547095488,-0.6830859540760535,0.030274621543628574,0.0,0.0
2011-05-16 00:00:00+07:00,-0.6937629054090091,-0.6926659924150682,-0.691828198298091,-0.6938011379028898,0.06077518686993237,0.0,0.0
2011-05-18 00:00:00+07:00,-0.6910846605297304,-0.6873533762931342,-0.6891279805508704,-0.6911224782850177,0.20593688646755073,0.0,0.0
2011-05-19 00:00:00+07:00,-0.6857277932759276,-0.6820405456841232,-0.6837271671374172,-0.6857647814955712,-0.045685311905462406,0.0,0.0
2011-05-20 00:00:00+07:00,-0.6830493806209842,-0.6820405427759194,-0.6837271642609534,-0.6830859540760535,-0.007885438944226112,0.0,0.0
2011-05-23 00:00:00+07:00,-0.6910846605297304,-0.6900097671016154,-0.6918283630289204,-0.6911224782850177,0.03928049674919453,0.0,0.0
2011-05-24 00:00:00+07:00,-0.696441443895701,-0.6953225130200557,-0.6945287099785785,-0.6964800911736415,0.0822787402120455,0.0,0.0
2011-05-25 00:00:00+07:00,-0.6937629054090091,-0.6979787763305726,-0.6945285819444448,-0.6938011379028898,-0.10335441131393956,0.0,0.0
2011-05-26 00:00:00+07:00,-0.6857277932759276,-0.6900097191026489,-0.6918283155810951,-0.6857647814955712,-0.04874238366514007,0.0,0.0
2011-05-27 00:00:00+07:00,-0.6910846605297304,-0.6926661579100967,-0.6891279805508704,-0.6911224782850177,-0.1439598831419527,0.0,0.0
2011-05-30 00:00:00+07:00,-0.6937629054090091,-0.6926659924150682,-0.691828198298091,-0.6938011379028898,-0.13320753103178373,0.0,0.0
2011-05-31 00:00:00+07:00,-0.6937629054090091,-0.6926659924150682,-0.691828198298091,-0.6938011379028898,0.04408948184556152,0.0,0.0
2011-06-01 00:00:00+07:00,-0.6937629054090091,-0.690009600457316,-0.6891278146517372,-0.6938011379028898,0.03886046849086332,0.0,0.0
2011-06-03 00:00:00+07:00,-0.6910846605297304,-0.6926661579100967,-0.6918283630289204,-0.6911224782850177,-0.053271371388917924,0.0,0.0
2011-06-06 00:00:00+07:00,-0.6910846605297304,-0.6926661579100967,-0.6891279805508704,-0.6911224782850177,-0.6129659073436203,0.0,0.0
2011-06-07 00:00:00+07:00,-0.6900025913803461,-0.694249375023775,-0.69079081583065,-0.6900402415722264,-0.2935587416935714,14.0,0.0
2011-06-08 00:00:00+07:00,-0.6954124338002733,-0.6942494344510671,-0.6907908753912336,-0.6954509217312463,-0.06614575499190802,0.0,0.0
2011-06-09 00:00:00+07:00,-0.6954124338002733,-0.6942494344510671,-0.6907908753912336,-0.6954509217312463,-0.26601452422568883,0.0,0.0
2011-06-10 00:00:00+07:00,-0.6954124338002733,-0.6942494344510671,-0.6907908753912336,-0.6954509217312463,-0.20224611781091031,0.0,0.0
2011-06-13 00:00:00+07:00,-0.6954124338002733,-0.6942494344510671,-0.6907908753912336,-0.6954509217312463,-0.33551288576659805,0.0,0.0
2011-06-14 00:00:00+07:00,-0.6954124338002733,-0.6942494344510671,-0.6907908753912336,-0.6954509217312463,-0.3245829211109415,0.0,0.0
2011-06-15 00:00:00+07:00,-0.6872977960021311,-0.6888841604993182,-0.6907909108776793,-0.6873350273439506,0.03332291147679119,0.0,0.0
2011-06-16 00:00:00+07:00,-0.6900025913803461,-0.6888840643293016,-0.688063733854912,-0.6900402415722264,0.1499154422559467,0.0,0.0
2011-06-17 00:00:00+07:00,-0.6845928328482515,-0.6862014337608742,-0.6826095947451629,-0.6846296453140291,0.20416872176851347,0.0,0.0
2011-06-20 00:00:00+07:00,-0.6818879535822041,-0.6835187908012742,-0.6798825251920855,-0.6819243471849306,-0.03562917364121053,0.0,0.0
2011-06-21 00:00:00+07:00,-0.6845928328482515,-0.6808361234081775,-0.6798825129431433,-0.6846296453140291,-0.0018259067829518142,0.0,0.0
2011-06-22 00:00:00+07:00,-0.6791830323722405,-0.6835187612515656,-0.6826095774872118,-0.6792190071054206,0.14854956400731223,0.0,0.0
2011-06-23 00:00:00+07:00,-0.6737732738401458,-0.6781534751650131,-0.6771554380462613,-0.6738084108472234,-0.00044501151866299877,0.0,0.0
2011-06-24 00:00:00+07:00,-0.6710683945740985,-0.6727881770733499,-0.67170128665893,-0.6711031127181248,0.1182295276421774,0.0,0.0
2011-06-27 00:00:00+07:00,-0.6710683945740985,-0.6727881770733499,-0.67170128665893,-0.6711031127181248,-0.12967981692313524,0.0,0.0
2011-06-28 00:00:00+07:00,-0.6710683945740985,-0.670105522024963,-0.67170128665893,-0.6711031127181248,-0.20224611781091031,0.0,0.0
2011-06-30 00:00:00+07:00,-0.6602488355659929,-0.66205756334311,-0.6662471296720738,-0.660281878251319,0.3275358422673122,0.0,0.0
2011-07-01 00:00:00+07:00,-0.6521341977678508,-0.6513269796669845,-0.655338838937142,-0.6521659838640231,0.09239708597148727,0.0,0.0
2011-07-04 00:00:00+07:00,-0.6521341977678508,-0.6566922892196986,-0.6471575947509298,-0.6521659838640231,-6.175100444806386,0.0,0.0
2011-07-05 00:00:00+07:00,-0.6494293185018034,-0.6513269914747982,-0.6498846879217812,-0.6494606857349245,0.05963176827356569,0.0,0.0
2011-07-06 00:00:00+07:00,-0.6521341977678508,-0.6566922892196986,-0.6607930017279502,-0.6521659838640231,-0.02113262118458602,0.0,0.0
2011-07-07 00:00:00+07:00,-0.6521341977678508,-0.6486443248906276,-0.652611757541738,-0.6521659838640231,-0.012953112333093628,0.0,0.0
2011-07-08 00:00:00+07:00,-0.6386097594936978,-0.6352310683931476,-0.6444305302734253,-0.6386394512681188,0.2823966848587941,0.0,0.0
2011-07-11 00:00:00+07:00,-0.6386097594936978,-0.6432790324042129,-0.6417034489857787,-0.6386394512681188,-0.152495344760357,0.0,0.0
2011-07-12 00:00:00+07:00,-0.6440195180257925,-0.6405963540409424,-0.6389763440588692,-0.644050047526316,-0.006565828643383644,0.0,0.0
2011-07-13 00:00:00+07:00,-0.6440195180257925,-0.6432790088575501,-0.6417034254951905,-0.644050047526316,-0.110016030999901,0.0,0.0
2011-07-14 00:00:00+07:00,-0.641314596815829,-0.643278978845366,-0.6444304771802981,-0.641344707446806,-0.05250917722557829,0.0,0.0
2011-07-15 00:00:00+07:00,-0.6250851953877963,-0.629865650791414,-0.6362491803344363,-0.6251127928209802,0.0665335849434177,0.0,0.0
2011-07-18 00:00:00+07:00,-0.6332000009616031,-0.627183128206894,-0.6280680661868075,-0.6332288550099215,-0.3157299932982746,0.0,0.0
2011-07-19 00:00:00+07:00,-0.641314596815829,-0.6379136688393285,-0.6444304771802981,-0.641344707446806,0.03141128042888124,0.0,0.0
2011-07-20 00:00:00+07:00,-0.641314596815829,-0.6405963238423472,-0.6417033955544785,-0.641344707446806,-0.15579036650084635,0.0,0.0
2011-07-21 00:00:00+07:00,-0.6359048802276505,-0.6379137347623535,-0.6417034605135672,-0.6359341531390201,-0.16825547522515916,0.0,0.0
2011-07-22 00:00:00+07:00,-0.6277901165977599,-0.6325483354337946,-0.6280679639267002,-0.6278181329004903,-0.03559198205571604,0.0,0.0
2011-07-25 00:00:00+07:00,-0.6332000009616031,-0.6352310917899687,-0.6335222284720488,-0.6332288550099215,-0.05167074170753059,0.0,0.0
2011-07-26 00:00:00+07:00,-0.6250851953877963,-0.629865650791414,-0.6307950164331922,-0.6251127928209802,-0.06048691745994555,0.0,0.0
2011-07-27 00:00:00+07:00,-0.622380358065665,-0.619135084347527,-0.6253409063186658,-0.622407536642293,0.08041908544104362,0.0,0.0
2011-07-28 00:00:00+07:00,-0.6304951216955557,-0.6325484488167193,-0.6307951588616602,-0.630523556880823,-0.13674653386575464,0.0,0.0
2011-07-29 00:00:00+07:00,-0.6250851953877963,-0.629865650791414,-0.6335220983838143,-0.6251127928209802,-0.011978819464814789,0.0,0.0
2011-08-01 00:00:00+07:00,-0.6115609668332241,-0.6164526019714502,-0.6226139940213258,-0.6115864699771327,0.06108509667738422,0.0,0.0
2011-08-02 00:00:00+07:00,-0.6007412819933701,-0.6057218634019277,-0.6089784699618624,-0.6007651096590928,-0.0965963586662028,0.0,0.0
2011-08-03 00:00:00+07:00,-0.6034461193155012,-0.6003564998549739,-0.6007971722183101,-0.60347036583778,-0.061266824338074004,0.0,0.0
2011-08-04 00:00:00+07:00,-0.6088560036793444,-0.605721912498545,-0.614432680492485,-0.6088810879472114,-0.12263444316971206,0.0,0.0
2011-08-05 00:00:00+07:00,-0.6250851953877963,-0.6218176848238242,-0.6362491803344363,-0.6251127928209802,0.49197301673609967,0.0,0.0
2011-08-08 00:00:00+07:00,-0.6386097594936978,-0.6405963777338578,-0.6607930179993058,-0.6386394512681188,0.5554240690127477,0.0,0.0
2011-08-09 00:00:00+07:00,-0.6494293185018034,-0.6459616820715502,-0.6771555011161156,-0.6494606857349245,0.7052273275482741,0.0,0.0
2011-08-10 00:00:00+07:00,-0.641314596815829,-0.6405963238423472,-0.6444304771802981,-0.641344707446806,0.3697781473886049,0.0,0.0
2011-08-11 00:00:00+07:00,-0.6494293185018034,-0.6486443367731743,-0.6498846879217812,-0.6494606857349245,0.21526936650982675,0.0,0.0
2011-08-12 00:00:00+07:00,-0.6440195180257925,-0.6459616636741577,-0.6444305069315119,-0.644050047526316,0.15212225761131667,0.0,0.0
2011-08-15 00:00:00+07:00,-0.6332000009616031,-0.6379137463176604,-0.6389763907572898,-0.6332288550099215,-0.004230263975114044,0.0,0.0
2011-08-16 00:00:00+07:00,-0.6332000009616031,-0.6325484372622772,-0.6335222284720488,-0.6332288550099215,0.12527757390339836,0.0,0.0
2011-08-18 00:00:00+07:00,-0.6304951216955557,-0.6325484488167193,-0.638976402075962,-0.630523556880823,0.1887354953233935,0.0,0.0
2011-08-19 00:00:00+07:00,-0.641314596815829,-0.6459616338483848,-0.6498846404319372,-0.641344707446806,0.37129867592790644,0.0,0.0
2011-08-22 00:00:00+07:00,-0.6548390770338981,-0.6459616580027034,-0.6526117456913001,-0.6548712819931218,0.1487684654710487,0.0,0.0
2011-08-23 00:00:00+07:00,-0.6440195180257925,-0.6486443184907654,-0.6498846698041545,-0.644050047526316,0.05868312739985136,0.0,0.0
2011-08-24 00:00:00+07:00,-0.6467244392357561,-0.6459616938774722,-0.647157618303748,-0.646755387605826,0.11809809385101526,0.0,0.0
2011-08-25 00:00:00+07:00,-0.641314596815829,-0.643278978845366,-0.6417033955544785,-0.641344707446806,0.014425690213614124,0.0,0.0
2011-08-26 00:00:00+07:00,-0.641314596815829,-0.643278978845366,-0.6471575588061176,-0.641344707446806,0.1702169744980132,0.0,0.0
2011-09-05 00:00:00+07:00,-0.6332000009616031,-0.6298657827345856,-0.6335222284720488,-0.6332288550099215,0.33456961750181086,0.0,0.0
2011-09-06 00:00:00+07:00,-0.6304951216955557,-0.6298657943590549,-0.6335222399330941,-0.630523556880823,0.09117249422341538,0.0,0.0
2011-09-07 00:00:00+07:00,-0.622380358065665,-0.6271830493472421,-0.6253409063186658,-0.622407536642293,-0.0377931218185609,0.0,0.0
2011-09-08 00:00:00+07:00,-0.6196755207435339,-0.6218177932219492,-0.6253409594650653,-0.6197022804636058,0.025113158923715864,0.0,0.0
2011-09-09 00:00:00+07:00,-0.622380358065665,-0.619135084347527,-0.6198867430733572,-0.622407536642293,-0.017901302335255255,0.0,0.0
2011-09-12 00:00:00+07:00,-0.6386097594936978,-0.6298657590524374,-0.6335222051228384,-0.6386394512681188,-0.12865760739380092,0.0,0.0
2011-09-13 00:00:00+07:00,-0.6359048802276505,-0.6352310801637705,-0.6389763792988812,-0.6359341531390201,-0.2339838701428476,0.0,0.0
2011-09-14 00:00:00+07:00,-0.6548390770338981,-0.6379136934465406,-0.6498846642189452,-0.6548712819931218,0.271945425384444,0.0,0.0
2011-09-15 00:00:00+07:00,-0.6467244392357561,-0.6513270031331461,-0.6635201057702946,-0.646755387605826,0.3231044567662521,0.0,0.0
2011-09-16 00:00:00+07:00,-0.6467244392357561,-0.6432790392496351,-0.6498846995481724,-0.646755387605826,0.11662503080095205,0.0,0.0
2011-09-19 00:00:00+07:00,-0.6494293185018034,-0.6486443367731743,-0.6498846879217812,-0.6494606857349245,-0.4197051466678287,0.0,0.0
2011-09-20 00:00:00+07:00,-0.6440195180257925,-0.6486443184907654,-0.6553388326767973,-0.644050047526316,0.13181813401653986,0.0,0.0
2011-09-21 00:00:00+07:00,-0.6548390770338981,-0.6459616580027034,-0.6498846642189452,-0.6548712819931218,0.030366921649407432,0.0,0.0
2011-09-22 00:00:00+07:00,-0.6900025913803461,-0.6701054768986446,-0.688063733854912,-0.6900402415722264,0.25172242091977076,0.0,0.0
2011-09-23 00:00:00+07:00,-0.6683636411397996,-0.6727883138757738,-0.6935180689040911,-0.6683979404402604,0.13813639273827888,0.0,0.0
2011-09-26 00:00:00+07:00,-0.6764782789379418,-0.6727882799173212,-0.6853367939899162,-0.6765138348275561,0.18719104067915193,0.0,0.0
2011-09-27 00:00:00+07:00,-0.6683636411397996,-0.6647403514666613,-0.6662472614558987,-0.6683979404402604,0.3361752386724691,0.0,0.0
2011-09-28 00:00:00+07:00,-0.665658719929836,-0.6674229748949957,-0.6662472308554327,-0.6656926003607504,0.053857574943738315,0.0,0.0
2011-09-29 00:00:00+07:00,-0.6602488355659929,-0.6647402183495273,-0.6635200480427993,-0.660281878251319,0.09860787624183166,0.0,0.0
2011-09-30 00:00:00+07:00,-0.6575439982438617,-0.6566923075881342,-0.6662471823535135,-0.6575766220726318,0.2069379542331329,0.0,0.0
2011-10-03 00:00:00+07:00,-0.6764782789379418,-0.6727882799173212,-0.67988263204,-0.6765138348275561,-0.02084734198474875,0.0,0.0
2011-10-04 00:00:00+07:00,-0.6845928328482515,-0.6835187785845258,-0.6880637583492021,-0.6846296453140291,0.10363988985922205,0.0,0.0
2011-10-05 00:00:00+07:00,-0.6791830323722405,-0.6808361059564983,-0.6798824955645073,-0.6792190071054206,-0.13999537388009337,0.0,0.0
2011-10-06 00:00:00+07:00,-0.6683636411397996,-0.670105659739403,-0.668974342200718,-0.6683979404402604,0.22077404818472016,0.0,0.0
2011-10-07 00:00:00+07:00,-0.6710683945740985,-0.6593749018314152,-0.666247123315052,-0.6711031127181248,0.06180246318759116,0.0,0.0
2011-10-10 00:00:00+07:00,-0.6683636411397996,-0.670105659739403,-0.6744285036903565,-0.6683979404402604,-0.09902039979735108,0.0,0.0
2011-10-11 00:00:00+07:00,-0.6548390770338981,-0.651326967706812,-0.65806590863601,-0.6548712819931218,0.1632869466517977,0.0,0.0
2011-10-12 00:00:00+07:00,-0.6440195180257925,-0.6432790088575501,-0.6498846698041545,-0.644050047526316,0.02379897432978451,0.0,0.0
2011-10-13 00:00:00+07:00,-0.641314596815829,-0.6379136688393285,-0.638976313928659,-0.641344707446806,-0.025006979857207148,0.0,0.0
2011-10-14 00:00:00+07:00,-0.6440195180257925,-0.6432790088575501,-0.6389763440588692,-0.644050047526316,-0.10328662819017702,0.0,0.0
2011-10-17 00:00:00+07:00,-0.6386097594936978,-0.6405963777338578,-0.6389763676981318,-0.6386394512681188,-0.3187399544022015,0.0,0.0
2011-10-18 00:00:00+07:00,-0.6548390770338981,-0.6486443128547577,-0.6553388271636551,-0.6548712819931218,0.062812702465623,0.0,0.0
2011-10-19 00:00:00+07:00,-0.6494293185018034,-0.6513269914747982,-0.6471576066023478,-0.6494606857349245,-0.05694939163360233,0.0,0.0
2011-10-20 00:00:00+07:00,-0.6602488355659929,-0.6566922533302753,-0.6635200480427993,-0.660281878251319,0.3008293995481243,0.0,0.0
2011-10-21 00:00:00+07:00,-0.6602488355659929,-0.6566922533302753,-0.6607929664135249,-0.660281878251319,0.18699504994862237,0.0,0.0
2011-10-24 00:00:00+07:00,-0.6440195180257925,-0.6459616636741577,-0.6471575883678332,-0.644050047526316,-0.09077259903381829,0.0,0.0
2011-10-25 00:00:00+07:00,-0.641314596815829,-0.6405963238423472,-0.6444304771802981,-0.641344707446806,0.05609307902353813,0.0,0.0
2011-10-26 00:00:00+07:00,-0.641314596815829,-0.6459616338483848,-0.638976313928659,-0.641344707446806,-0.37741963137608275,0.0,0.0
2011-10-27 00:00:00+07:00,-0.6440195180257925,-0.6405963540409424,-0.6417034254951905,-0.644050047526316,0.20779768095373016,0.0,0.0
2011-10-28 00:00:00+07:00,-0.641314596815829,-0.643278978845366,-0.6417033955544785,-0.641344707446806,0.1585215987288484,0.0,0.0
2011-10-31 00:00:00+07:00,-0.6359048802276505,-0.6405963893609367,-0.6444305417282533,-0.6359341531390201,-0.0372508706930905,0.0,0.0
2011-11-01 00:00:00+07:00,-0.6467244392357561,-0.6432790392496351,-0.6444305370593234,-0.646755387605826,-0.08420974290253536,0.0,0.0
2011-11-02 00:00:00+07:00,-0.6440195180257925,-0.6459616636741577,-0.652611751240476,-0.644050047526316,0.11767956453153525,0.0,0.0
2011-11-03 00:00:00+07:00,-0.6521341977678508,-0.6513269796669845,-0.652611757541738,-0.6521659838640231,-0.04102673345846147,0.0,0.0
2011-11-04 00:00:00+07:00,-0.641314596815829,-0.643278978845366,-0.6417033955544785,-0.641344707446806,0.15949900511301532,0.0,0.0
2011-11-07 00:00:00+07:00,-0.6440195180257925,-0.6459616636741577,-0.6389763440588692,-0.644050047526316,-0.3446649916479822,0.0,0.0
2011-11-08 00:00:00+07:00,-0.6304951216955557,-0.635231103274384,-0.638976402075962,-0.630523556880823,0.06645040553233088,0.0,0.0
2011-11-09 00:00:00+07:00,-0.6250851953877963,-0.624500340146354,-0.625340852531948,-0.6251127928209802,0.23238133435372357,0.0,0.0
2011-11-10 00:00:00+07:00,-0.6332000009616031,-0.6352310917899687,-0.6389763907572898,-0.6332288550099215,0.2506140137659973,0.0,0.0
2011-11-11 00:00:00+07:00,-0.6332000009616031,-0.6325484372622772,-0.6362493096146694,-0.6332288550099215,0.04791274050081293,0.0,0.0
2011-11-14 00:00:00+07:00,-0.6277901165977599,-0.6325483354337946,-0.6280679639267002,-0.6278181329004903,-0.12688803072320046,0.0,0.0
2011-11-15 00:00:00+07:00,-0.6332000009616031,-0.6352310917899687,-0.6335222284720488,-0.6332288550099215,0.045432410377107,0.0,0.0
2011-11-16 00:00:00+07:00,-0.6386097594936978,-0.6352310683931476,-0.6362492864104852,-0.6386394512681188,0.037431578906307536,0.0,0.0
2011-11-17 00:00:00+07:00,-0.6386097594936978,-0.6379137230635027,-0.6389763676981318,-0.6386394512681188,0.10980164257370324,0.0,0.0
2011-11-18 00:00:00+07:00,-0.6494293185018034,-0.6486443367731743,-0.6471576066023478,-0.6494606857349245,0.33549807193386255,0.0,0.0
2011-11-21 00:00:00+07:00,-0.6548390770338981,-0.6540096225588663,-0.6526117456913001,-0.6548712819931218,0.18019479282858863,0.0,0.0
2011-11-22 00:00:00+07:00,-0.6521341977678508,-0.6540096344433417,-0.6498846761463337,-0.6521659838640231,0.19135897556546463,0.0,0.0
2011-11-23 00:00:00+07:00,-0.6575439982438617,-0.6593749622467449,-0.6553388572506826,-0.6575766220726318,-0.040951190575728,0.0,0.0
2011-11-24 00:00:00+07:00,-0.6602488355659929,-0.6593749083366928,-0.655338803154976,-0.660281878251319,-0.05525306159342136,0.0,0.0
2011-11-25 00:00:00+07:00,-0.6710683945740985,-0.6647402119281891,-0.666247123315052,-0.6711031127181248,0.044783730011994864,0.0,0.0
2011-11-28 00:00:00+07:00,-0.665658719929836,-0.6674229748949957,-0.6662472308554327,-0.6656926003607504,0.11058408397336339,0.0,0.0
2011-11-29 00:00:00+07:00,-0.6575439982438617,-0.6540096529295237,-0.660793019802098,-0.6575766220726318,0.1993208822155198,0.0,0.0
2011-11-30 00:00:00+07:00,-0.6467244392357561,-0.648644348505309,-0.6526117807925969,-0.646755387605826,0.23214037801519133,0.0,0.0
2011-12-01 00:00:00+07:00,-0.6467244392357561,-0.6513270031331461,-0.641703455814899,-0.646755387605826,-6.175100444806386,0.0,0.0
2011-12-02 00:00:00+07:00,-0.641314596815829,-0.6459616338483848,-0.6417033955544785,-0.641344707446806,-0.25215201351733796,0.0,0.0
2011-12-05 00:00:00+07:00,-0.6386097594936978,-0.6432790324042129,-0.6389763676981318,-0.6386394512681188,-0.1604192217250541,0.0,0.0
2011-12-06 00:00:00+07:00,-0.6467244392357561,-0.6459616938774722,-0.641703455814899,-0.646755387605826,-0.282338347533464,0.0,0.0
2011-12-07 00:00:00+07:00,-0.6361986134725972,-0.6408877078889118,-0.6393178192492548,-0.636227931869917,-0.246205636640192,8.7,0.0
2011-12-08 00:00:00+07:00,-0.6416382360730059,-0.6408875959114484,-0.6393177075384582,-0.6416683968210171,-0.03790541738186539,0.0,0.0
2011-12-09 00:00:00+07:00,-0.6443580893171263,-0.6435850896528413,-0.6448020549298127,-0.6443886712469785,-0.14661117029006743,0.0,0.0
2011-12-12 00:00:00+07:00,-0.638918298941053,-0.6408875266728133,-0.6365754571104745,-0.638948038494233,-0.22840257709426243,0.0,0.0
2011-12-13 00:00:00+07:00,-0.647077984505163,-0.6462826255209431,-0.6448020823217265,-0.6471089876233512,0.016576827404802166,0.0,0.0
2011-12-14 00:00:00+07:00,-0.6443580893171263,-0.6435850896528413,-0.6420598739201707,-0.6443886712469785,-0.15429589189679918,0.0,0.0
2011-12-15 00:00:00+07:00,-0.6497977958053672,-0.6516775857185122,-0.650286387885523,-0.6498292200989013,0.03922052377340843,0.0,0.0
2011-12-16 00:00:00+07:00,-0.638918298941053,-0.6300974916999295,-0.6420598198189461,-0.638948038494233,0.28993556965272504,0.0,0.0
2011-12-19 00:00:00+07:00,-0.638918298941053,-0.6435850354160343,-0.6338332757562387,-0.638948038494233,-6.175100444806386,0.0,0.0
2011-12-20 00:00:00+07:00,-0.6443580893171263,-0.6408875812486003,-0.6393176929105288,-0.6443886712469785,-0.30539573618984717,0.0,0.0
2011-12-21 00:00:00+07:00,-0.6416382360730059,-0.6408875959114484,-0.6393177075384582,-0.6416683968210171,0.09839293117462936,0.0,0.0
2011-12-22 00:00:00+07:00,-0.6416382360730059,-0.6408875959114484,-0.636575526621398,-0.6416683968210171,-0.38883884182718587,0.0,0.0
2011-12-23 00:00:00+07:00,-0.6361986134725972,-0.6408877078889118,-0.636575639039225,-0.636227931869917,-0.32711128378534526,0.0,0.0
2011-12-27 00:00:00+07:00,-0.638918298941053,-0.6408875266728133,-0.6393176384647102,-0.638948038494233,-0.30738126154496986,0.0,0.0
2011-12-28 00:00:00+07:00,-0.6416382360730059,-0.6408875959114484,-0.6420598884555183,-0.6416683968210171,-0.20818275577418469,0.0,0.0
2011-12-29 00:00:00+07:00,-0.6361986134725972,-0.6408877078889118,-0.6420599994592846,-0.636227931869917,-0.3587907252920853,0.0,0.0
2011-12-30 00:00:00+07:00,-0.638918298941053,-0.6408875266728133,-0.6365754571104745,-0.638948038494233,-0.26389240786959745,0.0,0.0
2012-01-02 00:00:00+07:00,-0.638918298941053,-0.6435850354160343,-0.6365754571104745,-0.638948038494233,-0.6549421792864536,0.0,0.0
2012-01-03 00:00:00+07:00,-0.6334786343967282,-0.6381900891680586,-0.6365755281876208,-0.6335075315927216,-0.21653042689581892,0.0,0.0
2012-01-04 00:00:00+07:00,-0.6334786343967282,-0.6354925808645814,-0.6338333472804111,-0.6335075315927216,0.18138227775759616,0.0,0.0
2012-01-05 00:00:00+07:00,-0.6361986134725972,-0.6354926926536015,-0.6310912786191654,-0.636227931869917,0.0346016474764937,0.0,0.0
2012-01-06 00:00:00+07:00,-0.638918298941053,-0.6408875266728133,-0.6365754571104745,-0.638948038494233,-0.22393084383439818,0.0,0.0
2012-01-09 00:00:00+07:00,-0.630758823096524,-0.635492636843623,-0.6393177642553382,-0.6307872991171715,-0.03730692643130791,0.0,0.0
2012-01-10 00:00:00+07:00,-0.630758823096524,-0.6327951288835754,-0.6283490420229679,-0.6307872991171715,-0.013022809275098643,0.0,0.0
2012-01-11 00:00:00+07:00,-0.6334786343967282,-0.6300975642576266,-0.6310911663732014,-0.6335075315927216,0.11974340272778497,0.0,0.0
2012-01-12 00:00:00+07:00,-0.630758823096524,-0.6327951288835754,-0.6310912225810604,-0.6307872991171715,0.0689784668803477,0.0,0.0
2012-01-13 00:00:00+07:00,-0.638918298941053,-0.6354925091863712,-0.6338332757562387,-0.638948038494233,-5.211214543288397,0.0,0.0
2012-01-16 00:00:00+07:00,-0.6416382360730059,-0.6381900875982811,-0.6393177075384582,-0.6416683968210171,-0.40085854440684565,0.0,0.0
2012-01-17 00:00:00+07:00,-0.6416382360730059,-0.6435851042246158,-0.6393177075384582,-0.6416683968210171,0.16553588695816826,0.0,0.0
2012-01-18 00:00:00+07:00,-0.6416382360730059,-0.6435851042246158,-0.6393177075384582,-0.6416683968210171,0.014538393163430323,0.0,0.0
2012-01-19 00:00:00+07:00,-0.638918298941053,-0.6381900179295924,-0.6365754571104745,-0.638948038494233,0.1724012242157532,0.0,0.0
2012-01-20 00:00:00+07:00,-0.638918298941053,-0.6408875266728133,-0.6365754571104745,-0.638948038494233,-0.03965065308329036,0.0,0.0
2012-01-24 00:00:00+07:00,-0.6334786343967282,-0.6381900891680586,-0.6365755281876208,-0.6335075315927216,-0.10609940580677267,0.0,0.0
2012-01-25 00:00:00+07:00,-0.6361986134725972,-0.6381902002712566,-0.6338334588291952,-0.636227931869917,-0.2308720961992997,0.0,0.0
2012-01-26 00:00:00+07:00,-0.630758823096524,-0.635492636843623,-0.633833403139153,-0.6307872991171715,-0.05831641067824481,0.0,0.0
2012-01-27 00:00:00+07:00,-0.6334786343967282,-0.6354925808645814,-0.6310911663732014,-0.6335075315927216,-0.15537021587395808,0.0,0.0
2012-01-30 00:00:00+07:00,-0.6416382360730059,-0.6381900875982811,-0.6420598884555183,-0.6416683968210171,-0.1643556632624476,0.0,0.0
2012-01-31 00:00:00+07:00,-0.638918298941053,-0.6435850354160343,-0.6420598198189461,-0.638948038494233,0.14384282762489747,0.0,0.0
2012-02-01 00:00:00+07:00,-0.638918298941053,-0.6408875266728133,-0.6365754571104745,-0.638948038494233,-0.21681216434404532,0.0,0.0
2012-02-02 00:00:00+07:00,-0.6334786343967282,-0.6300975642576266,-0.6365755281876208,-0.6335075315927216,0.3064708332278842,0.0,0.0
2012-02-03 00:00:00+07:00,-0.6361986134725972,-0.6354926926536015,-0.6310912786191654,-0.636227931869917,-0.005916433717486773,0.0,0.0
2012-02-06 00:00:00+07:00,-0.6361986134725972,-0.6381902002712566,-0.6338334588291952,-0.636227931869917,-0.008400931840651882,0.0,0.0
2012-02-07 00:00:00+07:00,-0.6443580893171263,-0.6408875812486003,-0.6420598739201707,-0.6443886712469785,0.041834714226598416,0.0,0.0
2012-02-08 00:00:00+07:00,-0.6443580893171263,-0.6489801064613231,-0.6448020549298127,-0.6443886712469785,0.19745208107986095,0.0,0.0
2012-02-09 00:00:00+07:00,-0.6443580893171263,-0.6462825980570822,-0.6420598739201707,-0.6443886712469785,0.04355677805197059,0.0,0.0
2012-02-10 00:00:00+07:00,-0.6633972717455505,-0.6489802180350799,-0.663997428958084,-0.6634308019807652,0.42482049664404653,0.0,0.0
2012-02-13 00:00:00+07:00,-0.6606772926696816,-0.6651651532007721,-0.6612551372899286,-0.6607104017035696,0.2893664794866222,0.0,0.0
2012-02-14 00:00:00+07:00,-0.6715567895339958,-0.6651651790596748,-0.6694817058152447,-0.6715915833082381,0.33342002601908916,0.0,0.0
2012-02-15 00:00:00+07:00,-0.6769965379661529,-0.6705602088600907,-0.6777082613628232,-0.6770321741105723,0.5597349793339471,0.0,0.0
2012-02-16 00:00:00+07:00,-0.6742767266659486,-0.6786527892148898,-0.6777083169744585,-0.6743119416350222,0.4564305576227958,0.0,0.0
2012-02-17 00:00:00+07:00,-0.6688369782337914,-0.6732577597687053,-0.6722239423919951,-0.668871350832688,0.3079621889113439,0.0,0.0
2012-02-20 00:00:00+07:00,-0.6688369782337914,-0.6705602518857343,-0.6694817619122555,-0.668871350832688,0.40092636898565365,0.0,0.0
2012-02-21 00:00:00+07:00,-0.6633972717455505,-0.6678627719216252,-0.6667396092498684,-0.6634308019807652,0.4604801780547245,0.0,0.0
2012-02-22 00:00:00+07:00,-0.6633972717455505,-0.6678627719216252,-0.663997428958084,-0.6634308019807652,0.10570183765369291,0.0,0.0
2012-02-23 00:00:00+07:00,-0.6661170411018387,-0.6678626743023938,-0.6667395119855686,-0.6661509925059038,0.08718537456813844,0.0,0.0
2012-02-24 00:00:00+07:00,-0.6688369782337914,-0.6732577597687053,-0.6722239423919951,-0.668871350832688,0.17367669984131853,0.0,0.0
2012-02-27 00:00:00+07:00,-0.6715567895339958,-0.6705601955764079,-0.6749660675379483,-0.6715915833082381,0.04701951299568299,0.0,0.0
2012-02-28 00:00:00+07:00,-0.6688369782337914,-0.6705602518857343,-0.6694817619122555,-0.668871350832688,-0.055666518543622014,0.0,0.0
2012-02-29 00:00:00+07:00,-0.6606772926696816,-0.6624676447722812,-0.6612551372899286,-0.6607104017035696,0.2216978657887495,0.0,0.0
2012-03-01 00:00:00+07:00,-0.6579574394255611,-0.6597701509435447,-0.6612551517459706,-0.6579901272776083,-0.21242429640462998,0.0,0.0
2012-03-02 00:00:00+07:00,-0.652517690993404,-0.6570726298310476,-0.6557707771311228,-0.6525495364752741,0.04585928889173523,0.0,0.0
2012-03-05 00:00:00+07:00,-0.6552375861814406,-0.659770165353692,-0.6557708043286761,-0.6552698528516469,-0.27411756097342566,0.0,0.0
2012-03-06 00:00:00+07:00,-0.6552375861814406,-0.659770165353692,-0.6585129851714739,-0.6552698528516469,-0.04839494761343067,0.0,0.0
2012-03-07 00:00:00+07:00,-0.6661170411018387,-0.659770149268705,-0.6612551500876171,-0.6661509925059038,0.036903661928394144,0.0,0.0
2012-03-08 00:00:00+07:00,-0.6633972717455505,-0.6651652642235474,-0.663997428958084,-0.6634308019807652,-0.14490081408956673,0.0,0.0
2012-03-09 00:00:00+07:00,-0.6661170411018387,-0.659770149268705,-0.6612551500876171,-0.6661509925059038,-5.341476103688875,0.0,0.0
2012-03-12 00:00:00+07:00,-0.6552375861814406,-0.659770165353692,-0.6557708043286761,-0.6552698528516469,0.024253242627981755,0.0,0.0
2012-03-13 00:00:00+07:00,-0.6579574394255611,-0.6570726426098574,-0.6530286089322108,-0.6579901272776083,-0.19273714369307382,0.0,0.0
2012-03-14 00:00:00+07:00,-0.647077984505163,-0.6516776419839675,-0.6502864439898322,-0.6471089876233512,0.11294515656862221,0.0,0.0
2012-03-15 00:00:00+07:00,-0.6497977958053672,-0.6489800771286213,-0.6475442066871566,-0.6498292200989013,-0.01633201999383033,0.0,0.0
2012-03-16 00:00:00+07:00,-0.6443580893171263,-0.6462825980570822,-0.6448020549298127,-0.6443886712469785,0.08759006467847735,0.0,0.0
2012-03-19 00:00:00+07:00,-0.6416382360730059,-0.6435851042246158,-0.6393177075384582,-0.6416683968210171,-0.13158621728071931,0.0,0.0
2012-03-20 00:00:00+07:00,-0.638918298941053,-0.6435850354160343,-0.6393176384647102,-0.638948038494233,-0.07638568618064485,0.0,0.0
2012-03-21 00:00:00+07:00,-0.6443580893171263,-0.6462825980570822,-0.6420598739201707,-0.6443886712469785,-0.13242049518336704,0.0,0.0
2012-03-22 00:00:00+07:00,-0.6416382360730059,-0.6462826125377831,-0.6420598884555183,-0.6416683968210171,-0.3648741322875005,0.0,0.0
2012-03-26 00:00:00+07:00,-0.638918298941053,-0.6381900179295924,-0.6365754571104745,-0.638948038494233,0.03934045938080016,0.0,0.0
2012-03-27 00:00:00+07:00,-0.6334786343967282,-0.6381900891680586,-0.6338333472804111,-0.6335075315927216,0.05424551924483057,0.0,0.0
2012-03-28 00:00:00+07:00,-0.6334786343967282,-0.6354925808645814,-0.6310911663732014,-0.6335075315927216,-0.11509737665381103,0.0,0.0
2012-03-29 00:00:00+07:00,-0.6361986134725972,-0.6408877078889118,-0.6338334588291952,-0.636227931869917,-0.10094494655639431,0.0,0.0
2012-03-30 00:00:00+07:00,-0.638918298941053,-0.6381900179295924,-0.6338332757562387,-0.638948038494233,0.15437975741998894,0.0,0.0
2012-04-02 00:00:00+07:00,-0.6361986134725972,-0.6381902002712566,-0.6338334588291952,-0.636227931869917,-0.029618875960910375,0.0,0.0
2012-04-03 00:00:00+07:00,-0.6361986134725972,-0.6408877078889118,-0.6310912786191654,-0.636227931869917,-6.175100444806386,0.0,0.0
2012-04-04 00:00:00+07:00,-0.652517690993404,-0.638190070918129,-0.6475442340659351,-0.6525495364752741,0.028315164897872207,0.0,0.0
2012-04-05 00:00:00+07:00,-0.6416382360730059,-0.6408875959114484,-0.6475442502896387,-0.6416683968210171,0.001749734851830279,0.0,0.0
2012-04-09 00:00:00+07:00,-0.6416382360730059,-0.6435851042246158,-0.6393177075384582,-0.6416683968210171,-0.4464156183794616,0.0,0.0
2012-04-10 00:00:00+07:00,-0.6443580893171263,-0.6462825980570822,-0.6420598739201707,-0.6443886712469785,-0.3308299457130182,0.0,0.0
2012-04-11 00:00:00+07:00,-0.6443580893171263,-0.6462825980570822,-0.6420598739201707,-0.6443886712469785,-0.07898823363276547,0.0,0.0
2012-04-12 00:00:00+07:00,-0.638918298941053,-0.6435850354160343,-0.6420598198189461,-0.638948038494233,0.06042268096184703,0.0,0.0
2012-04-13 00:00:00+07:00,-0.6416382360730059,-0.6408875959114484,-0.636575526621398,-0.6416683968210171,-0.303100221892419,0.0,0.0
2012-04-16 00:00:00+07:00,-0.647077984505163,-0.6435851172894309,-0.6420599014876738,-0.6471089876233512,-0.28533844465413166,0.0,0.0
2012-04-17 00:00:00+07:00,-0.6443580893171263,-0.6435850896528413,-0.6420598739201707,-0.6443886712469785,0.027339037423432584,0.0,0.0
2012-04-18 00:00:00+07:00,-0.6443580893171263,-0.6462825980570822,-0.6393176929105288,-0.6443886712469785,-0.4194245814600572,0.0,0.0
2012-04-19 00:00:00+07:00,-0.6416382360730059,-0.6462826125377831,-0.6420598884555183,-0.6416683968210171,-0.47200664355302463,0.0,0.0
2012-04-20 00:00:00+07:00,-0.638918298941053,-0.6435850354160343,-0.6393176384647102,-0.638948038494233,-0.1506781823233168,0.0,0.0
2012-04-23 00:00:00+07:00,-0.638918298941053,-0.6435850354160343,-0.6365754571104745,-0.638948038494233,-0.2581665986817321,0.0,0.0
2012-04-24 00:00:00+07:00,-0.638918298941053,-0.6435850354160343,-0.6393176384647102,-0.638948038494233,-0.16494864398602455,0.0,0.0
2012-04-25 00:00:00+07:00,-0.6416382360730059,-0.6435851042246158,-0.6420598884555183,-0.6416683968210171,0.15029692846581247,0.0,0.0
2012-04-26 00:00:00+07:00,-0.638918298941053,-0.6300974916999295,-0.6365754571104745,-0.638948038494233,0.3186024295894649,0.0,0.0
2012-04-27 00:00:00+07:00,-0.647077984505163,-0.6408876090579186,-0.6420599014876738,-0.6471089876233512,-0.07544601083377372,0.0,0.0
2012-04-30 00:00:00+07:00,-0.638918298941053,-0.6435850354160343,-0.6420598198189461,-0.638948038494233,-0.20971357436514435,0.0,0.0
2012-05-01 00:00:00+07:00,-0.638918298941053,-0.6435850354160343,-0.6365754571104745,-0.638948038494233,-0.533750020870196,0.0,0.0
2012-05-02 00:00:00+07:00,-0.638918298941053,-0.6435850354160343,-0.6365754571104745,-0.638948038494233,0.14881222922854492,0.0,0.0
2012-05-03 00:00:00+07:00,-0.6361986134725972,-0.6381902002712566,-0.6338334588291952,-0.636227931869917,-0.020241899853357725,0.0,0.0
2012-05-04 00:00:00+07:00,-0.6361986134725972,-0.6408877078889118,-0.636575639039225,-0.636227931869917,-0.23342497629044237,0.0,0.0
2012-05-07 00:00:00+07:00,-0.638918298941053,-0.6408875266728133,-0.6393176384647102,-0.638948038494233,-0.012274298415419143,0.0,0.0
2012-05-08 00:00:00+07:00,-0.638918298941053,-0.6408875266728133,-0.6365754571104745,-0.638948038494233,-0.1623417059339999,0.0,0.0
2012-05-09 00:00:00+07:00,-0.638918298941053,-0.6408875266728133,-0.6365754571104745,-0.638948038494233,-0.19946431801038617,0.0,0.0
2012-05-10 00:00:00+07:00,-0.638918298941053,-0.6408875266728133,-0.6365754571104745,-0.638948038494233,0.01006676177269713,0.0,0.0
2012-05-11 00:00:00+07:00,-0.638918298941053,-0.6408875266728133,-0.6365754571104745,-0.638948038494233,-0.23257193161701473,0.0,0.0
2012-05-14 00:00:00+07:00,-0.652517690993404,-0.6435850877503915,-0.6475442340659351,-0.6525495364752741,-0.26767808961276307,0.0,0.0
2012-05-15 00:00:00+07:00,-0.6497977958053672,-0.6516775857185122,-0.650286387885523,-0.6498292200989013,0.07170685511040445,0.0,0.0
2012-05-16 00:00:00+07:00,-0.6633972717455505,-0.6570727411293136,-0.6667396092498684,-0.6634308019807652,0.2583635316198167,0.0,0.0
2012-05-21 00:00:00+07:00,-0.6769965379661529,-0.6705602088600907,-0.6749660805914959,-0.6770321741105723,0.5237627779955734,0.0,0.0
2012-05-22 00:00:00+07:00,-0.6688369782337914,-0.6705602518857343,-0.6722239423919951,-0.668871350832688,0.3785941817646476,0.0,0.0
2012-05-23 00:00:00+07:00,-0.6688369782337914,-0.6705602518857343,-0.6722239423919951,-0.668871350832688,0.23798779268209694,0.0,0.0
2012-05-24 00:00:00+07:00,-0.6688369782337914,-0.6705602518857343,-0.6694817619122555,-0.668871350832688,0.03720542692845436,0.0,0.0
2012-05-25 00:00:00+07:00,-0.6797163912102734,-0.6759552106586891,-0.6777082469805039,-0.6797524485365336,0.39079965979713405,0.0,0.0
2012-05-28 00:00:00+07:00,-0.6797163912102734,-0.6813502271948066,-0.6859347895941176,-0.6797524485365336,0.03552731419391768,0.0,0.0
2012-05-29 00:00:00+07:00,-0.6797163912102734,-0.6813502271948066,-0.6777082469805039,-0.6797524485365336,-0.10712582622584889,0.0,0.0
2012-05-30 00:00:00+07:00,-0.6769965379661529,-0.6759552251997082,-0.6777082613628232,-0.6770321741105723,0.04308257733517585,0.0,0.0
2012-05-31 00:00:00+07:00,-0.6933156574308758,-0.6813501523983874,-0.6886768975549525,-0.6933538206663407,0.34505957183401054,0.0,0.0
2012-06-01 00:00:00+07:00,-0.6878759089987186,-0.6894426667703177,-0.6886768856428359,-0.6879132298640065,-0.08834026686593968,0.0,0.0
2012-06-04 00:00:00+07:00,-0.6987554897508652,-0.7002328096336078,-0.702387899071968,-0.6987944953694977,0.13620189701244625,0.0,0.0
2012-06-05 00:00:00+07:00,-0.6905958880745876,-0.6894427781853598,-0.6914191772119515,-0.690633630141202,0.07066738331638675,0.0,0.0
2012-06-06 00:00:00+07:00,-0.68243628639831,-0.684047762906719,-0.6859348167228508,-0.6824727649129064,0.3134695230887818,0.0,0.0
2012-06-07 00:00:00+07:00,-0.68243628639831,-0.6759552386703465,-0.6804504553652464,-0.6824727649129064,0.18751418401638414,0.0,0.0
2012-06-08 00:00:00+07:00,-0.6905958880745876,-0.6867452701004225,-0.6914191772119515,-0.690633630141202,-0.013197112786172716,0.0,0.0
2012-06-11 00:00:00+07:00,-0.6785084483684594,-0.6828497228558174,-0.6820572568940138,-0.6785443186391898,0.06285473212739477,14.0,0.0
2012-06-12 00:00:00+07:00,-0.6812556490459235,-0.682849779290966,-0.6820573130685643,-0.6812919447333712,0.09448822944742001,0.0,0.0
2012-06-13 00:00:00+07:00,-0.6812556490459235,-0.6801252191865186,-0.676517951659126,-0.6812919447333712,0.02555011879162683,0.0,0.0
2012-06-14 00:00:00+07:00,-0.6812556490459235,-0.6801252191865186,-0.6792876323638452,-0.6812919447333712,-0.030515655638255642,0.0,0.0
2012-06-15 00:00:00+07:00,-0.6840026400038067,-0.6801250644241656,-0.6792874782935272,-0.6840393610754957,0.030735877212163587,0.0,0.0
2012-06-18 00:00:00+07:00,-0.6730141728452798,-0.6719514937553434,-0.6709785453143684,-0.6730491923020611,0.08016593534470944,0.0,0.0
2012-06-19 00:00:00+07:00,-0.6647727805324684,-0.6692269729506726,-0.6737482652384693,-0.6648065237715738,-0.0746544804091942,0.0,0.0
2012-06-20 00:00:00+07:00,-0.6620255798550042,-0.6665023564110766,-0.6654391668217714,-0.6620588976773923,-0.1554752059365237,0.0,0.0
2012-06-21 00:00:00+07:00,-0.670267056055648,-0.6665024005570649,-0.6709785724561724,-0.6703016501087025,0.008530589267862463,0.0,0.0
2012-06-22 00:00:00+07:00,-0.6757612896349114,-0.677400587319353,-0.6765178802069639,-0.6757967344954198,-0.09730625279309114,0.0,0.0
2012-06-25 00:00:00+07:00,-0.6757612896349114,-0.677400587319353,-0.6737481990025793,-0.6757967344954198,-0.20900856051632216,0.0,0.0
2012-06-26 00:00:00+07:00,-0.6757613438481366,-0.6719515210073892,-0.6737482532836053,-0.6703016501087025,-0.027505062548090483,0.0,0.0
2012-06-27 00:00:00+07:00,-0.670267068160268,-0.6665024128071777,-0.6682089037496429,-0.6648065237715738,0.169083561569827,0.0,0.0
2012-06-28 00:00:00+07:00,-0.6647727405995618,-0.6665023729367483,-0.6682088642997505,-0.6730491923020611,-0.020669161290264627,0.0,0.0
2012-06-29 00:00:00+07:00,-0.6730141728452798,-0.6665023729367483,-0.6682088642997505,-0.6730491923020611,0.08818970575767553,0.0,0.0
2012-07-02 00:00:00+07:00,-0.670267056055648,-0.6746760812325514,-0.6709785724561724,-0.6703016501087025,0.042221436424992154,0.0,0.0
2012-07-03 00:00:00+07:00,-0.6620255798550042,-0.6665023564110766,-0.6654391668217714,-0.6620588976773923,0.011027499282643247,0.0,0.0
2012-07-04 00:00:00+07:00,-0.6647727805324684,-0.6665024128071777,-0.6654392230052297,-0.6648065237715738,0.12980184053303476,0.0,0.0
2012-07-05 00:00:00+07:00,-0.6675198553781839,-0.6665023434816252,-0.6654391539410708,-0.667554024014521,-0.1140937924076603,0.0,0.0
2012-07-06 00:00:00+07:00,-0.6675198553781839,-0.6692269040872902,-0.6654391539410708,-0.667554024014521,-0.26342655938505954,0.0,0.0
2012-07-09 00:00:00+07:00,-0.6730141728452798,-0.6719514937553434,-0.6709785453143684,-0.6730491923020611,-0.0795153090605908,0.0,0.0
2012-07-10 00:00:00+07:00,-0.670267056055648,-0.6719515210073892,-0.6682088916287393,-0.6703016501087025,-0.22119268907843892,0.0,0.0
2012-07-11 00:00:00+07:00,-0.670267056055648,-0.6719515210073892,-0.6682088916287393,-0.6703016501087025,0.0007462269506683674,0.0,0.0
2012-07-12 00:00:00+07:00,-0.6647727805324684,-0.6692269729506726,-0.6682089037496429,-0.6648065237715738,0.3406520854916858,0.0,0.0
2012-07-13 00:00:00+07:00,-0.6647727805324684,-0.6665024128071777,-0.6626695422608166,-0.6648065237715738,0.033429652641521326,0.0,0.0
2012-07-16 00:00:00+07:00,-0.6565312623879084,-0.6583286458208744,-0.6598997758275323,-0.6565637293898523,0.3219229039462151,0.0,0.0
2012-07-17 00:00:00+07:00,-0.6482898281311809,-0.6528795233077229,-0.65159073077771,-0.6483210189089536,0.11196129705897048,0.0,0.0
2012-07-18 00:00:00+07:00,-0.6482898281311809,-0.6447058411588777,-0.6460513681243383,-0.6483210189089536,0.13782036928478134,0.0,0.0
2012-07-19 00:00:00+07:00,-0.6455426693976329,-0.6474303875597688,-0.6460513538499473,-0.6455734347651835,0.07544234323337595,0.0,0.0
2012-07-20 00:00:00+07:00,-0.6427955945519174,-0.6474304566249485,-0.646051422717322,-0.6428259345222362,0.02879447733282614,0.0,0.0
2012-07-23 00:00:00+07:00,-0.6482898281311809,-0.6501549625914413,-0.6460513681243383,-0.6483210189089536,-0.013371503733170627,0.0,0.0
2012-07-24 00:00:00+07:00,-0.6537841455982767,-0.6528795521280175,-0.6515907595082386,-0.6538161871964936,-0.08271594746203155,0.0,0.0
2012-07-25 00:00:00+07:00,-0.6592784630653725,-0.6583287023907264,-0.6543604699434865,-0.6593113554840336,-0.4645828060590737,0.0,0.0
2012-07-26 00:00:00+07:00,-0.6510369868647288,-0.6556040982482145,-0.6571301075152759,-0.6510686030527235,-0.1007206138754776,0.0,0.0
2012-07-27 00:00:00+07:00,-0.6345540764073574,-0.6392566902043693,-0.6432816577246426,-0.6345831401405148,0.30545443899471236,0.0,0.0
2012-07-30 00:00:00+07:00,-0.6373012770848215,-0.6392567461931009,-0.6377423505449051,-0.6373307662346961,0.18546251829363217,0.0,0.0
2012-07-31 00:00:00+07:00,-0.6345540764073574,-0.6365321293035755,-0.6349726131818815,-0.6345831401405148,0.36910537669010585,0.0,0.0
2012-08-01 00:00:00+07:00,-0.6373012770848215,-0.6392567461931009,-0.634972669386376,-0.6373307662346961,0.07063998678009854,0.0,0.0
2012-08-02 00:00:00+07:00,-0.6427955945519174,-0.6392567755222777,-0.637742379800764,-0.6428259345222362,0.11769152950710943,0.0,0.0
2012-08-03 00:00:00+07:00,-0.6510369868647288,-0.6447058557525477,-0.6460513825841109,-0.6510686030527235,0.13318256423731067,0.0,0.0
2012-08-06 00:00:00+07:00,-0.6510369868647288,-0.6447058557525477,-0.6488210638169022,-0.6510686030527235,0.27615005406068494,0.0,0.0
2012-08-07 00:00:00+07:00,-0.6455426693976329,-0.6474303875597688,-0.648821035269324,-0.6455734347651835,0.03980481943616264,0.0,0.0
2012-08-08 00:00:00+07:00,-0.6427955945519174,-0.6447058962573915,-0.6405120607729499,-0.6428259345222362,0.07856281980897215,0.0,0.0
2012-08-09 00:00:00+07:00,-0.6345540764073574,-0.6365321293035755,-0.6377422946961352,-0.6345831401405148,0.11728448914162215,0.0,0.0
2012-08-10 00:00:00+07:00,-0.6373012770848215,-0.6365321856422367,-0.6322029882278469,-0.6373307662346961,-0.05130091336157292,0.0,0.0
2012-08-13 00:00:00+07:00,-0.6400483519305371,-0.6365321155271633,-0.6349725994382768,-0.6400782664776434,0.013054230916770377,0.0,0.0
2012-08-14 00:00:00+07:00,-0.6400483519305371,-0.6419812374998864,-0.6377422810395154,-0.6400782664776434,-0.19288328196956953,0.0,0.0
2012-08-15 00:00:00+07:00,-0.6373012770848215,-0.6419813067439653,-0.634972669386376,-0.6373307662346961,-0.06418192078510909,0.0,0.0
2012-08-16 00:00:00+07:00,-0.631807043505558,-0.6365322400611908,-0.6349727236757351,-0.6318356818479788,0.030536074889950325,0.0,0.0
2012-08-23 00:00:00+07:00,-0.6400483519305371,-0.6365321155271633,-0.6349725994382768,-0.6400782664776434,0.12734347639457663,0.0,0.0
2012-08-24 00:00:00+07:00,-0.6455426693976329,-0.6419812659448437,-0.6432816724305706,-0.6455734347651835,0.09775996845614915,0.0,0.0
2012-08-27 00:00:00+07:00,-0.6400483519305371,-0.6447057984862481,-0.6432816442419924,-0.6400782664776434,-0.9648185507971225,0.0,0.0
2012-08-28 00:00:00+07:00,-0.6400483519305371,-0.6419812374998864,-0.6377422810395154,-0.6400782664776434,-0.33666038670771337,0.0,0.0
2012-08-29 00:00:00+07:00,-0.6482898281311809,-0.6447058411588777,-0.6432816867976524,-0.6483210189089536,0.13349139691574452,0.0,0.0
2012-08-30 00:00:00+07:00,-0.6455426693976329,-0.6474303875597688,-0.6460513538499473,-0.6455734347651835,-0.13335529881921993,0.0,0.0
2012-08-31 00:00:00+07:00,-0.6482898281311809,-0.6474304018751595,-0.6460513681243383,-0.6483210189089536,0.20838808826892488,0.0,0.0
2012-09-03 00:00:00+07:00,-0.6373012770848215,-0.6392567461931009,-0.6432817128619631,-0.6373307662346961,0.14738707948871688,0.0,0.0
2012-09-04 00:00:00+07:00,-0.6400483519305371,-0.6365321155271633,-0.6349725994382768,-0.6400782664776434,0.1683913948896869,0.0,0.0
2012-09-05 00:00:00+07:00,-0.6427955945519174,-0.6392567755222777,-0.637742379800764,-0.6428259345222362,0.08407578622125167,0.0,0.0
2012-09-06 00:00:00+07:00,-0.6373012770848215,-0.6392567461931009,-0.634972669386376,-0.6373307662346961,-0.14809860276359452,0.0,0.0
2012-09-07 00:00:00+07:00,-0.631807043505558,-0.6365322400611908,-0.6294333620458841,-0.6318356818479788,0.16751128512527616,0.0,0.0
2012-09-10 00:00:00+07:00,-0.6373012770848215,-0.6338076250913725,-0.6322029882278469,-0.6373307662346961,-0.1490508177914891,0.0,0.0
2012-09-11 00:00:00+07:00,-0.631807043505558,-0.6365322400611908,-0.6349727236757351,-0.6318356818479788,-0.08760523495902636,0.0,0.0
2012-09-12 00:00:00+07:00,-0.6345540764073574,-0.6365321293035755,-0.6322029316676278,-0.6345831401405148,-0.03170884224856286,0.0,0.0
2012-09-13 00:00:00+07:00,-0.6400483519305371,-0.6365321155271633,-0.6349725994382768,-0.6400782664776434,0.005685512538581638,0.0,0.0
2012-09-14 00:00:00+07:00,-0.631807043505558,-0.6310831196354741,-0.6294333620458841,-0.6318356818479788,0.22448988217515212,0.0,0.0
2012-09-17 00:00:00+07:00,-0.6345540764073574,-0.6338075684027816,-0.6322029316676278,-0.6345831401405148,0.006032112859948661,0.0,0.0
2012-09-18 00:00:00+07:00,-0.6400483519305371,-0.6392566765135247,-0.6405119626407538,-0.6400782664776434,0.020269999016353086,0.0,0.0
2012-09-19 00:00:00+07:00,-0.6427955945519174,-0.6392567755222777,-0.637742379800764,-0.6428259345222362,-0.11358144882949121,0.0,0.0
2012-09-20 00:00:00+07:00,-0.6345540764073574,-0.6392566902043693,-0.6377422946961352,-0.6345831401405148,-0.10013802547406243,0.0,0.0
2012-09-21 00:00:00+07:00,-0.6373012770848215,-0.6392567461931009,-0.6377423505449051,-0.6373307662346961,0.07568545397553718,0.0,0.0
2012-09-24 00:00:00+07:00,-0.6400483519305371,-0.6419812374998864,-0.6377422810395154,-0.6400782664776434,-0.05448651510946276,0.0,0.0
2012-09-25 00:00:00+07:00,-0.6427955945519174,-0.6419813358898345,-0.637742379800764,-0.6428259345222362,-0.38455061419698505,0.0,0.0
2012-09-26 00:00:00+07:00,-0.6455426693976329,-0.6447058267523063,-0.6405119910111938,-0.6455734347651835,-0.19052337216503723,0.0,0.0
2012-09-27 00:00:00+07:00,-0.6400483519305371,-0.6419812374998864,-0.6405119626407538,-0.6400782664776434,-0.07371946651803223,0.0,0.0
2012-09-28 00:00:00+07:00,-0.6400483519305371,-0.6419812374998864,-0.6377422810395154,-0.6400782664776434,0.05968832174831181,0.0,0.0
2012-10-01 00:00:00+07:00,-0.6427955945519174,-0.6419813358898345,-0.6405120607729499,-0.6428259345222362,0.0022504046313950306,0.0,0.0
2012-10-02 00:00:00+07:00,-0.6400483519305371,-0.6419812374998864,-0.6377422810395154,-0.6400782664776434,-0.4337378301242134,0.0,0.0
2012-10-03 00:00:00+07:00,-0.6427955945519174,-0.6419813358898345,-0.637742379800764,-0.6428259345222362,-0.19806688426990762,0.0,0.0
2012-10-04 00:00:00+07:00,-0.6400483519305371,-0.6419812374998864,-0.6377422810395154,-0.6400782664776434,-0.03809265729862152,0.0,0.0
2012-10-05 00:00:00+07:00,-0.6427955945519174,-0.6419813358898345,-0.637742379800764,-0.6428259345222362,0.12554671951491705,0.0,0.0
2012-10-08 00:00:00+07:00,-0.6400483519305371,-0.6419812374998864,-0.6377422810395154,-0.6400782664776434,-0.15163749893754386,0.0,0.0
2012-10-09 00:00:00+07:00,-0.6373012770848215,-0.6419813067439653,-0.6377423505449051,-0.6373307662346961,0.08282147548596848,0.0,0.0
2012-10-10 00:00:00+07:00,-0.6373012770848215,-0.6392567461931009,-0.634972669386376,-0.6373307662346961,-0.011805125558838747,0.0,0.0
2012-10-11 00:00:00+07:00,-0.6345540764073574,-0.6392566902043693,-0.6349726131818815,-0.6345831401405148,-0.2029074464574685,0.0,0.0
2012-10-12 00:00:00+07:00,-0.6263127679823783,-0.6310831317793121,-0.6294333741636248,-0.6263405555108501,0.31844127921678367,0.0,0.0
2012-10-15 00:00:00+07:00,-0.631807043505558,-0.6338076798483325,-0.6266636812309586,-0.6318356818479788,-0.11407048767541121,0.0,0.0
2012-10-16 00:00:00+07:00,-0.6263127679823783,-0.6310831317793121,-0.6294333741636248,-0.6263405555108501,0.07645418499525225,0.0,0.0
2012-10-17 00:00:00+07:00,-0.6263127679823783,-0.6283585716409558,-0.6238940126852455,-0.6263405555108501,0.11590419213984698,0.0,0.0
2012-10-18 00:00:00+07:00,-0.6235655673049143,-0.6283585152397161,-0.6238939560491731,-0.6235929294166687,-0.1447989689614497,0.0,0.0
2012-10-19 00:00:00+07:00,-0.6263127679823783,-0.6283585716409558,-0.6211243319460559,-0.6263405555108501,-0.11563536915094302,0.0,0.0
2012-10-22 00:00:00+07:00,-0.6290598008841778,-0.6283584602878128,-0.6294332637273046,-0.629088013803386,-0.29681533251316194,0.0,0.0
2012-10-23 00:00:00+07:00,-0.6235655673049143,-0.6256339547574498,-0.6238939560491731,-0.6235929294166687,-0.015155306190173053,0.0,0.0
2012-10-24 00:00:00+07:00,-0.6235655673049143,-0.6283585152397161,-0.6238939560491731,-0.6235929294166687,-0.15903734299236494,0.0,0.0
2012-10-25 00:00:00+07:00,-0.6263127679823783,-0.6283585716409558,-0.6238940126852455,-0.6263405555108501,0.039385424568282625,0.0,0.0
2012-10-29 00:00:00+07:00,-0.6290598008841778,-0.6310830211051516,-0.626663582297888,-0.629088013803386,-0.09544586351124264,0.0,0.0
2012-10-30 00:00:00+07:00,-0.6235655673049143,-0.6256339547574498,-0.626663637137968,-0.6235929294166687,0.22654303320533475,0.0,0.0
2012-10-31 00:00:00+07:00,-0.6235655673049143,-0.6256339547574498,-0.6238939560491731,-0.6235929294166687,-0.08485191107471729,0.0,0.0
2012-11-01 00:00:00+07:00,-0.6180712917817346,-0.6229094069578373,-0.621124287620065,-0.61809780307954,0.04681418575155914,0.0,0.0
2012-11-02 00:00:00+07:00,-0.6153241749921029,-0.62018487361645,-0.618354633627381,-0.6153502608861814,-0.058256863158401215,0.0,0.0
2012-11-05 00:00:00+07:00,-0.6208184085713664,-0.6201848191594407,-0.6155848980851245,-0.6208453452728987,-0.08331269562425074,0.0,0.0
2012-11-06 00:00:00+07:00,-0.6070826568475429,-0.6120111071958708,-0.6128151868759784,-0.6071074665044599,0.08166880741238676,0.0,0.0
2012-11-07 00:00:00+07:00,-0.6070826568475429,-0.6092865464480148,-0.6072758241584123,-0.6071074665044599,-0.032777000318273866,0.0,0.0
2012-11-08 00:00:00+07:00,-0.6098298155810908,-0.6120111214724866,-0.6072758385007169,-0.6098550506482299,-0.04764335856003664,0.0,0.0
2012-11-09 00:00:00+07:00,-0.6043356239457436,-0.6092866570526924,-0.607275934622212,-0.6043600082119239,0.0753612685251903,0.0,0.0
2012-11-12 00:00:00+07:00,-0.5960940638572675,-0.5983882881979606,-0.6017364463727032,-0.5961171718797911,0.03863524442624317,0.0,0.0
2012-11-13 00:00:00+07:00,-0.5796113211755608,-0.5847656073855811,-0.5878881610579474,-0.5796318767692278,-0.12306464191657761,0.0,0.0
2012-11-14 00:00:00+07:00,-0.5768641204980968,-0.5656936280785132,-0.5768093813647259,-0.5768842506750463,0.1471233348781496,0.0,0.0
2012-11-19 00:00:00+07:00,-0.6015884652121957,-0.582041040426313,-0.5961971967319721,-0.601612424068154,0.03070514586660774,0.0,0.0
2012-11-20 00:00:00+07:00,-0.5878527134883722,-0.5929392490088471,-0.5934274839825248,-0.5878745452997151,-0.18616634958041506,0.0,0.0
2012-11-21 00:00:00+07:00,-0.5878527134883722,-0.5902146886397933,-0.5878881220351093,-0.5878745452997151,-0.2933635323353575,0.0,0.0
2012-11-22 00:00:00+07:00,-0.5851055128109082,-0.5874900717846324,-0.5851183846022181,-0.5851269192055337,-0.21894825917485164,0.0,0.0
2012-11-23 00:00:00+07:00,-0.5768641204980968,-0.5820409908459852,-0.5795790624321518,-0.5768842506750463,-0.2783531493815652,0.0,0.0
2012-11-26 00:00:00+07:00,-0.574117003708465,-0.5738673368801277,-0.5740397275633259,-0.5741367084816876,-0.3838410241195286,0.0,0.0
2012-11-27 00:00:00+07:00,-0.5823583540773603,-0.562969010650415,-0.5768093262267625,-0.5823793350617636,0.09097874270117359,0.0,0.0
2012-11-28 00:00:00+07:00,-0.5823583540773603,-0.5847654967644991,-0.5851183703531403,-0.5823793350617636,-0.10453142356269228,0.0,0.0
2012-11-29 00:00:00+07:00,-0.5796113211755608,-0.5793164870861832,-0.5823487995565072,-0.5796318767692278,-0.03331231260760553,0.0,0.0
2012-11-30 00:00:00+07:00,-0.590599830278004,-0.5793164192145132,-0.585118413586138,-0.5906220874930738,0.07793291264858107,0.0,0.0
2012-12-03 00:00:00+07:00,-0.5521397757839979,-0.5575198995797694,-0.5878880615203699,-0.5521560772819387,-0.05446688227903624,0.0,0.0
2012-12-04 00:00:00+07:00,-0.5911355379753424,-0.5742983387641791,-0.5856585161051415,-0.5911578781472241,0.15779739763731623,8.7,0.0
2012-12-05 00:00:00+07:00,-0.5883757541230269,-0.5797725226674318,-0.5856585132218678,-0.5883976669296286,0.06232198059421927,0.0,0.0
2012-12-06 00:00:00+07:00,-0.5883757541230269,-0.5825096161020393,-0.5828760916263701,-0.5883976669296286,0.04816126438152338,0.0,0.0
2012-12-07 00:00:00+07:00,-0.5883757541230269,-0.5825096161020393,-0.5828760916263701,-0.5883976669296286,0.05124567254048365,0.0,0.0
2012-12-10 00:00:00+07:00,-0.5690573091007349,-0.566087077595856,-0.5773112699365086,-0.5690762303568712,0.14866997686899797,0.0,0.0
2012-12-11 00:00:00+07:00,-0.5635377833400202,-0.563350020354748,-0.5633991984506509,-0.5635558498720915,0.04488701015817091,0.0,0.0
2012-12-12 00:00:00+07:00,-0.5524985640429261,-0.5578757383186385,-0.5606166823714326,-0.5525149211008866,-0.0032461928420544767,0.0,0.0
2012-12-13 00:00:00+07:00,-0.5524985640429261,-0.5551386446889414,-0.5522694169899781,-0.5525149211008866,-0.027377915107250746,0.0,0.0
2012-12-14 00:00:00+07:00,-0.5635377833400202,-0.5551387409861388,-0.5633991984506509,-0.5635558498720915,-0.1677655996039792,0.0,0.0
2012-12-17 00:00:00+07:00,-0.5662974413605871,-0.5660869905060704,-0.5689639193602353,-0.5663159352384529,-0.030039525297542717,0.0,0.0
2012-12-18 00:00:00+07:00,-0.5690573091007349,-0.5633499842800735,-0.5689640055123942,-0.5690762303568712,-0.014262260864592534,0.0,0.0
2012-12-19 00:00:00+07:00,-0.5745768348614497,-0.5688241344340854,-0.5717463909076591,-0.5745966108416509,0.024675649148874552,0.0,0.0
2012-12-20 00:00:00+07:00,-0.5662974413605871,-0.5715611780740845,-0.577311185212286,-0.5663159352384529,0.07486088959130462,0.0,0.0
2012-12-21 00:00:00+07:00,-0.5828561444744799,-0.5606128186977559,-0.5828760441117473,-0.5828772025440261,0.13282763991046895,0.0,0.0
2012-12-26 00:00:00+07:00,-0.5662974413605871,-0.5715611780740845,-0.577311185212286,-0.5663159352384529,-5.211214543288397,0.0,0.0
2012-12-27 00:00:00+07:00,-0.5662974413605871,-0.5660869905060704,-0.5661814974095518,-0.5663159352384529,-0.24740048161864278,0.0,0.0
2012-12-28 00:00:00+07:00,-0.5718170929530504,-0.557875800717295,-0.566181587041756,-0.5718364415744668,-5.211214543288397,0.0,0.0
2013-01-02 00:00:00+07:00,-0.5718170929530504,-0.5688241739154769,-0.571746429958154,-0.5718364415744668,-0.3816705810202183,0.0,0.0
2013-01-03 00:00:00+07:00,-0.5690573091007349,-0.5688241709116384,-0.5689640055123942,-0.5690762303568712,-0.07251803506752065,0.0,0.0
2013-01-04 00:00:00+07:00,-0.5745768348614497,-0.5715612279470438,-0.5717463909076591,-0.5745966108416509,-5.211214543288397,0.0,0.0
2013-01-07 00:00:00+07:00,-0.5662974413605871,-0.5688240842900774,-0.5689639193602353,-0.5663159352384529,0.13811382915897433,0.0,0.0
2013-01-08 00:00:00+07:00,-0.5690573091007349,-0.5688241709116384,-0.5661815840376894,-0.5690762303568712,0.039085546738484966,0.0,0.0
2013-01-09 00:00:00+07:00,-0.5718170929530504,-0.5715612672150225,-0.571746429958154,-0.5718364415744668,0.010246083799886238,0.0,0.0
2013-01-10 00:00:00+07:00,-0.5828561444744799,-0.5770353808988292,-0.577311200380813,-0.5828772025440261,0.11619270698559175,0.0,0.0
2013-01-11 00:00:00+07:00,-0.5856159702707114,-0.5825096132176639,-0.5800936671475987,-0.5856374557120331,0.0581723387810426,0.0,0.0
2013-01-14 00:00:00+07:00,-0.5718170929530504,-0.5770354538141134,-0.5773112728745519,-0.5718364415744668,0.03355160242666324,0.0,0.0
2013-01-15 00:00:00+07:00,-0.5690573091007349,-0.5742983575432032,-0.5689640055123942,-0.5690762303568712,0.042028129099260764,0.0,0.0
2013-01-16 00:00:00+07:00,-0.5690573091007349,-0.5742983575432032,-0.5689640055123942,-0.5690762303568712,0.06074699954702515,0.0,0.0
2013-01-17 00:00:00+07:00,-0.5690573091007349,-0.5715612642274208,-0.5689640055123942,-0.5690762303568712,0.037265748508702665,0.0,0.0
2013-01-18 00:00:00+07:00,-0.5497387801906107,-0.5551386420477284,-0.5661815233871661,-0.5497547098832911,0.09838028320753725,0.0,0.0
2013-01-21 00:00:00+07:00,-0.5607779155998724,-0.5551386527829811,-0.5550518468386562,-0.5607955547536733,-0.0699633006425663,0.0,0.0
2013-01-22 00:00:00+07:00,-0.5607779155998724,-0.5660870271313687,-0.5661815338407058,-0.5607955547536733,0.041268729903412404,0.0,0.0
2013-01-23 00:00:00+07:00,-0.5607779155998724,-0.5660870271313687,-0.5633991120901933,-0.5607955547536733,-0.0671420283804199,0.0,0.0
2013-01-25 00:00:00+07:00,-0.5580180898036409,-0.5606127954374502,-0.5578342240543527,-0.5580353015856663,0.02378329931360589,0.0,0.0
2013-01-28 00:00:00+07:00,-0.5607779155998724,-0.5633499335442718,-0.560616690339681,-0.5607955547536733,-0.002433890442779986,0.0,0.0
2013-01-29 00:00:00+07:00,-0.5524985640429261,-0.5551386446889414,-0.5550518387837963,-0.5525149211008866,-0.056988939821417214,0.0,0.0
2013-01-30 00:00:00+07:00,-0.5524985640429261,-0.5524015510592443,-0.5522694169899781,-0.5525149211008866,0.08495769189709293,0.0,0.0
2013-01-31 00:00:00+07:00,-0.5414594705775805,-0.5414532078963069,-0.5439221826663384,-0.5414741181809158,0.285378707933401,0.0,0.0
2013-02-01 00:00:00+07:00,-0.5304203351683188,-0.5250306356472964,-0.5355749066129522,-0.5304332733105337,0.1778579051196597,0.0,0.0
2013-02-04 00:00:00+07:00,-0.5193811997590569,-0.5222935310864014,-0.5188803654325509,-0.5193924284401515,0.20929940401817182,0.0,0.0
2013-02-05 00:00:00+07:00,-0.5276605093720872,-0.5168193093819345,-0.5216627530933994,-0.5276730201425268,0.2029911703873637,0.0,0.0
2013-02-06 00:00:00+07:00,-0.5276605093720872,-0.5277676843809435,-0.5272275969251222,-0.5276730201425268,0.06932240757503823,0.0,0.0
2013-02-07 00:00:00+07:00,-0.5193811997590569,-0.525030624666822,-0.5216627871762766,-0.5193924284401515,0.07025620840500889,0.0,0.0
2013-02-08 00:00:00+07:00,-0.5249007674636879,-0.5222935365485003,-0.5216627926188802,-0.5249128508753427,-0.09173283361335098,0.0,0.0
2013-02-11 00:00:00+07:00,-0.5138616739983423,-0.5195564737241063,-0.5188804015249975,-0.5138720479553719,-0.523915335173349,0.0,0.0
2013-02-12 00:00:00+07:00,-0.5193811997590569,-0.5195564375059805,-0.5188803654325509,-0.5193924284401515,-0.24237578925009304,0.0,0.0
2013-02-13 00:00:00+07:00,-0.5304203351683188,-0.5250306356472964,-0.5272276415483769,-0.5304332733105337,0.021060828170388225,0.0,0.0
2013-02-14 00:00:00+07:00,-0.52214089972354,-0.5277676377395234,-0.5188802840007729,-0.5221525557569243,0.1274016572974076,0.0,0.0
2013-02-15 00:00:00+07:00,-0.5193811997590569,-0.5222935310864014,-0.5188803654325509,-0.5193924284401515,-0.09133968975112294,0.0,0.0
2013-02-18 00:00:00+07:00,-0.511101932089943,-0.5140823258401482,-0.5133155971928897,-0.5111118786881877,0.04059729144086766,0.0,0.0
2013-02-19 00:00:00+07:00,-0.5083421062937113,-0.5140822811822862,-0.5105331310904565,-0.5083516255201808,-0.1519751855518913,0.0,0.0
2013-02-20 00:00:00+07:00,-0.5055823224413959,-0.5086080914675897,-0.5049682850489142,-0.5055914143025853,0.052229242473793146,0.0,0.0
2013-02-21 00:00:00+07:00,-0.5028225385890805,-0.5058709951830219,-0.5077507038353353,-0.5028312030849897,-0.07936764737282588,0.0,0.0
2013-02-22 00:00:00+07:00,-0.49178336123590255,-0.4976596619577214,-0.49662096465078037,-0.4917903162641962,-5.211214543288397,0.0,0.0
2013-02-25 00:00:00+07:00,-0.4503867292829194,-0.4566033426913835,-0.48270893762887296,-0.4503872738514973,-0.002163544206444638,0.0,0.0
2013-02-26 00:00:00+07:00,-0.47798452586215767,-0.4730258902730463,-0.4910561901342835,-0.4779893440770413,0.004477968239242418,0.0,0.0
2013-02-27 00:00:00+07:00,-0.486263877419104,-0.48123717924852727,-0.48549135577735586,-0.4862699777298279,0.10397610083457164,0.0,0.0
2013-02-28 00:00:00+07:00,-0.4669453904528959,-0.4730258787177395,-0.47714407099745776,-0.46694849920665915,0.07467136905160286,0.0,0.0
2013-03-01 00:00:00+07:00,-0.4835040516228724,-0.47850004054620227,-0.4799264677213515,-0.483509724561821,-0.009744801635779125,0.0,0.0
2013-03-04 00:00:00+07:00,-0.4835040516228724,-0.48944841474409556,-0.47714404600908567,-0.483509724561821,-6.175100444806386,0.0,0.0
2013-03-05 00:00:00+07:00,-0.4945431870321342,-0.4812371453442807,-0.4882737439241713,-0.4945505694322031,0.00897252559430435,0.0,0.0
2013-03-06 00:00:00+07:00,-0.4835040516228724,-0.4839742276451489,-0.48549131114588306,-0.483509724561821,-0.04030973797450765,0.0,0.0
2013-03-07 00:00:00+07:00,-0.4807442258266408,-0.4784999956072349,-0.482708845007765,-0.4807494713938141,-0.0758633307856685,0.0,0.0
2013-03-08 00:00:00+07:00,-0.47798452586215767,-0.4785000770372131,-0.47714408242376466,-0.4779893440770413,-0.007113629971113891,0.0,0.0
2013-03-11 00:00:00+07:00,-0.4807442258266408,-0.4784999956072349,-0.47714400116412164,-0.4807494713938141,-0.11230388357400992,0.0,0.0
2013-03-13 00:00:00+07:00,-0.4835040516228724,-0.4839742276451489,-0.4827088894336173,-0.483509724561821,0.15865987732774747,0.0,0.0
2013-03-14 00:00:00+07:00,-0.4835040965205855,-0.4867113659313186,-0.4827089342766136,-0.4862699777298279,0.13508836690295672,0.0,0.0
2013-03-15 00:00:00+07:00,-0.48350400714281244,-0.4839741831184657,-0.47992642308594335,-0.4807494713938141,0.10468481357837574,0.0,0.0
2013-03-18 00:00:00+07:00,-0.486263877419104,-0.48944845927271435,-0.4827089342766136,-0.4862699777298279,0.14673834829581814,0.0,0.0
2013-03-19 00:00:00+07:00,-0.4835040516228724,-0.4812371340956756,-0.47714404600908567,-0.483509724561821,0.0785895990685114,0.0,0.0
2013-03-20 00:00:00+07:00,-0.47798456164916875,-0.478500112858664,-0.4799265395453484,-0.4724689635922616,0.11442178373786407,0.0,0.0
2013-03-21 00:00:00+07:00,-0.47246488187812574,-0.4784999956072349,-0.47714400116412164,-0.4807494713938141,0.020254164069247,0.0,0.0
2013-03-22 00:00:00+07:00,-0.4835040148230214,-0.4812370970867033,-0.48270885267861413,-0.48903010504660066,0.15106951694035417,0.0,0.0
2013-03-25 00:00:00+07:00,-0.49454324629234603,-0.478500112858664,-0.4882738036705402,-0.4724689635922616,-0.23322793396168925,0.0,0.0
2013-03-26 00:00:00+07:00,-0.47522475382502993,-0.47850008590713156,-0.4799265127758714,-0.4862699777298279,-0.030588964372819088,0.0,0.0
2013-03-27 00:00:00+07:00,-0.4835040764079137,-0.46481459841391704,-0.47714407099745776,-0.46694849920665915,0.1927211865140233,0.0,0.0
2013-03-28 00:00:00+07:00,-0.46142580619145607,-0.45112910855045896,-0.46879678425761756,-0.44486680946589485,-0.12203782668043227,0.0,0.0
2013-04-01 00:00:00+07:00,-0.4669453904528959,-0.46207750497930944,-0.4632319630199692,-0.46694849920665915,-0.45737674637094494,0.0,0.0
2013-04-02 00:00:00+07:00,-0.4559061360443788,-0.46207737561311085,-0.45766699008165723,-0.4641881621378295,-0.3369257333697517,0.0,0.0
2013-04-03 00:00:00+07:00,-0.4559061711558018,-0.4593403165792141,-0.46044944703158247,-0.45590757043545427,-5.211214543288397,0.0,0.0
2013-04-04 00:00:00+07:00,-0.4559062320421317,-0.46207747082168715,-0.46879677257277147,-0.47522909090903437,-0.03192957136402147,0.0,0.0
2013-04-05 00:00:00+07:00,-0.46970504391846746,-0.4702886576495163,-0.46879667881201575,-0.4641881621378295,-0.16100552033247514,0.0,0.0
2013-04-08 00:00:00+07:00,-0.46694536497294686,-0.47028875989778224,-0.4799264677213515,-0.483509724561821,0.22504384751406165,0.0,0.0
2013-04-09 00:00:00+07:00,-0.47798445226245573,-0.4812370970867033,-0.48549127456425256,-0.48903010504660066,0.09637610212148362,0.0,0.0
2013-04-10 00:00:00+07:00,-0.4835040174316232,-0.48671128712599304,-0.4910561209040829,-0.4917903162641962,0.13409682734926126,0.0,0.0
2013-04-11 00:00:00+07:00,-0.48626386868078814,-0.48397426380137976,-0.48270892550797206,-0.4779893440770413,0.1887842586450652,0.0,0.0
2013-04-12 00:00:00+07:00,-0.47522478087530584,-0.47576301964089923,-0.47436169679522056,-0.4724689635922616,0.03482949906513415,0.0,0.0
2013-04-15 00:00:00+07:00,-0.47798445226245573,-0.48397419080672494,-0.48270885267861413,-0.48903010504660066,0.09572670844418386,0.0,0.0
2013-04-16 00:00:00+07:00,-0.48626386868078814,-0.48123717041929637,-0.48270892550797206,-0.4779893440770413,0.049401225810527756,0.0,0.0
2013-04-17 00:00:00+07:00,-0.47522473343040483,-0.4730258787177395,-0.4715792278064624,-0.46694849920665915,0.1712749216275826,0.0,0.0
2013-04-18 00:00:00+07:00,-0.4724649524379019,-0.4730258787177395,-0.466014384615467,-0.46694849920665915,-0.024214249041388466,0.0,0.0
2013-04-19 00:00:00+07:00,-0.46418560946039295,-0.470288785283132,-0.466014384615467,-0.46694849920665915,-0.1798019001400083,0.0,0.0
2013-04-22 00:00:00+07:00,-0.4669454385537172,-0.4702888332053696,-0.47436169679522056,-0.4724689635922616,-0.06283190668074248,0.0,0.0
2013-04-23 00:00:00+07:00,-0.472465000101443,-0.478500112858664,-0.46601443267002873,-0.4724689635922616,-6.175100444806386,0.0,0.0
2013-04-24 00:00:00+07:00,-0.47798438864292064,-0.4702886576495163,-0.47436152317719504,-0.4641881621378295,0.09466725166286494,0.0,0.0
2013-04-25 00:00:00+07:00,-0.46970512442595974,-0.467551644576815,-0.4660143374267533,-0.4614280348210567,-0.06236967509412233,0.0,0.0
2013-04-26 00:00:00+07:00,-0.4614257566134391,-0.4675516205847734,-0.47436157924229994,-0.4807494713938141,-0.08775643806850827,0.0,0.0
2013-04-29 00:00:00+07:00,-0.4724649524379019,-0.4730258787177395,-0.4687968062109647,-0.46694849920665915,0.0038975176759549835,0.0,0.0
2013-04-30 00:00:00+07:00,-0.469705100561954,-0.4757629018516195,-0.47714400116412164,-0.4807494713938141,0.5019238436439457,0.0,0.0
2013-05-01 00:00:00+07:00,-0.48350400714281244,-0.4867112768740811,-0.47992642308594335,-0.4807494713938141,0.06962479416883068,0.0,0.0
2013-05-02 00:00:00+07:00,-0.4835040965205855,-0.48123717924852727,-0.4799265127758714,-0.4862699777298279,0.23477321312545368,0.0,0.0
2013-05-03 00:00:00+07:00,-0.4807442258266408,-0.4839741831184657,-0.47992642308594335,-0.4807494713938141,-0.1950827600185391,0.0,0.0
2013-05-06 00:00:00+07:00,-0.4779843931355188,-0.47302575619982934,-0.4715791055240598,-0.46970858457302056,-0.06478810811296677,0.0,0.0
2013-05-07 00:00:00+07:00,-0.46694526691944416,-0.47302575619982934,-0.46879668336243996,-0.46970858457302056,-0.08182274146209638,0.0,0.0
2013-05-08 00:00:00+07:00,-0.4669453904528959,-0.470288785283132,-0.466014384615467,-0.46694849920665915,-0.2630328668819465,0.0,0.0
2013-05-10 00:00:00+07:00,-0.46694526234364975,-0.4702886576495163,-0.4660142566294262,-0.4641881621378295,-0.08129215873947176,0.0,0.0
2013-05-13 00:00:00+07:00,-0.46694526234364975,-0.4702886576495163,-0.46879667881201575,-0.4641881621378295,-0.07357424566498248,0.0,0.0
2013-05-14 00:00:00+07:00,-0.46142582846789,-0.4675516918485245,-0.466014384615467,-0.46694849920665915,-0.09755061407859471,0.0,0.0
2013-05-15 00:00:00+07:00,-0.46418560946039295,-0.470288785283132,-0.466014384615467,-0.46694849920665915,-0.2328013916579594,0.0,0.0
2013-05-16 00:00:00+07:00,-0.46970521932758014,-0.4730259264231344,-0.46879685404509264,-0.4724689635922616,0.010099372658326762,0.0,0.0
2013-05-17 00:00:00+07:00,-0.4779845144229078,-0.4730258787177395,-0.4715792278064624,-0.46694849920665915,-0.14863872902820074,0.0,0.0
2013-05-20 00:00:00+07:00,-0.4641856577798543,-0.4648146467698401,-0.46601443267002873,-0.4724689635922616,0.10521850208379029,0.0,0.0
2013-05-21 00:00:00+07:00,-0.4669453904528959,-0.470288785283132,-0.466014384615467,-0.46694849920665915,0.008497830884236605,0.0,0.0
2013-05-22 00:00:00+07:00,-0.46694526691944416,-0.4702886622083222,-0.46323183903920007,-0.46970858457302056,-0.20751132518298102,0.0,0.0
2013-05-23 00:00:00+07:00,-0.4669454385537172,-0.4702888332053696,-0.47157927542015665,-0.4724689635922616,0.09195930651323876,0.0,0.0
2013-05-24 00:00:00+07:00,-0.46970504847346284,-0.4702886622083222,-0.46323183903920007,-0.46970858457302056,-0.08322738314676913,0.0,0.0
2013-05-27 00:00:00+07:00,-0.46694536497294686,-0.47028875989778224,-0.47714404600908567,-0.483509724561821,0.09843087231523232,0.0,0.0
2013-05-28 00:00:00+07:00,-0.4862639039707574,-0.4730259264231344,-0.4799265395453484,-0.4724689635922616,-0.1666794522183702,0.0,0.0
2013-05-29 00:00:00+07:00,-0.47129816267878516,-0.4663227098427864,-0.46763868762095834,-0.4629670276129577,0.14426428683196074,14.2,0.0
2013-05-30 00:00:00+07:00,-0.4712981481219866,-0.4745878137710976,-0.47043933791710124,-0.474080236942971,-0.03525743670984261,0.0,0.0
2013-05-31 00:00:00+07:00,-0.47407602215401345,-0.4800978910501499,-0.4928446553929373,-0.49908498939830953,0.334210377206383,0.0,0.0
2013-06-03 00:00:00+07:00,-0.49907700504846536,-0.5048933463145462,-0.5152500717365848,-0.5213115339095703,0.46918578097121094,0.0,0.0
2013-06-04 00:00:00+07:00,-0.5240778826462007,-0.5131584626877398,-0.5208513997588442,-0.5129766164244575,0.22154702488510294,0.0,0.0
2013-06-05 00:00:00+07:00,-0.5129662830298544,-0.5186684435695714,-0.5124493085659877,-0.5157548243685351,0.15911686894012866,0.0,0.0
2013-06-07 00:00:00+07:00,-0.5185221201970074,-0.5214235682759649,-0.5348547106032422,-0.5407596607246964,0.3168998675100755,0.0,0.0
2013-06-10 00:00:00+07:00,-0.5351894596350024,-0.5407089282845946,-0.5460574533438395,-0.549094662110632,0.24583035223718291,0.0,0.0
2013-06-11 00:00:00+07:00,-0.5546346155618069,-0.5517291142433128,-0.5600608040755646,-0.5602079133910567,0.33574737158597223,0.0,0.0
2013-06-12 00:00:00+07:00,-0.5657459899696928,-0.5517289856185951,-0.5740640009329869,-0.5518728700547098,0.6050981031213921,0.0,0.0
2013-06-13 00:00:00+07:00,-0.5629680870892779,-0.5379537608344992,-0.5656619801136972,-0.5574294537445107,0.4624918727112167,0.0,0.0
2013-06-14 00:00:00+07:00,-0.5435228893356463,-0.5296885727413925,-0.5376552643421155,-0.5296463255434489,0.3915624052691974,0.0,0.0
2013-06-17 00:00:00+07:00,-0.5296336342335183,-0.5269336588949073,-0.5236520650134296,-0.5213115339095703,-0.002400085663895725,0.0,0.0
2013-06-18 00:00:00+07:00,-0.5129662830298544,-0.5104033248948909,-0.5152499734853275,-0.5157548243685351,0.14766160085370855,0.0,0.0
2013-06-19 00:00:00+07:00,-0.5157442573312215,-0.5186685416772719,-0.5208514005878148,-0.5213115339095703,0.06076109349415748,0.0,0.0
2013-06-20 00:00:00+07:00,-0.5379673346307167,-0.5407089282845946,-0.5432567893061261,-0.549094662110632,0.23409761128486423,0.0,0.0
2013-06-21 00:00:00+07:00,-0.5601901833132057,-0.5572390079577401,-0.5600606226570015,-0.5629860374343116,0.39290946012135614,0.0,0.0
2013-06-24 00:00:00+07:00,-0.5601901972160207,-0.5544839825424058,-0.5628613013087406,-0.5685426630745241,0.08223899458818926,0.0,0.0
2013-06-25 00:00:00+07:00,-0.5601901969778347,-0.5627491005872657,-0.5712632954355958,-0.5768775805596369,0.212984643619267,0.0,0.0
2013-06-26 00:00:00+07:00,-0.5657459764330085,-0.5544840109567672,-0.5628613291238516,-0.5546511618996102,0.18284359289943386,0.0,0.0
2013-06-27 00:00:00+07:00,-0.5490788346135733,-0.5379538895936318,-0.5432567893061261,-0.549094662110632,0.2513071822598517,0.0,0.0
2013-06-28 00:00:00+07:00,-0.5407451086414593,-0.5241785918109049,-0.5376553599475488,-0.5185332001142584,0.252965169347501,0.0,0.0
2013-07-01 00:00:00+07:00,-0.521300078634181,-0.5241786901360607,-0.5292534631984575,-0.5240899096552936,-0.19133733303065278,0.0,0.0
2013-07-02 00:00:00+07:00,-0.5185221327116809,-0.521423580749817,-0.5208514005878148,-0.5213115339095703,-0.07398932343409895,0.0,0.0
2013-07-03 00:00:00+07:00,-0.5240779596521459,-0.5269337348297803,-0.5432567893061261,-0.549094662110632,0.16185681228858964,0.0,0.0
2013-07-04 00:00:00+07:00,-0.5463008609365438,-0.5379537891480257,-0.5432566903388885,-0.5435379525695969,-0.024592372359866183,0.0,0.0
2013-07-05 00:00:00+07:00,-0.5351893019230743,-0.540708771869182,-0.5488579641131142,-0.546316202464086,0.023014356441779193,0.0,0.0
2013-07-08 00:00:00+07:00,-0.5463008185244659,-0.5517289431149509,-0.5628613013087406,-0.5685426630745241,-0.0031445511848397618,0.0,0.0
2013-07-09 00:00:00+07:00,-0.5574124903919767,-0.5572391912968715,-0.5628614679463755,-0.5602079133910567,0.010294973758388582,0.0,0.0
2013-07-10 00:00:00+07:00,-0.5629682095921441,-0.5462190056665204,-0.5628614375701201,-0.549094662110632,-0.07330471062986087,0.0,0.0
2013-07-11 00:00:00+07:00,-0.5407450133174898,-0.5324436124463925,-0.5376552643421155,-0.5296463255434489,0.14600018264353312,0.0,0.0
2013-07-12 00:00:00+07:00,-0.5240778826462007,-0.5186685408411089,-0.5236520641886673,-0.5129766164244575,0.14774940192707323,0.0,0.0
2013-07-15 00:00:00+07:00,-0.5074105738594655,-0.5131584066731042,-0.5152500153525656,-0.5074199488338337,-0.14383292541408024,0.0,0.0
2013-07-16 00:00:00+07:00,-0.5074106303384022,-0.5131584626877398,-0.5180507353290212,-0.5129766164244575,-0.22875892355748484,0.0,0.0
2013-07-17 00:00:00+07:00,-0.5101884495209562,-0.5104033673218382,-0.5096486859346622,-0.5074199488338337,-0.11165528573054141,0.0,0.0
2013-07-18 00:00:00+07:00,-0.5074105738594655,-0.5131584066731042,-0.512449350643614,-0.5074199488338337,0.028562634479056773,0.0,0.0
2013-07-19 00:00:00+07:00,-0.5101884495209562,-0.5131584066731042,-0.5096486859346622,-0.5074199488338337,-0.25637232608967475,0.0,0.0
2013-07-22 00:00:00+07:00,-0.504632726859651,-0.5104033957478928,-0.5124493788356235,-0.5185332001142584,-0.378514901266339,0.0,0.0
2013-07-23 00:00:00+07:00,-0.510188435743262,-0.507648314104204,-0.5068480074034145,-0.5018633231936214,0.1072957924581784,0.0,0.0
2013-07-24 00:00:00+07:00,-0.4990769607890812,-0.502138263134408,-0.5012467056327347,-0.4963067395038204,-0.11017730463036077,0.0,0.0
2013-07-25 00:00:00+07:00,-0.4990769468749937,-0.50213824926804,-0.5012466918078069,-0.5074199488338337,-0.3363510713591925,0.0,0.0
2013-07-26 00:00:00+07:00,-0.5074105325234323,-0.5021382074679736,-0.5012466501326623,-0.49908498939830953,-0.2457969190397863,0.0,0.0
2013-07-29 00:00:00+07:00,-0.5074106303384022,-0.5076483845343708,-0.5068480776097295,-0.5129766164244575,-0.33301038647267633,0.0,0.0
2013-07-30 00:00:00+07:00,-0.5018548085551789,-0.5048932746856253,-0.5012466778486566,-0.5018633231936214,-0.18806402946466802,0.0,0.0
2013-07-31 00:00:00+07:00,-0.4962990851948085,-0.49938322384980705,-0.49284471170918714,-0.4963067395038204,0.02935027017119038,0.0,0.0
2013-08-01 00:00:00+07:00,-0.4962991407855491,-0.4938732012095448,-0.49564543185825244,-0.4935284896093313,-0.0032970248166654037,0.0,0.0
2013-08-02 00:00:00+07:00,-0.4907434570902477,-0.48285311312081963,-0.49004416997989686,-0.47963703038482886,-0.10794915010001158,0.0,0.0
2013-08-12 00:00:00+07:00,-0.49074330563773483,-0.4911180775927325,-0.5124493369581724,-0.5018633231936214,0.022101975642915588,0.0,0.0
2013-08-13 00:00:00+07:00,-0.5074107071391991,-0.4856081518241245,-0.5012468261809365,-0.47963703038482886,-0.25777881466112884,0.0,0.0
2013-08-14 00:00:00+07:00,-0.4879655524879464,-0.47458796668632386,-0.484442812183858,-0.4685237791044042,-0.1782848867890381,0.0,0.0
2013-08-15 00:00:00+07:00,-0.4685203429513837,-0.4718328446528069,-0.4704394082013472,-0.47685861268869423,-0.14755931436829914,0.0,0.0
2013-08-16 00:00:00+07:00,-0.48518755417901277,-0.48285295933699685,-0.4956453482938986,-0.5018633231936214,-0.00395851773372792,0.0,0.0
2013-08-19 00:00:00+07:00,-0.49907691641046514,-0.5048932584052196,-0.5404559695411219,-0.546316202464086,0.2828880291324146,0.0,0.0
2013-08-20 00:00:00+07:00,-0.5463009596178592,-0.5407089282845946,-0.5600607735324067,-0.549094662110632,0.40557294039259084,0.0,0.0
2013-08-21 00:00:00+07:00,-0.5463008746273346,-0.5407088422181936,-0.5488580330467506,-0.5407596607246964,0.11059629565812669,0.0,0.0
2013-08-22 00:00:00+07:00,-0.5574123496728356,-0.546218893125424,-0.5544593352231355,-0.5546511618996102,0.1286559940595945,0.0,0.0
2013-08-23 00:00:00+07:00,-0.5463008473259385,-0.5489739324025386,-0.5488580059559914,-0.5546511618996102,-0.005080842657695682,0.0,0.0
2013-08-26 00:00:00+07:00,-0.5629680729543317,-0.5627491008247706,-0.5628613013087406,-0.5685426630745241,0.2232556785494727,0.0,0.0
2013-08-27 00:00:00+07:00,-0.574079575675827,-0.576524297730925,-0.5768646250109967,-0.5768775805596369,0.09997031435716937,0.0,0.0
2013-08-28 00:00:00+07:00,-0.590746843704184,-0.5627491149958941,-0.5964692919121664,-0.5657643712296235,0.3470199067680415,0.0,0.0
2013-08-29 00:00:00+07:00,-0.5740795477913241,-0.5682591511748973,-0.57686459736629,-0.574099246764325,0.17962455757129142,0.0,0.0
2013-08-30 00:00:00+07:00,-0.5796354373052188,-0.5737693700018037,-0.5768647354409401,-0.5713210807706587,0.1591381097508073,0.0,0.0
2013-09-02 00:00:00+07:00,-0.5685238955942271,-0.5710142900731838,-0.5964693457620722,-0.57965595630536,0.14172783323273233,0.0,0.0
2013-09-03 00:00:00+07:00,-0.5713017140737497,-0.5765243117522246,-0.5796653036584559,-0.5824342061998492,0.12439847479581333,0.0,0.0
2013-09-04 00:00:00+07:00,-0.5824132601353447,-0.5875445122160111,-0.5964693339528824,-0.5991040831204862,0.18838419734957174,0.0,0.0
2013-09-05 00:00:00+07:00,-0.5907469851429711,-0.593054688942055,-0.5992700951225605,-0.5963258751764086,0.15372238345077435,0.0,0.0
2013-09-06 00:00:00+07:00,-0.5907469128163186,-0.5902995778403958,-0.5936686956809651,-0.5852125819455725,-0.026761002432885574,0.0,0.0
2013-09-09 00:00:00+07:00,-0.5824132299533541,-0.559994089510996,-0.5852666461924281,-0.5546511618996102,0.08156262282169678,0.0,0.0
2013-09-10 00:00:00+07:00,-0.5490786413719595,-0.5351986521513924,-0.5460572595477468,-0.5296463255434489,0.3759403213895355,0.0,0.0
2013-09-11 00:00:00+07:00,-0.5296337037121113,-0.529688767578014,-0.5404561194713545,-0.5240899096552936,0.11962443877775861,0.0,0.0
2013-09-12 00:00:00+07:00,-0.5379672603748963,-0.5269336588949073,-0.5320540582902746,-0.5213115339095703,0.16398934091206185,0.0,0.0
2013-09-13 00:00:00+07:00,-0.5268557588530589,-0.5241786198223621,-0.5236520650134296,-0.5213115339095703,0.16872215388319606,0.0,0.0
2013-09-16 00:00:00+07:00,-0.5157441589000212,-0.5186684435695714,-0.5152499734853275,-0.5157548243685351,0.08493139872303176,0.0,0.0
2013-09-17 00:00:00+07:00,-0.5157442564923014,-0.5186685408411089,-0.5152500708991984,-0.5129766164244575,0.05108630383047481,0.0,0.0
2013-09-18 00:00:00+07:00,-0.5185221318769345,-0.5186685408411089,-0.5208513997588442,-0.5129766164244575,-0.057226323473257276,0.0,0.0
2013-09-19 00:00:00+07:00,-0.4851875274003637,-0.38642654836775203,-0.47884133263129,-0.474080236942971,0.3568876913477369,0.0,0.0
2013-09-20 00:00:00+07:00,-0.47685389864048794,-0.47458781257154664,-0.4872433261764053,-0.4907500719131967,0.05186795926755639,0.0,0.0
2013-09-23 00:00:00+07:00,-0.5157441216821801,-0.4883629693135006,-0.5096486061234802,-0.48241511247767244,0.05302274640061503,0.0,0.0
2013-09-24 00:00:00+07:00,-0.48240976415050096,-0.4828530451314056,-0.49564543185825244,-0.4935284896093313,0.1309899886770156,0.0,0.0
2013-09-25 00:00:00+07:00,-0.5018548914395684,-0.49938327924861436,-0.49564543185825244,-0.4935284896093313,0.1148804387088287,0.0,0.0
2013-09-26 00:00:00+07:00,-0.493521153202841,-0.4938730888112897,-0.4928446553929373,-0.49908498939830953,-0.08875169788555166,0.0,0.0
2013-09-27 00:00:00+07:00,-0.4935211813670959,-0.4938731170113111,-0.4956453482938986,-0.5018633231936214,-0.23659293751687505,0.0,0.0
2013-09-30 00:00:00+07:00,-0.4990769758162959,-0.5021382781100856,-0.5124493788356235,-0.5185332001142584,0.13662138566952597,0.0,0.0
2013-10-01 00:00:00+07:00,-0.5324114820764266,-0.5131584349604953,-0.526452701675582,-0.5185332001142584,-0.13446556380032457,0.0,0.0
2013-10-02 00:00:00+07:00,-0.5185220629313451,-0.507648314104204,-0.5124493369581724,-0.5018633231936214,-0.2789892171195169,0.0,0.0
2013-10-03 00:00:00+07:00,-0.5018548914395684,-0.49938327924861436,-0.5012467606017059,-0.4935284896093313,-0.012239523148253672,0.0,0.0
2013-10-04 00:00:00+07:00,-0.501854836383354,-0.49938322384980705,-0.5012467056327347,-0.4963067395038204,-0.10678334925657627,0.0,0.0
2013-10-07 00:00:00+07:00,-0.493521153202841,-0.49938316791574555,-0.495645320306179,-0.49908498939830953,-0.4548211846288539,0.0,0.0
2013-10-08 00:00:00+07:00,-0.504632766766578,-0.4938732012095448,-0.4984460962299791,-0.4935284896093313,0.2076037348684597,0.0,0.0
2013-10-09 00:00:00+07:00,-0.501854836383354,-0.49387314528060544,-0.49564537635036965,-0.4963067395038204,-0.10543953703783826,0.0,0.0
2013-10-10 00:00:00+07:00,-0.49907705608745473,-0.4856081251379066,-0.4928448077893664,-0.48519361407462985,0.18661254992849977,0.0,0.0
2013-10-11 00:00:00+07:00,-0.4796319570576133,-0.48285311312081963,-0.48164217782911695,-0.47963703038482886,-0.17005761486751297,0.0,0.0
2013-10-16 00:00:00+07:00,-0.4796319590454766,-0.48009807640746155,-0.4872435078869818,-0.4879719478699417,0.02581514814982543,0.0,0.0
2013-10-17 00:00:00+07:00,-0.4879655840420851,-0.48836319248973825,-0.4844428438460871,-0.4879719478699417,0.07313787331940974,0.0,0.0
2013-10-18 00:00:00+07:00,-0.48796555555187804,-0.49111820279392043,-0.48724347943531227,-0.48519361407462985,-0.058336262118341246,0.0,0.0
2013-10-21 00:00:00+07:00,-0.4907434570902477,-0.48009807441751456,-0.484442841879377,-0.47963703038482886,0.0899565322525679,0.0,0.0
2013-10-22 00:00:00+07:00,-0.4879655840420851,-0.4911182311838306,-0.4872435078869818,-0.4879719478699417,-0.22271830135589563,0.0,0.0
2013-10-23 00:00:00+07:00,-0.48796540208538214,-0.485607970768975,-0.4844426612660821,-0.4907500719131967,0.08624362746283716,0.0,0.0
2013-10-24 00:00:00+07:00,-0.4907434570902477,-0.4856081518241245,-0.484442841879377,-0.47963703038482886,0.08640076258048728,0.0,0.0
2013-10-25 00:00:00+07:00,-0.4879654716714074,-0.4800979623196368,-0.48164206651265173,-0.47685861268869423,-0.055942429942740846,0.0,0.0
2013-10-28 00:00:00+07:00,-0.47685396954567955,-0.4800979623196368,-0.4732400727791733,-0.47685861268869423,-0.2668091493443983,0.0,0.0
2013-10-29 00:00:00+07:00,-0.48796555555187804,-0.4856081251379066,-0.4816421510812583,-0.48519361407462985,0.0178069333525255,0.0,0.0
2013-10-30 00:00:00+07:00,-0.4962992071065649,-0.4856081518241245,-0.49004416997989686,-0.47963703038482886,-0.061747638122333894,0.0,0.0
2013-10-31 00:00:00+07:00,-0.4935212654585394,-0.48560808415094026,-0.487243438743072,-0.4935284896093313,0.03880042300575883,0.0,0.0
2013-11-01 00:00:00+07:00,-0.5046327119776269,-0.49662818456520624,-0.49844604099155215,-0.4963067395038204,-0.019193775582611095,0.0,0.0
2013-11-04 00:00:00+07:00,-0.5018547807951957,-0.49938316791574555,-0.495645320306179,-0.49908498939830953,-0.11720732654430965,0.0,0.0
2013-11-06 00:00:00+07:00,-0.49907701611255867,-0.49111816219001,-0.49284476748652556,-0.4935284896093313,0.1223267510100333,0.0,0.0
2013-11-07 00:00:00+07:00,-0.49352130581966636,-0.48836316396591356,-0.48724347943531227,-0.48519361407462985,0.09371994549406616,0.0,0.0
2013-11-08 00:00:00+07:00,-0.493521153202841,-0.4938730888112897,-0.4928446553929373,-0.49908498939830953,0.012487936043134529,0.0,0.0
2013-11-11 00:00:00+07:00,-0.4962990853994129,-0.5021382633373304,-0.5012467058350507,-0.5046416569889333,0.004759552068644087,0.0,0.0
2013-11-12 00:00:00+07:00,-0.504632655419354,-0.5076482853366642,-0.5124493085659877,-0.5157548243685351,0.13496315589927158,0.0,0.0
2013-11-13 00:00:00+07:00,-0.5185221327116809,-0.5104034244596365,-0.5236520650134296,-0.5213115339095703,0.1837352534443999,0.0,0.0
2013-11-14 00:00:00+07:00,-0.5212999106403549,-0.5131583644531177,-0.5152499734853275,-0.5157548243685351,-0.006053047667841939,0.0,0.0
2013-11-15 00:00:00+07:00,-0.5129663251824468,-0.5104033673218382,-0.5096486859346622,-0.5074199488338337,-0.1203727270887388,0.0,0.0
2013-11-18 00:00:00+07:00,-0.50463268428454,-0.5048932746856253,-0.4984460130712776,-0.5018633231936214,-0.02274169328229613,0.0,0.0
2013-11-19 00:00:00+07:00,-0.5018548225364843,-0.5048932886193059,-0.5068480212257105,-0.5074199488338337,-0.022526719548540016,0.0,0.0
2013-11-20 00:00:00+07:00,-0.5074105312895207,-0.5104033248948909,-0.5348546279207067,-0.5157548243685351,0.2466982646835907,0.0,0.0
2013-11-21 00:00:00+07:00,-0.5240778137761327,-0.5241785500006376,-0.5264526602354745,-0.5268680756489599,-0.0013369142431267846,0.0,0.0
2013-11-22 00:00:00+07:00,-0.5185221044680388,-0.5214235525983025,-0.5208513725395986,-0.5185332001142584,-0.19505334192325893,0.0,0.0
2013-11-25 00:00:00+07:00,-0.5074105598092866,-0.5104033533188554,-0.506848007199144,-0.5101982406787342,-0.15301628340897913,0.0,0.0
2013-11-26 00:00:00+07:00,-0.5185220909938274,-0.5214235391680424,-0.5320540177022809,-0.5379813269293846,0.2780713113334692,0.0,0.0
2013-11-27 00:00:00+07:00,-0.5351894003808987,-0.5351987915298351,-0.532054073723001,-0.5352030770348954,-0.003432613096757272,0.0,0.0
2013-11-28 00:00:00+07:00,-0.5324114548128811,-0.532443682131967,-0.5376553330241797,-0.5324247012891722,-0.13639846283645365,0.0,0.0
2013-11-29 00:00:00+07:00,-0.5326906585114054,-0.5326950428162536,-0.5351751187807805,-0.5354951357989257,-0.18945069578430956,9.0,0.0
2013-12-02 00:00:00+07:00,-0.5354813400954299,-0.5326949684551602,-0.5295477440975678,-0.5271214980841088,-0.02509717738912192,0.0,0.0
2013-12-03 00:00:00+07:00,-0.5271090727061846,-0.5299271548537509,-0.5295477440975678,-0.5271214980841088,-0.10224893850914367,0.0,0.0
2013-12-04 00:00:00+07:00,-0.5271091476836514,-0.5326950428162536,-0.5295478185331032,-0.5354951357989257,-0.055627120499081785,0.0,0.0
2013-12-05 00:00:00+07:00,-0.5354813796674242,-0.5409984485060696,-0.5408023852053884,-0.5410774770413143,-0.016613616401054715,0.0,0.0
2013-12-06 00:00:00+07:00,-0.5438536712565479,-0.546534100042707,-0.5520570107767552,-0.5438686896129199,0.20627089611580424,0.0,0.0
2013-12-09 00:00:00+07:00,-0.5382721684513597,-0.5409984815972142,-0.543616068275861,-0.5494510728057198,0.08397033438234394,0.0,0.0
2013-12-10 00:00:00+07:00,-0.5550166306703359,-0.5326949684551602,-0.5492432976641728,-0.5271214980841088,0.004162986764129206,0.0,0.0
2013-12-11 00:00:00+07:00,-0.5354813570774366,-0.5299271720452174,-0.5295477612188909,-0.5243303274629145,-0.26135573025508574,0.0,0.0
2013-12-12 00:00:00+07:00,-0.5271091476836514,-0.5326950428162536,-0.5323614686569419,-0.5354951357989257,-0.0513203682061313,0.0,0.0
2013-12-13 00:00:00+07:00,-0.5410629157957743,-0.5437662867741798,-0.540802410092275,-0.5438686896129199,0.06663060244275733,0.0,0.0
2013-12-16 00:00:00+07:00,-0.5410629065511132,-0.5465340908740443,-0.5492433515291253,-0.5522422434269141,-0.10820111069591914,0.0,0.0
2013-12-17 00:00:00+07:00,-0.5522259376388691,-0.5409984735056527,-0.5464297104345152,-0.5438686896129199,-0.05535145913296826,0.0,0.0
2013-12-18 00:00:00+07:00,-0.5438535698366025,-0.5409983713312554,-0.5408023083784721,-0.5466597763332914,0.029720305699855593,0.0,0.0
2013-12-19 00:00:00+07:00,-0.538272135258803,-0.5409984485060696,-0.5379887349025916,-0.5410774770413143,-0.1381922664912162,0.0,0.0
2013-12-20 00:00:00+07:00,-0.5410627847434103,-0.546533970067696,-0.5520568827998698,-0.5578245007684799,0.03711492492868219,0.0,0.0
2013-12-23 00:00:00+07:00,-0.5522259376388691,-0.549301913311234,-0.5492433606056353,-0.5438686896129199,-0.044767680327640794,0.0,0.0
2013-12-24 00:00:00+07:00,-0.5438535698366025,-0.5465339989271117,-0.5436159590877605,-0.5466597763332914,-0.4119885635290935,0.0,0.0
2013-12-27 00:00:00+07:00,-0.5410629238698608,-0.5437662948238161,-0.543616068275861,-0.5494510728057198,-0.26285406302148995,0.0,0.0
2013-12-30 00:00:00+07:00,-0.5410627827135231,-0.5409983401353662,-0.5379886264496099,-0.5382861805688859,-0.19314648577330407,0.0,0.0
2014-01-02 00:00:00+07:00,-0.5326905842990148,-0.5299271548537509,-0.5295477440975678,-0.5271214980841088,-0.15592176777315736,0.0,0.0
2014-01-03 00:00:00+07:00,-0.5326906494134531,-0.5354628469685985,-0.5464297104345152,-0.5438686896129199,0.11419222913757,0.0,0.0
2014-01-06 00:00:00+07:00,-0.5494351730786383,-0.5493019041905747,-0.5492433515291253,-0.5522422434269141,0.040582355847174005,0.0,0.0
2014-01-07 00:00:00+07:00,-0.5522259161724142,-0.5520697050620771,-0.5478365139353824,-0.5508466371411113,-0.12489173671046845,0.0,0.0
2014-01-08 00:00:00+07:00,-0.5494351856273566,-0.5520697300188631,-0.5520570141988205,-0.5536378497127169,0.026484616051500494,0.0,0.0
2014-01-09 00:00:00+07:00,-0.5550167009623656,-0.5534536411169229,-0.5506501935971123,-0.5494510728057198,0.2193658413898507,0.0,0.0
2014-01-10 00:00:00+07:00,-0.5494351901253637,-0.552069734503622,-0.5478365434686118,-0.5494510728057198,0.2924227675716151,0.0,0.0
2014-01-13 00:00:00+07:00,-0.5466443632810903,-0.5299271548537509,-0.5408023461356277,-0.5271214980841088,0.4628210015997602,0.0,0.0
2014-01-15 00:00:00+07:00,-0.5243182853442948,-0.5105524272255085,-0.5196999355706075,-0.5187479023197032,0.3275292994683794,0.0,0.0
2014-01-16 00:00:00+07:00,-0.5131552369457424,-0.5174719371957263,-0.5154794351602202,-0.5159566897480976,-0.04147277090867213,0.0,0.0
2014-01-17 00:00:00+07:00,-0.5159461269062279,-0.5202398841902249,-0.5154795687903454,-0.5215391987921316,-0.17269569888752073,0.0,0.0
2014-01-20 00:00:00+07:00,-0.5159460369963761,-0.5216237016283332,-0.5239204307673169,-0.525725891798306,-0.09593214687900005,0.0,0.0
2014-01-21 00:00:00+07:00,-0.528504467806373,-0.5257754517740029,-0.5225136351668821,-0.5243303274629145,-0.20786519060267716,0.0,0.0
2014-01-22 00:00:00+07:00,-0.5257137708394312,-0.5271594172343791,-0.5253273442082882,-0.5215391987921316,0.22884146811528747,0.0,0.0
2014-01-23 00:00:00+07:00,-0.5159460209872477,-0.507784617036298,-0.5154794630703097,-0.5047919653129092,0.3941897469652354,0.0,0.0
2014-01-24 00:00:00+07:00,-0.5061783874341046,-0.5077846292588031,-0.5112589991818487,-0.506187571598712,0.19274239863533718,0.0,0.0
2014-01-27 00:00:00+07:00,-0.5187368053169391,-0.5243915276509321,-0.5295477440975678,-0.5271214980841088,0.2518119172130375,0.0,0.0
2014-01-28 00:00:00+07:00,-0.5271090173402152,-0.5188558441365095,-0.5239203875431556,-0.5159566897480976,0.1402665548867922,0.0,0.0
2014-01-29 00:00:00+07:00,-0.5131552369457424,-0.5022489608471101,-0.5098521335715965,-0.5159566897480976,0.35779807105602995,0.0,0.0
2014-01-30 00:00:00+07:00,-0.5243183391037352,-0.5243915498859133,-0.5196999896335132,-0.5201435505559174,0.15976625072665696,0.0,0.0
2014-02-03 00:00:00+07:00,-0.5215275487144478,-0.5216237016283332,-0.5196999549083426,-0.525725891798306,0.023544952009541847,0.0,0.0
2014-02-04 00:00:00+07:00,-0.5243183342437348,-0.5271593585310744,-0.5267341107980874,-0.5243303274629145,0.16689284130416854,0.0,0.0
2014-02-05 00:00:00+07:00,-0.5215275293876489,-0.5243914960271232,-0.5196999355706075,-0.5187479023197032,-0.06689777894808896,0.0,0.0
2014-02-06 00:00:00+07:00,-0.52292285302432,-0.5133201855900392,-0.5182930555863214,-0.5075830939836921,0.07138440435232184,0.0,0.0
2014-02-07 00:00:00+07:00,-0.5019923007123881,-0.5050168625129331,-0.5000044439465436,-0.5020008366421262,0.2452024526650357,0.0,0.0
2014-02-10 00:00:00+07:00,-0.49920151759323145,-0.5008651148873026,-0.511259018569606,-0.5131655610773147,0.061706899803356516,0.0,0.0
2014-02-11 00:00:00+07:00,-0.5103644499812487,-0.5050167434904134,-0.5056316263182282,-0.5075830939836921,0.11190777302252693,0.0,0.0
2014-02-12 00:00:00+07:00,-0.5019922760754276,-0.5022490243846938,-0.5000044192892167,-0.49920962407052066,0.26979839528728894,0.0,0.0
2014-02-13 00:00:00+07:00,-0.4964107894139377,-0.4994812356020744,-0.49859761876598496,-0.5020008366421262,0.04040606736636924,0.0,0.0
2014-02-14 00:00:00+07:00,-0.4936199717227212,-0.4994811740701167,-0.49156343076331044,-0.4950228052131122,0.14208048344045002,0.0,0.0
2014-02-17 00:00:00+07:00,-0.48943383082765746,-0.4911777258503494,-0.48593612244216533,-0.4894404220203123,0.22061034764015833,0.0,0.0
2014-02-18 00:00:00+07:00,-0.48943386773023756,-0.4953294831259669,-0.4873429847288013,-0.49362724087772075,-0.0271310186543213,0.0,0.0
2014-02-19 00:00:00+07:00,-0.49362003376471264,-0.49671342214664493,-0.5014112691271024,-0.5020008366421262,0.14400703564724326,0.0,0.0
2014-02-20 00:00:00+07:00,-0.5033876467534669,-0.4994812035403256,-0.49859758680005445,-0.49362724087772075,0.15988284117922222,0.0,0.0
2014-02-21 00:00:00+07:00,-0.488038465108483,-0.492561644941804,-0.4859361347256864,-0.4908360283061151,0.07879840652781235,0.0,0.0
2014-02-24 00:00:00+07:00,-0.48943386773023756,-0.4939455763211808,-0.49156346050552124,-0.49362724087772075,-0.11172009108878077,0.0,0.0
2014-02-25 00:00:00+07:00,-0.4936199717227212,-0.4967133603188606,-0.49156343076331044,-0.4950228052131122,0.0447335542965872,0.0,0.0
2014-02-26 00:00:00+07:00,-0.49361997878136854,-0.4994811810707364,-0.5000043897114314,-0.5006051884059121,0.13730056343437957,0.0,0.0
2014-02-27 00:00:00+07:00,-0.5005968981907248,-0.5036329311720046,-0.5000044192892167,-0.49920962407052066,0.08727418564523154,0.0,0.0
2014-02-28 00:00:00+07:00,-0.49920147302938317,-0.5036328841702107,-0.5014111975600161,-0.5033963590271063,0.2924140817553181,0.0,0.0
2014-03-03 00:00:00+07:00,-0.5047830024356412,-0.5036329016471354,-0.501411215025246,-0.5006051884059121,0.17839286331747614,0.0,0.0
2014-03-04 00:00:00+07:00,-0.5019922327412207,-0.49256163274248466,-0.49578389987608046,-0.4894404220203123,0.21773124473091585,0.0,0.0
2014-03-05 00:00:00+07:00,-0.4866431219843713,-0.4897938659303029,-0.48312251904520365,-0.48525368706372657,0.1345029026760439,0.0,0.0
2014-03-06 00:00:00+07:00,-0.4824570180382654,-0.48564217517104186,-0.47890207313230576,-0.4838581227283351,0.21504880268573537,0.0,0.0
2014-03-07 00:00:00+07:00,-0.4824569217556588,-0.48425817229266505,-0.47890197651770805,-0.48246243254170956,0.19221556943321066,0.0,0.0
2014-03-10 00:00:00+07:00,-0.4824568862031965,-0.4884098578430483,-0.4859360682311802,-0.48804477378409805,0.09123188972865598,0.0,0.0
2014-03-11 00:00:00+07:00,-0.48943386773023756,-0.4911777627116083,-0.49015663524661457,-0.49362724087772075,0.15402212772560836,0.0,0.0
2014-03-12 00:00:00+07:00,-0.49501527786498395,-0.4994811026574734,-0.49156335869154805,-0.49641832759809223,0.11242077801710786,0.0,0.0
2014-03-13 00:00:00+07:00,-0.4908292157752172,-0.4967133603188606,-0.49156343076331044,-0.4950228052131122,-0.07872289017836169,0.0,0.0
2014-03-14 00:00:00+07:00,-0.49780609923666147,-0.4593478678298911,-0.4957839003431198,-0.4559461648139242,0.4674226376382224,0.0,0.0
2014-03-17 00:00:00+07:00,-0.4559446516344931,-0.4621155745749554,-0.4676472877953453,-0.46292402844129277,0.3400946756863733,0.0,0.0
2014-03-18 00:00:00+07:00,-0.4601309449262728,-0.4662674532622129,-0.4704610945131396,-0.4712977500569325,0.27017979101724776,0.0,0.0
2014-03-19 00:00:00+07:00,-0.47129389068201405,-0.4718030030646791,-0.47749514442173097,-0.47688004934890965,0.08619385319869809,0.0,0.0
2014-03-20 00:00:00+07:00,-0.4824569657112735,-0.48840993669750676,-0.49015662293406254,-0.49223163459191793,0.29494978762899915,0.0,0.0
2014-03-21 00:00:00+07:00,-0.4922245337444156,-0.49394548662819654,-0.49859749822678845,-0.49781393388389505,0.3130291313224122,0.0,0.0
2014-03-24 00:00:00+07:00,-0.49780611265172076,-0.5022489947883356,-0.4957839137699876,-0.5006051884059121,0.10651579129430126,0.0,0.0
2014-03-25 00:00:00+07:00,-0.49780614242131943,-0.5036329311720046,-0.4957839435657911,-0.49920962407052066,-0.1589843033489759,0.0,0.0
2014-03-26 00:00:00+07:00,-0.4950153496964732,-0.4980972671944887,-0.49015660543238876,-0.4950228052131122,0.1221212606482169,0.0,0.0
2014-03-27 00:00:00+07:00,-0.4908291434244641,-0.4884098462791289,-0.49015653318611846,-0.49641832759809223,0.24382505981772967,0.0,0.0
2014-03-28 00:00:00+07:00,-0.4880384338976201,-0.4856420792295239,-0.48452927809037394,-0.48246243254170956,0.31023199598565254,0.0,0.0
2014-04-01 00:00:00+07:00,-0.47687532512780206,-0.4607316674423225,-0.470460938979711,-0.46292402844129277,0.4833392745415825,0.0,0.0
2014-04-02 00:00:00+07:00,-0.462921651121979,-0.4676513107833167,-0.46202009364095353,-0.4657153249137212,0.26271886141766787,0.0,0.0
2014-04-03 00:00:00+07:00,-0.4629215427989295,-0.46903511023812056,-0.4592063342422483,-0.46292402844129277,-0.001670703613525511,0.0,0.0
2014-04-04 00:00:00+07:00,-0.4587354141332967,-0.4648833948236543,-0.4662404681477594,-0.4685064116340927,0.07337988211991568,0.0,0.0
2014-04-07 00:00:00+07:00,-0.4657124070931278,-0.4607317763465505,-0.46202009364095353,-0.4657153249137212,0.32145980922460277,0.0,0.0
2014-04-08 00:00:00+07:00,-0.46710767749759113,-0.4676512031054875,-0.46201998542661404,-0.46292402844129277,0.2960145086157882,0.0,0.0
2014-04-09 00:00:00+07:00,-0.4629215427989295,-0.46903511023812056,-0.45639268305788266,-0.46292402844129277,-6.175100444806386,0.0,0.0
2014-04-10 00:00:00+07:00,-0.49222458881904063,-0.47180303144537644,-0.48593612446925116,-0.4657153249137212,0.48457837536509407,0.0,0.0
2014-04-11 00:00:00+07:00,-0.47129394636709193,-0.45934789738189574,-0.4690542477196877,-0.45455060047853274,0.37092927318667085,0.0,0.0
2014-04-14 00:00:00+07:00,-0.4573401359669743,-0.45242833177846425,-0.4535791383595001,-0.4461770047141272,0.1316319732395229,0.0,0.0
2014-04-15 00:00:00+07:00,-0.4587355450663324,-0.4538122700834732,-0.4535791696500909,-0.45455060047853274,-0.05129702252330392,0.0,0.0
2014-04-16 00:00:00+07:00,-0.4573401078179461,-0.456580024228719,-0.45217228469358256,-0.45734172914931565,0.19607585051378623,0.0,0.0
2014-04-17 00:00:00+07:00,-0.45454932104509316,-0.45519608658930255,-0.44795177753912907,-0.4489681333849101,0.07748458175144268,0.0,0.0
2014-04-21 00:00:00+07:00,-0.4489679047228855,-0.4538122751654606,-0.4451382231073962,-0.4503638235715357,-0.2418167119444503,0.0,0.0
2014-04-22 00:00:00+07:00,-0.4629216200440602,-0.46211565205961547,-0.459206411765469,-0.45734172914931565,0.2714214431015343,0.0,0.0
2014-04-23 00:00:00+07:00,-0.46571237615711714,-0.46211565205961547,-0.459206411765469,-0.45734172914931565,0.08326033868773097,0.0,0.0
2014-04-24 00:00:00+07:00,-0.45734017435624946,-0.463499625008646,-0.4563928274137861,-0.46013298367133265,-0.0765111683491831,0.0,0.0
2014-04-25 00:00:00+07:00,-0.4601309301682282,-0.463499625008646,-0.45357917688857985,-0.46013298367133265,-0.06264292037409729,0.0,0.0
2014-04-28 00:00:00+07:00,-0.45873549515232354,-0.45381221968177077,-0.47608832573137505,-0.48246243254170956,0.030923279615324324,0.0,0.0
2014-04-29 00:00:00+07:00,-0.4657124417921856,-0.463499625008646,-0.4592064779389924,-0.46013298367133265,0.17355445703578665,0.0,0.0
2014-04-30 00:00:00+07:00,-0.4559161118639344,-0.46069386223065645,-0.4521627471529405,-0.4559175126829514,0.1962820600996271,15.0,0.0
2014-05-02 00:00:00+07:00,-0.45029615278133933,-0.441186028459722,-0.4507461336566572,-0.4573225578113148,0.027373170638463513,0.0,0.0
2014-05-05 00:00:00+07:00,-0.45732093944825586,-0.46208714074120555,-0.4507461336566572,-0.4573225578113148,-0.4195143376937159,0.0,0.0
2014-05-06 00:00:00+07:00,-0.4559161118639344,-0.45512023345876745,-0.4507462641728469,-0.4559175126829514,-0.40111387093616185,0.0,0.0
2014-05-07 00:00:00+07:00,-0.4559161118639344,-0.4565136406517396,-0.4521627471529405,-0.4559175126829514,-0.13298599705012265,0.0,0.0
2014-05-08 00:00:00+07:00,-0.44608129266606955,-0.4509398926712946,-0.45216262867517976,-0.4531070448725222,-0.18646469124533463,0.0,0.0
2014-05-09 00:00:00+07:00,-0.4587258902428311,-0.450939874224633,-0.4521626103416033,-0.4446759770445255,-0.1464627764679245,0.0,0.0
2014-05-12 00:00:00+07:00,-0.44467631675970964,-0.450939874224633,-0.44649667717180996,-0.4446759770445255,0.04968942990026829,0.0,0.0
2014-05-13 00:00:00+07:00,-0.44467631675970964,-0.4467596517239181,-0.4436637105869135,-0.4446759770445255,-0.08377374511899154,0.0,0.0
2014-05-14 00:00:00+07:00,-0.4390565526151193,-0.4342190500793863,-0.4379978426189044,-0.43624499311735154,0.24307008301296906,0.0,0.0
2014-05-16 00:00:00+07:00,-0.4488912530428162,-0.4356124574364559,-0.44224729205963026,-0.43624499311735154,0.25910994857775815,0.0,0.0
2014-05-19 00:00:00+07:00,-0.4362466382072058,-0.432825642722317,-0.4351648763250871,-0.43624499311735154,0.2910055600788033,0.0,0.0
2014-05-20 00:00:00+07:00,-0.44748634942359816,-0.44118614108138177,-0.44791327806594616,-0.4474864448549547,0.23522914321245078,0.0,0.0
2014-05-21 00:00:00+07:00,-0.446081354063612,-0.4467597317318151,-0.44649675688164236,-0.4460812319249458,0.07375479890483369,0.0,0.0
2014-05-22 00:00:00+07:00,-0.43203181990291195,-0.43839932501994144,-0.44366382742259,-0.4320295221289703,0.148385297408291,0.0,0.0
2014-05-23 00:00:00+07:00,-0.43484172673505195,-0.43839931770581325,-0.43516492192539297,-0.4348398640881654,-0.04444326576515745,0.0,0.0
2014-05-26 00:00:00+07:00,-0.43905646115151353,-0.43979258799320287,-0.4351647845191616,-0.43905525117572397,-0.27639241993564223,0.0,0.0
2014-05-28 00:00:00+07:00,-0.440461540399332,-0.4397927101727672,-0.4351649070878548,-0.4404605480065556,-0.08327856812094778,0.0,0.0
2014-05-30 00:00:00+07:00,-0.4685607345524806,-0.4439729856531817,-0.4620781374322903,-0.46856409344974076,0.4075671534925411,0.0,0.0
2014-06-02 00:00:00+07:00,-0.44748634942359816,-0.45372680622259065,-0.45074624411750186,-0.4474864448549547,0.07817696957326799,0.0,0.0
2014-06-03 00:00:00+07:00,-0.441866493815402,-0.43979270643407464,-0.4479132511191891,-0.4418657189861531,0.15608527770838293,0.0,0.0
2014-06-04 00:00:00+07:00,-0.45310607920004586,-0.4509398926712946,-0.44791317892340726,-0.4531070448725222,-0.13513838070258113,0.0,0.0
2014-06-05 00:00:00+07:00,-0.45170112189325057,-0.4579069299666082,-0.449329662173998,-0.4531070448725222,-0.24797546915741486,0.0,0.0
2014-06-06 00:00:00+07:00,-0.45310607920004586,-0.4565135225075455,-0.449329662173998,-0.4531070448725222,-0.16538053886785187,0.0,0.0
2014-06-09 00:00:00+07:00,-0.45170112578397587,-0.4565135263749964,-0.4507461493118137,-0.4517018738929246,0.22612461318148144,0.0,0.0
2014-06-10 00:00:00+07:00,-0.441866493815402,-0.44815315022219726,-0.4479132511191891,-0.4418657189861531,-0.047116289197241916,0.0,0.0
2014-06-11 00:00:00+07:00,-0.441866493815402,-0.44815315022219726,-0.44508028494542595,-0.4418657189861531,-0.0810335280833404,0.0,0.0
2014-06-12 00:00:00+07:00,-0.44467631675970964,-0.4481530592241563,-0.4479131604642584,-0.4446759770445255,-0.14378723197950485,0.0,0.0
2014-06-13 00:00:00+07:00,-0.45170112578397587,-0.44954648912323514,-0.4464966995866054,-0.4517018738929246,-0.08779965103859218,0.0,0.0
2014-06-16 00:00:00+07:00,-0.4545111584478644,-0.45512023708400395,-0.45216275078024276,-0.45451234170335386,-0.004318627259023371,0.0,0.0
2014-06-17 00:00:00+07:00,-0.45170112578397587,-0.4579069338253487,-0.4549955990370222,-0.4517018738929246,0.12121992113575165,0.0,0.0
2014-06-18 00:00:00+07:00,-0.4545111584478644,-0.45930045863848096,-0.44932978483661845,-0.45451234170335386,0.132415014477904,0.0,0.0
2014-06-19 00:00:00+07:00,-0.45310607920004586,-0.4579069299666082,-0.45074614542458885,-0.4531070448725222,-0.07996712128376561,0.0,0.0
2014-06-20 00:00:00+07:00,-0.46153584164038214,-0.45372672645917034,-0.45924506355125655,-0.46153811270051887,0.08914958305646507,0.0,0.0
2014-06-23 00:00:00+07:00,-0.4559161118639344,-0.45930045503768424,-0.4521627471529405,-0.4559175126829514,-0.14869021341811012,0.0,0.0
2014-06-24 00:00:00+07:00,-0.4587258089764935,-0.4593002378917408,-0.4521625284085755,-0.4587276448900896,-0.2017239564893154,0.0,0.0
2014-06-25 00:00:00+07:00,-0.47277546896894207,-0.46208713957221864,-0.4663274485520882,-0.47277948053729923,-0.31205324374061777,0.0,0.0
2014-06-26 00:00:00+07:00,-0.4559161118639344,-0.4620872694236286,-0.45641219609322153,-0.4559175126829514,0.06763245561994709,0.0,0.0
2014-06-27 00:00:00+07:00,-0.4657506180007598,-0.4648738900527704,-0.4592449673363248,-0.4657535417384887,0.20534043833518734,0.0,0.0
2014-06-30 00:00:00+07:00,-0.4559161118639344,-0.4620872694236286,-0.4634946109936898,-0.4559175126829514,-0.00732270671629187,0.0,0.0
2014-07-01 00:00:00+07:00,-0.4559161118639344,-0.4620872694236286,-0.45641219609322153,-0.4559175126829514,0.010968954007835105,0.0,0.0
2014-07-02 00:00:00+07:00,-0.45170112578397587,-0.4579069338253487,-0.4521626325535498,-0.4517018738929246,-0.17341916689234377,0.0,0.0
2014-07-03 00:00:00+07:00,-0.45732093944825586,-0.4579069182849089,-0.4507461336566572,-0.4573225578113148,-0.25103058862134586,0.0,0.0
2014-07-04 00:00:00+07:00,-0.450296214311822,-0.4509399424321737,-0.45074619499332674,-0.45029674486373844,0.026027026260135158,0.0,0.0
2014-07-07 00:00:00+07:00,-0.440461540399332,-0.4453663393320535,-0.4394143563234956,-0.4404605480065556,0.11401089469147524,0.0,0.0
2014-07-08 00:00:00+07:00,-0.43905646115151353,-0.43700577287768444,-0.43658126787008333,-0.43905525117572397,0.0962844965193103,0.0,0.0
2014-07-09 00:00:00+07:00,-0.43905646115151353,-0.44536621822423966,-0.43233181781731805,-0.43905525117572397,-6.175100444806386,0.0,0.0
2014-07-10 00:00:00+07:00,-0.4292217872390235,-0.42446513304273487,-0.4252494291008275,-0.4292190543185411,0.6197763018497758,0.0,0.0
2014-07-11 00:00:00+07:00,-0.43905646115151353,-0.4342189577621662,-0.4422472012737703,-0.43905525117572397,0.15956901787093608,0.0,0.0
2014-07-14 00:00:00+07:00,-0.43905646115151353,-0.43839918043544374,-0.43658126787008333,-0.43905525117572397,0.009665397464886592,0.0,0.0
2014-07-15 00:00:00+07:00,-0.43343677331898195,-0.4356125068721642,-0.4323319595192607,-0.4334346931085678,0.1112453396321718,0.0,0.0
2014-07-16 00:00:00+07:00,-0.41938732304611426,-0.41749833386010643,-0.42100021532408705,-0.41938306721341506,0.41155447140940554,0.0,0.0
2014-07-17 00:00:00+07:00,-0.41938732304611426,-0.41749833386010643,-0.42524966365306444,-0.41938306721341506,0.12107065533043511,0.0,0.0
2014-07-18 00:00:00+07:00,-0.41938732304611426,-0.4202851478451543,-0.42100021532408705,-0.41938306721341506,0.24913990971856353,0.0,0.0
2014-07-21 00:00:00+07:00,-0.41938732304611426,-0.4216785548376784,-0.4139178014424579,-0.41938306721341506,0.06207214750212612,0.0,0.0
2014-07-22 00:00:00+07:00,-0.41798224379829574,-0.4202850256601384,-0.41675064463653894,-0.4179777703825834,0.20839361859610422,0.0,0.0
2014-07-23 00:00:00+07:00,-0.42079215063043574,-0.4216784255454578,-0.41816712029973896,-0.4207881123417785,-0.12397938677379332,0.0,0.0
2014-07-24 00:00:00+07:00,-0.41938732304611426,-0.4216785548376784,-0.4167507669951096,-0.41938306721341506,0.10992401518492448,0.0,0.0
2014-07-25 00:00:00+07:00,-0.42219710404650573,-0.42585864366637066,-0.4210000827163966,-0.422193283321376,0.10871553557496158,0.0,0.0
2014-08-04 00:00:00+07:00,-0.41517229502223957,-0.42167839861786555,-0.4521626880931669,-0.4151673864729769,0.2929218373760716,0.0,0.0
2014-08-05 00:00:00+07:00,-0.41376738355008574,-0.4202850366166477,-0.40966824052410405,-0.41376225744379075,-0.09567123759076536,0.0,0.0
2014-08-06 00:00:00+07:00,-0.41376738355008574,-0.4202850366166477,-0.416750655608611,-0.41376225744379075,-0.10022759093728399,0.0,0.0
2014-08-07 00:00:00+07:00,-0.42219710404650573,-0.42167842183805504,-0.4181671165871899,-0.422193283321376,-0.0853021356279729,0.0,0.0
2014-08-08 00:00:00+07:00,-0.42079215063043574,-0.42446524008185854,-0.4153341541866035,-0.4207881123417785,-0.2147389199086316,0.0,0.0
2014-08-11 00:00:00+07:00,-0.41657729038222574,-0.4161048075938511,-0.4125011992115275,-0.41657259940298585,-0.21662431401166374,0.0,0.0
2014-08-12 00:00:00+07:00,-0.41657729038222574,-0.41749821483853916,-0.41108471617886133,-0.41657259940298585,-0.23328046766374272,0.0,0.0
2014-08-13 00:00:00+07:00,-0.41376738355008574,-0.41889162938746716,-0.4139176895748083,-0.41376225744379075,-0.0019305393180652805,0.0,0.0
2014-08-14 00:00:00+07:00,-0.41376738355008574,-0.417498222158287,-0.40966824052410405,-0.41376225744379075,-0.1277644209958062,0.0,0.0
2014-08-15 00:00:00+07:00,-0.41095730894228105,-0.41749806301958564,-0.40825159676127976,-0.4109517476829501,-0.19676963220690727,0.0,0.0
2014-08-18 00:00:00+07:00,-0.4123621784705187,-0.4174979756702986,-0.40825150852980824,-0.4123568347617249,-0.17519833038238494,0.0,0.0
2014-08-19 00:00:00+07:00,-0.41798224379829574,-0.41471139665017037,-0.41108471247414213,-0.4179777703825834,-0.0908859431974742,0.0,0.0
2014-08-20 00:00:00+07:00,-0.4123621784705187,-0.4188913834216991,-0.4110844756253484,-0.4123568347617249,-0.143168423853319,0.0,0.0
2014-08-21 00:00:00+07:00,-0.41095730894228105,-0.41749806301958564,-0.40966808012092293,-0.4109517476829501,-0.18451861556579277,0.0,0.0
2014-08-22 00:00:00+07:00,-0.41095730894228105,-0.41471124788690855,-0.40966808012092293,-0.4109517476829501,-0.13999537388009337,0.0,0.0
2014-08-25 00:00:00+07:00,-0.4123621784705187,-0.4161045679188979,-0.4068350249820384,-0.4123568347617249,-0.1515596178166256,0.0,0.0
2014-08-26 00:00:00+07:00,-0.41095730894228105,-0.4161046554532471,-0.40966808012092293,-0.4109517476829501,0.03957421487243165,0.0,0.0
2014-08-27 00:00:00+07:00,-0.4081475279418895,-0.4147113806162543,-0.41108469641540224,-0.40814153157498917,0.030892564831993027,0.0,0.0
2014-08-28 00:00:00+07:00,-0.4081475279418895,-0.4147113806162543,-0.40825173026543005,-0.40814153157498917,0.07761350254576388,0.0,0.0
2014-08-29 00:00:00+07:00,-0.44467631675970964,-0.41471127921843726,-0.4379977774171202,-0.4446759770445255,0.17012643732248803,0.0,0.0
2014-09-01 00:00:00+07:00,-0.41657729038222574,-0.421678436572604,-0.4139176822441936,-0.41657259940298585,0.00995586187436138,0.0,0.0
2014-09-02 00:00:00+07:00,-0.41657729038222574,-0.41749821483853916,-0.40966823314619516,-0.41657259940298585,-0.051199765716271266,0.0,0.0
2014-09-03 00:00:00+07:00,-0.41657729038222574,-0.41749821483853916,-0.40966823314619516,-0.41657259940298585,-0.19652139638694896,0.0,0.0
2014-09-04 00:00:00+07:00,-0.41095730894228105,-0.41749806301958564,-0.40825159676127976,-0.4109517476829501,-0.11035248646490843,0.0,0.0
2014-09-05 00:00:00+07:00,-0.3940978260055248,-0.4007771782166142,-0.4068351193177526,-0.3940896539773681,0.08461835722177152,0.0,0.0
2014-09-08 00:00:00+07:00,-0.3842632779247834,-0.3854498488379875,-0.38983747130978796,-0.3842535829714195,0.25802008842459073,0.0,0.0
2014-09-09 00:00:00+07:00,-0.3702136179323347,-0.37430250217153394,-0.3756725527799829,-0.37020174732420974,0.21949977723848843,0.0,0.0
2014-09-10 00:00:00+07:00,-0.3800482499009084,-0.3756958401492329,-0.3841713837018924,-0.3800379022309812,0.1329559124471243,0.0,0.0
2014-09-11 00:00:00+07:00,-0.3884780123412448,-0.38266289612138155,-0.38133843514718413,-0.3884689700589779,-0.02857129632999046,0.0,0.0
2014-09-12 00:00:00+07:00,-0.3969078586694134,-0.39381025903445194,-0.39125392107943785,-0.39690012178779743,0.2574058374784805,0.0,0.0
2014-09-15 00:00:00+07:00,-0.39831277014156746,-0.40077724999885256,-0.3983362910002878,-0.39830525081698354,-0.06768406052644403,0.0,0.0
2014-09-16 00:00:00+07:00,-0.4025277142776095,-0.40217072993759684,-0.3955033975787111,-0.40252084765659896,0.04140286212032832,0.0,0.0
2014-09-17 00:00:00+07:00,-0.38566814745302097,-0.38962998337248866,-0.39125386768316556,-0.3856586700501942,0.052855539855344524,0.0,0.0
2014-09-18 00:00:00+07:00,-0.36880874840409705,-0.37430258936256344,-0.3785056055455492,-0.36879666024543495,0.09267749008663426,0.0,0.0
2014-09-19 00:00:00+07:00,-0.3659987576841247,-0.36594206922483946,-0.36434069865030194,-0.3659862343854171,0.2860575791223357,0.0,0.0
2014-09-22 00:00:00+07:00,-0.35475913035556467,-0.3617618774075909,-0.36150776254906447,-0.3547448665486367,0.0220641703147398,0.0,0.0
2014-09-23 00:00:00+07:00,-0.3631888508519847,-0.36315526209922944,-0.3572582904164506,-0.363175892426222,-0.10795830910476353,0.0,0.0
2014-09-24 00:00:00+07:00,-0.3730236086523071,-0.367335541994573,-0.36575724711579616,-0.37301217318422764,-0.08815420014894665,0.0,0.0
2014-09-25 00:00:00+07:00,-0.3505441862195223,-0.3547947684533747,-0.36434065775689917,-0.35052926970902126,0.1973284051249849,0.0,0.0
2014-09-26 00:00:00+07:00,-0.35475913035556467,-0.35897506273210733,-0.3572583131672822,-0.3547448665486367,0.1444415905961474,0.0,0.0
2014-09-29 00:00:00+07:00,-0.33930447500312994,-0.34643427140762856,-0.34734280659554284,-0.3392878179714181,0.0313468667399638,0.0,0.0
2014-09-30 00:00:00+07:00,-0.33930447500312994,-0.3436474562530444,-0.35159225670787725,-0.3392878179714181,0.2930244556625948,0.0,0.0
2014-10-01 00:00:00+07:00,-0.342114633498767,-0.31856637170611096,-0.33459470190096285,-0.3420984116330815,0.026173395990160504,0.0,0.0
2014-10-02 00:00:00+07:00,-0.3772384689005171,-0.35618827239964806,-0.3728396512582433,-0.37722768612302027,0.37330275653780626,0.0,0.0
2014-10-03 00:00:00+07:00,-0.3926928725894548,-0.3756958463376183,-0.38842083980856296,-0.3926844829977706,0.10419011026052026,0.0,0.0
2014-10-06 00:00:00+07:00,-0.38285815673304857,-0.3854496850922704,-0.38983730922393833,-0.3828482441901763,-0.12287337674816687,0.0,0.0
2014-10-07 00:00:00+07:00,-0.3730236086523071,-0.37569598560485057,-0.3799220776832945,-0.37301217318422764,0.07547476782333266,0.0,0.0
2014-10-08 00:00:00+07:00,-0.3716185294044886,-0.3729090489698014,-0.37992195725702965,-0.3716068763533959,0.10181620578573707,0.0,0.0
2014-10-09 00:00:00+07:00,-0.35756886941204,-0.35758147981848876,-0.3615075885709394,-0.35755504070618627,0.15400919445950953,0.0,0.0
2014-10-10 00:00:00+07:00,-0.35475913035556467,-0.35340143338114016,-0.35867479629454296,-0.3547448665486367,0.13726889796997538,0.0,0.0
2014-10-13 00:00:00+07:00,-0.3659987576841247,-0.3617618470336418,-0.35867476590003267,-0.3659862343854171,0.0190485927611938,0.0,0.0
2014-10-14 00:00:00+07:00,-0.3645938042680547,-0.36454866566210875,-0.36434070247170824,-0.3645810634058195,-0.0573648721620605,0.0,0.0
2014-10-15 00:00:00+07:00,-0.36178398132374706,-0.35897512813390436,-0.3572583784880456,-0.3617708053474472,-0.06819834539480817,0.0,0.0
2014-10-16 00:00:00+07:00,-0.3659987576841247,-0.3645486618277736,-0.35867476590003267,-0.3659862343854171,-0.035725890388277386,0.0,0.0
2014-10-17 00:00:00+07:00,-0.36740362721236236,-0.35897494334208324,-0.36434061074210206,-0.3673913214641919,0.14191982644306816,0.0,0.0
2014-10-20 00:00:00+07:00,-0.3645938042680547,-0.36036844349346586,-0.3572582865720857,-0.3645810634058195,-0.028101459361875067,0.0,0.0
2014-10-21 00:00:00+07:00,-0.35756886941204,-0.3603682951758204,-0.3572581381494472,-0.35755504070618627,-0.0020824813139453118,0.0,0.0
2014-10-22 00:00:00+07:00,-0.342114633498767,-0.3464345139759187,-0.3487595308939184,-0.3420984116330815,0.10489093926687221,0.0,0.0
2014-10-23 00:00:00+07:00,-0.32806476378673755,-0.3338935517327841,-0.33317792153969344,-0.32804636623381495,0.18967055812706415,0.0,0.0
2014-10-24 00:00:00+07:00,-0.3252549408424299,-0.31856616037763325,-0.33034504589186225,-0.32523610817544263,0.028011774393285192,0.0,0.0
2014-10-27 00:00:00+07:00,-0.3336845774510176,-0.32553308905337597,-0.3260954876291664,-0.33366705015220516,-0.08393611176367402,0.0,0.0
2014-10-28 00:00:00+07:00,-0.3252549408424299,-0.3283200128963739,-0.32326262941722395,-0.32523610817544263,-0.24738680302334162,0.0,0.0
2014-10-29 00:00:00+07:00,-0.3224453695616193,-0.3283203541305501,-0.32184648912450237,-0.32242610181953857,-0.021550264010727647,0.0,0.0
2014-10-30 00:00:00+07:00,-0.3435195030270046,-0.33946739036306867,-0.33742757972169085,-0.34350349871185626,0.07952290531996296,0.0,0.0
2014-10-31 00:00:00+07:00,-0.3407095123070323,-0.3380739062274687,-0.34592640236945865,-0.3406930728518384,0.18012881344910345,0.0,0.0
2014-11-03 00:00:00+07:00,-0.33930447500312994,-0.34225404867575254,-0.3388439063708738,-0.3392878179714181,-0.04659769478228081,0.0,0.0
2014-11-04 00:00:00+07:00,-0.342114633498767,-0.34782792108940896,-0.34026063349814545,-0.3420984116330815,-0.03203630736233787,0.0,0.0
2014-11-05 00:00:00+07:00,-0.33789952158705994,-0.3436474602376039,-0.33459446027822454,-0.3378826469918206,-0.13137551091472802,0.0,0.0
2014-11-06 00:00:00+07:00,-0.34492437255524233,-0.34504093176893497,-0.3388439746437766,-0.34490858579063105,-0.00509446884588182,0.0,0.0
2014-11-07 00:00:00+07:00,-0.3603789440198447,-0.35061460340283646,-0.3586747812169513,-0.3603655504670269,0.11795943709280005,0.0,0.0
2014-11-10 00:00:00+07:00,-0.36880874840409705,-0.36733555313026883,-0.3643407752008876,-0.36879666024543495,-0.012385602652112521,0.0,0.0
2014-11-11 00:00:00+07:00,-0.3533540930516623,-0.35479476063851545,-0.3586747169349635,-0.35333961166821637,0.07317051354730998,0.0,0.0
2014-11-12 00:00:00+07:00,-0.3505441862195223,-0.35340136097585434,-0.3544252748714202,-0.35052926970902126,-0.042745987407471646,0.0,0.0
2014-11-13 00:00:00+07:00,-0.3505441862195223,-0.35340136097585434,-0.35159230833271216,-0.35052926970902126,-0.13243032214276837,0.0,0.0
2014-11-14 00:00:00+07:00,-0.34773427938738233,-0.35061455382020623,-0.345926383077121,-0.34771892774982616,0.03978086763991272,0.0,0.0
2014-11-17 00:00:00+07:00,-0.347734443586434,-0.34782790331931446,-0.34167709854069767,-0.34912426653106926,-0.09218768759018596,0.0,0.0
2014-11-18 00:00:00+07:00,-0.33789952158705994,-0.3422540526679013,-0.33742742700435013,-0.3378826469918206,0.09840304921700485,0.0,0.0
2014-11-19 00:00:00+07:00,-0.3238499874263599,-0.3283200168133447,-0.3260955999220584,-0.32383093719584505,0.36151207254528844,0.0,0.0
2014-11-20 00:00:00+07:00,-0.32947005275413693,-0.33110706758466774,-0.32326287078809024,-0.3294518728167035,0.1111502548224675,0.0,0.0
2014-11-21 00:00:00+07:00,-0.3252549408424299,-0.3283200128963739,-0.32751207930200676,-0.32523610817544263,0.0029401469595957733,0.0,0.0
2014-11-24 00:00:00+07:00,-0.32806476378673755,-0.3213528826662665,-0.3232625372556707,-0.32804636623381495,0.13916823832267083,0.0,0.0
2014-11-25 00:00:00+07:00,-0.32947005275413693,-0.3325004746385006,-0.3218463879494401,-0.3294518728167035,0.16687206906504096,0.0,0.0
2014-11-26 00:00:00+07:00,-0.33087475450670994,-0.3325002196769563,-0.32326261354930114,-0.3308567920938328,-0.18961283439652382,0.0,0.0
2014-11-27 00:00:00+07:00,-0.33789952158705994,-0.3325001996799843,-0.33317797691516154,-0.3378826469918206,0.13491078155866792,0.0,0.0
2014-11-28 00:00:00+07:00,-0.33789952158705994,-0.3408606450981989,-0.33459446027822454,-0.3378826469918206,-0.08453924105913466,0.0,0.0
2014-12-01 00:00:00+07:00,-0.3322796878731069,-0.3394672335211682,-0.3331779728877612,-0.3392878179714181,0.08838762089580181,0.0,0.0
2014-12-02 00:00:00+07:00,-0.3393046610498183,-0.3338937909044882,-0.3317616770899552,-0.3322621308750759,0.18273643978712306,0.0,0.0
2014-12-03 00:00:00+07:00,-0.33087500965234345,-0.33110706758466774,-0.33034528498134036,-0.3294518728167035,0.0331459539308668,0.0,0.0
2014-12-04 00:00:00+07:00,-0.3238502251613111,-0.32832025347700217,-0.3218463879494401,-0.3294518728167035,0.007106027662887165,0.0,0.0
2014-12-05 00:00:00+07:00,-0.32382859414399273,-0.32409218563239095,-0.31758049707714797,-0.3209885451223553,0.08744129791459955,10.0,0.0
2014-12-08 00:00:00+07:00,-0.32523900215428486,-0.3254910001874285,-0.32042432421444844,-0.32522016701911804,-0.11276326639966293,0.0,0.0
2014-12-09 00:00:00+07:00,-0.3238289347460206,-0.32549121172603573,-0.324690081377877,-0.32663087545301783,-0.10524409236248519,0.0,0.0
2014-12-10 00:00:00+07:00,-0.3322904379964927,-0.3268897263508342,-0.32468991097799627,-0.32380971028768657,-0.156626926391447,0.0,0.0
2014-12-11 00:00:00+07:00,-0.3238287230457176,-0.32688968569889104,-0.32042432421444844,-0.32522016701911804,0.017548493130840937,0.0,0.0
2014-12-12 00:00:00+07:00,-0.3294700495885583,-0.32968726707643903,-0.32184638475789185,-0.32663087545301783,-0.010059120153071985,0.0,0.0
2014-12-15 00:00:00+07:00,-0.3407520411881646,-0.3422751951830566,-0.3403301750571919,-0.3379146132052924,0.20964122128646848,0.0,0.0
2014-12-16 00:00:00+07:00,-0.3435726085946425,-0.33668046206806623,-0.34317388165604074,-0.34919860266003533,0.10859028034333139,0.0,0.0
2014-12-17 00:00:00+07:00,-0.34075205029267774,-0.34507257538924047,-0.3417520329020878,-0.34919860266003533,-0.00211963279336764,0.0,0.0
2014-12-18 00:00:00+07:00,-0.3407520865941979,-0.34507261153080715,-0.33748652302840804,-0.3421461512012324,0.003289493825915031,0.0,0.0
2014-12-19 00:00:00+07:00,-0.332290402427554,-0.3338831179834256,-0.32753357252150417,-0.33086216174648947,0.1656693196110373,0.0,0.0
2014-12-22 00:00:00+07:00,-0.3266492908685711,-0.3338831227829564,-0.3289554260382019,-0.33650415647386095,-0.15344925610884322,0.0,0.0
2014-12-23 00:00:00+07:00,-0.3294700559437884,-0.33668069896342906,-0.32611193605883093,-0.33227287018038926,-0.3115593548437108,0.0,0.0
2014-12-24 00:00:00+07:00,-0.32664941113926965,-0.3324845567965084,-0.3232681518375411,-0.3294517889158808,-0.3460610987578112,0.0,0.0
2014-12-29 00:00:00+07:00,-0.3322906133409844,-0.333883328753702,-0.32611193605883093,-0.33227287018038926,-0.26278256721903154,0.0,0.0
2014-12-30 00:00:00+07:00,-0.33652132567313914,-0.3366805750437417,-0.3289555078755781,-0.333683243010998,-0.16364541892210044,0.0,0.0
2015-01-02 00:00:00+07:00,-0.32523892032796825,-0.33248434659110115,-0.3246897886272311,-0.328041080481981,-0.19791855114453638,0.0,0.0
2015-01-05 00:00:00+07:00,-0.3322905265933395,-0.3366806126017903,-0.326111848765801,-0.3294517889158808,-0.24713384603953434,0.0,0.0
2015-01-06 00:00:00+07:00,-0.3407520389554739,-0.33668045065107843,-0.3332209289481578,-0.3350936158416067,-0.021443128266345778,0.0,0.0
2015-01-07 00:00:00+07:00,-0.33793160460837907,-0.3366805750437417,-0.33037735641201876,-0.333683243010998,-0.08683727518815057,0.0,0.0
2015-01-08 00:00:00+07:00,-0.3337006911883386,-0.33947786959363785,-0.33464282566126863,-0.3421461512012324,0.01753253373322006,0.0,0.0
2015-01-09 00:00:00+07:00,-0.3393418099562882,-0.3436739284789934,-0.337486525472802,-0.3449671485649181,0.2586428281475999,0.0,0.0
2015-01-12 00:00:00+07:00,-0.34498296433438724,-0.34787002289620994,-0.3445958068802924,-0.3407356944698009,0.15834494760084336,0.0,0.0
2015-01-13 00:00:00+07:00,-0.33793156932017865,-0.3450726520829976,-0.3346428666481132,-0.3407356944698009,-0.12612480683188046,0.0,0.0
2015-01-14 00:00:00+07:00,-0.3393418099562882,-0.3464712994382761,-0.337486525472802,-0.3449671485649181,-0.19290666979566204,0.0,0.0
2015-01-15 00:00:00+07:00,-0.34357285568837437,-0.3450728223440426,-0.33606488700710696,-0.34355685963513216,-0.21897346798075937,0.0,0.0
2015-01-16 00:00:00+07:00,-0.3393420196664718,-0.346471507424478,-0.33606488700710696,-0.34355685963513216,-0.038471189808142875,0.0,0.0
2015-01-19 00:00:00+07:00,-0.34216240632870387,-0.34647133748960374,-0.3346428666481132,-0.3407356944698009,-0.23769527692447995,0.0,0.0
2015-01-20 00:00:00+07:00,-0.34216253039178524,-0.34507277583741586,-0.3374866884561663,-0.33932532163919216,-0.12361032566435501,0.0,0.0
2015-01-21 00:00:00+07:00,-0.33793152359211825,-0.3366804937699318,-0.3317991234240366,-0.33650415647386095,0.12063670989173172,0.0,0.0
2015-01-22 00:00:00+07:00,-0.3379316420474097,-0.33528192733336304,-0.3303773941581905,-0.3294517889158808,0.04334346776988951,0.0,0.0
2015-01-23 00:00:00+07:00,-0.3280595580194907,-0.3254909978239682,-0.32042432184322495,-0.32239916965543236,0.29511932803836777,0.0,0.0
2015-01-26 00:00:00+07:00,-0.3224186624507983,-0.32549121812452064,-0.33179932925026057,-0.33227287018038926,0.23939520597543676,0.0,0.0
2015-01-27 00:00:00+07:00,-0.3322905265933395,-0.33528192733336304,-0.326111848765801,-0.3294517889158808,-0.01223256851222935,0.0,0.0
2015-01-28 00:00:00+07:00,-0.33088011858855426,-0.32968705672181625,-0.32468987034801855,-0.32522016701911804,-0.02468246237185535,0.0,0.0
2015-01-29 00:00:00+07:00,-0.32664927890647727,-0.32968705437158435,-0.3218461705588975,-0.32239916965543236,-0.0760972489613581,0.0,0.0
2015-01-30 00:00:00+07:00,-0.3181878539970599,-0.3240925604856205,-0.31473717738881424,-0.3195784239942149,0.2078346108009382,0.0,0.0
2015-02-02 00:00:00+07:00,-0.3210080354422651,-0.3268895571359255,-0.3190023460326224,-0.3209885451223553,-0.10016937076148089,0.0,0.0
2015-02-03 00:00:00+07:00,-0.3195979167105925,-0.31989628916463886,-0.31331511184491345,-0.31252572083294367,0.0898347018104349,0.0,0.0
2015-02-04 00:00:00+07:00,-0.31113614143400453,-0.2919224764246967,-0.30620576715621656,-0.2899576580226352,0.3364967502012728,0.0,0.0
2015-02-05 00:00:00+07:00,-0.2899819614472543,-0.2961185418593522,-0.31189317083642776,-0.301241647477378,0.16788845199627536,0.0,0.0
2015-02-06 00:00:00+07:00,-0.29703335755657345,-0.3031119699784907,-0.29625283375685235,-0.301241647477378,0.014992055328389153,0.0,0.0
2015-02-09 00:00:00+07:00,-0.3125466709965667,-0.2975174746046551,-0.30478417069414665,-0.29559990445247486,0.09784358558512689,0.0,0.0
2015-02-10 00:00:00+07:00,-0.29139223850651547,-0.29751722533449093,-0.2962528316118652,-0.29842065011369234,-0.008414688786753537,0.0,0.0
2015-02-11 00:00:00+07:00,-0.2970333895085165,-0.296118573893699,-0.2934091681446956,-0.2885472012912037,-0.037594821594307694,0.0,0.0
2015-02-12 00:00:00+07:00,-0.2885716736374931,-0.29471984770293497,-0.2848780345418081,-0.2899576580226352,0.0421649423234491,0.0,0.0
2015-02-13 00:00:00+07:00,-0.2843408725235011,-0.27793565697865735,-0.2777688271692101,-0.2829052065638322,0.1947056551547956,0.0,0.0
2015-02-16 00:00:00+07:00,-0.2815202732114284,-0.28213167270865236,-0.2763469372368202,-0.2843156632952637,-0.1839824995697066,0.0,0.0
2015-02-17 00:00:00+07:00,-0.28434087029246297,-0.28492908261771877,-0.2763469761447978,-0.28008420920014654,-0.026742874504565344,0.0,0.0
2015-02-18 00:00:00+07:00,-0.2730586368851619,-0.26115142778739636,-0.2763469761447978,-0.28008420920014654,0.038136229013566066,0.0,0.0
2015-02-20 00:00:00+07:00,-0.267417564009156,-0.273739641535024,-0.2735033220013155,-0.28149474983240075,-0.25087857495542665,0.0,0.0
2015-02-23 00:00:00+07:00,-0.28011003500771514,-0.2793343425529605,-0.2777688271692101,-0.2829052065638322,0.026447284351353684,0.0,0.0
2015-02-24 00:00:00+07:00,-0.28152035500206496,-0.28772649655764826,-0.28061256551050273,-0.28149474983240075,-0.037516281084515817,0.0,0.0
2015-02-25 00:00:00+07:00,-0.2843409108293191,-0.2821317521673672,-0.27634701701420894,-0.27867375246871506,-0.09345918286800924,0.0,0.0
2015-02-26 00:00:00+07:00,-0.2857511494683757,-0.28213171146121035,-0.27776882492388566,-0.28008420920014654,0.07039606244572036,0.0,0.0
2015-02-27 00:00:00+07:00,-0.2843409108293191,-0.28353043767382935,-0.27634701701420894,-0.27867375246871506,0.19701426072847594,0.0,0.0
2015-03-02 00:00:00+07:00,-0.27587927201281387,-0.2751383605217959,-0.2706596581606062,-0.2716213010099121,0.24836517995198534,0.0,0.0
2015-03-03 00:00:00+07:00,-0.26459715634387276,-0.2597529381490719,-0.25786313778493786,-0.26174793608824626,0.22939548950592933,0.0,0.0
2015-03-04 00:00:00+07:00,-0.2561355240196834,-0.2597529787213161,-0.25501948158826315,-0.2603374793568148,0.0588050381501524,0.0,0.0
2015-03-05 00:00:00+07:00,-0.25613539360826987,-0.2555567925262741,-0.24933195686692375,-0.25610585746005204,0.070105322339888,0.0,0.0
2015-03-06 00:00:00+07:00,-0.256135388437102,-0.2541581019401479,-0.24791010305995284,-0.25046386273268056,0.17118055621056485,0.0,0.0
2015-03-09 00:00:00+07:00,-0.2617764740781296,-0.26534755490672574,-0.2706596507249987,-0.26315830891885494,0.13266723265460134,0.0,0.0
2015-03-10 00:00:00+07:00,-0.26177663908715837,-0.2625503490664621,-0.2621287234217042,-0.2603374793568148,0.0297542059246936,0.0,0.0
2015-03-11 00:00:00+07:00,-0.27023815334982304,-0.27094230168750266,-0.2635504124309376,-0.2688003036462264,0.17747730237903542,0.0,0.0
2015-03-12 00:00:00+07:00,-0.27164839412961744,-0.2765370053961208,-0.26781591999582544,-0.2730317577413436,0.03641424606180697,0.0,0.0
2015-03-13 00:00:00+07:00,-0.2730586780011158,-0.2765370101415189,-0.2735033196019956,-0.27867375246871506,0.15081507882640902,0.0,0.0
2015-03-16 00:00:00+07:00,-0.2829308788073412,-0.273739889420657,-0.27492541741664944,-0.2758530068074976,0.05327340552685282,0.0,0.0
2015-03-17 00:00:00+07:00,-0.2688278406905398,-0.27513832463505655,-0.2706596221897821,-0.27867375246871506,-0.007117056445181922,0.0,0.0
2015-03-18 00:00:00+07:00,-0.2786998300933465,-0.27793573140924205,-0.2706596581606062,-0.2716213010099121,0.003791273254225801,0.0,0.0
2015-03-19 00:00:00+07:00,-0.26741755442257353,-0.2723409464917445,-0.2663940689113861,-0.2702107603776579,0.04286600819257524,0.0,0.0
2015-03-20 00:00:00+07:00,-0.2744689050029804,-0.2653474733228615,-0.26639402354237124,-0.2659792223817179,0.24359857229096188,0.0,0.0
2015-03-23 00:00:00+07:00,-0.2617764285719779,-0.2611514529344687,-0.2535974209793769,-0.258926770922915,-0.05425099428884144,0.0,0.0
2015-03-24 00:00:00+07:00,-0.25331491690925473,-0.2541581884394766,-0.24791018994317973,-0.2532849439971891,0.07903650810043297,0.0,0.0
2015-03-25 00:00:00+07:00,-0.2533149543361337,-0.24996217029773887,-0.24791022754743017,-0.24905348990207188,-0.11861166357539388,0.0,0.0
2015-03-26 00:00:00+07:00,-0.256135350437079,-0.251360692858878,-0.24933191341661004,-0.2546953168277978,0.1144821676588981,0.0,0.0
2015-03-27 00:00:00+07:00,-0.25754559117493847,-0.2625501384695148,-0.2550192697145409,-0.258926770922915,0.10478664997628757,0.0,0.0
2015-03-30 00:00:00+07:00,-0.25895595159170187,-0.2555567925262741,-0.25075380546030385,-0.25610585746005204,-0.005367104827120376,0.0,0.0
2015-03-31 00:00:00+07:00,-0.2392119031944605,-0.245765853176871,-0.2379570256510542,-0.23776924874486072,0.17475667925686594,0.0,0.0
2015-04-01 00:00:00+07:00,-0.234981065497117,-0.24017111063957236,-0.23226963030670728,-0.23776924874486072,-0.07199319541978039,0.0,0.0
2015-04-02 00:00:00+07:00,-0.2321607195930195,-0.24017132145295442,-0.2351135394117249,-0.23917995717876048,-0.06927427061843772,0.0,0.0
2015-04-06 00:00:00+07:00,-0.23921197052267804,-0.21079878202615562,-0.2322696980726068,-0.2180223510998834,0.11088924747994357,0.0,0.0
2015-04-07 00:00:00+07:00,-0.20113447080025593,-0.2024067053722858,-0.20383275995101147,-0.2109698996410805,0.04446779743386077,0.0,0.0
2015-04-08 00:00:00+07:00,-0.22369890728847464,-0.2275830153329593,-0.2251604615124287,-0.22648534319094057,0.1800688213268256,0.0,0.0
2015-04-09 00:00:00+07:00,-0.2236989888034399,-0.2247857258283662,-0.222316845595467,-0.22366442972807762,0.09834486645147146,0.0,0.0
2015-04-10 00:00:00+07:00,-0.21664738346937978,-0.22338683136445708,-0.22231663688391737,-0.22507471865786358,0.031601384573433144,0.0,0.0
2015-04-13 00:00:00+07:00,-0.22651946550245505,-0.23177907186265445,-0.2208949153836289,-0.22648534319094057,-0.07579652592007508,0.0,0.0
2015-04-14 00:00:00+07:00,-0.22792987443324028,-0.22898183067237113,-0.22373874303722383,-0.2307169650877033,0.1517319216524369,0.0,0.0
2015-04-15 00:00:00+07:00,-0.23357083185043048,-0.23877247036797308,-0.23937891967574063,-0.24200078674080067,0.25678568768710835,0.0,0.0
2015-04-16 00:00:00+07:00,-0.2392120250201347,-0.24017123248421884,-0.2379571474387838,-0.23353787855056626,0.20583104981060335,0.0,0.0
2015-04-17 00:00:00+07:00,-0.2280059797877078,-0.2360507368578314,-0.22813750141397357,-0.236491103610923,0.3182370481163491,19.6,0.0
2015-04-20 00:00:00+07:00,-0.23936294429756885,-0.23605077230508406,-0.23529384857149982,-0.23933081085808436,0.03371312002838059,0.0,0.0
2015-04-21 00:00:00+07:00,-0.23794327124119924,-0.23041893179142234,-0.23100000434983786,-0.2279720657702616,0.23547990591101695,0.0,0.0
2015-04-22 00:00:00+07:00,-0.22516665887778836,-0.23323475738612848,-0.22384362576323047,-0.22939183549301953,0.1530832166336531,0.0,0.0
2015-04-23 00:00:00+07:00,-0.2251667255059511,-0.23041893179142234,-0.2209811675869315,-0.2279720657702616,-0.041771709339039224,0.0,0.0
2015-04-24 00:00:00+07:00,-0.22800595789156183,-0.23041893179142234,-0.2224124299816324,-0.2279720657702616,-0.0015459165420707883,0.0,0.0
2015-04-27 00:00:00+07:00,-0.23368432408129808,-0.23886650871544612,-0.26964399482109264,-0.26772737992476153,0.49443654946161536,0.0,0.0
2015-04-28 00:00:00+07:00,-0.27343368707901183,-0.27547320959815597,-0.2768004119307703,-0.27624650166624565,0.36036738681341124,0.0,0.0
2015-04-29 00:00:00+07:00,-0.2791121186459639,-0.2867367432898874,-0.3168757269414933,-0.30748286188090695,0.5978874255364125,0.0,0.0
2015-04-30 00:00:00+07:00,-0.3188614732785509,-0.3036321961003239,-0.33405097406736556,-0.30890279940531046,0.473024894276573,0.0,0.0
2015-05-04 00:00:00+07:00,-0.3089242338551609,-0.29518459625777294,-0.3025632780273988,-0.29470451487197186,0.18321044133413894,0.0,0.0
2015-05-05 00:00:00+07:00,-0.2933083701129458,-0.29096067045560037,-0.2896818300670651,-0.2876052467540684,0.1927366136397,0.0,0.0
2015-05-06 00:00:00+07:00,-0.2933082242172191,-0.2994081997928534,-0.2954067339314814,-0.29612411679308426,0.3700538390698574,0.0,0.0
2015-05-07 00:00:00+07:00,-0.3018259222308882,-0.2994081997928534,-0.2954067339314814,-0.29612411679308426,0.021531308158863758,0.0,0.0
2015-05-08 00:00:00+07:00,-0.2933083394300509,-0.2937765311805292,-0.28968179930118876,-0.2918647237239877,0.03155233539041101,0.0,0.0
2015-05-11 00:00:00+07:00,-0.2904689915459963,-0.2965923078344557,-0.29254420885412413,-0.29612411679308426,0.09236877574067305,0.0,0.0
2015-05-12 00:00:00+07:00,-0.30040653840119,-0.2965925418138626,-0.29397570537602435,-0.29470451487197186,0.017324994866009358,0.0,0.0
2015-05-13 00:00:00+07:00,-0.2989869224921948,-0.29800048736995216,-0.2911131811588996,-0.29470451487197186,0.09946633000174572,0.0,0.0
2015-05-15 00:00:00+07:00,-0.29472796451706007,-0.2994083231858874,-0.30542569372395245,-0.30606309215814903,0.23729805937844428,0.0,0.0
2015-05-18 00:00:00+07:00,-0.30182615981102656,-0.30785611172822797,-0.29826949721709634,-0.3018036990890525,-0.05796324457948437,0.0,0.0
2015-05-19 00:00:00+07:00,-0.30040650820197295,-0.29518456581221447,-0.29683819931378314,-0.29896399184189115,0.0021970341957425824,0.0,0.0
2015-05-20 00:00:00+07:00,-0.2918886531706663,-0.2853287857327987,-0.2882504666500823,-0.28618530922966495,0.04232548048083921,0.0,0.0
2015-05-21 00:00:00+07:00,-0.28195141478142977,-0.2656176202080244,-0.2768004427343119,-0.27198702469632635,0.0717614781519277,0.0,0.0
2015-05-22 00:00:00+07:00,-0.26491611336377074,-0.2585779842362062,-0.2653504359580295,-0.25920859378656846,0.07313787331940974,0.0,0.0
2015-05-25 00:00:00+07:00,-0.25923768532044306,-0.2656177478062427,-0.2567628988432686,-0.26204830103372984,-0.09476179850556714,0.0,0.0
2015-05-26 00:00:00+07:00,-0.2677553452775944,-0.2585779842362062,-0.26248791164428514,-0.25920859378656846,0.28558841400349244,0.0,0.0
2015-05-27 00:00:00+07:00,-0.2592375524028434,-0.2642096699802265,-0.2567627657690977,-0.2648878404792457,0.14855613305710852,0.0,0.0
2015-05-28 00:00:00+07:00,-0.27343395123976305,-0.2726575827380332,-0.2682131030641756,-0.27056742277521395,-0.11739549885911547,0.0,0.0
2015-05-29 00:00:00+07:00,-0.26633563747991845,-0.26984145749910265,-0.26678160649708593,-0.27198702469632635,0.26599873520268624,0.0,0.0
2015-06-01 00:00:00+07:00,-0.27911218254479137,-0.27969707784495246,-0.27393791809510454,-0.27198702469632635,-0.2627539730145232,0.0,0.0
2015-06-03 00:00:00+07:00,-0.2791123054288935,-0.2853289829912544,-0.30113202141383144,-0.3018036990890525,0.3904176585888683,0.0,0.0
2015-06-04 00:00:00+07:00,-0.3075045225646026,-0.3008162821328745,-0.2997006576462226,-0.3003837615646491,0.04135517659430853,0.0,0.0
2015-06-05 00:00:00+07:00,-0.3103438199528193,-0.3036322394784871,-0.3025632479714967,-0.29896399184189115,-0.024379852448219077,0.0,0.0
2015-06-08 00:00:00+07:00,-0.30750447434685113,-0.3092639083448985,-0.30542565853957854,-0.30322338491098766,0.1799568083254806,0.0,0.0
2015-06-09 00:00:00+07:00,-0.3131829651959217,-0.3134877719807311,-0.3254633574882443,-0.3188416069687297,0.32518298112272015,0.0,0.0
2015-06-10 00:00:00+07:00,-0.3188613283425499,-0.3092638318742635,-0.32546325721967506,-0.31742166944432626,0.16075074003405734,0.0,0.0
2015-06-11 00:00:00+07:00,-0.31318301394445897,-0.31630371214200653,-0.3197383564098255,-0.3160019836223911,0.07480945851685476,0.0,0.0
2015-06-12 00:00:00+07:00,-0.3259596288653812,-0.3261594025988989,-0.3211696895589463,-0.32168139811671387,0.13988063042520243,0.0,0.0
2015-06-15 00:00:00+07:00,-0.3188614297004562,-0.3247513381522751,-0.3154445211958687,-0.3188416069687297,-0.0499495240545959,0.0,0.0
2015-06-16 00:00:00+07:00,-0.3202810941203835,-0.31630371214200653,-0.3197383564098255,-0.3160019836223911,0.09163189937739474,0.0,0.0
2015-06-17 00:00:00+07:00,-0.3075046179461658,-0.2965925418138626,-0.3025632780273988,-0.29470451487197186,0.10097609647776108,0.0,0.0
2015-06-18 00:00:00+07:00,-0.2961475938795812,-0.3036321735954145,-0.2997006576462226,-0.3003837615646491,-0.19503569226091388,0.0,0.0
2015-06-19 00:00:00+07:00,-0.3004063058952766,-0.2965923078344557,-0.29254420885412413,-0.29612411679308426,0.10924062493250378,0.0,0.0
2015-06-22 00:00:00+07:00,-0.29614769067420454,-0.29800048736995216,-0.2911131811588996,-0.29470451487197186,-0.11797948114909919,0.0,0.0
2015-06-23 00:00:00+07:00,-0.2947282790405158,-0.3008165814471622,-0.2896821242511936,-0.29754438992077875,-0.07974325305210346,0.0,0.0
2015-06-24 00:00:00+07:00,-0.29898682605083665,-0.29940833640160447,-0.2925443462130029,-0.3003837615646491,0.04426391283540708,0.0,0.0
2015-06-25 00:00:00+07:00,-0.3004064647036919,-0.3036321961003239,-0.30828825365922835,-0.30890279940531046,0.16025566808712124,0.0,0.0
2015-06-26 00:00:00+07:00,-0.31034389071599244,-0.3008164200032262,-0.3111508915061101,-0.3046434063362139,0.07907662152558811,0.0,0.0
2015-06-29 00:00:00+07:00,-0.3131829082241463,-0.3120797690733643,-0.30971941476826903,-0.30748286188090695,-0.010854820721252987,0.0,0.0
2015-06-30 00:00:00+07:00,-0.3004063621323279,-0.30081620205848575,-0.29970057772575526,-0.30748286188090695,0.10054899456983972,0.0,0.0
2015-07-01 00:00:00+07:00,-0.30182597836475206,-0.30644798556592495,-0.29970057772575526,-0.30748286188090695,-0.12647722736475236,0.0,0.0
2015-07-02 00:00:00+07:00,-0.30892423930544316,-0.30222432954398454,-0.30828833190566945,-0.3018036990890525,0.018116170910125587,0.0,0.0
2015-07-03 00:00:00+07:00,-0.3075045225646026,-0.30644806505795463,-0.2997006576462226,-0.3003837615646491,-0.2844547151416892,0.0,0.0
2015-07-06 00:00:00+07:00,-0.30324577570990985,-0.30644816618216714,-0.2997007593154639,-0.3018036990890525,-0.04875783332938589,0.0,0.0
2015-07-07 00:00:00+07:00,-0.3060850429001921,-0.30785614708932046,-0.31687593932129854,-0.32452110536387524,0.07888938592953167,0.0,0.0
2015-07-08 00:00:00+07:00,-0.31318286307592585,-0.31771150763665834,-0.32260073218053986,-0.31742166944432626,0.12866758716832097,0.0,0.0
2015-07-09 00:00:00+07:00,-0.3273792447665922,-0.32897529369563755,-0.32546347586108926,-0.32168139811671387,0.043088508838006155,0.0,0.0
2015-07-10 00:00:00+07:00,-0.3217006619527235,-0.3205275008379462,-0.3140132588683866,-0.3188416069687297,-0.0659103198797436,0.0,0.0
2015-07-13 00:00:00+07:00,-0.3188613731538433,-0.3120797690733643,-0.3111506772029139,-0.30748286188090695,0.00837004368581945,0.0,0.0
2015-07-14 00:00:00+07:00,-0.3046653916087933,-0.30644816618216714,-0.2997007593154639,-0.3018036990890525,-0.074147183020018,0.0,0.0
2015-07-15 00:00:00+07:00,-0.3089240595268735,-0.3148956608270839,-0.30542562746433466,-0.30748286188090695,0.0595044893085797,0.0,0.0
2015-07-22 00:00:00+07:00,-0.30324581155160996,-0.3106720383674029,-0.31258215353792934,-0.3046434063362139,0.19209581191395664,0.0,0.0
2015-07-23 00:00:00+07:00,-0.30182605365478765,-0.2923686031155759,-0.29826939078019943,-0.2932845773475684,-0.11561664238615307,0.0,0.0
2015-07-24 00:00:00+07:00,-0.291888842947219,-0.29940843292604163,-0.29397570537602435,-0.29470451487197186,-0.3480561774146527,0.0,0.0
2015-07-27 00:00:00+07:00,-0.30750464693294194,-0.3134879172886574,-0.31687592768816447,-0.3103227369297139,0.0737520835703482,0.0,0.0
2015-07-28 00:00:00+07:00,-0.32453993903573514,-0.3303831657844564,-0.3340509756244239,-0.33587968265005247,0.2711953183399938,0.0,0.0
2015-07-29 00:00:00+07:00,-0.33589672048024116,-0.3346068554874641,-0.34836345393993795,-0.34439855268906827,0.1595626536573668,0.0,0.0
2015-07-30 00:00:00+07:00,-0.34299483722944174,-0.33601483697329537,-0.3397759139925176,-0.34723825993622964,-0.03513856479362228,0.0,0.0
2015-07-31 00:00:00+07:00,-0.3387360292787634,-0.33460693217897836,-0.3369134299095814,-0.3302002681557297,0.2800465187071474,0.0,0.0
2015-08-03 00:00:00+07:00,-0.3401557878774905,-0.32897529369563755,-0.3326197863646606,-0.32168139811671387,0.05818937716501865,0.0,0.0
2015-08-04 00:00:00+07:00,-0.3188614297004562,-0.3205275008379462,-0.3211695705057977,-0.3188416069687297,-0.05100922126384524,0.0,0.0
2015-08-05 00:00:00+07:00,-0.3188613182582264,-0.295184361855257,-0.3154444094729818,-0.29612411679308426,0.12406735762269715,0.0,0.0
2015-08-06 00:00:00+07:00,-0.29614763742964684,-0.2923686515678451,-0.2882506032604112,-0.29044495400122977,0.08660231531037606,0.0,0.0
2015-08-07 00:00:00+07:00,-0.29614758927869395,-0.2980003860739632,-0.2954068661899822,-0.2932845773475684,-0.2230114764998555,0.0,0.0
2015-08-10 00:00:00+07:00,-0.29898683439433216,-0.29518450760394394,-0.29540687915201486,-0.2876052467540684,-0.24442442449893872,0.0,0.0
2015-08-11 00:00:00+07:00,-0.2876300373899683,-0.29236874711964633,-0.3082883674424715,-0.3046434063362139,0.0055963308604934535,0.0,0.0
2015-08-12 00:00:00+07:00,-0.3245399163646742,-0.3289751975273658,-0.32975716643134656,-0.3273606448093911,0.36697409422107063,0.0,0.0
2015-08-13 00:00:00+07:00,-0.344414670403687,-0.3303832747881701,-0.3369136077750434,-0.32452110536387524,0.2368567261155195,0.0,0.0
2015-08-14 00:00:00+07:00,-0.3217007811617484,-0.3275673481472682,-0.3183071653575176,-0.32168139811671387,-0.16882787060117152,0.0,0.0
2015-08-18 00:00:00+07:00,-0.32170055374328954,-0.3247512302249364,-0.3326195627044645,-0.3372993684719876,0.23639952547412302,0.0,0.0
2015-08-19 00:00:00+07:00,-0.3444146093167916,-0.3458706140249397,-0.34836364340485687,-0.3529177583313752,0.15997608539686767,0.0,0.0
2015-08-20 00:00:00+07:00,-0.3529321847515533,-0.35994995072510827,-0.37126372087154735,-0.3770548504281331,0.3122013772518896,0.0,0.0
2015-08-21 00:00:00+07:00,-0.3870029610162278,-0.38810885512960347,-0.394163907008404,-0.3997722147525445,0.26144092979113515,0.0,0.0
2015-08-24 00:00:00+07:00,-0.42675224192394917,-0.40782012489146197,-0.44282685534221056,-0.43242847054119776,0.41956121922813244,0.0,0.0
2015-08-25 00:00:00+07:00,-0.42107384101033307,-0.40078046168312614,-0.4199267213020365,-0.4139706670875285,0.44109748698571877,0.0,0.0
2015-08-26 00:00:00+07:00,-0.4011992665646357,-0.40500434826309856,-0.4127704590382366,-0.40119219422735924,0.24247561522873665,0.0,0.0
2015-08-27 00:00:00+07:00,-0.3841637629876731,-0.3571340820334992,-0.3769887926928194,-0.3585970050240524,0.2728072776997038,0.0,0.0
2015-08-28 00:00:00+07:00,-0.34441441842243303,-0.34868631516130305,-0.34263840383326594,-0.34439855268906827,0.2572793334243869,0.0,0.0
2015-08-31 00:00:00+07:00,-0.34441463431979996,-0.3486865301169863,-0.3440698819110745,-0.3415590971443752,0.22295351314079756,0.0,0.0
2015-09-01 00:00:00+07:00,-0.3444145289942678,-0.3515023167589186,-0.3569511375424953,-0.3600168586476331,-0.002305449766778902,0.0,0.0
2015-09-02 00:00:00+07:00,-0.381324508533128,-0.3740294090638145,-0.3741262456534348,-0.3770548504281331,0.25181029021332807,0.0,0.0
2015-09-03 00:00:00+07:00,-0.3685479026847548,-0.37402934929157805,-0.3712636610855393,-0.37563495485414106,-0.055564092913282806,0.0,0.0
2015-09-04 00:00:00+07:00,-0.37706567759945664,-0.3838850473895122,-0.3755575256777721,-0.37847470405171374,-0.009216971772190578,0.0,0.0
2015-09-07 00:00:00+07:00,-0.3813246318481377,-0.38810898970378477,-0.3898702534780279,-0.39693267530702864,-0.13004562139317732,0.0,0.0
2015-09-08 00:00:00+07:00,-0.4026187501708184,-0.39937243286725693,-0.3998889674897624,-0.4040317336728751,0.08533084051875832,0.0,0.0
2015-09-09 00:00:00+07:00,-0.3983600230847464,-0.39796460878655776,-0.391301515614204,-0.39693267530702864,0.010246083799886238,0.0,0.0
2015-09-10 00:00:00+07:00,-0.4011992549575143,-0.39796460878655776,-0.39845782629508375,-0.39693267530702864,0.06891239131111603,0.0,0.0
2015-09-11 00:00:00+07:00,-0.39268155933920995,-0.399372554369811,-0.391301515614204,-0.39693267530702864,-0.048530020376968026,0.0,0.0
2015-09-14 00:00:00+07:00,-0.3926814770167257,-0.3923327439573394,-0.3898701709989257,-0.3869937418923751,-0.12794384489395308,0.0,0.0
2015-09-15 00:00:00+07:00,-0.392681457175349,-0.3937406698684371,-0.39559520052285424,-0.3955127377826252,-0.10450875109107266,0.0,0.0
2015-09-16 00:00:00+07:00,-0.39836003474084275,-0.4035964027041317,-0.3970265758118744,-0.40119219422735924,0.08846050860647738,0.0,0.0
2015-09-17 00:00:00+07:00,-0.39552086882907334,-0.3867011228710376,-0.38987033156816475,-0.37989472547694,0.037630471025051494,0.0,0.0
2015-09-18 00:00:00+07:00,-0.38700297328944283,-0.383885029900909,-0.3827138199990972,-0.3770548504281331,0.22685957719632735,0.0,0.0
2015-09-21 00:00:00+07:00,-0.3870030015608952,-0.3867009498973486,-0.38414511071675156,-0.3827342229720444,-0.03210625561668435,0.0,0.0
2015-09-22 00:00:00+07:00,-0.3898422097342756,-0.38810887148597123,-0.3827138240991343,-0.38415403464521375,0.0446272759289262,0.0,0.0
2015-09-23 00:00:00+07:00,-0.39694027451728414,-0.39937242200176387,-0.394163907008404,-0.3997722147525445,0.1950046498111299,0.0,0.0
2015-09-25 00:00:00+07:00,-0.39694028540436815,-0.4007803787036406,-0.40132022988326077,-0.4040317336728751,0.11095268785013346,0.0,0.0
2015-09-28 00:00:00+07:00,-0.40687766116745294,-0.41345195313973404,-0.41706417753881037,-0.4224896629777785,-0.016050651496106898,0.0,0.0
2015-09-29 00:00:00+07:00,-0.4281718144378446,-0.4007803503231093,-0.42565166334842985,-0.3983523611289637,0.09503012807376345,0.0,0.0
2015-09-30 00:00:00+07:00,-0.3926814380457579,-0.3740294090638145,-0.39130139434475925,-0.3770548504281331,0.1971456647386049,0.0,0.0
2015-10-01 00:00:00+07:00,-0.3756459842352458,-0.37121345738378764,-0.38557628621509904,-0.39267298858505234,-0.013068119781533591,0.0,0.0
2015-10-02 00:00:00+07:00,-0.39268142587397425,-0.3796611799754832,-0.3927326445918945,-0.3997722147525445,-0.06178372597769123,0.0,0.0
2015-10-05 00:00:00+07:00,-0.37564601849222895,-0.3543181412935218,-0.3755574828114307,-0.36143662837039103,0.2643328481827998,0.0,0.0
2015-10-06 00:00:00+07:00,-0.35861084017756456,-0.33883095944814545,-0.35122623963224175,-0.3387194737980366,0.34933691746677514,0.0,0.0
2015-10-07 00:00:00+07:00,-0.3358968673655506,-0.33179111147169066,-0.3311884511406659,-0.33587968265005247,0.29759409108552276,0.0,0.0
2015-10-08 00:00:00+07:00,-0.3302183322186309,-0.32334336560631816,-0.32689459326041664,-0.3302002681557297,0.15397470339746538,0.0,0.0
2015-10-09 00:00:00+07:00,-0.3174419695678944,-0.3191197109387453,-0.31687593932129854,-0.32452110536387524,0.3655905175346286,0.0,0.0
2015-10-12 00:00:00+07:00,-0.32170077567375954,-0.3092640504318193,-0.3140133735223636,-0.3145822138996332,0.38098341083422477,0.0,0.0
2015-10-13 00:00:00+07:00,-0.31318313423305744,-0.32052766848546443,-0.3326198335083878,-0.3387194737980366,0.17703979957892904,0.0,0.0
2015-10-15 00:00:00+07:00,-0.33589671704631335,-0.3346068520424695,-0.3326195627044645,-0.3372993684719876,0.26897240640198494,0.0,0.0
2015-10-16 00:00:00+07:00,-0.33589675595202323,-0.3430545664719439,-0.3426384389083045,-0.34723825993622964,0.15445080866301042,0.0,0.0
2015-10-19 00:00:00+07:00,-0.34725379097552317,-0.32756726955523524,-0.3397760198333764,-0.32878049843297175,0.13198123003615098,0.0,0.0
2015-10-20 00:00:00+07:00,-0.32028120123481996,-0.3261594383446356,-0.3197384633861194,-0.32452110536387524,0.13577962994432696,0.0,0.0
2015-10-21 00:00:00+07:00,-0.3188613283425499,-0.31489561571585994,-0.311150632023999,-0.31742166944432626,-0.02273810929720879,0.0,0.0
2015-10-22 00:00:00+07:00,-0.3103436620376782,-0.3148956471676765,-0.30828813860229226,-0.31316219247440696,-0.07863027824850173,0.0,0.0
2015-10-23 00:00:00+07:00,-0.2918887684383724,-0.2994083590297161,-0.30399446692453885,-0.30890279940531046,0.018402846552196678,0.0,0.0
2015-10-26 00:00:00+07:00,-0.2989868922375667,-0.30222429386744165,-0.2954069371493546,-0.29896399184189115,0.11707359854328304,0.0,0.0
2015-10-27 00:00:00+07:00,-0.304665356095193,-0.3036322394784871,-0.3025632479714967,-0.29896399184189115,-0.07360328498302597,0.0,0.0
2015-10-28 00:00:00+07:00,-0.3117633228716106,-0.302224179245758,-0.30399439616290985,-0.30322338491098766,0.0012115457753583863,0.0,0.0
2015-10-29 00:00:00+07:00,-0.300406442933877,-0.30222422866080656,-0.32832590414617796,-0.3273606448093911,0.1195482804800943,0.0,0.0
2015-10-30 00:00:00+07:00,-0.32170077986116186,-0.32897529240574286,-0.33405104718875583,-0.3415590971443752,0.08818970575767553,0.0,0.0
2015-11-02 00:00:00+07:00,-0.3472537876134432,-0.34868645164039797,-0.34693232773268207,-0.3486581974606331,0.17356057019704024,0.0,0.0
2015-11-03 00:00:00+07:00,-0.34157530937464875,-0.3303831432571847,-0.33405095328685325,-0.3273606448093911,0.05856968365700968,0.0,0.0
2015-11-04 00:00:00+07:00,-0.32170090597809475,-0.3078562377638537,-0.31401350489568536,-0.31174267445411735,0.15961780630475067,0.0,0.0
2015-11-05 00:00:00+07:00,-0.30750465905023944,-0.30222436548382287,-0.3097196294742909,-0.3046434063362139,0.042158995041837274,0.0,0.0
2015-11-06 00:00:00+07:00,-0.2933085007214744,-0.3008164200032262,-0.30256331931519453,-0.3046434063362139,-0.20328677476740684,0.0,0.0
2015-11-09 00:00:00+07:00,-0.3075045415630529,-0.31489575828784283,-0.3268946595728191,-0.32878049843297175,-0.11348372355818416,0.0,0.0
2015-11-10 00:00:00+07:00,-0.33589683653636654,-0.32897518893348304,-0.3326196824797652,-0.34013915961997176,0.09544365181523701,0.0,0.0
2015-11-11 00:00:00+07:00,-0.33873594970691795,-0.3360147980164029,-0.3326195627044645,-0.3372993684719876,-0.0621849544049591,0.0,0.0
2015-11-12 00:00:00+07:00,-0.33731633337661576,-0.32615917619886964,-0.32975703763781267,-0.3372993684719876,-0.22641375893967655,0.0,0.0
2015-11-13 00:00:00+07:00,-0.338456941954195,-0.3385240087606786,-0.33090700350354174,-0.33701427347624646,-0.09758172693083243,11.0,0.0
2015-11-16 00:00:00+07:00,-0.34130844216675943,-0.3455938863009379,-0.345280735605442,-0.3384403357607115,-0.12252458884294858,0.0,0.0
2015-11-17 00:00:00+07:00,-0.32705180367064596,-0.32297081352012863,-0.31940830011150073,-0.3256073693161591,0.14207602174844977,0.0,0.0
2015-11-18 00:00:00+07:00,-0.32562600527561475,-0.321556734198791,-0.3222828704408597,-0.3284589904801525,-0.13770802437401464,0.0,0.0
2015-11-19 00:00:00+07:00,-0.3270518217740071,-0.32721264905657793,-0.3280324478374684,-0.33558854679507255,0.17400857595650399,0.0,0.0
2015-11-20 00:00:00+07:00,-0.33560574437184315,-0.32862655559172604,-0.33090712530780214,-0.3241814748333396,-0.004128334240491929,0.0,0.0
2015-11-23 00:00:00+07:00,-0.31849783082124766,-0.3215568566009513,-0.31509621739664967,-0.31562619183724555,0.0037547442339680506,0.0,0.0
2015-11-24 00:00:00+07:00,-0.31849781345554073,-0.30741744725329506,-0.31078413494519214,-0.3056450143583321,0.2097605943554435,0.0,0.0
2015-11-25 00:00:00+07:00,-0.3056667821471562,-0.3045894703912058,-0.29928519603052195,-0.30421903597468986,-0.002156788243411847,0.0,0.0
2015-11-26 00:00:00+07:00,-0.29853847068261435,-0.298933698473586,-0.29641047125235553,-0.3027931414918704,0.17190405314216634,0.0,0.0
2015-11-27 00:00:00+07:00,-0.29853860523048353,-0.3060035289632516,-0.3194082855073965,-0.3241814748333396,-0.2782410228404944,0.0,0.0
2015-11-30 00:00:00+07:00,-0.32705173262866744,-0.3328683168857521,-0.36109152591890564,-0.3683837003958064,0.6704325718511793,0.0,0.0
2015-12-01 00:00:00+07:00,-0.34986236111302077,-0.321556885539151,-0.34240599007509515,-0.3184779808028845,0.35741643418748925,0.0,0.0
2015-12-02 00:00:00+07:00,-0.31707217161750745,-0.3144871607498217,-0.3194082823399361,-0.31562619183724555,0.10338066097750638,0.0,0.0
2015-12-03 00:00:00+07:00,-0.32134914922872815,-0.3201429174307255,-0.31797092735884064,-0.31562619183724555,-0.10252385019588457,0.0,0.0
2015-12-04 00:00:00+07:00,-0.3156465303098381,-0.32297081352012863,-0.31940830011150073,-0.3256073693161591,-0.04167329615796321,0.0,0.0
2015-12-07 00:00:00+07:00,-0.32134902520870495,-0.32014279303251125,-0.31509609259600824,-0.31990370748405844,-0.01778115185431785,0.0,0.0
2015-12-08 00:00:00+07:00,-0.32847743701639026,-0.320142909095656,-0.3251576940133554,-0.33131086334661414,0.006510184018200577,0.0,0.0
2015-12-09 00:00:00+07:00,-0.33132875545534685,-0.33852411851150727,-0.32372033901639263,-0.33131086334661414,-6.175100444806386,0.0,0.0
2015-12-10 00:00:00+07:00,-0.33845694877627874,-0.31165916730808846,-0.3309070103815923,-0.30421903597468986,0.13368342110066744,0.0,0.0
2015-12-11 00:00:00+07:00,-0.30709253084139143,-0.3144871346165041,-0.3237203215565685,-0.32132968586770067,0.049648688268122486,0.0,0.0
2015-12-14 00:00:00+07:00,-0.3327543973903113,-0.3286265268045132,-0.32803238664799284,-0.32132968586770067,-0.02939595534360231,0.0,0.0
2015-12-15 00:00:00+07:00,-0.32990296936060753,-0.32862641693206956,-0.32228285610331375,-0.327033095997333,-0.031513981368808,0.0,0.0
2015-12-16 00:00:00+07:00,-0.31136951727301226,-0.3088313864560172,-0.3093467799310626,-0.3056450143583321,0.10531770264019599,0.0,0.0
2015-12-17 00:00:00+07:00,-0.28713332193885227,-0.29469200601916107,-0.292098531351712,-0.29851562584505753,0.27640026716694266,0.0,0.0
2015-12-18 00:00:00+07:00,-0.30709243082243887,-0.3116591566134227,-0.31222138216019074,-0.31990370748405844,0.1955999562521809,0.0,0.0
2015-12-21 00:00:00+07:00,-0.3242003725758586,-0.31872888236848357,-0.3165334765375423,-0.32275549644969737,-0.1404677290716879,0.0,0.0
2015-12-22 00:00:00+07:00,-0.3213491233685692,-0.32297076992930956,-0.3150961913737195,-0.32132968586770067,0.06038317803296659,0.0,0.0
2015-12-23 00:00:00+07:00,-0.3242003725758586,-0.3229707004168736,-0.31797083170084356,-0.32275549644969737,-0.04538299067549656,0.0,0.0
2015-12-28 00:00:00+07:00,-0.3270516068390481,-0.31731485728864955,-0.3194081016651421,-0.3142001295527806,0.08140594132683712,0.0,0.0
2015-12-29 00:00:00+07:00,-0.3213491781330786,-0.3173150681913522,-0.3136588915570294,-0.3184779808028845,0.03433411106669414,0.0,0.0
2015-12-30 00:00:00+07:00,-0.31849783082124766,-0.3003477690475621,-0.3107841524533633,-0.31562619183724555,0.11875715210248948,0.0,0.0
2016-01-04 00:00:00+07:00,-0.32277468464733133,-0.31590097482296703,-0.31653344781391735,-0.31990370748405844,0.14011403130156055,0.0,0.0
2016-01-05 00:00:00+07:00,-0.3213492718578724,-0.308831528914755,-0.3136589860507196,-0.3113486761904327,0.2168256011326819,0.0,0.0
2016-01-06 00:00:00+07:00,-0.3142208271049803,-0.31165925617890206,-0.3136588363432446,-0.32132968586770067,0.24700358494013575,0.0,0.0
2016-01-07 00:00:00+07:00,-0.3270517078664394,-0.33145435296202846,-0.32515762404738924,-0.33273667392861084,0.3621546759632889,0.0,0.0
2016-01-08 00:00:00+07:00,-0.3356056639840399,-0.33428223159841386,-0.3280323343104145,-0.33273667392861084,0.3086674844508142,0.0,0.0
2016-01-11 00:00:00+07:00,-0.3356056394060438,-0.34135190376637375,-0.33953115096558434,-0.34699545095516,0.1331917187803188,0.0,0.0
2016-01-12 00:00:00+07:00,-0.3384569261358138,-0.3272124775051769,-0.3309069875553902,-0.327033095997333,0.17676330433637552,0.0,0.0
2016-01-13 00:00:00+07:00,-0.3199233944224688,-0.3229707004168736,-0.3165334765375423,-0.32275549644969737,0.13608616513400676,0.0,0.0
2016-01-14 00:00:00+07:00,-0.3327544146748252,-0.3314544225823339,-0.32659504901031816,-0.33131086334661414,0.2899166149817331,0.0,0.0
2016-01-15 00:00:00+07:00,-0.3270517078664394,-0.33145435296202846,-0.32515762404738924,-0.33273667392861084,0.09640663195896135,0.0,0.0
2016-01-18 00:00:00+07:00,-0.34130823253551323,-0.3342821619755583,-0.3352190406778721,-0.33416248451060754,0.1569199474671496,0.0,0.0
2016-01-19 00:00:00+07:00,-0.3299029835814887,-0.33428218879765276,-0.3280322912990444,-0.3284589904801525,0.019150275915287875,0.0,0.0
2016-01-20 00:00:00+07:00,-0.3327544146748252,-0.33569624013983795,-0.32659504901031816,-0.33131086334661414,0.13192610754752818,0.0,0.0
2016-01-21 00:00:00+07:00,-0.3299031400451122,-0.33711022277477004,-0.3280324478374684,-0.33558854679507255,0.13767580568449347,0.0,0.0
2016-01-22 00:00:00+07:00,-0.32990302657230625,-0.33428223159841386,-0.3280323343104145,-0.33273667392861084,0.11224580925226929,0.0,0.0
2016-01-25 00:00:00+07:00,-0.32134916699024196,-0.32721263093071845,-0.3237203649530414,-0.3256073693161591,0.03239440704329443,0.0,0.0
2016-01-26 00:00:00+07:00,-0.32990302657230625,-0.33145435296202846,-0.32659497917890196,-0.33273667392861084,0.034270236710997735,0.0,0.0
2016-01-27 00:00:00+07:00,-0.3270516504355388,-0.32862641693206956,-0.32084550086130104,-0.327033095997333,0.2987417471727085,0.0,0.0
2016-01-28 00:00:00+07:00,-0.3270517891853756,-0.324384738098887,-0.3194082855073965,-0.3241814748333396,0.3112935017168394,0.0,0.0
2016-01-29 00:00:00+07:00,-0.3213490125854013,-0.3272124775051769,-0.32659492182935196,-0.327033095997333,0.4247522392325105,0.0,0.0
2016-02-01 00:00:00+07:00,-0.32705166296321125,-0.3272124900484183,-0.32659493433927916,-0.31990370748405844,0.18975225658840864,0.0,0.0
2016-02-02 00:00:00+07:00,-0.3199233531228669,-0.3272124775051769,-0.32084550086130104,-0.327033095997333,0.21690475931638484,0.0,0.0
2016-02-03 00:00:00+07:00,-0.33275431667274363,-0.3342822030099106,-0.3265949503942619,-0.3298848849629719,0.08028054190855353,0.0,0.0
2016-02-04 00:00:00+07:00,-0.33275442597635374,-0.32579867726316686,-0.3251577054075991,-0.3241814748333396,0.16351354521872813,0.0,0.0
2016-02-05 00:00:00+07:00,-0.32705187897911175,-0.30741756041220614,-0.3194083760377797,-0.3084968872247938,0.567798014782287,0.0,0.0
2016-02-09 00:00:00+07:00,-0.30994387559880654,-0.31590109992004767,-0.3136588624155543,-0.31562619183724555,0.017912168757353596,0.0,0.0
2016-02-10 00:00:00+07:00,-0.31849759411129147,-0.3173148016685525,-0.3107839138014935,-0.31705183461759673,0.09982675324185518,0.0,0.0
2016-02-11 00:00:00+07:00,-0.32134903759561717,-0.3088312904178826,-0.31365874986663117,-0.3127743189707839,0.39131415189370417,0.0,0.0
2016-02-12 00:00:00+07:00,-0.31136929585947776,-0.30883116398949095,-0.3107839138014935,-0.31705183461759673,0.29526724914726477,0.0,0.0
2016-02-15 00:00:00+07:00,-0.3099437622742846,-0.3144870479375395,-0.30647197389534947,-0.3127743189707839,0.07611723152407757,0.0,0.0
2016-02-16 00:00:00+07:00,-0.3142207120888243,-0.31024520117733867,-0.30647194523114846,-0.30992253000514497,0.2306859354970887,0.0,0.0
2016-02-17 00:00:00+07:00,-0.30994373368330064,-0.31307308004297285,-0.30503458998311334,-0.30992253000514497,0.13526586157961026,0.0,0.0
2016-02-18 00:00:00+07:00,-0.304241095809269,-0.30741732231170443,-0.3021598794870427,-0.30992253000514497,0.3616378412225695,0.0,0.0
2016-02-19 00:00:00+07:00,-0.3156464037774173,-0.32297068802790324,-0.32946966076821066,-0.3298848849629719,0.36443449254176213,0.0,0.0
2016-02-22 00:00:00+07:00,-0.3313286694981752,-0.32579857911580035,-0.3251576075173494,-0.32275549644969737,0.02511628201390891,0.0,0.0
2016-02-23 00:00:00+07:00,-0.3213490125854013,-0.3243845986513916,-0.32372021134532647,-0.327033095997333,0.20168560235206057,0.0,0.0
2016-02-24 00:00:00+07:00,-0.33132875545534685,-0.3314544225823339,-0.332344468998169,-0.33131086334661414,0.1714984244323531,0.0,0.0
2016-02-25 00:00:00+07:00,-0.327051664710906,-0.32862643119815854,-0.32372022565540587,-0.3284589904801525,0.12417776505878496,0.0,0.0
2016-02-26 00:00:00+07:00,-0.32420035642595,-0.31165916917771114,-0.3165334602551436,-0.3127743189707839,0.34869847628064005,0.0,0.0
2016-02-29 00:00:00+07:00,-0.3042412210904842,-0.3102453256587392,-0.3035973598745433,-0.3056450143583321,0.3428928627229172,0.0,0.0
2016-03-01 00:00:00+07:00,-0.3056667552777768,-0.3088312617445214,-0.30503458998311334,-0.30992253000514497,0.1494592895289891,0.0,0.0
2016-03-02 00:00:00+07:00,-0.302815576408842,-0.30883140091791106,-0.30647208436007667,-0.30707090884115157,0.30935618558074135,0.0,0.0
2016-03-03 00:00:00+07:00,-0.3085180867981412,-0.30883127434062546,-0.30072253692558676,-0.3027931414918704,0.27758066099922446,0.0,0.0
2016-03-04 00:00:00+07:00,-0.29853852614122595,-0.30034769329029304,-0.2949731716331794,-0.29994143642705423,0.23688390126960382,0.0,0.0
2016-03-07 00:00:00+07:00,-0.29853852614122595,-0.3031755719072314,-0.29641052675480756,-0.29994143642705423,0.2478373099879789,0.0,0.0
2016-03-08 00:00:00+07:00,-0.304241095809269,-0.30741732231170443,-0.3136587214713252,-0.30992253000514497,0.2623386583425401,0.0,0.0
2016-03-10 00:00:00+07:00,-0.3142207120888243,-0.31448701947578966,-0.31653343196739564,-0.30992253000514497,0.25901274996906665,0.0,0.0
2016-03-11 00:00:00+07:00,-0.30994373368330064,-0.3173148983414242,-0.3021598794870427,-0.30992253000514497,-6.175100444806386,0.0,0.0
2016-03-14 00:00:00+07:00,-0.30994373368330064,-0.3173148983414242,-0.3021598794870427,-0.30992253000514497,-6.175100444806386,0.0,0.0
2016-03-15 00:00:00+07:00,-0.29996418548435533,-0.3060034505241696,-0.29641052675480756,-0.29994143642705423,0.10517881393401667,0.0,0.0
2016-03-16 00:00:00+07:00,-0.29853859566152907,-0.3045895802912365,-0.2949732413372818,-0.29851562584505753,0.11489491269858963,0.0,0.0
2016-03-17 00:00:00+07:00,-0.29426171296739695,-0.2918642230321211,-0.2892239167469552,-0.2913863212326057,0.30742465110657125,0.0,0.0
2016-03-18 00:00:00+07:00,-0.2956870522978298,-0.28762208253226684,-0.29353566122754793,-0.29281188011213416,0.2949584103232498,0.0,0.0
2016-03-21 00:00:00+07:00,-0.29283577445428344,-0.28903606379276336,-0.28778628119343325,-0.28853428056449854,-0.039451290783501,0.0,0.0
2016-03-22 00:00:00+07:00,-0.289984695668883,-0.29751993922736875,-0.29209858639515246,-0.29566392078024134,-0.03046801324914483,0.0,0.0
2016-03-23 00:00:00+07:00,-0.2956871662165537,-0.3031755310078296,-0.30072255122829805,-0.30421903597468986,0.0023371141182586953,0.0,0.0
2016-03-24 00:00:00+07:00,-0.30994369229024266,-0.3144869782698334,-0.3107839697097738,-0.3142001295527806,0.12043021783932639,0.0,0.0
2016-03-28 00:00:00+07:00,-0.3142207568846155,-0.32155676106741016,-0.32228289719074704,-0.32275549644969737,0.05024188046879296,0.0,0.0
2016-03-29 00:00:00+07:00,-0.3227746864050321,-0.32721249179828504,-0.3208455152263135,-0.3284589904801525,0.18761204696844666,0.0,0.0
2016-03-30 00:00:00+07:00,-0.3256261445005449,-0.31448717869894893,-0.31797094516432034,-0.3256073693161591,0.3384804691743318,0.0,0.0
2016-03-31 00:00:00+07:00,-0.31707217161750745,-0.3215568566009513,-0.31509621739664967,-0.31562619183724555,0.2554164854734088,0.0,0.0
2016-04-01 00:00:00+07:00,-0.31564651241376723,-0.3215568566009513,-0.3136588624155543,-0.31562619183724555,0.12321109785303536,0.0,0.0
2016-04-04 00:00:00+07:00,-0.3085180327445089,-0.31590091777924145,-0.30790925905798444,-0.3142001295527806,-0.014731261401860391,0.0,0.0
2016-04-05 00:00:00+07:00,-0.314220670927444,-0.3144869782698334,-0.30790925905798444,-0.3142001295527806,0.16696345763479284,0.0,0.0
2016-04-06 00:00:00+07:00,-0.3156464037774173,-0.3159009911641487,-0.3222828848333387,-0.3298848849629719,0.1893357830221695,0.0,0.0
2016-04-07 00:00:00+07:00,-0.3213490125854013,-0.32579853807828424,-0.31940814561928826,-0.327033095997333,0.23337265988045447,0.0,0.0
2016-04-08 00:00:00+07:00,-0.327051664710906,-0.32862643119815854,-0.3208455152263135,-0.3284589904801525,0.10716509156304897,0.0,0.0
2016-04-11 00:00:00+07:00,-0.32847732414619735,-0.33569612819752626,-0.3208455152263135,-0.3284589904801525,-6.175100444806386,0.0,0.0
2016-04-12 00:00:00+07:00,-0.33275431667274363,-0.33286826363715966,-0.3265949503942619,-0.3298848849629719,0.03173010576317013,0.0,0.0
2016-04-13 00:00:00+07:00,-0.3299029978568559,-0.3371100817554124,-0.3222828848333387,-0.3298848849629719,-6.175100444806386,0.0,0.0
2016-04-14 00:00:00+07:00,-0.3299029978568559,-0.3371100817554124,-0.3222828848333387,-0.3298848849629719,-6.175100444806386,0.0,0.0
2016-04-15 00:00:00+07:00,-0.3238668488806607,-0.3311235546440446,-0.31619721669132633,-0.32384780126122,-6.175100444806386,21.0,0.0
2016-04-18 00:00:00+07:00,-0.3238668488806607,-0.3311235546440446,-0.31619721669132633,-0.32384780126122,-6.175100444806386,0.0,0.0
2016-04-19 00:00:00+07:00,-0.3238668488806607,-0.3311235546440446,-0.31619721669132633,-0.32384780126122,-6.175100444806386,0.0,0.0
2016-04-20 00:00:00+07:00,-0.32530385065051115,-0.3254217019533165,-0.3190950212733142,-0.32097268786685357,0.10139264320037007,0.0,0.0
2016-04-21 00:00:00+07:00,-0.3209921806419524,-0.3268471101897767,-0.3190950212733142,-0.32097268786685357,0.06590092171699091,0.0,0.0
2016-04-22 00:00:00+07:00,-0.32099223752589207,-0.32542175858495476,-0.31619705043901863,-0.31953529897131583,-0.09618439788889502,0.0,0.0
2016-04-25 00:00:00+07:00,-0.3209921806419524,-0.3268471101897767,-0.3234420632223179,-0.32097268786685357,0.06307320449627138,0.0,0.0
2016-04-26 00:00:00+07:00,-0.32386678993245416,-0.3311234961804384,-0.3321363076176047,-0.32959752464501624,0.3193266832759787,0.0,0.0
2016-04-27 00:00:00+07:00,-0.3296157405275793,-0.3311235546440446,-0.3234422844666392,-0.32384780126122,0.07467407721545004,0.0,0.0
2016-04-28 00:00:00+07:00,-0.3195550386112431,-0.32399637466112746,-0.319095102465112,-0.3252851062559349,0.09908281265447756,0.0,0.0
2016-04-29 00:00:00+07:00,-0.32530407179239046,-0.3268473311975656,-0.3190952438014513,-0.32384780126122,0.05698612061595861,0.0,0.0
2016-05-02 00:00:00+07:00,-0.3209921806419524,-0.3268471101897767,-0.3205440352563154,-0.32097268786685357,-0.23884783224031778,0.0,0.0
2016-05-03 00:00:00+07:00,-0.3195551801454717,-0.32399651556657966,-0.3176462302463889,-0.32384780126122,0.16077822337036216,0.0,0.0
2016-05-04 00:00:00+07:00,-0.3238666273143249,-0.3282725184262369,-0.31764600729031295,-0.32097268786685357,0.1313237845239959,0.0,0.0
2016-05-09 00:00:00+07:00,-0.32099223752589207,-0.32257094232736405,-0.31619705043901863,-0.31953529897131583,0.19773161684902868,0.0,0.0
2016-05-10 00:00:00+07:00,-0.3238667135777053,-0.31686933972775305,-0.31619708027837684,-0.31666043727941773,0.38856281720942515,0.0,0.0
2016-05-11 00:00:00+07:00,-0.3181177640667411,-0.31686928272478554,-0.31329899557000385,-0.3180978261749554,0.197860849915873,0.0,0.0
2016-05-12 00:00:00+07:00,-0.32099221062467576,-0.3225709154436322,-0.31329899557000385,-0.3180978261749554,-0.06249421615918295,0.0,0.0
2016-05-13 00:00:00+07:00,-0.326741103740545,-0.3225709154436322,-0.3190950512712554,-0.3180978261749554,0.1319720435616449,0.0,0.0
2016-05-16 00:00:00+07:00,-0.3209922617925618,-0.3282725989097248,-0.32199313011883846,-0.3252851062559349,0.16852373625230238,0.0,0.0
2016-05-17 00:00:00+07:00,-0.32530395843874055,-0.33112344200646954,-0.32489118483489593,-0.32672257905229535,0.07814211478636111,0.0,0.0
2016-05-18 00:00:00+07:00,-0.3324900472431112,-0.33112341507545645,-0.3248911577725647,-0.3252851062559349,0.08840324097745829,0.0,0.0
2016-05-19 00:00:00+07:00,-0.32674104062355064,-0.3325487099831094,-0.3219930157318389,-0.3281598840470103,0.24868709940640615,0.0,0.0
2016-05-20 00:00:00+07:00,-0.3296156008804739,-0.3325488231583221,-0.32199313011883846,-0.3252851062559349,0.0947643965590522,0.0,0.0
2016-05-23 00:00:00+07:00,-0.3267410739866974,-0.3282725184262369,-0.3234420632223179,-0.32097268786685357,-0.17004666462366672,0.0,0.0
2016-05-24 00:00:00+07:00,-0.32386659382285843,-0.32969789338292416,-0.3205440016841514,-0.3281598840470103,0.1006093231287975,0.0,0.0
2016-05-25 00:00:00+07:00,-0.32674118156803966,-0.33254885003774337,-0.32634019860931274,-0.32672257905229535,0.16882751720645983,0.0,0.0
2016-05-26 00:00:00+07:00,-0.3224294849738806,-0.3296980069925907,-0.3248911577725647,-0.3252851062559349,-0.07231131070853887,0.0,0.0
2016-05-27 00:00:00+07:00,-0.32674118156803966,-0.33254885003774337,-0.32489118483489593,-0.32672257905229535,0.15475207680285794,0.0,0.0
2016-05-30 00:00:00+07:00,-0.32530415837385185,-0.3168695641717968,-0.3205443443131766,-0.31522321618552557,0.22648178977189423,0.0,0.0
2016-05-31 00:00:00+07:00,-0.30949450401645096,-0.3168693616937317,-0.3190951297372288,-0.32672257905229535,0.39378441811890325,0.0,0.0
2016-06-01 00:00:00+07:00,-0.3209922672358439,-0.3239963800905692,-0.31619708027837684,-0.31666043727941773,0.1615953876671775,0.0,0.0
2016-06-02 00:00:00+07:00,-0.32099221062467576,-0.3225709154436322,-0.31474800949531684,-0.3180978261749554,0.18731641678531508,0.0,0.0
2016-06-03 00:00:00+07:00,-0.3238666839811503,-0.32542175858495476,-0.31764606431257214,-0.31953529897131583,0.01356795167832246,0.0,0.0
2016-06-06 00:00:00+07:00,-0.31955501429826294,-0.32257094232736405,-0.31474803656546524,-0.31953529897131583,0.24874783648190488,0.0,0.0
2016-06-07 00:00:00+07:00,-0.31811773396957993,-0.3254217019533165,-0.3147479793243104,-0.32097268786685357,0.18305383449318954,0.0,0.0
2016-06-08 00:00:00+07:00,-0.32242940397813863,-0.3268471101897767,-0.3190950212733142,-0.32097268786685357,0.19056236567993204,0.0,0.0
2016-06-09 00:00:00+07:00,-0.32530395843874055,-0.33112344200646954,-0.32199315728606237,-0.32672257905229535,0.09204690651822778,0.0,0.0
2016-06-10 00:00:00+07:00,-0.3281784863185396,-0.3339743391752013,-0.32489126665002876,-0.3310349974413767,0.14212063609191045,0.0,0.0
2016-06-13 00:00:00+07:00,-0.33536459693520554,-0.336825150684437,-0.3335853441001746,-0.3396596664178939,0.13248840591334438,0.0,0.0
2016-06-14 00:00:00+07:00,-0.343987771108964,-0.34252661793856143,-0.33793222024663416,-0.33534716412798976,0.14519633533347184,0.0,0.0
2016-06-15 00:00:00+07:00,-0.33536460117870337,-0.33682515492580206,-0.33068732111347,-0.3310349974413767,-0.13109639917541385,0.0,0.0
2016-06-16 00:00:00+07:00,-0.3296156278266377,-0.33254885003774337,-0.32344217106047923,-0.32672257905229535,-0.014517682699314863,0.0,0.0
2016-06-17 00:00:00+07:00,-0.3267410372029329,-0.3325487065840878,-0.32778906851370165,-0.33247221853526887,0.05527506234636285,0.0,0.0
2016-06-20 00:00:00+07:00,-0.33248992739662486,-0.3368249280849626,-0.33503413537009036,-0.33678455302352744,-0.039128040306969855,0.0,0.0
2016-06-21 00:00:00+07:00,-0.336801597637363,-0.3396757447113965,-0.33503413537009036,-0.33678455302352744,0.19107620392191904,0.0,0.0
2016-06-22 00:00:00+07:00,-0.3368016010514028,-0.32969788997085436,-0.32923808256802123,-0.33247221853526887,0.05219168650864288,0.0,0.0
2016-06-23 00:00:00+07:00,-0.3324901280803979,-0.33254890410793064,-0.32778926661085483,-0.32959752464501624,-0.1868322328057102,0.0,0.0
2016-06-24 00:00:00+07:00,-0.33392737395491673,-0.336825150684437,-0.340830412221094,-0.3396596664178939,0.17993880286924926,0.0,0.0
2016-06-27 00:00:00+07:00,-0.3468621880360879,-0.343951996300474,-0.33938120427427776,-0.3382220258198879,-0.05410583594457134,0.0,0.0
2016-06-28 00:00:00+07:00,-0.3368017167870673,-0.3268471908268591,-0.3292381992531543,-0.3252851062559349,0.2975384631274374,0.0,0.0
2016-06-29 00:00:00+07:00,-0.3181177700587291,-0.3168692887353025,-0.3104009737605229,-0.3094731571984382,0.47004577302788214,0.0,0.0
2016-06-30 00:00:00+07:00,-0.3037455102672589,-0.30831681273167316,-0.30315587710823977,-0.3080356844020778,0.44599841299528326,0.0,0.0
2016-07-01 00:00:00+07:00,-0.3051827576205726,-0.3068914285288726,-0.30750294291800473,-0.3137854916866968,0.31107816696192514,0.0,0.0
2016-07-11 00:00:00+07:00,-0.30662001947058576,-0.2997644266348346,-0.3046049536808427,-0.2979736265300229,0.464664914235005,0.0,0.0
2016-07-12 00:00:00+07:00,-0.2922478519949214,-0.2840850028066057,-0.2872168523449307,-0.2835992341697094,0.45313102148906936,0.0,0.0
2016-07-13 00:00:00+07:00,-0.2807499291498326,-0.2869356814776448,-0.27562460371311476,-0.28072420467616577,0.3421245372150483,0.0,0.0
2016-07-14 00:00:00+07:00,-0.2750012343991912,-0.27980883796874506,-0.27127776090365985,-0.27784951078591313,0.3660359230705379,0.0,0.0
2016-07-15 00:00:00+07:00,-0.27931265899495056,-0.2755323685045283,-0.2712775145683431,-0.2692245901069277,0.4625770680250221,0.0,0.0
2016-07-18 00:00:00+07:00,-0.2750012929403785,-0.2769580806888033,-0.2712778196066444,-0.2720997874021168,0.2804857649321811,0.0,0.0
2016-07-19 00:00:00+07:00,-0.26925235494961464,-0.2584277324238985,-0.2611346781226046,-0.2519755038563616,0.4621730925848504,0.0,0.0
2016-07-20 00:00:00+07:00,-0.24913115437395192,-0.24987520602104107,-0.24229742162167442,-0.24335075097902162,0.3510887490912527,0.0,0.0
2016-07-21 00:00:00+07:00,-0.23907065184776305,-0.23847200130470564,-0.2321543849642136,-0.23760102759522533,0.47474621412884394,0.0,0.0
2016-07-22 00:00:00+07:00,-0.24050773454550273,-0.24274808488474112,-0.2466443822957885,-0.23903833258994028,0.2666837506531029,0.0,0.0
2016-07-25 00:00:00+07:00,-0.23907053836061756,-0.2441735199339437,-0.2393993398954876,-0.24047580538630073,0.2664576419544491,0.0,0.0
2016-07-26 00:00:00+07:00,-0.23907044788663795,-0.24702424637662088,-0.24954234753377477,-0.24910039046199514,0.3410878061237473,0.0,0.0
2016-07-27 00:00:00+07:00,-0.24481954380615062,-0.23989740919742567,-0.2379504394984878,-0.23760102759522533,0.4837569735670194,0.0,0.0
2016-07-28 00:00:00+07:00,-0.24050784310719844,-0.2484498250844314,-0.24374646248354143,-0.24478822377538206,0.20977711970404503,0.0,0.0
2016-07-29 00:00:00+07:00,-0.240507815825907,-0.2413227580592761,-0.23505235294093893,-0.24335075097902162,0.2794384543002392,0.0,0.0
2016-08-01 00:00:00+07:00,-0.24769380968050125,-0.22136692051220375,-0.2393992715496749,-0.218914049044185,0.5046445312498057,0.0,0.0
2016-08-02 00:00:00+07:00,-0.21894937648011503,-0.21994154516862957,-0.21331705347538762,-0.21172685286402826,0.3897618212297564,0.0,0.0
2016-08-03 00:00:00+07:00,-0.21176337129894918,-0.21709083938243898,-0.20752110930871662,-0.21316440956121147,0.278504018310293,0.0,0.0
2016-08-04 00:00:00+07:00,-0.2117632602421029,-0.21566532072281575,-0.20462297011324365,-0.21172685286402826,0.32496685483351717,0.0,0.0
2016-08-05 00:00:00+07:00,-0.2088889569987976,-0.20568760764487057,-0.20317410016683354,-0.20597721338105474,0.42523766364303295,0.0,0.0
2016-08-08 00:00:00+07:00,-0.20314006496022755,-0.20283679181966865,-0.20462311382061218,-0.20597721338105474,0.14763525620703372,0.0,0.0
2016-08-09 00:00:00+07:00,-0.20601436725169328,-0.2142399125742112,-0.20607198400693447,-0.21172685286402826,0.2171601014864607,0.0,0.0
2016-08-10 00:00:00+07:00,-0.2117633143904362,-0.21994159887182121,-0.2118680936283253,-0.21460179845674918,0.07843425064120053,0.0,0.0
2016-08-11 00:00:00+07:00,-0.20601442176101536,-0.21423996663542405,-0.20897006602291898,-0.21460179845674918,0.25517648081179795,0.0,0.0
2016-08-12 00:00:00+07:00,-0.21032603699450053,-0.20711287183118815,-0.20607198400693447,-0.21172685286402826,0.32397675656414043,0.0,0.0
2016-08-15 00:00:00+07:00,-0.2031397819848327,-0.2071127335190033,-0.20317381769469547,-0.2088518233704846,0.24256919441587654,0.0,0.0
2016-08-16 00:00:00+07:00,-0.20026550728027387,-0.20853831272734114,-0.1973779337156484,-0.20453965668387153,0.05239097565124228,0.0,0.0
2016-08-18 00:00:00+07:00,-0.20457709614571462,-0.20283659937125015,-0.1959288385001044,-0.20022723829479017,0.44503661867394284,0.0,0.0
2016-08-19 00:00:00+07:00,-0.18876753122928314,-0.19428404222793466,-0.18868366048532237,-0.19447734710934836,0.4120689257334859,0.0,0.0
2016-08-22 00:00:00+07:00,-0.18876753122928314,-0.19713485903085837,-0.18723464633458686,-0.19447734710934836,0.2634308200823341,0.0,0.0
2016-08-23 00:00:00+07:00,-0.18301917508271912,-0.1914337588670094,-0.19737827367167876,-0.19591532331064537,0.1366191195233753,0.0,0.0
2016-08-24 00:00:00+07:00,-0.19451642523950577,-0.1999856758337822,-0.18723464633458686,-0.19447734710934836,0.2663999216937465,0.0,0.0
2016-08-25 00:00:00+07:00,-0.1916422009187038,-0.1999858966874524,-0.20462303516977198,-0.1973524605037148,0.11318765682097447,0.0,0.0
2016-08-26 00:00:00+07:00,-0.19739097951217877,-0.20568741582536837,-0.19447982452665985,-0.20022723829479017,-0.020701227076356517,0.0,0.0
2016-08-29 00:00:00+07:00,-0.19882822367057496,-0.20711284471286368,-0.20607195693744534,-0.2102893800676678,-0.08195870092570974,0.0,0.0
2016-08-30 00:00:00+07:00,-0.21032603699450053,-0.218516137020025,-0.20607198400693447,-0.21172685286402826,0.10852395047555281,0.0,0.0
2016-08-31 00:00:00+07:00,-0.22038646370401535,-0.20996355027043972,-0.21186790244208822,-0.2088518233704846,0.4115585818454638,0.0,0.0
2016-09-01 00:00:00+07:00,-0.2203865997277174,-0.21566532072281575,-0.21186803958169717,-0.21172685286402826,0.028667755731486458,0.0,0.0
2016-09-02 00:00:00+07:00,-0.208888813746898,-0.2028366473853745,-0.20462297011324365,-0.21172685286402826,0.07082076403419804,0.0,0.0
2016-09-05 00:00:00+07:00,-0.1959538045184764,-0.20426205553397903,-0.20462297011324365,-0.21172685286402826,0.1262198408203849,0.0,0.0
2016-09-06 00:00:00+07:00,-0.20888878671808028,-0.21423988567853297,-0.20607195693744534,-0.2102893800676678,0.10914744265893275,0.0,0.0
2016-09-07 00:00:00+07:00,-0.1945165328587643,-0.20283659937125015,-0.1973778524735486,-0.20022723829479017,0.33852357828489066,0.0,0.0
2016-09-08 00:00:00+07:00,-0.19451655998520018,-0.20283662627468552,-0.19447985160750772,-0.2016647110911506,0.18621980455546866,0.0,0.0
2016-09-09 00:00:00+07:00,-0.2017025585082343,-0.20996355027043972,-0.20462283181926094,-0.2088518233704846,0.1794603164619409,0.0,0.0
2016-09-13 00:00:00+07:00,-0.20888878671808028,-0.21423988567853297,-0.21186801269327452,-0.2102893800676678,0.25825175015102764,0.0,0.0
2016-09-14 00:00:00+07:00,-0.21463781742396476,-0.21994165531250173,-0.21476617784410387,-0.21316440956121147,0.20323074200423996,0.0,0.0
2016-09-15 00:00:00+07:00,-0.2002656189409429,-0.20283679181966865,-0.20462311382061218,-0.20597721338105474,0.39159070360744314,0.0,0.0
2016-09-16 00:00:00+07:00,-0.20601451097951265,-0.20711301555747122,-0.20317410016683354,-0.20597721338105474,0.37318458118977266,0.0,0.0
2016-09-19 00:00:00+07:00,-0.1973910934782141,-0.2042621208127484,-0.19737796624436144,-0.1973524605037148,0.10820194800235768,0.0,0.0
2016-09-20 00:00:00+07:00,-0.2002656189409429,-0.2042621997322696,-0.1973780455517194,-0.20597721338105474,0.1275365995050169,0.0,0.0
2016-09-21 00:00:00+07:00,-0.20601434624426365,-0.2071128508239831,-0.19882689339377718,-0.2016647110911506,0.20495899296099773,0.0,0.0
2016-09-22 00:00:00+07:00,-0.19164209255212683,-0.1857317070436609,-0.18433673310097182,-0.191602569318273,0.2706070129692056,0.0,0.0
2016-09-23 00:00:00+07:00,-0.18445617694584712,-0.18573190797710032,-0.18143890648988978,-0.18441554093976176,0.2659096933349217,0.0,0.0
2016-09-26 00:00:00+07:00,-0.18445597597027485,-0.19285874812769715,-0.18868377499004035,-0.191602569318273,0.027788706407129854,0.0,0.0
2016-09-27 00:00:00+07:00,-0.20601429863843704,-0.16292514711933134,-0.20317388750152973,-0.15422894781948335,0.2964812679987377,0.0,0.0
2016-09-28 00:00:00+07:00,-0.17870700117413202,-0.18145540101365573,-0.1799896099359736,-0.18729015092919163,0.24332859297407375,0.0,0.0
2016-09-29 00:00:00+07:00,-0.18301893351604143,-0.1686269924463229,-0.17419381770570008,-0.17004106467862554,0.3252923109245336,0.0,0.0
2016-09-30 00:00:00+07:00,-0.15571163837376586,-0.16292530344717585,-0.17419376128770872,-0.17147845357416322,0.3620314640440464,0.0,0.0
2016-10-03 00:00:00+07:00,-0.15714881494244268,-0.15152199242396558,-0.14811146668117778,-0.15566650451666655,0.14561394957624085,0.0,0.0
2016-10-04 00:00:00+07:00,-0.1427766105312751,-0.15152201966569412,-0.15100952152815417,-0.157103977313027,0.15678311339023018,0.0,0.0
2016-10-05 00:00:00+07:00,-0.16864670552953268,-0.16292536301341745,-0.15970368329513954,-0.16572873019036694,0.07021506415417277,0.0,0.0
2016-10-06 00:00:00+07:00,-0.15427441783305973,-0.16007448997418633,-0.15970362624334938,-0.16716611908590465,0.041384980814566416,0.0,0.0
2016-10-07 00:00:00+07:00,-0.15427447531883398,-0.16292536301341745,-0.15970368329513954,-0.16572873019036694,-0.04109095781778393,0.0,0.0
2016-10-10 00:00:00+07:00,-0.17152109263781545,-0.16720152749819547,-0.16549967872822877,-0.17147845357416322,-0.25369467992715405,0.0,0.0
2016-10-11 00:00:00+07:00,-0.1585861443820436,-0.16720158678522046,-0.16115269696043918,-0.16572873019036694,0.11546615381596648,0.0,0.0
2016-10-12 00:00:00+07:00,-0.16577222507187175,-0.1714777763164104,-0.18143885451010586,-0.17722826085878227,0.14658863841755132,0.0,0.0
2016-10-13 00:00:00+07:00,-0.17727008949167763,-0.1814557117020367,-0.18288794741111367,-0.18585301373612223,0.03791354532472196,0.0,0.0
2016-10-14 00:00:00+07:00,-0.18445615876130117,-0.16007454716554873,-0.1814388882746354,-0.16572873019036694,0.2532212889837624,0.0,0.0
2016-10-17 00:00:00+07:00,-0.1657721513301248,-0.16720147866844928,-0.15680554691997484,-0.15997883900492513,0.2762880726511346,0.0,0.0
2016-10-18 00:00:00+07:00,-0.15427437131499114,-0.1586490356092543,-0.14811146944335402,-0.15135417002840795,0.3933558772187464,0.0,0.0
2016-10-19 00:00:00+07:00,-0.1557115917545725,-0.1543728086026921,-0.1553565358485191,-0.15566650451666655,-0.058590460718154644,0.0,0.0
2016-10-20 00:00:00+07:00,-0.16289786821168661,-0.16577623352018556,-0.15970373816249983,-0.16860367578308785,-0.09856543853038488,0.0,0.0
2016-10-21 00:00:00+07:00,-0.1628978134452534,-0.1714778105570236,-0.15825466962984,-0.16572873019036694,0.006005717374035387,0.0,0.0
2016-10-24 00:00:00+07:00,-0.1614606432541854,-0.17005245502878724,-0.1712958447905126,-0.17291601027134645,0.07658618170373109,0.0,0.0
2016-10-25 00:00:00+07:00,-0.17583272697183897,-0.18003016476168338,-0.1756427400885456,-0.18297798424257855,0.24797881171521932,0.0,0.0
2016-10-26 00:00:00+07:00,-0.17726995014277006,-0.18573179705193638,-0.1756427400885456,-0.18297798424257855,0.06068216002982725,0.0,0.0
2016-10-27 00:00:00+07:00,-0.18301873205673047,-0.1871570947337745,-0.17564262859017984,-0.18154042754539534,0.14979327820367966,0.0,0.0
2016-10-28 00:00:00+07:00,-0.18158167890264482,-0.1857318560958264,-0.17854082706970312,-0.17722826085878227,0.11512159323272089,0.0,0.0
2016-10-31 00:00:00+07:00,-0.18301873205673047,-0.18573168648401922,-0.17854065658321347,-0.18154042754539534,0.08195269187872199,0.0,0.0
2016-11-01 00:00:00+07:00,-0.18301898128213845,-0.18288111955312017,-0.17709189304614403,-0.18585301373612223,0.14091179628485476,0.0,0.0
2016-11-02 00:00:00+07:00,-0.1858933999375396,-0.190008131661496,-0.1843369337612526,-0.18441554093976176,0.23380986827099523,0.0,0.0
2016-11-03 00:00:00+07:00,-0.18301867151584678,-0.1914332594398505,-0.18578566631583077,-0.18729015092919163,0.09706237581397793,0.0,0.0
2016-11-04 00:00:00+07:00,-0.19164218185207738,-0.1914334293421892,-0.18578583680327573,-0.18297798424257855,0.06365233177588839,0.0,0.0
2016-11-07 00:00:00+07:00,-0.19739101558236974,-0.19000796174648363,-0.19737788848195195,-0.18872770762637484,0.26352049904137753,0.0,0.0
2016-11-08 00:00:00+07:00,-0.188767735510216,-0.18573179705193638,-0.17998978153771572,-0.18297798424257855,0.2507592858563813,0.0,0.0
2016-11-09 00:00:00+07:00,-0.18301863721906064,-0.18715700022062515,-0.18868366048532237,-0.19447734710934836,0.3115703605665412,0.0,0.0
2016-11-10 00:00:00+07:00,-0.19451675872463228,-0.1957097840751684,-0.19013300920887719,-0.198790017200898,0.1042373736498945,0.0,0.0
2016-11-11 00:00:00+07:00,-0.2117633615648849,-0.21994164565845908,-0.23215433284224382,-0.23041374751424584,0.506956932293705,0.0,0.0
2016-11-14 00:00:00+07:00,-0.24625670571969022,-0.2541514275506621,-0.26403262524989524,-0.24766308546728022,0.3849452296650611,0.0,0.0
2016-11-15 00:00:00+07:00,-0.25200565875413505,-0.2270687381629451,-0.25533860310131024,-0.23760102759522533,0.33436951513528995,0.0,0.0
2016-11-16 00:00:00+07:00,-0.23619610015093026,-0.2242178150111432,-0.22780723747858606,-0.22753880192152495,0.3174404761348463,0.0,0.0
2016-11-17 00:00:00+07:00,-0.22613559478165637,-0.22849409597101197,-0.22056222549585983,-0.22610141302598724,0.2936453002823308,0.0,0.0
2016-11-18 00:00:00+07:00,-0.22900998429627661,-0.2341956715190858,-0.22490920984580598,-0.22753880192152495,0.1542785381500329,0.0,0.0
2016-11-21 00:00:00+07:00,-0.22900998429627661,-0.2327702634465227,-0.22490920984580598,-0.22753880192152495,0.1818999079678839,0.0,0.0
2016-11-22 00:00:00+07:00,-0.240507683956458,-0.23562099326995825,-0.2321541925173691,-0.23185105250896076,0.31819806933953115,0.0,0.0
2016-11-23 00:00:00+07:00,-0.23188454120918583,-0.23419578192969975,-0.22490932113371725,-0.22897635861870816,-0.004291436164048844,0.0,0.0
2016-11-24 00:00:00+07:00,-0.24050787483735986,-0.23704659341198547,-0.2379504394984878,-0.23760102759522533,0.16535024700545517,0.0,0.0
2016-11-25 00:00:00+07:00,-0.24050773454550273,-0.2455989011499695,-0.23505227127630535,-0.23903833258994028,0.11103563087000662,0.0,0.0
2016-11-28 00:00:00+07:00,-0.24338225952842685,-0.247024387561246,-0.24229741914279646,-0.24766308546728022,0.13243107017837027,0.0,0.0
2016-11-29 00:00:00+07:00,-0.2505682346118277,-0.2527258793401649,-0.2538893894962756,-0.24910039046199514,0.23559754850331097,0.0,0.0
2016-11-30 00:00:00+07:00,-0.24913123360326617,-0.25415150885370225,-0.24519552855577426,-0.2519755038563616,0.3988402930285275,0.0,0.0
2016-12-01 00:00:00+07:00,-0.24796158480441424,-0.24008567305888423,-0.24112538513262818,-0.236374649268931,0.25275429641547253,14.0,0.0
2016-12-02 00:00:00+07:00,-0.2277415395854642,-0.2085724956263015,-0.2236517424452283,-0.22626308991144728,0.33930495457737997,0.0,0.0
2016-12-05 00:00:00+07:00,-0.2262971664687335,-0.22576145210756668,-0.22802008737107754,-0.22770752647609688,0.07841013862790103,0.0,0.0
2016-12-06 00:00:00+07:00,-0.22485295368369604,-0.23005879162725396,-0.2221956008500504,-0.22626308991144728,0.04544419336927472,0.0,0.0
2016-12-07 00:00:00+07:00,-0.22485287338128063,-0.23149113158293821,-0.22219552043960927,-0.22770752647609688,0.10245183372709465,0.0,0.0
2016-12-08 00:00:00+07:00,-0.23640729348471173,-0.22289668908787807,-0.22802016339348113,-0.22481856944597492,0.2973658171508079,0.0,0.0
2016-12-09 00:00:00+07:00,-0.21907577799535644,-0.22719394830759332,-0.2192833137827176,-0.22481856944597492,0.1787865169599375,0.0,0.0
2016-12-13 00:00:00+07:00,-0.22629724278258778,-0.22862636804749834,-0.22802016339348113,-0.22481856944597492,0.296120515126644,0.0,0.0
2016-12-14 00:00:00+07:00,-0.22485269133687164,-0.21573432879315452,-0.21637076997028193,-0.22192927681256192,0.3156049252134769,0.0,0.0
2016-12-15 00:00:00+07:00,-0.22340847814292894,-0.22576135010840673,-0.21637085069407366,-0.22048484024791232,0.30755218371792326,0.0,0.0
2016-12-16 00:00:00+07:00,-0.2248528512002573,-0.21573449057803598,-0.21928321468694859,-0.21904040368326272,0.24785541225869626,0.0,0.0
2016-12-19 00:00:00+07:00,-0.2364072896915783,-0.22576152472141747,-0.2280201595692297,-0.22337404898050256,0.012394003730355813,0.0,0.0
2016-12-20 00:00:00+07:00,-0.23351853096911618,-0.22719377014925485,-0.22510770214039905,-0.22048484024791232,-0.11547154415197461,0.0,0.0
2016-12-21 00:00:00+07:00,-0.2190757818801596,-0.22719395216046037,-0.2207394592548725,-0.22626308991144728,0.21882063671507568,0.0,0.0
2016-12-22 00:00:00+07:00,-0.23640723291768498,-0.24008566558691813,-0.2338446691578826,-0.2334856083379863,0.13237143098130125,0.0,0.0
2016-12-23 00:00:00+07:00,-0.24218442010356991,-0.2386532607648086,-0.24112539262347527,-0.23926369019987573,0.12252268038965891,0.0,0.0
2016-12-27 00:00:00+07:00,-0.24796154120306843,-0.2243290100155697,-0.24986219187583464,-0.21904040368326272,-0.07485011234359064,0.0,0.0
2016-12-28 00:00:00+07:00,-0.21329860226779976,-0.21430216675028832,-0.21491488509374254,-0.22337404898050256,0.10530778385825659,0.0,0.0
2016-12-29 00:00:00+07:00,-0.2190756005499782,-0.1913832713914601,-0.21491471098283002,-0.1872609534428709,0.29884976767512517,0.0,0.0
2016-12-30 00:00:00+07:00,-0.18730112778464517,-0.18422114999906616,-0.17996728404126702,-0.17859383065003673,0.5265945805883695,0.0,0.0
2017-01-02 00:00:00+07:00,-0.17863536803527477,-0.18708599014161367,-0.16977429047071416,-0.17859383065003673,-6.175100444806386,0.0,0.0
2017-01-03 00:00:00+07:00,-0.1786355772895509,-0.17132958057369926,-0.18579205902378487,-0.16270435723230908,-0.03553248379353212,0.0,0.0
2017-01-04 00:00:00+07:00,-0.15841540292013037,-0.1655998291008866,-0.1610375791686375,-0.1670378347279034,0.17320378924508295,0.0,0.0
2017-01-05 00:00:00+07:00,-0.16708124910324268,-0.17132959596603134,-0.1624938089482448,-0.16848243909419852,0.22147246756652478,0.0,0.0
2017-01-06 00:00:00+07:00,-0.18152418992584923,-0.17562686672072586,-0.17268681158587368,-0.1728160004906156,-0.1205816161414724,0.0,0.0
2017-01-09 00:00:00+07:00,-0.17574680283442562,-0.18135633113120161,-0.19016029861497047,-0.1872609534428709,0.18472331251101579,0.0,0.0
2017-01-10 00:00:00+07:00,-0.18152396873559234,-0.1870860041880644,-0.17996729815912155,-0.18437191251192617,0.001512499500488217,0.0,0.0
2017-01-11 00:00:00+07:00,-0.17574672479647063,-0.18278867364752796,-0.1814233697777822,-0.19014991047299284,-0.058395823240884485,0.0,0.0
2017-01-12 00:00:00+07:00,-0.1901898227037193,-0.18995093878289154,-0.18287967696480964,-0.188705557809166,-0.18080563807985153,0.0,0.0
2017-01-13 00:00:00+07:00,-0.19596725294323064,-0.182789101273977,-0.18724836214146645,-0.19159485044257898,0.10239182408677318,0.0,0.0
2017-01-16 00:00:00+07:00,-0.19596710139382226,-0.20141040365376686,-0.1988973420209554,-0.1973727645028229,0.06285193030802223,0.0,0.0
2017-01-17 00:00:00+07:00,-0.19741139433364094,-0.20141040365376686,-0.19016049251682535,-0.1973727645028229,-0.2917902487993051,0.0,0.0
2017-01-18 00:00:00+07:00,-0.19163395200559913,-0.19854529542525268,-0.1901602219606859,-0.19014991047299284,0.2051209257788834,0.0,0.0
2017-01-19 00:00:00+07:00,-0.18730122909685804,-0.19281577123335053,-0.1843358113351439,-0.1858165168782213,-0.14256083276511883,0.0,0.0
2017-01-20 00:00:00+07:00,-0.19307833612966052,-0.19997780572984566,-0.19598488036864242,-0.1930390353047603,-0.054682904417966645,0.0,0.0
2017-01-23 00:00:00+07:00,-0.19596686676298916,-0.1985453299760039,-0.1959848246316531,-0.2045951151277164,-0.298166130417531,0.0,0.0
2017-01-24 00:00:00+07:00,-0.19596686676298916,-0.20141017018631552,-0.1959848246316531,-0.2045951151277164,-0.1239410245190232,0.0,0.0
2017-01-25 00:00:00+07:00,-0.19163417244656455,-0.1999779342156324,-0.20180957572525876,-0.21037336479125135,-0.1549086359075538,0.0,0.0
2017-01-26 00:00:00+07:00,-0.20752117921472746,-0.19138319461719594,-0.19889707414358965,-0.19014991047299284,0.012056934156026647,0.0,0.0
2017-01-27 00:00:00+07:00,-0.1988554879602127,-0.18422116409082775,-0.1901602915684588,-0.18437191251192617,-0.11165065723860908,0.0,0.0
2017-01-30 00:00:00+07:00,-0.17430274895287629,-0.18278898857616235,-0.17996754275261967,-0.18148312328344973,-0.1495872644926348,0.0,0.0
2017-01-31 00:00:00+07:00,-0.19018965862295104,-0.18422109380913934,-0.18433565383875006,-0.19014991047299284,-0.11733433168416268,0.0,0.0
2017-02-01 00:00:00+07:00,-0.17863546293593435,-0.18708608426211562,-0.17414281150290406,-0.18292747594727657,-0.061695517832787566,0.0,0.0
2017-02-02 00:00:00+07:00,-0.1887456776824218,-0.18851866720059404,-0.18287982578583764,-0.18148312328344973,0.060290046222424024,0.0,0.0
2017-02-03 00:00:00+07:00,-0.18152420938752437,-0.18708624363405585,-0.17414297273022838,-0.18003860281797737,-0.050686700379668846,0.0,0.0
2017-02-06 00:00:00+07:00,-0.17430272537182276,-0.17705928641437332,-0.16977452847633326,-0.1728160004906156,0.06970721761261914,0.0,0.0
2017-02-07 00:00:00+07:00,-0.18296839617385605,-0.17992403873687632,-0.17414286576688404,-0.17137139612432048,-0.027261706698773282,0.0,0.0
2017-02-08 00:00:00+07:00,-0.1714141395502121,-0.17849170610802095,-0.1683183869215628,-0.1728160004906156,0.12398981655021889,0.0,0.0
2017-02-09 00:00:00+07:00,-0.17285834481501025,-0.17849161890392512,-0.16394987389221702,-0.17137139612432048,0.3326510845344422,0.0,0.0
2017-02-10 00:00:00+07:00,-0.1714138874834082,-0.17562661552613396,-0.19889711560242726,-0.2074841560586611,0.1637106497491335,0.0,0.0
2017-02-13 00:00:00+07:00,-0.17863528077031565,-0.17849138232884054,-0.1785110549731835,-0.1771492262837416,0.224535639736163,0.0,0.0
2017-02-14 00:00:00+07:00,-0.18152395461839824,-0.18422114999906616,-0.17705500016396622,-0.17859383065003673,0.09725022935101992,0.0,0.0
2017-02-15 00:00:00+07:00,-0.17863536803527477,-0.18708599014161367,-0.16977429047071416,-0.17859383065003673,-6.175100444806386,0.0,0.0
2017-02-16 00:00:00+07:00,-0.17285819486902784,-0.18135630985651835,-0.17705500016396622,-0.17859383065003673,0.26174622793234475,0.0,0.0
2017-02-17 00:00:00+07:00,-0.18152420938752437,-0.18278898464681062,-0.17851139729929036,-0.18003860281797737,0.015319867830047847,0.0,0.0
2017-02-20 00:00:00+07:00,-0.17285845607992198,-0.18135656892005467,-0.17559911820279242,-0.18148312328344973,-0.017583347421660758,0.0,0.0
2017-02-21 00:00:00+07:00,-0.1844125412015217,-0.18565357007033975,-0.17559885822531573,-0.17859383065003673,-0.033541456575316014,0.0,0.0
2017-02-22 00:00:00+07:00,-0.1844125412015217,-0.1827887299277921,-0.17559885822531573,-0.17859383065003673,-0.02803231218566115,0.0,0.0
2017-02-23 00:00:00+07:00,-0.1844125412015217,-0.1827887299277921,-0.17559885822531573,-0.17859383065003673,0.1583641068819214,0.0,0.0
2017-02-24 00:00:00+07:00,-0.17719107474371296,-0.18135630985651835,-0.16977429047071416,-0.17859383065003673,-0.15366333332963011,0.0,0.0
2017-02-27 00:00:00+07:00,-0.17863536803527477,-0.18565357007033975,-0.17559885822531573,-0.17859383065003673,-0.20613589624182532,0.0,0.0
2017-02-28 00:00:00+07:00,-0.17863562757173987,-0.18422140823227035,-0.17559911820279242,-0.18148312328344973,0.2625359110102417,0.0,0.0
2017-03-01 00:00:00+07:00,-0.1844125412015217,-0.18565357007033975,-0.17559885822531573,-0.17859383065003673,0.23641483187581738,0.0,0.0
2017-03-02 00:00:00+07:00,-0.16996960828590438,-0.1770590496426968,-0.17123043240936447,-0.17859383065003673,0.14381841170126863,0.0,0.0
2017-03-03 00:00:00+07:00,-0.18152420938752437,-0.1842214043092257,-0.17414297273022838,-0.18003860281797737,0.18616674992146287,0.0,0.0
2017-03-06 00:00:00+07:00,-0.1844127951461523,-0.18851866329647093,-0.17851139729929036,-0.18003860281797737,-0.05140598245852091,0.0,0.0
2017-03-07 00:00:00+07:00,-0.18441279906355806,-0.18708624754448605,-0.17559911820279242,-0.18148312328344973,0.0053517896616583375,0.0,0.0
2017-03-08 00:00:00+07:00,-0.17863536803527477,-0.18565357007033975,-0.17268657434801496,-0.17859383065003673,0.18196555210183457,0.0,0.0
2017-03-09 00:00:00+07:00,-0.17141405176374658,-0.17562677923802272,-0.16977444067774108,-0.17137139612432048,-0.031289842638179445,0.0,0.0
2017-03-10 00:00:00+07:00,-0.16708117260995559,-0.17562677923802272,-0.1712305823741221,-0.17137139612432048,-0.14230292776230294,0.0,0.0
2017-03-13 00:00:00+07:00,-0.17285827196821918,-0.17849154642442788,-0.1712305095182097,-0.1757048736199148,-0.25405701687983495,0.0,0.0
2017-03-14 00:00:00+07:00,-0.16708124910324268,-0.16416749740529127,-0.1610376673746675,-0.16848243909419852,0.06388985853785434,0.0,0.0
2017-03-15 00:00:00+07:00,-0.1627482051101093,-0.17132943211938748,-0.16831821132211627,-0.16992679175802536,0.1062389145913177,0.0,0.0
2017-03-16 00:00:00+07:00,-0.15552679055891327,-0.15843770367632384,-0.1523007026101162,-0.1569261914695969,0.4446014465098494,0.0,0.0
2017-03-17 00:00:00+07:00,-0.14974960698536316,-0.1469783333648844,-0.14793226620656316,-0.15259263007317983,0.5088915404870885,0.0,0.0
2017-03-20 00:00:00+07:00,-0.14397241603738292,-0.14554589502896753,-0.14356382247111646,-0.14537002774581806,0.4542861531805942,0.0,0.0
2017-03-21 00:00:00+07:00,-0.13675109224113927,-0.1426811964072058,-0.13191483054072842,-0.13525855228915706,0.3285654515039027,0.0,0.0
2017-03-22 00:00:00+07:00,-0.14686113138541085,-0.13838392570887173,-0.1377393853549814,-0.13092499089274,0.4308773489384401,0.0,0.0
2017-03-23 00:00:00+07:00,-0.12664107100304797,-0.11546525142663124,-0.11880958582509246,-0.11503534967336683,0.462365816349428,0.0,0.0
2017-03-24 00:00:00+07:00,-0.10353205204637182,-0.11260008214061608,-0.11444083280413135,-0.1179240550010205,0.17801083433636636,0.0,0.0
2017-03-27 00:00:00+07:00,-0.11797498592668694,-0.12262702330927003,-0.11152854873230839,-0.1179240550010205,0.12659323471037875,0.0,0.0
2017-03-29 00:00:00+07:00,-0.11075383353782492,-0.11116797674538961,-0.10424815473363211,-0.1092572678114774,0.27021528431354863,0.0,0.0
2017-03-30 00:00:00+07:00,-0.10208805657419198,-0.1083031179845735,-0.09987971057339996,-0.10203466548411562,0.21638990864936186,0.0,0.0
2017-03-31 00:00:00+07:00,-0.10208775865834034,-0.10114072080501162,-0.1086162646604851,-0.1179240550010205,0.15830875496656366,0.0,0.0
2017-04-03 00:00:00+07:00,-0.11653102466857773,-0.10400589799094602,-0.10716045747921264,-0.11647987013883919,0.44621891498136895,0.0,0.0
2017-04-04 00:00:00+07:00,-0.10642061145117833,-0.10687037408346983,-0.10279166908578583,-0.10636789127724165,0.12459324038121,0.0,0.0
2017-04-05 00:00:00+07:00,-0.10642061145117833,-0.1154648953282738,-0.09696710077738839,-0.10636789127724165,-6.175100444806386,0.0,0.0
2017-04-06 00:00:00+07:00,-0.0804235856698225,-0.0796546465587529,-0.070756801427819,-0.07314425617466848,0.2835034623977679,0.0,0.0
2017-04-07 00:00:00+07:00,-0.0645362737723326,-0.07392487965852372,-0.07075671383236098,-0.07169965180837337,0.328840629575065,0.0,0.0
2017-04-10 00:00:00+07:00,-0.05587051467335205,-0.05816826005709087,-0.0678444301736353,-0.07169965180837337,0.15039713539945682,0.0,0.0
2017-04-11 00:00:00+07:00,-0.06309221842710237,-0.06676301707031133,-0.06784466653717737,-0.06592182164895222,0.1871400937175864,0.0,0.0
2017-04-12 00:00:00+07:00,-0.06598060687054703,-0.06103314013869018,-0.057651477552946744,-0.05436549012352784,0.03233323419644178,0.0,0.0
2017-04-13 00:00:00+07:00,-0.0515376351238617,-0.06103309998462389,-0.07075671383236098,-0.07169965180837337,0.0066979355727730065,0.0,0.0
2017-04-17 00:00:00+07:00,-0.06419064656939598,-0.07358209378147425,-0.09253619774072323,-0.0888735629217458,0.20724881054071637,26.0,0.0
2017-04-18 00:00:00+07:00,-0.08601859820269904,-0.09090090082268322,-0.08373338850695158,-0.0888735629217458,0.23645054419253392,0.0,0.0
2017-04-19 00:00:00+07:00,-0.08892899175380618,-0.09811707042318693,-0.07933198389006584,-0.0888735629217458,-6.175100444806386,0.0,0.0
2017-04-20 00:00:00+07:00,-0.07292199046641741,-0.05626345287777528,-0.06759506877695928,-0.06558697346531395,0.36239149929599895,0.0,0.0
2017-04-21 00:00:00+07:00,-0.08019802177067158,-0.06492290439969717,-0.07346365617740325,-0.05685449193154916,0.1790253036665436,0.0,0.0
2017-04-25 00:00:00+07:00,-0.04672835037092898,-0.05626335131320068,-0.057325025146255655,-0.06122060684719741,0.2656643196799664,0.0,0.0
2017-04-26 00:00:00+07:00,-0.04672830215149593,-0.03605802894090973,-0.05732497749527859,-0.02629042900966997,0.16053079509155171,0.0,0.0
2017-04-27 00:00:00+07:00,-0.061280289680427175,-0.05770655749129492,-0.051456458279361565,-0.05394346898504112,0.09635829181140887,0.0,0.0
2017-04-28 00:00:00+07:00,-0.0540045056245564,-0.049047355025504176,-0.044120985379074606,-0.040844872535628074,0.09967305196412188,0.0,0.0
2017-05-02 00:00:00+07:00,-0.040907703235183626,-0.03894468537953119,-0.030916739861350878,-0.03211230710104053,0.341980208494198,0.0,0.0
2017-05-03 00:00:00+07:00,-0.03799734480434387,-0.044717654268939186,-0.03091677458949679,-0.040844872535628074,-0.060395043690438036,0.0,0.0
2017-05-04 00:00:00+07:00,-0.037997327460377504,-0.03605823536115006,-0.02944962259562858,-0.0364785898183343,0.3009297103718685,0.0,0.0
2017-05-05 00:00:00+07:00,-0.040907648129600176,-0.04616079866422077,-0.041186626919062906,-0.039389361062374055,-0.1505125146912641,0.0,0.0
2017-05-08 00:00:00+07:00,-0.03363170936772398,-0.027398804796085724,-0.026515324622650827,-0.02920145195617801,0.07389868129186011,0.0,0.0
2017-05-09 00:00:00+07:00,-0.008893186609068932,-0.015852754391650375,-0.025048010835378196,-0.02629042900966997,-0.011121614866143287,0.0,0.0
2017-05-10 00:00:00+07:00,-0.04090753141261722,-0.031728343681108245,-0.030916566629191997,-0.030656711726963746,0.14652697442983448,0.0,0.0
2017-05-12 00:00:00+07:00,0.00420358415561729,-0.004306883220645095,-0.025048010835378196,-0.02629042900966997,0.35071558549388804,0.0,0.0
2017-05-15 00:00:00+07:00,-0.02635557635736026,-0.021625718865420005,-0.016245230710707846,-0.01173623718618015,-0.07868921025834674,0.0,0.0
2017-05-16 00:00:00+07:00,-0.03217638353760567,-0.038944545369548667,-0.06172642948420813,-0.06122060684719741,0.5299353800560028,0.0,0.0
2017-05-17 00:00:00+07:00,-0.061280333536396565,-0.06925247199209392,-0.07933206285264127,-0.0874182192501373,0.40665538399596285,0.0,0.0
2017-05-18 00:00:00+07:00,-0.09620503760422812,-0.06780922194230198,-0.0866677207326057,-0.06122060684719741,0.475200031915922,0.0,0.0
2017-05-19 00:00:00+07:00,-0.06128045404920788,-0.031728517211342795,-0.06906223896964372,-0.03211230710104053,0.4388095210503355,0.0,0.0
2017-05-22 00:00:00+07:00,-0.017624618483322974,-0.021625940648747028,-0.04998954655789031,-0.04666658282535311,0.15877258687694706,0.0,0.0
2017-05-23 00:00:00+07:00,-0.046728534979725754,-0.05049060012716192,-0.05585807306302347,-0.043755727680490596,0.18283168862890034,0.0,0.0
2017-05-24 00:00:00+07:00,-0.058370074764092963,-0.06636613801388531,-0.05292377231897176,-0.05685449193154916,0.2205996688396976,0.0,0.0
2017-05-26 00:00:00+07:00,-0.05545957535621426,-0.0519336949159396,-0.048522261594575046,-0.051032697741001366,0.30934791270380635,0.0,0.0
2017-05-29 00:00:00+07:00,-0.04527323782258874,-0.038944630111155266,-0.04412089623773981,-0.039389361062374055,0.2402423097379643,0.0,0.0
2017-05-30 00:00:00+07:00,-0.04381791239776421,-0.04760390385163242,-0.039719363076085784,-0.04957718626774735,0.032556463048864545,0.0,0.0
2017-05-31 00:00:00+07:00,-0.04963888672444741,-0.05626349352746399,-0.06612797429613934,-0.07577496647233276,1.0505030947063034,0.0,0.0
2017-06-01 00:00:00+07:00,-0.07583242336851546,-0.08512816607148457,-0.06612797429613934,-0.07577496647233276,-6.175100444806386,0.0,0.0
2017-06-02 00:00:00+07:00,-0.05982508749199179,-0.0562633181328168,-0.05585785725815246,-0.05248804141260986,0.5355653889374007,0.0,0.0
2017-06-05 00:00:00+07:00,-0.0379971821327069,-0.046160726293518715,-0.04705509343176225,-0.042300132306413815,0.23765750153028659,0.0,0.0
2017-06-06 00:00:00+07:00,-0.05545949729983295,-0.054820084257181365,-0.0455879134684978,-0.05248804141260986,0.1804186295204175,0.0,0.0
2017-06-07 00:00:00+07:00,-0.046728511952241605,-0.044717642752985245,-0.03971957023984129,-0.03793401739076556,0.12565899694549212,0.0,0.0
2017-06-08 00:00:00+07:00,-0.03508674449773873,-0.033171577554760086,-0.025048027328883435,-0.030656711726963746,0.2026277546337389,0.0,0.0
2017-06-09 00:00:00+07:00,-0.020534999386483878,-0.0302853301569378,-0.0441209969375293,-0.043755727680490596,0.23250690965937704,0.0,0.0
2017-06-12 00:00:00+07:00,-0.0438181305571484,-0.04183118709789591,-0.03971958178254861,-0.040844872535628074,-0.10311045389478353,0.0,0.0
2017-06-13 00:00:00+07:00,-0.04090762563476028,-0.03894460754986125,-0.0323837963155928,-0.033567650772649026,-0.01356692550610418,0.0,0.0
2017-06-14 00:00:00+07:00,-0.043817996644896086,-0.037501351466488336,-0.03385090864301004,-0.02774594048292399,0.1474046553504566,0.0,0.0
2017-06-15 00:00:00+07:00,-0.02635553670696606,-0.030285082463330098,-0.02358086505238493,-0.023379573864807456,0.28089303320399883,0.0,0.0
2017-06-16 00:00:00+07:00,-0.01762458286296921,-0.027398839533179876,-0.0279824938512718,-0.03793401739076556,0.8559378876901788,0.0,0.0
2017-06-19 00:00:00+07:00,-0.026355564125420994,-0.033171577554760086,-0.023580892503806294,-0.030656711726963746,0.030406910752838554,0.0,0.0
2017-06-20 00:00:00+07:00,-0.030721282344804677,-0.025955536938191973,-0.020646751937231696,-0.02046888652159046,0.18368379748306993,0.0,0.0
2017-06-21 00:00:00+07:00,-0.020534883908557428,-0.023069046990878025,-0.013311056004443116,-0.014647176231865426,0.09885553043349456,0.0,0.0
2017-06-22 00:00:00+07:00,-0.011803631425263984,-0.017296039388266515,-0.017712387548830595,-0.01755794747590518,0.16028319058766294,0.0,0.0
2017-06-23 00:00:00+07:00,-0.017624418150624453,-0.0273986761748994,-0.007442444107668216,-0.01755794747590518,-6.175100444806386,0.0,0.0
2017-06-26 00:00:00+07:00,-0.017624418150624453,-0.0273986761748994,-0.007442444107668216,-0.01755794747590518,-6.175100444806386,0.0,0.0
2017-06-27 00:00:00+07:00,-0.017624418150624453,-0.0273986761748994,-0.007442444107668216,-0.01755794747590518,-6.175100444806386,0.0,0.0
2017-06-28 00:00:00+07:00,-0.017624418150624453,-0.0273986761748994,-0.007442444107668216,-0.01755794747590518,-6.175100444806386,0.0,0.0
2017-06-29 00:00:00+07:00,-0.017624418150624453,-0.0273986761748994,-0.007442444107668216,-0.01755794747590518,-6.175100444806386,0.0,0.0
2017-06-30 00:00:00+07:00,-0.017624418150624453,-0.0273986761748994,-0.007442444107668216,-0.01755794747590518,-6.175100444806386,0.0,0.0
2017-07-03 00:00:00+07:00,-0.0030726244118556884,-0.007193575186347802,-0.01184401985198775,0.0028177868356641525,0.4917462625903722,0.0,0.0
2017-07-04 00:00:00+07:00,0.002748256566351763,0.005795622713751536,0.00869595929647846,0.0057287258813494306,0.0769065366423226,0.0,0.0
2017-07-05 00:00:00+07:00,0.005658604000560248,0.002909109626562053,0.001360240477569143,-0.005914694698100637,0.033283256409747615,0.0,0.0
2017-07-06 00:00:00+07:00,-0.014714175717379343,-0.015852956483979833,-0.010376864993825424,-0.013191832560256928,0.1895012644997466,0.0,0.0
2017-07-07 00:00:00+07:00,-0.0059830173042245355,-0.004307107999469203,0.0028273255502526675,0.0028177868356641525,0.16092828634354478,0.0,0.0
2017-07-10 00:00:00+07:00,0.002748284225007809,0.0014659492043828555,-0.0015739558842265615,-0.008825465942140393,-0.085357918300831,0.0,0.0
2017-07-11 00:00:00+07:00,-0.007438086444955208,-0.010079915253075349,-0.0015739502458878435,-0.007370038369709135,0.06040010840926687,0.0,0.0
2017-07-12 00:00:00+07:00,-0.014713964523637381,-0.008636575756307179,-0.010376653237423872,-0.0015482441791613401,0.18907279749145997,0.0,0.0
2017-07-13 00:00:00+07:00,0.0027481613728816937,-0.00575034159290858,-0.00010694353019551028,0.0028177868356641525,0.07613610955330341,0.0,0.0
2017-07-14 00:00:00+07:00,0.00565853095088993,-0.004307131122167537,0.0013601678211895187,-0.003003923454060881,-0.0752583801676093,0.0,0.0
2017-07-17 00:00:00+07:00,-0.0118036818969997,-0.012966388376525573,-0.0015739558842265615,-0.008825465942140393,0.060955531637788704,0.0,0.0
2017-07-18 00:00:00+07:00,-0.014714147184423003,-0.015852927952358133,-0.0059754325614440685,-0.005914694698100637,-0.09802650053349517,0.0,0.0
2017-07-19 00:00:00+07:00,-0.0059829397263108765,-0.00863673131550889,0.001360269011255115,0.0013624431640556552,-0.04833707534770204,0.0,0.0
2017-07-20 00:00:00+07:00,0.0012930373496134798,-0.007193503261609056,0.004294532613507384,-9.298440837560327e-05,0.05001228395327059,0.0,0.0
2017-07-21 00:00:00+07:00,-0.00016221097718476188,-0.008636788378752291,-0.0030411921523880456,-0.013191832560256928,-0.2470791768296082,0.0,0.0
2017-07-24 00:00:00+07:00,-0.005982751554858423,2.286029542647863e-05,-0.004508081411514989,0.00718432125542621,0.19900285227388623,0.0,0.0
2017-07-25 00:00:00+07:00,0.011479610144030103,0.002909328200464932,0.0072289978304898765,0.00718432125542621,0.07626283549376424,0.0,0.0
2017-07-26 00:00:00+07:00,0.011479486551949468,0.01589830955397004,0.016031683324120794,0.018827574033230755,0.2865982511327605,0.0,0.0
2017-07-27 00:00:00+07:00,0.01875539156615727,0.013011764111966605,0.024834413228217774,0.020282917704839254,0.07044540926582392,0.0,0.0
2017-07-28 00:00:00+07:00,0.03185216041213216,0.021671166221595435,0.024834413228217774,0.020282917704839254,0.17123389633270006,0.0,0.0
2017-07-31 00:00:00+07:00,0.008569160040422259,0.011568675215127545,0.017498885293257018,0.01446137521675974,0.08071729950346483,0.0,0.0
2017-08-01 00:00:00+07:00,0.024576206090776095,0.020227960823352556,0.026301576237742836,0.027560055566995544,0.1875631189359654,0.0,0.0
2017-08-02 00:00:00+07:00,0.027486599242814116,0.020227960823352556,0.03217011492223807,0.027560055566995544,0.06643099413909963,0.0,0.0
2017-08-03 00:00:00+07:00,0.0347626271585961,0.024557706655430712,0.016031677753289657,0.017372146460799497,-0.05724611276283811,0.0,0.0
2017-08-04 00:00:00+07:00,0.01730039737699305,0.007239030058022534,0.016031807261993488,0.00718432125542621,0.10485617964603049,0.0,0.0
2017-08-07 00:00:00+07:00,0.017300070485189726,0.007238705853525462,0.017498615669716108,0.010094840796997684,0.03709380440494249,0.0,0.0
2017-08-08 00:00:00+07:00,0.014389764182519662,0.024557595432562196,0.024834375150063075,0.03192625438346656,0.03952328155603203,0.0,0.0
2017-08-09 00:00:00+07:00,0.03330739687992268,0.02311443950763193,0.027768722169713926,0.030470910711858062,0.06450666968447862,0.0,0.0
2017-08-10 00:00:00+07:00,0.034762559246215595,0.02455763930134308,0.026301553566860772,0.02173834527727051,-0.10331825866993816,0.0,0.0
2017-08-11 00:00:00+07:00,0.015845138191969397,0.01156866972120119,0.01749887978251624,0.013005947644328483,0.09899696794513427,0.0,0.0
2017-08-14 00:00:00+07:00,0.012934677631782184,0.0115686026280273,0.02190021667613208,0.017372146460799497,-0.16455500754731092,0.0,0.0
2017-08-15 00:00:00+07:00,0.014389941467008602,0.010125435851277434,0.013097475318654288,0.013005947644328483,-0.0660929711877716,0.0,0.0
2017-08-16 00:00:00+07:00,0.015845104146461186,0.017341571074621264,0.021900250059051177,0.02610471189538705,0.01581421551537972,0.0,0.0
2017-08-17 00:00:00+07:00,0.026031480903003376,0.015898337249778533,0.03657159781364931,0.02610471189538705,-6.175100444806386,0.0,0.0
2017-08-18 00:00:00+07:00,0.01730034043432529,0.015898376846786903,0.020433154950665323,0.01446137521675974,0.01744634032369594,0.0,0.0
2017-08-21 00:00:00+07:00,0.0202105881045987,0.011568530427028415,0.024834413228217774,0.020282917704839254,-0.31816940625003776,0.0,0.0
2017-08-22 00:00:00+07:00,0.0202105881045987,0.014454997796904796,0.030702951761170674,0.020282917704839254,-0.1281282145272819,0.0,0.0
2017-08-23 00:00:00+07:00,0.026031287282001304,0.03033048092885074,0.033637133569732955,0.04065873591723135,-0.02219377274693451,0.0,0.0
2017-08-24 00:00:00+07:00,0.04058337413825678,0.03033060254311898,0.035104389939922986,0.029015483139426805,0.0372868585892999,0.0,0.0
2017-08-25 00:00:00+07:00,0.03767284706065102,0.03321693649717648,0.040972794528826885,0.03774788077236883,-0.05773724787159151,0.0,0.0
2017-08-28 00:00:00+07:00,0.026031436265441407,0.027444163109442477,0.03510441809395985,0.0362926210015831,-0.2034434436932105,0.0,0.0
2017-08-29 00:00:00+07:00,0.03476261598821104,0.026000929343158712,0.03657155280989114,0.0362926210015831,-0.16562371573825485,0.0,0.0
2017-08-30 00:00:00+07:00,0.04349363269344788,0.03321693649717648,0.038038525524972444,0.03774788077236883,-0.07067015379788014,0.0,0.0
2017-08-31 00:00:00+07:00,0.0289418014704572,0.03321707000232135,0.039505793975845645,0.029015483139426805,0.08230788411518049,0.0,0.0
2017-09-01 00:00:00+07:00,0.0289418014704572,0.01878473270630947,0.039505793975845645,0.029015483139426805,-6.175100444806386,0.0,0.0
2017-09-04 00:00:00+07:00,0.030396896699447833,0.021671099511801656,0.024834346484419692,0.024649116521310268,-0.11483102778211908,0.0,0.0
2017-09-05 00:00:00+07:00,0.031852122037911025,0.02167112816284041,0.023367240567731346,0.03192625438346656,0.12273500922335122,0.0,0.0
2017-09-06 00:00:00+07:00,0.03185226762102744,0.02311450637399249,0.03070305871181012,0.02610471189538705,0.04990179108949263,0.0,0.0
2017-09-07 00:00:00+07:00,0.037672980971306884,0.0274441350839166,0.027768716546718343,0.029015483139426805,-0.049059239095863294,0.0,0.0
2017-09-08 00:00:00+07:00,0.015845093123769836,0.02311449526676953,0.02483450851168911,0.02319385675052453,-0.0013166948808045285,0.0,0.0
2017-09-11 00:00:00+07:00,0.030397070941521345,0.02311450637399249,0.03657159781364931,0.02610471189538705,-0.12159460733093956,0.0,0.0
2017-09-12 00:00:00+07:00,0.028941818336210606,0.027444151943424994,0.0380386762788881,0.03338176585672058,0.0029834184748379605,0.0,0.0
2017-09-13 00:00:00+07:00,0.02312112048332473,0.02888747481850693,0.033637361472289753,0.034837277329974596,-0.19165762550690052,0.0,0.0
2017-09-14 00:00:00+07:00,0.039128043468850196,0.030330469385643682,0.0453741980346087,0.03774788077236883,-0.10981799719032281,0.0,0.0
2017-09-15 00:00:00+07:00,0.03185209314938601,0.023114333108963693,0.03217001920446239,0.024649116521310268,0.39968133007855605,0.0,0.0
2017-09-18 00:00:00+07:00,0.03185220028901156,0.0216712057706557,0.03217012622812866,0.030470910711858062,-0.17942483811262575,0.0,0.0
2017-09-19 00:00:00+07:00,0.023121043024517934,0.03177386440829391,0.03217014866209774,0.0362926210015831,0.04878617422111255,0.0,0.0
2017-09-20 00:00:00+07:00,0.03767308771524605,0.02744424095033711,0.04097303556981127,0.034837277329974596,0.1351543690968856,0.0,0.0
2017-09-21 00:00:00+07:00,0.03476269426886188,0.024557773213997627,0.04537444002832428,0.034837277329974596,-6.175100444806386,0.0,0.0
2017-09-22 00:00:00+07:00,0.03767293981210336,0.07795727292905076,0.04390715667785021,0.08286605161691508,0.3088083720159684,0.0,0.0
2017-09-25 00:00:00+07:00,0.07550817223886587,0.06785475915260919,0.07911851054235629,0.07122279883911053,0.22019363116508545,0.0,0.0
2017-09-26 00:00:00+07:00,0.07114249263988316,0.06641143606281018,0.07765128582664065,0.06976728736585652,0.22859108743085188,0.0,0.0
2017-09-27 00:00:00+07:00,0.07841832997840853,0.06785452545948865,0.08058540955969909,0.07558882985393603,0.2984430948486409,0.0,0.0
2017-09-28 00:00:00+07:00,0.07987371166230045,0.0707411765346704,0.08058559472729439,0.07995528037287533,0.2346911847185998,0.0,0.0
2017-09-29 00:00:00+07:00,0.0886049962088443,0.10104919167869841,0.09085564262950004,0.10760840424906923,0.44939182080687395,0.0,0.0
2017-10-02 00:00:00+07:00,0.12207435741266764,0.11403813360731815,0.11432963738297022,0.10906366401985497,0.007221128309628949,0.0,0.0
2017-10-03 00:00:00+07:00,0.10897776167714637,0.1082653721043282,0.11286267632017122,0.11051925939393176,-0.024830260549704587,0.0,0.0
2017-10-04 00:00:00+07:00,0.12207435741266764,0.1111516662094087,0.11726390667794422,0.10906366401985497,0.2343731417041322,0.0,0.0
2017-10-05 00:00:00+07:00,0.10897757706136976,0.09816255163422552,0.10552681816767807,0.10615280887499245,0.29384719671950893,0.0,0.0
2017-10-06 00:00:00+07:00,0.10461202687960765,0.10970846075574017,0.10699399226403798,0.11634080188201126,0.22982732608915668,0.0,0.0
2017-10-09 00:00:00+07:00,0.10752256491148739,0.10249243646317838,0.11579694604481015,0.11051925939393176,0.07989392671331917,0.0,0.0
2017-10-10 00:00:00+07:00,0.10170161692927637,0.1024922752863225,0.11286251408044898,0.11197451916471748,0.024791330271698973,0.0,0.0
2017-10-11 00:00:00+07:00,0.10170161692927637,0.10393550899908935,0.11286251408044898,0.11197451916471748,0.09113633546865148,0.0,0.0
2017-10-12 00:00:00+07:00,0.111887922820212,0.12702717736991806,0.12313238606169608,0.13671662009440336,0.24137081558909057,0.0,0.0
2017-10-13 00:00:00+07:00,0.13662623407970167,0.13424331662892186,0.13340229928938863,0.12943948223224708,0.02531610145183728,0.0,0.0
2017-10-16 00:00:00+07:00,0.13662616149388135,0.14001617814668574,0.1407378992469299,0.13235025347628682,0.016708032971678378,0.0,0.0
2017-10-17 00:00:00+07:00,0.13371597004320077,0.12269757568042683,0.10405973402276429,0.11925165702687378,0.2802204846077579,0.0,0.0
2017-10-18 00:00:00+07:00,0.13080550765041152,0.11981103956447563,0.10552680106695163,0.10178652615769868,0.3052131313038093,0.0,0.0
2017-10-19 00:00:00+07:00,0.10170160567662491,0.09960579661777075,0.10992823344050968,0.10906366401985497,0.0979955652218417,0.0,0.0
2017-10-20 00:00:00+07:00,0.11916413903675867,0.13424358248950272,0.12166548549408804,0.11051925939393176,0.055595633872797146,0.0,0.0
2017-10-23 00:00:00+07:00,0.12789529429603727,0.15877853295582273,0.13927107829940702,0.14836020847549894,0.06732833034272641,0.0,0.0
2017-10-24 00:00:00+07:00,0.14826795899691347,0.1515622736462595,0.13633672003315567,0.12507336731659882,0.08108439040009809,0.0,0.0
2017-10-25 00:00:00+07:00,0.12498482948202762,0.14001642021433294,0.12459965875446194,0.1512709797195387,0.10193641354437943,0.0,0.0
2017-10-26 00:00:00+07:00,0.13662625723501223,0.1371298070007575,0.1363365914898052,0.1352611925219721,-0.07830633064331008,0.0,0.0
2017-10-27 00:00:00+07:00,0.13371609552722247,0.12269770013287175,0.11286266536083947,0.10760840424906923,0.23468263897971203,0.0,0.0
2017-10-30 00:00:00+07:00,0.10897761102863211,0.10682198768131787,0.11873106407186919,0.11488537430958,0.022309831492595477,0.0,0.0
2017-10-31 00:00:00+07:00,0.13808156596236892,0.13280021800439776,0.13193529933048828,0.14253841428495115,0.1424818014179849,0.0,0.0
2017-11-01 00:00:00+07:00,0.14826787107409356,0.1587783537595475,0.1598107869709231,0.16728051521463702,0.24170597427669763,0.0,0.0
2017-11-02 00:00:00+07:00,0.17737200378206752,0.17321089220065186,0.18328514380978972,0.1760132484508701,0.21404364801158873,0.0,0.0
2017-11-03 00:00:00+07:00,0.17737198890235512,0.16599470792573617,0.1422053534143149,0.14981563604793022,0.10516889118858434,0.0,0.0
2017-11-06 00:00:00+07:00,0.15990962246575982,0.14867589579674664,0.15981096593895558,0.14836020847549894,-0.10542589779672787,0.0,0.0
2017-11-07 00:00:00+07:00,0.13953679596607596,0.14145965400833038,0.14513954517191047,0.1512709797195387,-0.017516260765885378,0.0,0.0
2017-11-08 00:00:00+07:00,0.14244704891113114,0.14434598089982906,0.1480736738339983,0.13671662009440336,0.059917269287972884,0.0,0.0
2017-11-09 00:00:00+07:00,0.1453574418721711,0.14001628001735134,0.14660653925915706,0.13671662009440336,-0.001599873022270227,0.0,0.0
2017-11-10 00:00:00+07:00,0.13662639725020673,0.1313570120499995,0.13633673129630713,0.12798422246146132,0.14765501487919966,0.0,0.0
2017-11-13 00:00:00+07:00,0.12061919499365596,0.11981110254473205,0.1245996141193823,0.11779622945444253,0.033173418765156185,0.0,0.0
2017-11-14 00:00:00+07:00,0.11916399839950588,0.11115170010360076,0.12606674880878593,0.11779622945444253,0.020893322588899605,0.0,0.0
2017-11-15 00:00:00+07:00,0.12498490620768925,0.14578943351689927,0.13046827471046674,0.14981563604793022,0.20824426887420916,0.0,0.0
2017-11-16 00:00:00+07:00,0.15990962800413333,0.14867590128959038,0.1568767017941249,0.14981563604793022,0.05988618649290843,0.0,0.0
2017-11-17 00:00:00+07:00,0.15699909982139884,0.1486757673814084,0.14954089388631134,0.15854803368087222,0.3115881706661767,0.0,0.0
2017-11-20 00:00:00+07:00,0.1584544312626147,0.15300560294862667,0.16127810630806808,0.14981563604793022,0.1956592396477332,0.0,0.0
2017-11-21 00:00:00+07:00,0.16136459393922592,0.15011890626691932,0.15247506841749262,0.15563709463518696,0.07200717568648611,0.0,0.0
2017-11-22 00:00:00+07:00,0.1482679203276046,0.15011900110984322,0.15981083662849851,0.15854803368087222,0.1792799624672069,0.0,0.0
2017-11-23 00:00:00+07:00,0.16282001593573464,0.15156236355648284,0.15100815695057748,0.14836020847549894,0.08438404936402427,0.0,0.0
2017-11-24 00:00:00+07:00,0.14099206491092364,0.14001649251753806,0.14660675245638846,0.14836020847549894,0.056338680126520886,0.0,0.0
2017-11-27 00:00:00+07:00,0.13808157184876313,0.15444873028982267,0.14954092170996425,0.16582517154302853,0.14309403294635534,0.0,0.0
2017-11-28 00:00:00+07:00,0.165730307541913,0.15444873028982267,0.16274513410767752,0.16582517154302853,0.13990083477258278,0.0,0.0
2017-11-29 00:00:00+07:00,0.1704045089371449,0.1605331809070862,0.16003904062761568,0.16319555195606014,0.24034321825805327,16.0,0.0
2017-11-30 00:00:00+07:00,0.17040450437589963,0.15908450157063167,0.12616772122758463,0.11498555189195638,0.4798933907813204,0.0,0.0
2017-12-01 00:00:00+07:00,0.11489855942188656,0.10403485888955563,0.12616772122758463,0.11498555189195638,-6.175100444806386,0.0,0.0
2017-12-04 00:00:00+07:00,0.14265136639789913,0.15039228602418925,0.14383954614442196,0.14128174776164018,0.3157308462516767,0.0,0.0
2017-12-05 00:00:00+07:00,0.15579770836673568,0.14894380938100615,0.1585664018880016,0.15296921627303967,0.06636997984612375,0.0,0.0
2017-12-06 00:00:00+07:00,0.16164027416050655,0.16343039203771728,0.16445689991877532,0.1704999575856137,0.250056846914208,0.0,0.0
2017-12-07 00:00:00+07:00,0.1704045646560996,0.1590845613552813,0.15709376394309885,0.15150833514712894,0.10314868671018734,0.0,0.0
2017-12-08 00:00:00+07:00,0.1587190186054185,0.15473845352906734,0.1659296757834298,0.16027370580341596,-0.08558113854267495,0.0,0.0
2017-12-11 00:00:00+07:00,0.16748308648033045,0.15618710001470054,0.1644569815231336,0.15735185965077178,-0.15688514046177238,0.0,0.0
2017-12-12 00:00:00+07:00,0.1631011790871624,0.15618724006008383,0.1556211263939814,0.1675783631354378,0.09399672335172161,0.0,0.0
2017-12-13 00:00:00+07:00,0.1631012918411579,0.15184132715400694,0.16003923664030076,0.14858665679613028,0.05772336054450929,0.0,0.0
2017-12-14 00:00:00+07:00,0.14849410065058646,0.15039229003358157,0.15709354114446397,0.15881265687585974,0.13134679311779826,0.0,0.0
2017-12-15 00:00:00+07:00,0.14703341808254128,0.1474949408034043,0.15856620681342057,0.15881265687585974,0.07707601687945081,0.0,0.0
2017-12-18 00:00:00+07:00,0.14703341808254128,0.1474949408034043,0.15562087547550782,0.15881265687585974,0.13557284991380972,0.0,0.0
2017-12-19 00:00:00+07:00,0.14995478321863212,0.15618698849393595,0.16151153815133268,0.15881265687585974,0.13593406663826862,0.0,0.0
2017-12-20 00:00:00+07:00,0.15579787684325533,0.14459795193862687,0.15709390443223784,0.14858665679613028,0.2389717228998748,0.0,0.0
2017-12-21 00:00:00+07:00,0.14995478321863212,0.15039229003358157,0.16151153815133268,0.15881265687585974,0.05754702068010414,0.0,0.0
2017-12-22 00:00:00+07:00,0.16310106925148085,0.1808146020429651,0.1629843465522416,0.1821873421961904,0.20942073248980975,0.0,0.0
2017-12-25 00:00:00+07:00,0.18208994482965724,0.17067387856589422,0.1939103291728736,0.1821873421961904,-6.175100444806386,0.0,0.0
2017-12-26 00:00:00+07:00,0.18208994482965724,0.17067387856589422,0.1939103291728736,0.1821873421961904,-6.175100444806386,0.0,0.0
2017-12-27 00:00:00+07:00,0.1820900008523097,0.18226333290436275,0.1880197220361037,0.18364830722292388,0.1791596744694272,0.0,0.0
2017-12-28 00:00:00+07:00,0.18209013948386324,0.19964757175829245,0.1924378593567009,0.20702299254325454,0.25071522096231247,0.0,0.0
2017-12-29 00:00:00+07:00,0.21422493950373267,0.24310759155862657,0.2027462989297321,0.20556185971487556,0.15704818051891026,0.0,0.0
2018-01-01 00:00:00+07:00,0.20546084325674435,0.1938526499319666,0.21747295702862005,0.20556185971487556,-6.175100444806386,0.0,0.0
2018-01-02 00:00:00+07:00,0.20546084325674435,0.23006951877509893,0.21305495959895365,0.20556185971487556,0.16111207805316802,0.0,0.0
2018-01-03 00:00:00+07:00,0.2069215259645759,0.19674999943941704,0.18360164340117774,0.20556185971487556,0.09583629910931526,0.0,0.0
2018-01-04 00:00:00+07:00,0.20546098347870048,0.21268556286342988,0.21747309840092457,0.22455381775665134,0.13599536806701173,0.0,0.0
2018-01-05 00:00:00+07:00,0.2288315450658332,0.22282592432611545,0.23367205885578524,0.22601436327927102,0.08048833650834294,0.0,0.0
2018-01-08 00:00:00+07:00,0.22591040459840409,0.23296687173607453,0.23661761601346235,0.23185822338620488,0.0390135375526319,0.0,0.0
2018-01-09 00:00:00+07:00,0.24051720509592583,0.23151817051933488,0.24987158155935843,0.24208455906922538,0.05818937716501865,0.0,0.0
2018-01-10 00:00:00+07:00,0.24197805546028472,0.24165906139723026,0.24250842019637975,0.237701999592316,-0.031510305798067635,0.0,0.0
2018-01-11 00:00:00+07:00,0.23759597950893865,0.2402103590605289,0.24103572683796526,0.25231106255389135,0.03685233581860396,0.0,0.0
2018-01-12 00:00:00+07:00,0.25220277889524767,0.2416590051584486,0.24250836403254,0.23624103456558254,0.08746218130121464,0.0,0.0
2018-01-15 00:00:00+07:00,0.23759572757167044,0.22862070957716563,0.24103547453099425,0.23916262901575844,-0.07380247710682748,0.0,0.0
2018-01-16 00:00:00+07:00,0.23759609037228027,0.2387617952318651,0.2498718342561309,0.24646753805024854,-0.011770397189040358,0.0,0.0
2018-01-17 00:00:00+07:00,0.252202577242385,0.2402101303124063,0.23219950429042932,0.22017083877562818,0.43891401951831854,0.0,0.0
2018-01-18 00:00:00+07:00,0.22590999286238078,0.23441513171889047,0.23808986671342885,0.24500598571775575,0.17223967045549546,0.0,0.0
2018-01-19 00:00:00+07:00,0.247820786933154,0.23731303665885184,0.24692641811115115,0.237701999592316,-0.009034315474093238,0.0,0.0
2018-01-22 00:00:00+07:00,0.24343845780051324,0.23296673339019422,0.24839880282115653,0.23916262901575844,0.15713577924154207,0.0,0.0
2018-01-23 00:00:00+07:00,0.24928124634959556,0.24021016438039333,0.2542895239274755,0.24938904859960168,0.09856742614608811,0.0,0.0
2018-01-24 00:00:00+07:00,0.24782022659832365,0.23586380601761886,0.25281652018699513,0.24500598571775575,0.20824795729431653,0.0,0.0
2018-01-25 00:00:00+07:00,0.24343817985113508,0.23731248031634694,0.2498711894922818,0.24500598571775575,0.012364847161710064,0.0,0.0
2018-01-26 00:00:00+07:00,0.24782075937329,0.24890240835606992,0.2542897203059556,0.25231106255389135,0.040169880006955955,0.0,0.0
2018-01-29 00:00:00+07:00,0.2580455954092293,0.2474537892443793,0.255762442258281,0.2581547548591797,0.2768456556014676,0.0,0.0
2018-01-30 00:00:00+07:00,0.25220286381180523,0.2836706628362677,0.26165310627021987,0.2581547548591797,0.27453831547382856,0.0,0.0
2018-01-31 00:00:00+07:00,0.2580455954092293,0.25179981407540575,0.2645984382761898,0.25377202758062484,0.2516996363659684,0.0,0.0
2018-02-01 00:00:00+07:00,0.2609669065387945,0.2822219323084768,0.2734343791764578,0.29175560806088535,0.3413142658315354,0.0,0.0
2018-02-02 00:00:00+07:00,0.30624824130557105,0.3561045243055227,0.3176145253878406,0.32681759409097,0.22347286331489288,0.0,0.0
2018-02-05 00:00:00+07:00,0.31355135025770126,0.31698999057639676,0.3117235555151648,0.31659092280465845,-0.015636048188872848,0.0,0.0
2018-02-06 00:00:00+07:00,0.2960232950455618,0.2967086815102163,0.2999423665030776,0.30052106261799516,0.28514818070351916,0.0,0.0
2018-02-07 00:00:00+07:00,0.30770861699966856,0.31409263860041314,0.3102508872345903,0.29906001369043894,0.29779798414472963,0.0,0.0
2018-02-08 00:00:00+07:00,0.30186599903301564,0.30395202849846903,0.3117236665093945,0.3107473983010156,0.09709284544624934,0.0,0.0
2018-02-09 00:00:00+07:00,0.29310187397361204,0.2996059755799363,0.30288764266201385,0.30344282486981655,0.11012705866609088,0.0,0.0
2018-02-12 00:00:00+07:00,0.316472713146412,0.3039519154403268,0.3117235530276345,0.29906001369043894,-0.1038337891140219,0.0,0.0
2018-02-13 00:00:00+07:00,0.3164727156451986,0.31119529161736303,0.3264502134720704,0.31659092280465845,0.04777231907239648,0.0,0.0
2018-02-14 00:00:00+07:00,0.312090778709084,0.3082980530662103,0.314668998336933,0.3107473983010156,0.13136059754317586,0.0,0.0
2018-02-15 00:00:00+07:00,0.3223156714801052,0.3111955150605894,0.3087784465577414,0.296138419240263,0.007832167478385763,0.0,0.0
2018-02-16 00:00:00+07:00,0.29602337875509915,0.28367069056900385,0.3087784465577414,0.296138419240263,-6.175100444806386,0.0,0.0
2018-02-19 00:00:00+07:00,0.3091695514858531,0.3300283164993574,0.32055980137856055,0.3428875381784561,-0.010865211466097093,0.0,0.0
2018-02-20 00:00:00+07:00,0.33400082567671735,0.3271306317990969,0.33381346025654435,0.3297390207395004,-0.13784274568651064,0.0,0.0
2018-02-21 00:00:00+07:00,0.3252367300264252,0.32568195714400333,0.3249774659988028,0.3297390207395004,0.06541732398643511,0.0,0.0
2018-02-22 00:00:00+07:00,0.3340007960130646,0.32568192763265374,0.3264501022357541,0.3224344473083013,-0.032062076134459515,0.0,0.0
2018-02-23 00:00:00+07:00,0.32961911288400686,0.34306639150706547,0.3382317941119118,0.3428875381784561,0.1608141598398219,0.0,0.0
2018-02-26 00:00:00+07:00,0.33692241456344574,0.32857952897432957,0.3117236940476015,0.30052106261799516,0.17324866183476928,0.0,0.0
2018-02-27 00:00:00+07:00,0.312091031707811,0.302503605090242,0.2999425897042112,0.3019821954463741,0.18211668540335973,0.0,0.0
2018-02-28 00:00:00+07:00,0.2931018155892215,0.2836704944653507,0.28668825989879326,0.28006822345030863,0.3276182709852653,0.0,0.0
2018-03-01 00:00:00+07:00,0.2755736229688013,0.27063242158777034,0.2881609257193056,0.28006822345030863,0.3077115337195051,0.0,0.0
2018-03-02 00:00:00+07:00,0.27411285343831293,0.2648376362460488,0.26754351794056513,0.26253723043526633,0.3732626043719284,0.0,0.0
2018-03-05 00:00:00+07:00,0.27849490131125515,0.2749783589423109,0.27490684656899667,0.26253723043526633,0.1833649966273276,0.0,0.0
2018-03-06 00:00:00+07:00,0.2799557819921283,0.26918385689900903,0.2660710480189399,0.2566937898324463,0.13298568323266485,0.0,0.0
2018-03-07 00:00:00+07:00,0.27557384736400775,0.26628662032745715,0.2542898324521999,0.24646753805024854,0.24957411895273143,0.0,0.0
2018-03-08 00:00:00+07:00,0.2697309205911924,0.2807731736901121,0.26754363264949416,0.28737279688150774,0.23907637626517272,0.0,0.0
2018-03-09 00:00:00+07:00,0.28725911358329775,0.2749784745105331,0.2807976253151548,0.28737279688150774,0.08853858562804091,0.0,0.0
2018-03-12 00:00:00+07:00,0.29310165263817367,0.2952597292406753,0.30288741998760976,0.3063644193199925,0.2656643196799664,0.0,0.0
2018-03-13 00:00:00+07:00,0.30478747633010134,0.29815744030141733,0.2984697843264601,0.296138419240263,0.15402643870738825,0.0,0.0
2018-03-14 00:00:00+07:00,0.29748386537843735,0.29236254467971173,0.29552425645183805,0.2932164052859733,0.01784201536041352,0.0,0.0
2018-03-15 00:00:00+07:00,0.2931019290087415,0.2822219323084768,0.2969970342593536,0.29175560806088535,0.05569003163072214,0.0,0.0
2018-03-16 00:00:00+07:00,0.30770827587174193,0.2967082030733267,0.28226990269281266,0.2902942235300381,0.4576243033594189,0.0,0.0
2018-03-19 00:00:00+07:00,0.28725872324441204,0.2793241105190961,0.29405122612869766,0.2902942235300381,0.1250785061810549,0.0,0.0
2018-03-20 00:00:00+07:00,0.28579854253438475,0.2749785854116899,0.28227040245309243,0.2859119996564198,0.1909657443170809,0.0,0.0
2018-03-21 00:00:00+07:00,0.2901805633296554,0.28801663184589354,0.29846970020203456,0.29175560806088535,0.09278290468604392,0.0,0.0
2018-03-22 00:00:00+07:00,0.2974840616842663,0.28656804051548646,0.3028877824255804,0.296138419240263,0.05578726312528811,0.0,0.0
2018-03-23 00:00:00+07:00,0.2697308694452407,0.3039519179185714,0.2822702396013536,0.31659092280465845,0.06807158519951825,0.0,0.0
2018-03-26 00:00:00+07:00,0.29310195688099,0.28367063489501443,0.2940517302347192,0.2859119996564198,0.230230928896513,0.0,0.0
2018-03-27 00:00:00+07:00,0.3077088421884351,0.3025034652211414,0.30730578052470114,0.296138419240263,0.08482883633897349,0.0,0.0
2018-03-28 00:00:00+07:00,0.29602318211770423,0.28367049554812207,0.29110625844695104,0.28883367800741844,-0.12431043704980747,0.0,0.0
2018-03-29 00:00:00+07:00,0.27849501708724517,0.27642714930542783,0.2719616302047145,0.28737279688150774,0.1408804580609647,0.0,0.0
2018-03-30 00:00:00+07:00,0.28725911358329775,0.2749784745105331,0.2999422813877756,0.28737279688150774,-6.175100444806386,0.0,0.0
2018-04-02 00:00:00+07:00,0.29602318265832883,0.2851191708502038,0.2881609273405042,0.2932164052859733,-0.11530779631715454,0.0,0.0
2018-04-03 00:00:00+07:00,0.2916411344980028,0.2865678456161053,0.3014149197409048,0.2932164052859733,0.02886245525182143,0.0,0.0
2018-04-04 00:00:00+07:00,0.2989445755780347,0.28656787286969126,0.2837429570186347,0.28737279688150774,-0.013008868768818784,0.0,0.0
2018-04-05 00:00:00+07:00,0.29894443150601485,0.2865677299820561,0.28521548039788036,0.27276356611828684,-0.28942043808273954,0.0,0.0
2018-04-06 00:00:00+07:00,0.27703447310085905,0.2648378885684858,0.2587077742642504,0.25377202758062484,-0.02676825386889701,0.0,0.0
2018-04-09 00:00:00+07:00,0.26096690509855347,0.25179975830551243,0.2572350523723861,0.2566937898324463,-0.005179644624497412,0.0,0.0
2018-04-10 00:00:00+07:00,0.2624275068444819,0.2836705232799018,0.2704889643529744,0.28737279688150774,0.14921022644997567,0.0,0.0
2018-04-11 00:00:00+07:00,0.29894454755676875,0.2952598936707619,0.29994225337706515,0.28883367800741844,-0.07366552026241159,0.0,0.0
2018-04-12 00:00:00+07:00,0.2887197109037781,0.2764270645788582,0.28521553775613745,0.2786072584235752,-0.04146520618235503,0.0,0.0
2018-04-13 00:00:00+07:00,0.28585379604275013,0.2765041278399666,0.2866543723734214,0.274190970815916,0.10571174519938221,35.0,0.0
2018-04-16 00:00:00+07:00,0.2740793284683234,0.26190703753574024,0.2866543723734214,0.274190970815916,-6.175100444806386,0.0,0.0
2018-04-17 00:00:00+07:00,0.2740793284683234,0.26190703753574024,0.2866543723734214,0.274190970815916,-6.175100444806386,0.0,0.0
2018-04-18 00:00:00+07:00,0.2696644138137427,0.2662866744431061,0.27626770524015193,0.27860759402686625,-0.058844845322627855,0.0,0.0
2018-04-19 00:00:00+07:00,0.2784952678506581,0.2662866744431061,0.2911065390979531,0.27860759402686625,-6.175100444806386,0.0,0.0
2018-04-20 00:00:00+07:00,0.2784952678506581,0.2662866744431061,0.2911065390979531,0.27860759402686625,-6.175100444806386,0.0,0.0
2018-04-23 00:00:00+07:00,0.2917414673272275,0.27942397980150596,0.28813869105325884,0.28007955006138135,-0.03936105110875462,0.0,0.0
2018-04-24 00:00:00+07:00,0.2858541377544482,0.2750447580788826,0.28517083071093496,0.2756633463545449,0.1156924623051555,0.0,0.0
2018-04-25 00:00:00+07:00,0.27555147603809965,0.26336708290127975,0.2881385971003226,0.2756633463545449,-6.175100444806386,0.0,0.0
2018-04-26 00:00:00+07:00,0.27555147603809965,0.26336708290127975,0.2881385971003226,0.2756633463545449,-6.175100444806386,0.0,0.0
2018-04-27 00:00:00+07:00,0.27555147603809965,0.26336708290127975,0.2881385971003226,0.2756633463545449,-6.175100444806386,0.0,0.0
2018-04-30 00:00:00+07:00,0.1916581074783785,0.23271291069073327,0.2005892210424768,0.22708586068674894,0.19378597792870533,0.0,0.0
2018-05-01 00:00:00+07:00,0.22698151165368816,0.21519640160561554,0.2391701759963083,0.22708586068674894,-6.175100444806386,0.0,0.0
2018-05-02 00:00:00+07:00,0.22698145817061594,0.26190703753574024,0.23917012207447338,0.274190970815916,0.16129155087429345,0.0,0.0
2018-05-03 00:00:00+07:00,0.2681924358833321,0.26044766801573976,0.2510415211066867,0.23886243187192036,0.34256092382457326,0.0,0.0
2018-05-04 00:00:00+07:00,0.23875656359385958,0.22833436315041902,0.23323522521736328,0.22267032818649457,0.12476679484571858,0.0,0.0
2018-05-07 00:00:00+07:00,0.2240381712554739,0.22687435178187723,0.22136385712595458,0.23886243187192036,-0.01878958274774855,0.0,0.0
2018-05-08 00:00:00+07:00,0.22109485365129314,0.21081784627496353,0.21542862270393684,0.22267032818649457,0.1084723518275135,0.0,0.0
2018-05-09 00:00:00+07:00,0.19312986389413886,0.26190703753574024,0.20504081717210465,0.274190970815916,0.11506855358844875,0.0,0.0
2018-05-10 00:00:00+07:00,0.2740793284683234,0.26190703753574024,0.2866543723734214,0.274190970815916,-6.175100444806386,0.0,0.0
2018-05-11 00:00:00+07:00,0.2652487080211392,0.2706655230703004,0.26588024294941426,0.2653589829063569,0.1512455573803632,0.0,0.0
2018-05-14 00:00:00+07:00,0.24758727872145375,0.2662866744431061,0.2525255710676703,0.27860759402686625,0.03565156036052995,0.0,0.0
2018-05-15 00:00:00+07:00,0.2608332073494954,0.25022951909072394,0.23323474231125405,0.23297410432892326,0.32158495885078864,0.0,0.0
2018-05-16 00:00:00+07:00,0.2152071635048699,0.23271303232975776,0.22729923382691988,0.24327838387628853,0.18114311130990868,0.0,0.0
2018-05-17 00:00:00+07:00,0.23286907011245525,0.22541468808812046,0.23323496860927664,0.22119803654868841,0.16833141111972458,0.0,0.0
2018-05-18 00:00:00+07:00,0.2210946459073948,0.21081764000475015,0.2154284161118664,0.20353364122545645,0.1870577790047355,0.0,0.0
2018-05-21 00:00:00+07:00,0.19460216258650365,0.19330120326962089,0.2020735440756545,0.20058964525560344,0.16083106983427106,0.0,0.0
2018-05-22 00:00:00+07:00,0.21815098138592381,0.21519672191871925,0.21542836959505057,0.22119803654868841,0.06687164299870267,0.0,0.0
2018-05-23 00:00:00+07:00,0.22698183462184265,0.2297938164464354,0.23323496860927664,0.22119803654868841,0.14913153786603672,0.0,0.0
2018-05-24 00:00:00+07:00,0.23875636184901874,0.24585067702347763,0.24955774101612346,0.24769475538477048,0.14108858047899012,0.0,0.0
2018-05-25 00:00:00+07:00,0.24611516852169563,0.24876985737327995,0.25549303485176894,0.25358266342365376,0.07319771139644878,0.0,0.0
2018-05-28 00:00:00+07:00,0.2505305514913953,0.26774603401509556,0.25697687469735675,0.2712470587468857,0.07423507932227834,0.0,0.0
2018-05-29 00:00:00+07:00,0.27113587220709434,0.2589877787867489,0.28368676867990555,0.2712470587468857,-6.175100444806386,0.0,0.0
2018-05-30 00:00:00+07:00,0.27113593613923076,0.26628638856379844,0.2599447040236951,0.2624149030356811,0.26119871521594856,0.0,0.0
2018-05-31 00:00:00+07:00,0.27260774483172834,0.26482667928970155,0.2599447040236951,0.2624149030356811,0.4293224742805028,0.0,0.0
2018-06-01 00:00:00+07:00,0.26230508398424546,0.25022958654873095,0.2747835347192148,0.2624149030356811,-6.175100444806386,0.0,0.0
2018-06-04 00:00:00+07:00,0.2770232848547209,0.26628650169568036,0.2807191811268534,0.2756633463545449,0.19058370992969204,0.0,0.0
2018-06-05 00:00:00+07:00,0.2681925745852313,0.2633672251345211,0.2569771912892813,0.2638871946734873,0.1390062295363064,0.0,0.0
2018-06-06 00:00:00+07:00,0.2637770181455622,0.27650448024705676,0.2703320114520477,0.28155150609589646,0.03892650654818315,0.0,0.0
2018-06-07 00:00:00+07:00,0.288797930893726,0.27650464153932097,0.2866548889406127,0.27860759402686625,-0.08385491896231292,0.0,0.0
2018-06-08 00:00:00+07:00,0.27113587465775024,0.26774603646156026,0.2391702810986541,0.23591818419959906,0.41501464391017273,0.0,0.0
2018-06-11 00:00:00+07:00,0.23581246765220173,0.22395476024005098,0.24807357910905642,0.23591818419959906,-6.175100444806386,0.0,0.0
2018-06-12 00:00:00+07:00,0.23581246765220173,0.22395476024005098,0.24807357910905642,0.23591818419959906,-6.175100444806386,0.0,0.0
2018-06-13 00:00:00+07:00,0.23581246765220173,0.22395476024005098,0.24807357910905642,0.23591818419959906,-6.175100444806386,0.0,0.0
2018-06-14 00:00:00+07:00,0.23581246765220173,0.22395476024005098,0.24807357910905642,0.23591818419959906,-6.175100444806386,0.0,0.0
2018-06-15 00:00:00+07:00,0.23581246765220173,0.22395476024005098,0.24807357910905642,0.23591818419959906,-6.175100444806386,0.0,0.0
2018-06-18 00:00:00+07:00,0.23581246765220173,0.22395476024005098,0.24807357910905642,0.23591818419959906,-6.175100444806386,0.0,0.0
2018-06-19 00:00:00+07:00,0.23581246765220173,0.22395476024005098,0.24807357910905642,0.23591818419959906,-6.175100444806386,0.0,0.0
2018-06-20 00:00:00+07:00,0.22109444891348354,0.21081744440826675,0.18278279247035284,0.1917571539411078,0.5521154899559046,0.0,0.0
2018-06-21 00:00:00+07:00,0.19901727091050106,0.20643826876679178,0.18278274565850441,0.1711485948463773,0.19447548415408092,0.0,0.0
2018-06-22 00:00:00+07:00,0.1857713407343851,0.204978912785937,0.17981532519697763,0.21678208454432024,0.21646736498462862,0.0,0.0
2018-06-25 00:00:00+07:00,0.2166789488218312,0.23709213629248702,0.222847561353053,0.23297410432892326,0.06549518974136902,0.0,0.0
2018-06-26 00:00:00+07:00,0.22698157984321274,0.2268741425700074,0.19613763888755495,0.18439687036359556,0.01948371501888403,0.0,0.0
2018-06-27 00:00:00+07:00,0.18577102012107946,0.19184120366419857,0.19465383704079703,0.18292491432908042,0.09119573715138675,0.0,0.0
2018-06-28 00:00:00+07:00,0.184299328100873,0.17286509897889218,0.16942794023511623,0.15937244316531965,0.2866497699659263,0.0,0.0
2018-06-29 00:00:00+07:00,0.15927848019611715,0.17870383688263072,0.1634923091997751,0.1902851140057699,0.2898422443678839,0.0,0.0
2018-07-02 00:00:00+07:00,0.2004891203913297,0.188921798516372,0.19910549966065424,0.188813074070432,0.047980005673698006,0.0,0.0
2018-07-03 00:00:00+07:00,0.19754538449260223,0.18746197156848987,0.15013724435719977,0.13876371626894365,0.11959112157539872,0.0,0.0
2018-07-04 00:00:00+07:00,0.16075033898148608,0.1743247597257578,0.15607294365993166,0.17556479855321372,0.0625996740509025,0.0,0.0
2018-07-05 00:00:00+07:00,0.16516576525485363,0.16848592237035045,0.17387954128448094,0.17556479855321372,-0.14475823926280965,0.0,0.0
2018-07-06 00:00:00+07:00,0.16075046793665954,0.15388895733420566,0.1694280215815112,0.15790048713080454,-0.11115576431692058,0.0,0.0
2018-07-09 00:00:00+07:00,0.1739966218188698,0.20935778799280716,0.17833119471697606,0.21530979290651406,0.1514584254789968,0.0,0.0
2018-07-10 00:00:00+07:00,0.21226364964455732,0.20935778799280716,0.19762167553899535,0.21530979290651406,0.2823281392649676,0.0,0.0
2018-07-11 00:00:00+07:00,0.19165838027440196,0.2356326113796991,0.20355726184213485,0.24033447180725825,0.2130664999420643,0.0,0.0
2018-07-12 00:00:00+07:00,0.2328687631270926,0.26190711034556374,0.24362184221231556,0.2697749349107251,0.14690559484259766,0.0,0.0
2018-07-13 00:00:00+07:00,0.27996691528136014,0.27212535201408117,0.28071919391304506,0.28155150609589646,0.12383938454967827,0.0,0.0
2018-07-16 00:00:00+07:00,0.2829104620369727,0.2750447002847065,0.2866546557259757,0.2874395819364253,0.11253737495700743,0.0,0.0
2018-07-17 00:00:00+07:00,0.2755516194503015,0.2677463537914433,0.26439660805112974,0.2638871946734873,-0.18602873973257317,0.0,0.0
2018-07-18 00:00:00+07:00,0.2770232367114077,0.27942383800281984,0.2896224317567468,0.29185570174243897,0.15163643949906658,0.0,0.0
2018-07-19 00:00:00+07:00,0.2858540892964728,0.27942383800281984,0.2955579643240264,0.29185570174243897,0.1376193191966692,0.0,0.0
2018-07-20 00:00:00+07:00,0.2887976097101671,0.2765043229961421,0.2881384516551823,0.28596745810026464,0.034032886302884834,0.0,0.0
2018-07-23 00:00:00+07:00,0.29174109370655177,0.2969401184365562,0.2985254990711865,0.30068768965199805,0.10560274666429519,0.0,0.0
2018-07-24 00:00:00+07:00,0.3094030717838565,0.2984001014479778,0.3103968379868507,0.3109922209018316,0.1855255244623468,0.0,0.0
2018-07-25 00:00:00+07:00,0.310874719578171,0.301319360196969,0.3178160922768914,0.31393613297086187,-0.011239485267653462,0.0,0.0
2018-07-26 00:00:00+07:00,0.2932131493189479,0.304238913216152,0.30594516265126775,0.29921590141912846,0.016640836306456807,0.0,0.0
2018-07-27 00:00:00+07:00,0.2976284785159418,0.2881820136728412,0.3000095328044572,0.29332765777695413,-0.036317936618127454,0.0,0.0
2018-07-30 00:00:00+07:00,0.3035158886202007,0.2911016061439031,0.29259029134373177,0.2962719054492754,-0.08889039487904356,0.0,0.0
2018-07-31 00:00:00+07:00,0.291741417702049,0.2852627683640942,0.271815925938419,0.2962719054492754,0.08856981152752141,0.0,0.0
2018-08-01 00:00:00+07:00,0.30351574652937846,0.29548059310436,0.30742898143790637,0.30804805713033306,0.03091406546525531,0.0,0.0
2018-08-02 00:00:00+07:00,0.3152904661797354,0.32029590215212167,0.31930029655486936,0.3065762688974634,0.14833271569960194,0.0,0.0
2018-08-03 00:00:00+07:00,0.3064596123133163,0.30569880658221066,0.3133647631263456,0.3065762688974634,-0.07773489983057597,0.0,0.0
2018-08-06 00:00:00+07:00,0.3035156238225629,0.31445669015310024,0.3163321562655416,0.3271844084880801,0.06819576651443855,0.0,0.0
2018-08-07 00:00:00+07:00,0.32117732680494876,0.3188358176462236,0.3341387517616889,0.3271844084880801,0.2755244921442418,0.0,0.0
2018-08-08 00:00:00+07:00,0.3329519802251753,0.32321512876909486,0.3252356375667237,0.33454477596641513,0.07746309030356628,0.0,0.0
2018-08-09 00:00:00+07:00,0.3388391543949454,0.3319733242237623,0.3460099405321918,0.3448489716129576,0.08408896545234174,0.0,0.0
2018-08-10 00:00:00+07:00,0.33883904015105676,0.3305135012718637,0.33413876207982307,0.3316005282940938,0.15275237521930013,0.0,0.0
2018-08-13 00:00:00+07:00,0.310874854698356,0.2998597851286996,0.29555798053544785,0.29921590141912846,0.1520420576634406,0.0,0.0
2018-08-14 00:00:00+07:00,0.30645945096310256,0.32029573905751413,0.2940741197579972,0.3095201809664937,0.1744702320593044,0.0,0.0
2018-08-15 00:00:00+07:00,0.3152904661797354,0.30277938746822836,0.31039699641208346,0.3065762688974634,0.035409087593557,0.0,0.0
2018-08-16 00:00:00+07:00,0.3064594348479339,0.2954806634891548,0.30446128596976896,0.30215998128980426,0.0074709300041631435,0.0,0.0
2018-08-17 00:00:00+07:00,0.302044008482311,0.289641826011751,0.31484846813445233,0.30215998128980426,-6.175100444806386,0.0,0.0
2018-08-20 00:00:00+07:00,0.3094028716662862,0.320295540443918,0.3178160528072086,0.3330725682294317,0.21762714388891807,0.0,0.0
2018-08-21 00:00:00+07:00,0.3300081885950905,0.32467466457153843,0.3430420598932015,0.3316005282940938,0.09442682917396264,0.0,0.0
2018-08-22 00:00:00+07:00,0.33147999718775145,0.31883582787121356,0.3445259428620978,0.3316005282940938,-6.175100444806386,0.0,0.0
2018-08-23 00:00:00+07:00,0.3270646643067642,0.36408690772251784,0.338590504547232,0.3728176464835548,0.36006721964646604,0.0,0.0
2018-08-24 00:00:00+07:00,0.3741627722951312,0.4122575498146938,0.3860749942512432,0.4022586129919582,0.2423703085251797,0.0,0.0
2018-08-27 00:00:00+07:00,0.4035989131508171,0.40495896461251546,0.39201049017425627,0.38459413376790347,0.19711900707151364,0.0,0.0
2018-08-28 00:00:00+07:00,0.40359860110176365,0.39036156046460824,0.3845907661337786,0.39637011764731556,0.07013824852174612,0.0,0.0
2018-08-29 00:00:00+07:00,0.3682752543519776,0.37284510986306924,0.3801391767671555,0.3860659220007731,0.18317278284041197,0.0,0.0
2018-08-30 00:00:00+07:00,0.39623990615334276,0.3932813262681787,0.40684936049091086,0.4022586129919582,0.2156162001897118,0.0,0.0
2018-08-31 00:00:00+07:00,0.3977114270694372,0.3874422020424486,0.39942965592917246,0.3860659220007731,0.2668582995209543,0.0,0.0
2018-09-03 00:00:00+07:00,0.4006552953779995,0.3889021604819604,0.3875588403790945,0.38459413376790347,-0.10311045389478353,0.0,0.0
2018-09-04 00:00:00+07:00,0.3874087598326782,0.3786839399846243,0.3816230530278663,0.3831218421300973,-0.07052620088160885,0.0,0.0
2018-09-05 00:00:00+07:00,0.3682753151255552,0.35532865952178505,0.3311710965022634,0.33896081187160604,0.21320652051564576,0.0,0.0
2018-09-06 00:00:00+07:00,0.3403110403005526,0.3962006134241358,0.32820341991613816,0.38017793006106704,0.2119552484767524,0.0,0.0
2018-09-07 00:00:00+07:00,0.3874086057697918,0.3757643686120606,0.3742034854888086,0.38900983406980333,0.1172677184357295,0.0,0.0
2018-09-10 00:00:00+07:00,0.3741624821713226,0.36992568471766035,0.3608486909498401,0.3831218421300973,0.08801513444118593,0.0,0.0
2018-09-11 00:00:00+07:00,0.3829933339455597,0.36992568471766035,0.3964618830835993,0.3831218421300973,-6.175100444806386,0.0,0.0
2018-09-12 00:00:00+07:00,0.38299330147851146,0.37430478005342255,0.3415581803673567,0.3330725682294317,0.18398450911930364,0.0,0.0
2018-09-13 00:00:00+07:00,0.3506136107509129,0.34803011312457477,0.3460099272521176,0.33896081187160604,0.20749655633652167,0.0,0.0
2018-09-14 00:00:00+07:00,0.3329519866915079,0.3378122288233171,0.33413894294875096,0.3374888558370909,0.11689376120438734,0.0,0.0
2018-09-17 00:00:00+07:00,0.3241211275743673,0.3246748381251494,0.33710670278965943,0.33454477596641513,-0.09429476011696368,0.0,0.0
2018-09-18 00:00:00+07:00,0.3211774367931762,0.34073156672736477,0.3341388626522342,0.33896081187160604,0.12936015320656713,0.0,0.0
2018-09-19 00:00:00+07:00,0.3432545672614788,0.3392718574479227,0.34155827802716116,0.33896081187160604,0.2668442765104197,0.0,0.0
2018-09-20 00:00:00+07:00,0.35061360404046993,0.3392718507857695,0.3460099205704935,0.33601673200093024,0.05575580885276684,0.0,0.0
2018-09-21 00:00:00+07:00,0.33295186619329126,0.334892689340084,0.3341388224786205,0.3212963326475513,0.37450174060787794,0.0,0.0
2018-09-24 00:00:00+07:00,0.3329519802251753,0.33051367554936895,0.3400744690953934,0.33454477596641513,0.05066289763165459,0.0,0.0
2018-09-25 00:00:00+07:00,0.3388392153257138,0.3261345474812043,0.3415583522482602,0.33454477596641513,-0.0664423053016257,0.0,0.0
2018-09-26 00:00:00+07:00,0.327064367705095,0.34365067757320417,0.34007408857958943,0.3507367957510181,0.1132385603899503,0.0,0.0
2018-09-27 00:00:00+07:00,0.33295190637627076,0.3334330203301548,0.3430421611021468,0.33896081187160604,0.1097575778867018,0.0,0.0
2018-09-28 00:00:00+07:00,0.332951926093385,0.3348927493691712,0.34600994713098643,0.3477930514836334,0.21814016687487672,0.0,0.0
2018-10-01 00:00:00+07:00,0.33883913451283354,0.33781214151320277,0.3489776867064862,0.33601673200093024,-0.12262966617274133,0.0,0.0
2018-10-02 00:00:00+07:00,0.3432545605856972,0.33781214151320277,0.3371066221625158,0.33601673200093024,-0.007734372574002767,0.0,0.0
2018-10-03 00:00:00+07:00,0.3241211275743673,0.3246748381251494,0.3356228196367925,0.33454477596641513,-0.15112380566916453,0.0,0.0
2018-10-04 00:00:00+07:00,0.3344237462566154,0.32175537702073215,0.32226782893215755,0.3154082568070225,0.09407612816235757,0.0,0.0
2018-10-05 00:00:00+07:00,0.3123466271025029,0.2998597490502805,0.2911062952768207,0.28302346213041163,0.22267939341191262,0.0,0.0
2018-10-08 00:00:00+07:00,0.2843824776472682,0.32321532126610414,0.2970420461979049,0.3065762688974634,0.034920597903000894,0.0,0.0
2018-10-09 00:00:00+07:00,0.30940293435401367,0.3115373482059001,0.3163322327677577,0.3242404125182271,-0.11739549885911547,0.0,0.0
2018-10-10 00:00:00+07:00,0.33295199304167283,0.33343310709227947,0.3074290523025355,0.30215998128980426,0.04770501369911626,0.0,0.0
2018-10-11 00:00:00+07:00,0.27996704636934344,0.28526286841913256,0.26142884134639033,0.2638871946734873,0.23684653488505814,0.0,0.0
2018-10-12 00:00:00+07:00,0.27996686067831705,0.29548064731738655,0.2925902045317614,0.29479978161311476,0.162254896224566,0.0,0.0
2018-10-15 00:00:00+07:00,0.3094029475790976,0.3173761984967179,0.32078389520638867,0.3301285722595787,0.08410214418382969,0.0,0.0
2018-10-16 00:00:00+07:00,0.3300083021249547,0.3319733242237623,0.3222678111101642,0.3448489716129576,-0.030358094186269575,0.0,0.0
2018-10-17 00:00:00+07:00,0.34767008101726943,0.3363525259205194,0.33859059888610016,0.34043293570776667,-0.10429117056285997,0.0,0.0
2018-10-18 00:00:00+07:00,0.32706470260426357,0.31883595839721707,0.3282033613635028,0.3154082568070225,-0.19723111237293633,0.0,0.0
2018-10-19 00:00:00+07:00,0.29762858211668797,0.3056986290746118,0.3059451691361524,0.30215998128980426,-0.04708938009169117,0.0,0.0
2018-10-22 00:00:00+07:00,0.30204389442747226,0.30277909612986165,0.3014934057533445,0.28891153797094044,0.07085362252861187,0.0,0.0
2018-10-23 00:00:00+07:00,0.30351576128581736,0.2925611891663376,0.28517074962884187,0.27713530238906003,0.06354049829647826,0.0,0.0
2018-10-24 00:00:00+07:00,0.2799666963554168,0.27650426170481557,0.27181567729761297,0.25947073926418257,0.048283998866269,0.0,0.0
2018-10-25 00:00:00+07:00,0.23139688351102602,0.27796383687038967,0.24362177053999975,0.274190970815916,0.18331942977348487,0.0,0.0
2018-10-26 00:00:00+07:00,0.28585405815109266,0.3027791559678822,0.29259016677543137,0.3154082568070225,0.16818037165922,0.0,0.0
2018-10-29 00:00:00+07:00,0.2976285495732043,0.29985975897494815,0.30000960390658654,0.2874395819364253,-0.14061861592861585,0.0,0.0
2018-10-30 00:00:00+07:00,0.28732593648872473,0.30569864519361356,0.29852576930911123,0.3095201809664937,0.09922668124478573,0.0,0.0
2018-10-31 00:00:00+07:00,0.3241211759896189,0.318836048970893,0.3222679195596137,0.31835242057852103,0.31709814334946534,0.0,0.0
2018-11-01 00:00:00+07:00,0.33000817829614193,0.32905378179684475,0.3356226347197014,0.3271844084880801,0.286084116714129,0.0,0.0
2018-11-02 00:00:00+07:00,0.33883914116781816,0.3363524388890386,0.34007439495217584,0.33896081187160604,0.27453679143230764,0.0,0.0
2018-11-05 00:00:00+07:00,0.3388390809629002,0.34073150639539923,0.3489776328297193,0.34926500751814854,0.13684566104931783,0.0,0.0
2018-11-06 00:00:00+07:00,0.35650089845367916,0.36846609643080463,0.3667843435374401,0.3625134508370123,0.20882287214104409,0.0,0.0
2018-11-07 00:00:00+07:00,0.37416256347490784,0.3611675100859026,0.3460099405321918,0.3448489716129576,0.1676895578291176,0.0,0.0
2018-11-08 00:00:00+07:00,0.3623880803340077,0.35532865952178505,0.3460099272521176,0.33896081187160604,0.22791032334391978,0.0,0.0
2018-11-09 00:00:00+07:00,0.33883914116781816,0.32905389249182865,0.34749381032710325,0.33896081187160604,0.06785347065286157,0.0,0.0
2018-11-12 00:00:00+07:00,0.34766995275183565,0.33635239857783916,0.3341388224786205,0.3212963326475513,0.0797258149990726,0.0,0.0
2018-11-13 00:00:00+07:00,0.32117736401852115,0.33197323765615566,0.313364427314305,0.34337684777679695,0.05829442875109399,0.0,0.0
2018-11-14 00:00:00+07:00,0.34325507775970515,0.34073207670917816,0.3460104381971243,0.3419053951472184,0.09734919241139472,0.0,0.0
2018-11-15 00:00:00+07:00,0.3550289759498075,0.3465703432643757,0.3489776328297193,0.34926500751814854,0.18074613058812214,0.0,0.0
2018-11-16 00:00:00+07:00,0.3594444881373194,0.3786840335492859,0.36975208180552965,0.38753804583693374,0.33094225900434854,0.0,0.0
2018-11-19 00:00:00+07:00,0.3977116346058431,0.40787834021715924,0.40536539638105423,0.4037305690264733,0.24186003883696905,0.0,0.0
2018-11-20 00:00:00+07:00,0.4035988699794806,0.39036182713194006,0.4172364621546687,0.4037305690264733,-6.175100444806386,0.0,0.0
2018-11-21 00:00:00+07:00,0.3977114270694372,0.3874422020424486,0.3979457729167095,0.3860659220007731,0.25521676162009455,0.0,0.0
2018-11-22 00:00:00+07:00,0.38004992848493024,0.39620066482701305,0.39349433060743944,0.4037305690264733,0.18148188190363498,0.0,0.0
2018-11-23 00:00:00+07:00,0.4153733407267556,0.41079775906469557,0.40388151315935217,0.4037305690264733,0.036193481423480514,0.0,0.0
2018-11-26 00:00:00+07:00,0.38593676709398683,0.40787793719406235,0.3994294634747012,0.41109034919904897,0.07549097898431098,0.0,0.0
2018-11-27 00:00:00+07:00,0.4094859897542305,0.41371706189879365,0.41130081364560533,0.4272830401902341,0.12408850218663212,0.0,0.0
2018-11-28 00:00:00+07:00,0.43450690044725454,0.42101576941931934,0.4350431055422315,0.42433912812120383,0.1948360177754286,0.0,0.0
2018-11-29 00:00:00+07:00,0.42714762085697566,0.4545888475381006,0.44097840152106454,0.4684999905780496,0.2739052635990211,0.0,0.0
2018-11-30 00:00:00+07:00,0.4683584116939047,0.45458899477178294,0.457301262131335,0.4596679187676677,0.4293449310805028,0.0,0.0
2018-12-03 00:00:00+07:00,0.46602470257121753,0.5049960358326411,0.44593338207490907,0.4499206567826113,0.23201294787931923,17.0,0.0
2018-12-04 00:00:00+07:00,0.449781776637794,0.47570624737055195,0.4623095018362121,0.473550316703312,0.28997201803866446,0.0,0.0
2018-12-05 00:00:00+07:00,0.4379684979501827,0.4566676379821925,0.4503993100101574,0.47059633653555044,0.12877886134639724,0.0,0.0
2018-12-06 00:00:00+07:00,0.4527350644735972,0.4654548663950679,0.45188834997160116,0.4794577736338985,0.13088633166250652,0.0,0.0
2018-12-07 00:00:00+07:00,0.4586415356195969,0.45080995059096046,0.46379824009724957,0.4587817582776684,0.11009526450638733,0.0,0.0
2018-12-10 00:00:00+07:00,0.43796865870923585,0.44934536186241614,0.45188821265738943,0.45582794591155235,0.15650928355701632,0.0,0.0
2018-12-11 00:00:00+07:00,0.4409220443800658,0.4478810067905676,0.45337708636171736,0.4499206567826113,0.20365333297836372,0.0,0.0
2018-12-12 00:00:00+07:00,0.458641365732525,0.4449518305268948,0.45486562584001133,0.45139731126320104,0.2968730908349626,0.0,0.0
2018-12-13 00:00:00+07:00,0.46159461924800876,0.4493452937201268,0.4593318478232686,0.45139731126320104,0.16936416775494628,0.0,0.0
2018-12-14 00:00:00+07:00,0.44978160518607374,0.44202285506474015,0.45784310716218285,0.45139731126320104,0.44162378257271173,0.0,0.0
2018-12-17 00:00:00+07:00,0.45716473897478316,0.4478808059890495,0.4608205884843543,0.45139731126320104,0.23378416534524687,0.0,0.0
2018-12-18 00:00:00+07:00,0.43206224452420466,0.42298467414087637,0.41020356394879537,0.4218603622135593,0.3254397858159144,0.0,0.0
2018-12-19 00:00:00+07:00,0.41434247128215557,0.4566676379821925,0.4280682014699208,0.47059633653555044,0.23645394517423132,0.0,0.0
2018-12-20 00:00:00+07:00,0.43796858689719637,0.43909387536945255,0.4370007336869809,0.4366287528375574,0.20898669615135598,0.0,0.0
2018-12-21 00:00:00+07:00,0.41434269425747894,0.4405585009987518,0.428068426274482,0.45287430134708184,0.1921112668154032,0.0,0.0
2018-12-24 00:00:00+07:00,0.45273499334437073,0.4390940131385294,0.4667756868760889,0.45287430134708184,-6.175100444806386,0.0,0.0
2018-12-25 00:00:00+07:00,0.45273499334437073,0.4390940131385294,0.4667756868760889,0.45287430134708184,-6.175100444806386,0.0,0.0
2018-12-26 00:00:00+07:00,0.452734963321357,0.4552033495080062,0.45784321202820055,0.4691196820549607,0.0870495019626344,0.0,0.0
2018-12-27 00:00:00+07:00,0.47340760201978643,0.46399013990913784,0.46975300126523784,0.46025841275825813,-0.010311471363393184,0.0,0.0
2018-12-28 00:00:00+07:00,0.46011792839765775,0.4595966437213332,0.46975296801903765,0.46173523504049335,0.01759955828042118,0.0,0.0
2018-12-31 00:00:00+07:00,0.46159455509371305,0.4478807423621522,0.475707930414609,0.46173523504049335,-6.175100444806386,0.0,0.0
2019-01-01 00:00:00+07:00,0.46159455509371305,0.4478807423621522,0.475707930414609,0.46173523504049335,-6.175100444806386,0.0,0.0
2019-01-02 00:00:00+07:00,0.4615947920288121,0.46106136841208206,0.47570816929346865,0.473550316703312,-0.12678165857813245,0.0,0.0
2019-01-03 00:00:00+07:00,0.4615946878891233,0.45373882525202364,0.45039947192976115,0.45582794591155235,0.11633927695649388,0.0,0.0
2019-01-04 00:00:00+07:00,0.45421172235020096,0.4493455300255911,0.45337712170564715,0.4632123929260197,-0.0021128776836163254,0.0,0.0
2019-01-07 00:00:00+07:00,0.4807909086132556,0.4844931412166688,0.48910680317856114,0.4750271389855472,0.12148985836212682,0.0,0.0
2019-01-08 00:00:00+07:00,0.4704545535720758,0.48302868684978684,0.4771969101220527,0.473550316703312,0.08566685694931786,0.0,0.0
2019-01-09 00:00:00+07:00,0.4911273989663254,0.483028755003176,0.48315194148126567,0.4779809513516633,0.17179142596631378,0.0,0.0
2019-01-10 00:00:00+07:00,0.4911273989663254,0.47717080316357224,0.4727307552253742,0.4779809513516633,0.27532839283108734,0.0,0.0
2019-01-11 00:00:00+07:00,0.48522075583231483,0.4771706685868601,0.48612928814107004,0.4765039612677825,0.17160909738917265,0.0,0.0
2019-01-14 00:00:00+07:00,0.4675010618779332,0.45813215605143565,0.46082052442568044,0.46173523504049335,0.1825855757300647,0.0,0.0
2019-01-15 00:00:00+07:00,0.4704545879545699,0.4654548663950679,0.47273072203573985,0.4794577736338985,0.18344026791164642,0.0,0.0
2019-01-16 00:00:00+07:00,0.47931418382412966,0.47277714074808685,0.48910670475990903,0.4868418850450748,0.21088619298373426,0.0,0.0
2019-01-17 00:00:00+07:00,0.4881741478412547,0.4859577337727736,0.5010168350781832,0.5001337889901287,0.1985214681613243,0.0,0.0
2019-01-18 00:00:00+07:00,0.5029399588736738,0.5137825427106633,0.5099488199789209,0.5281935801542441,0.231842393943799,0.0,0.0
2019-01-21 00:00:00+07:00,0.5280429860610958,0.5650399910580087,0.5322803032076613,0.563638489539409,0.18087584751641012,0.0,0.0
2019-01-22 00:00:00+07:00,0.5797248972712438,0.5708979121605571,0.5501451629699581,0.5798838702472878,0.1994797881522388,0.0,0.0
2019-01-23 00:00:00+07:00,0.5797248911703107,0.5650399546987752,0.5575888608801441,0.5503467533960006,0.22360875548625286,0.0,0.0
2019-01-24 00:00:00+07:00,0.5295195082526112,0.5313566649150466,0.5218590134046375,0.5385318395348275,0.2516280180452039,0.0,0.0
2019-01-25 00:00:00+07:00,0.5206598161712441,0.5416081491412014,0.5352577491909097,0.5503467533960006,0.09953693181037554,0.0,0.0
2019-01-28 00:00:00+07:00,0.5546222676668129,0.540143694390622,0.557588894280994,0.5488699311137654,0.10334824377182607,0.0,0.0
2019-01-29 00:00:00+07:00,0.5339496913026628,0.5503953120254527,0.5471679103794295,0.5621618350588192,0.1410080317418248,0.0,0.0
2019-01-30 00:00:00+07:00,0.567911573214951,0.5533237514549735,0.5635435221271522,0.5562538747232961,0.1347125985205191,0.0,0.0
2019-01-31 00:00:00+07:00,0.5560989678498598,0.5767559655797991,0.5709876354480318,0.5902219618262257,0.33547121361298127,0.0,0.0
2019-02-01 00:00:00+07:00,0.603351030941263,0.60897470032984,0.5828975624616695,0.5902219618262257,0.03775999106380173,0.0,0.0
2019-02-04 00:00:00+07:00,0.5900612792951472,0.5752913696302137,0.5650325647765555,0.5503467533960006,0.27390220995378295,0.0,0.0
2019-02-05 00:00:00+07:00,0.5501923536707772,0.5357501977518079,0.5650325647765555,0.5503467533960006,-6.175100444806386,0.0,0.0
2019-02-06 00:00:00+07:00,0.5501924558214529,0.5474662025783187,0.5635439268923434,0.5606848449749384,0.29793907085985055,0.0,0.0
2019-02-07 00:00:00+07:00,0.5605287100420767,0.5460015811907482,0.5665212737153196,0.5592078548910576,0.07202082045941684,0.0,0.0
2019-02-08 00:00:00+07:00,0.5590518135997432,0.5460013135692438,0.5650322626317577,0.5562538747232961,0.08049099973546481,0.0,0.0
2019-02-11 00:00:00+07:00,0.5560988945720448,0.5445371580226855,0.553122671851638,0.5488699311137654,-0.11087856224241689,0.0,0.0
2019-02-12 00:00:00+07:00,0.5590520444783229,0.5445370549726747,0.5501450869909431,0.5385318395348275,0.21420503075804545,0.0,0.0
2019-02-13 00:00:00+07:00,0.5383790295292464,0.5328209137721629,0.5382349219258226,0.5267167578720089,0.23948456077907296,0.0,0.0
2019-02-14 00:00:00+07:00,0.5221364019800224,0.507924887923587,0.5293027448621883,0.5149021796141268,0.2579433663826901,0.0,0.0
2019-02-15 00:00:00+07:00,0.5088470610711876,0.5093896766672222,0.5159043798699904,0.5089950582868313,0.15701826370393113,0.0,0.0
2019-02-18 00:00:00+07:00,0.5236130355900881,0.5357501631364946,0.5382351961367206,0.544439296465414,0.06814333981417967,0.0,0.0
2019-02-19 00:00:00+07:00,0.5265662824909852,0.5298922050686607,0.5293027448621883,0.5149021796141268,0.07620621897394415,0.0,0.0
2019-02-20 00:00:00+07:00,0.5354260849210108,0.5635754668514267,0.5471676754251682,0.5503467533960006,0.19057594853594684,0.0,0.0
2019-02-21 00:00:00+07:00,0.5620051663667468,0.5533238505549053,0.5560999187145204,0.5518234078765903,0.018199012602387717,0.0,0.0
2019-02-22 00:00:00+07:00,0.5428091182971108,0.5430725359052748,0.5531225369939226,0.5473929410298846,-0.024383453398519016,0.0,0.0
2019-02-25 00:00:00+07:00,0.5472389986453318,0.5357500971259234,0.5516337963076333,0.5473929410298846,-0.02716368605994731,0.0,0.0
2019-02-26 00:00:00+07:00,0.5501921576556442,0.5518593677248671,0.5635436265537351,0.566591966302234,0.22337399927023124,0.0,0.0
2019-02-27 00:00:00+07:00,0.5693884063456817,0.5562529316236728,0.5784311346473807,0.56954577866835,0.14474944099729548,0.0,0.0
2019-02-28 00:00:00+07:00,0.5708651986242601,0.5591820715707243,0.5680101148564116,0.5547773880443518,0.22660776453436504,0.0,0.0
2019-03-01 00:00:00+07:00,0.5693887414427447,0.5650401926232621,0.5754539892888547,0.5621618350588192,0.11744975710868598,0.0,0.0
2019-03-04 00:00:00+07:00,0.5560989636928168,0.5474662025783187,0.5694988903839768,0.5606848449749384,0.0731813929423009,0.0,0.0
2019-03-05 00:00:00+07:00,0.5501923869511184,0.5372147186359131,0.5471677086124965,0.5488699311137654,-0.037385419652721366,0.0,0.0
2019-03-06 00:00:00+07:00,0.5664351468209561,0.5518594624404964,0.5620549811116581,0.5473929410298846,-0.10960627188168039,0.0,0.0
2019-03-07 00:00:00+07:00,0.5472389986453318,0.5328211216141827,0.5620549811116581,0.5473929410298846,-6.175100444806386,0.0,0.0
2019-03-08 00:00:00+07:00,0.5634820602199456,0.556253092046581,0.5471677393954005,0.5326245504058864,0.057694924680138315,0.0,0.0
2019-03-11 00:00:00+07:00,0.5590519129819627,0.5445369245573173,0.5531224375241207,0.5518234078765903,-0.16224532881140813,0.0,0.0
2019-03-12 00:00:00+07:00,0.5620053686705909,0.5474661005305951,0.5501451569837328,0.5503467533960006,-0.08818015696905826,0.0,0.0
2019-03-13 00:00:00+07:00,0.5354260849210108,0.5372146855991564,0.5501451569837328,0.5503467533960006,-0.3727390906067283,0.0,0.0
2019-03-14 00:00:00+07:00,0.5354260503360668,0.534285675320615,0.550145122115062,0.544439296465414,-0.08033068619304974,0.0,0.0
2019-03-15 00:00:00+07:00,0.5560990976402141,0.5489308239656717,0.5605665793365256,0.5621618350588192,-0.07476268872483639,0.0,0.0
2019-03-18 00:00:00+07:00,0.5664354202755493,0.5533242216470596,0.5754539219936008,0.5651154796232897,-0.06627978065249109,0.0,0.0
2019-03-19 00:00:00+07:00,0.5620052664727352,0.5489304869287558,0.560566240425369,0.5473929410298846,-0.0016943170179005102,0.0,0.0
2019-03-20 00:00:00+07:00,0.5620054008014289,0.5518595960256192,0.5546114112774589,0.5414856519009436,-0.06956530123171711,0.0,0.0
2019-03-21 00:00:00+07:00,0.5472392666267359,0.5416083153801331,0.5546115466297461,0.5429626419848242,-0.09089466351011327,0.0,0.0
2019-03-22 00:00:00+07:00,0.5398558977685765,0.5357501301011222,0.5546113109881855,0.5459161187476493,-0.1943950281606864,0.0,0.0
2019-03-25 00:00:00+07:00,0.5324729622846426,0.5357503292217548,0.5471678076143787,0.5370551850542378,-0.28128874543942917,0.0,0.0
2019-03-26 00:00:00+07:00,0.5442858779537216,0.538679205140639,0.5516339296604207,0.5414856519009436,-0.33252077779174016,0.0,0.0
2019-03-27 00:00:00+07:00,0.5531455390852728,0.5386791056728177,0.5531225702714221,0.5459161187476493,-0.3711244627078637,0.0,0.0
2019-03-28 00:00:00+07:00,0.5383793703378191,0.5313567657600944,0.5427014848093059,0.5414856519009436,-0.16527251483475297,0.0,0.0
2019-03-29 00:00:00+07:00,0.5546221677351898,0.5445370586430132,0.5531225721049732,0.5533003979604711,-0.12410409334535251,0.0,0.0
2019-04-01 00:00:00+07:00,0.564958622420544,0.5503950762252915,0.5590776016594262,0.5503467533960006,-0.3009633525692483,0.0,0.0
2019-04-02 00:00:00+07:00,0.5590521149206372,0.556253027614685,0.5590776016594262,0.5503467533960006,-0.11821523568682368,0.0,0.0
2019-04-03 00:00:00+07:00,0.5501923536707772,0.5357501977518079,0.5650325647765555,0.5503467533960006,-6.175100444806386,0.0,0.0
2019-04-04 00:00:00+07:00,0.5620056059968944,0.5533242881450144,0.5620553203317585,0.5621618350588192,-0.025534064482246877,0.0,0.0
2019-04-05 00:00:00+07:00,0.5679118442735385,0.5533240202852474,0.5724762367167701,0.5592078548910576,-0.29893471202669525,0.0,0.0
2019-04-08 00:00:00+07:00,0.5516689456117877,0.547466065663534,0.550145122115062,0.544439296465414,-0.0905111765295999,0.0,0.0
2019-04-09 00:00:00+07:00,0.5605288445963393,0.5503951784572172,0.5694988903839768,0.5606848449749384,-0.19620839917622096,0.0,0.0
2019-04-10 00:00:00+07:00,0.5649584554178478,0.5518593982936209,0.5694986198034652,0.5577308648071768,-0.3393497409272505,0.0,0.0
2019-04-11 00:00:00+07:00,0.5679118408875087,0.5533240169270535,0.559077566598818,0.544439296465414,-0.24820847284292652,0.0,0.0
2019-04-12 00:00:00+07:00,0.5383793386709641,0.5386791734465046,0.5531226385422974,0.5503467533960006,-0.35635878736926124,0.0,0.0
2019-04-15 00:00:00+07:00,0.5679116731363145,0.5562528258874347,0.562054881095319,0.5518234078765903,0.09552017633639961,0.0,0.0
2019-04-16 00:00:00+07:00,0.5487157600458868,0.5372147186359131,0.557588894280994,0.5488699311137654,0.10983591124705959,0.0,0.0
2019-04-17 00:00:00+07:00,0.5487157600458868,0.534285742881204,0.5635438575201355,0.5488699311137654,-6.175100444806386,0.0,0.0
2019-04-18 00:00:00+07:00,0.579724731732588,0.6250837925244597,0.5888522570734512,0.5872679816584641,0.31823973614676604,0.0,0.0
2019-04-19 00:00:00+07:00,0.5871078653956957,0.5723622351025729,0.6022509227952852,0.5872679816584641,-6.175100444806386,0.0,0.0
2019-04-22 00:00:00+07:00,0.5871078653956957,0.5884715998703716,0.5903409977092107,0.5872679816584641,0.06729513693905248,0.0,0.0
2019-04-23 00:00:00+07:00,0.603351064584131,0.5972588303268984,0.5933187820098798,0.5887451395439904,-0.02163956902541938,0.0,0.0
2019-04-24 00:00:00+07:00,0.6067643463470097,0.5918571244091818,0.6100498598681581,0.6039467940167251,-0.03384845044732228,51.0,0.0
2019-04-25 00:00:00+07:00,0.5754714756081987,0.5859453853741408,0.5875143709224291,0.5935140623097132,0.05971659503613477,0.0,0.0
2019-04-26 00:00:00+07:00,0.5903725172705013,0.5933345501496844,0.6010353079236108,0.6009656299823891,0.08544113171363889,0.0,0.0
2019-04-29 00:00:00+07:00,0.5978232291865044,0.6081133881714552,0.6085471435185288,0.6203403435775996,0.08161837377573783,0.0,0.0
2019-04-30 00:00:00+07:00,0.6157049820510634,0.627326018166488,0.6310826435611773,0.6397152249744555,0.25430850495706975,0.0,0.0
2019-05-01 00:00:00+07:00,0.6395469882712342,0.6243702673809014,0.6551202440690451,0.6397152249744555,-6.175100444806386,0.0,0.0
2019-05-02 00:00:00+07:00,0.6544479855533689,0.6421045171596602,0.6325847404579745,0.6203403435775996,0.1550444875007092,0.0,0.0
2019-05-03 00:00:00+07:00,0.6186853686275765,0.6243704037233405,0.6145569285582865,0.6173600185514911,0.0409078064012778,0.0,0.0
2019-05-06 00:00:00+07:00,0.5948428925419628,0.5977681754405996,0.6085470565787167,0.6009656299823891,-0.12014024826672541,0.0,0.0
2019-05-07 00:00:00+07:00,0.6171950688222942,0.6125472257022799,0.6250732046713882,0.6128887759049236,0.0464296043434618,0.0,0.0
2019-05-08 00:00:00+07:00,0.5948431506422546,0.6095914367659239,0.6085473165640665,0.6248115862241671,0.045753354164238584,0.0,0.0
2019-05-09 00:00:00+07:00,0.6246458522528665,0.6095916303532303,0.6175616105480781,0.6039467940167251,0.31091623516485295,0.0,0.0
2019-05-10 00:00:00+07:00,0.5978235293234453,0.6036800640350725,0.6100497953870462,0.5979853049562807,0.13400779240621527,0.0,0.0
2019-05-13 00:00:00+07:00,0.6186852854141563,0.6081136903511811,0.6100497953870462,0.5979853049562807,0.072146327249186,0.0,0.0
2019-05-14 00:00:00+07:00,0.5829221130803427,0.5889011470648723,0.5785002824278344,0.5637069526107817,0.2768032622308338,0.0,0.0
2019-05-15 00:00:00+07:00,0.5814319149465846,0.5667329454047229,0.5634767111239335,0.5532743887054152,0.11492868299806748,0.0,0.0
2019-05-16 00:00:00+07:00,0.5531196233934476,0.5445649042639948,0.5138992510670086,0.4996216583679969,0.18413674410215938,0.0,0.0
2019-05-17 00:00:00+07:00,0.4994751241019829,0.4943171553900589,0.4838522636701608,0.46981454866906547,0.12511130164807022,0.0,0.0
2019-05-20 00:00:00+07:00,0.46967259534370515,0.5179631373368235,0.4718334415464815,0.5294287680669283,0.019490063137103327,0.0,0.0
2019-05-21 00:00:00+07:00,0.556099786140327,0.5489984426532976,0.5499555623341988,0.5532743887054152,0.21955690749942747,0.0,0.0
2019-05-22 00:00:00+07:00,0.5739812888270969,0.5593435692582955,0.5499555623341988,0.5532743887054152,-0.1028441033845206,0.0,0.0
2019-05-23 00:00:00+07:00,0.5471590453843088,0.5815117085163918,0.531927374425892,0.5964947229391127,0.02051376616477911,0.0,0.0
2019-05-24 00:00:00+07:00,0.5978235293234453,0.5889013096480438,0.6115521454654578,0.5979853049562807,-0.11307450662752262,0.0,0.0
2019-05-27 00:00:00+07:00,0.5754713516732682,0.6095912633448555,0.5890165960052288,0.6203403435775996,0.09761549148210746,0.0,0.0
2019-05-28 00:00:00+07:00,0.6112344341197941,0.6302815951348348,0.6265754202918445,0.635243982327888,0.4866246710210237,0.0,0.0
2019-05-29 00:00:00+07:00,0.6544484638738356,0.6672288772659154,0.649111064778148,0.6367347321467016,0.32807715926486125,0.0,0.0
2019-05-30 00:00:00+07:00,0.6365669569151039,0.6214147342128905,0.6521157652270348,0.6367347321467016,-6.175100444806386,0.0,0.0
2019-05-31 00:00:00+07:00,0.6365667118819166,0.6598392508314036,0.6506131681744033,0.660580184983543,0.21778148915522105,0.0,0.0
2019-06-03 00:00:00+07:00,0.6604087177451288,0.645060497124736,0.6761531183316328,0.660580184983543,-6.175100444806386,0.0,0.0
2019-06-04 00:00:00+07:00,0.6604087177451288,0.645060497124736,0.6761531183316328,0.660580184983543,-6.175100444806386,0.0,0.0
2019-06-05 00:00:00+07:00,0.6604087177451288,0.645060497124736,0.6761531183316328,0.660580184983543,-6.175100444806386,0.0,0.0
2019-06-06 00:00:00+07:00,0.6604087177451288,0.645060497124736,0.6761531183316328,0.660580184983543,-6.175100444806386,0.0,0.0
2019-06-07 00:00:00+07:00,0.6604087177451288,0.645060497124736,0.6761531183316328,0.660580184983543,-6.175100444806386,0.0,0.0
2019-06-10 00:00:00+07:00,0.7140530862118722,0.7544231264730521,0.6731482770209285,0.6784643165615855,0.43168710055890086,0.0,0.0
2019-06-11 00:00:00+07:00,0.6842505949677468,0.6864408786228829,0.6836647398909748,0.6874064662514294,0.11893841273630851,0.0,0.0
2019-06-12 00:00:00+07:00,0.6663688388703024,0.6687061219659869,0.6761527361839995,0.6680315848545735,0.10110412479786031,0.0,0.0
2019-06-13 00:00:00+07:00,0.6797801708456099,0.6642727017323365,0.667138843038682,0.6561089423369755,0.14600018264353312,0.0,0.0
2019-06-14 00:00:00+07:00,0.6678594485803023,0.6524499771260044,0.6671391221456056,0.6546188637247441,0.034741414157890574,0.0,0.0
2019-06-17 00:00:00+07:00,0.6574283440339966,0.6509718760103705,0.6671388947158308,0.653128281707576,0.16664557112679979,0.0,0.0
2019-06-18 00:00:00+07:00,0.6529580150302745,0.668706426432999,0.6686412917802651,0.6844258056220299,0.1459362079615333,0.0,0.0
2019-06-19 00:00:00+07:00,0.6842507751482981,0.6864410591394907,0.6971860703358227,0.696348783742919,0.08930541046582219,0.0,0.0
2019-06-20 00:00:00+07:00,0.6842505949677468,0.680529377572701,0.671645940696279,0.6874064662514294,0.04834827106957244,0.0,0.0
2019-06-21 00:00:00+07:00,0.6872308317866407,0.6790514886693149,0.6821623763468574,0.6784643165615855,0.35594598184018655,0.0,0.0
2019-06-24 00:00:00+07:00,0.6827605659898801,0.6687064710414005,0.6896742360637528,0.6769740701477085,-0.18876822697918313,0.0,0.0
2019-06-25 00:00:00+07:00,0.6931913465123466,0.6864408786228829,0.6926788392869969,0.6874064662514294,-0.0848819079118683,0.0,0.0
2019-06-26 00:00:00+07:00,0.6961719161684288,0.680529694090326,0.6881721070149021,0.6739935773199545,0.047353643729254456,0.0,0.0
2019-06-27 00:00:00+07:00,0.6693494638347002,0.6790516245031251,0.6716460621920144,0.6948583695273964,0.140318128605705,0.0,0.0
2019-06-28 00:00:00+07:00,0.7080924144571854,0.6967858218896962,0.7182186020541298,0.7127423333037933,0.1552142308546691,0.0,0.0
2019-07-01 00:00:00+07:00,0.7125630671984146,0.7056533490745912,0.7197212301061559,0.7112522546915618,0.03102768958516598,0.0,0.0
2019-07-02 00:00:00+07:00,0.7110728904127637,0.6982639212665367,0.7152141286483102,0.7142329153209613,-0.022286822541391197,0.0,0.0
2019-07-03 00:00:00+07:00,0.6991518880807682,0.6982639212665367,0.7122094287809451,0.7142329153209613,-0.059449755823411346,0.0,0.0
2019-07-04 00:00:00+07:00,0.7140531925328613,0.7012197230578124,0.7197212301061559,0.7112522546915618,-0.21094925973733208,0.0,0.0
2019-07-05 00:00:00+07:00,0.7200139669889365,0.7041757446087059,0.7212238531549906,0.7052911012344084,-0.15954162360880617,0.0,0.0
2019-07-08 00:00:00+07:00,0.6946814580158716,0.6864408649245832,0.6896741257851314,0.6784643165615855,-0.1042730449975026,0.0,0.0
2019-07-09 00:00:00+07:00,0.6753098834167774,0.6982639212665367,0.6911765297093889,0.7142329153209613,-0.028228871752852394,0.0,0.0
2019-07-10 00:00:00+07:00,0.7140531409957626,0.7100869236371895,0.7287352780514537,0.7142329153209613,0.0027070538663384507,0.0,0.0
2019-07-11 00:00:00+07:00,0.7200135974587117,0.7056532533758166,0.7242281834800911,0.7216846507952829,-0.14338133185618673,0.0,0.0
2019-07-12 00:00:00+07:00,0.7140532571266718,0.7071312887966299,0.7287353950375043,0.7172137437520064,-0.1916226701661771,0.0,0.0
2019-07-15 00:00:00+07:00,0.7319348576636617,0.732255266418452,0.7407542915529882,0.7455306070370609,0.059552577950069734,0.0,0.0
2019-07-16 00:00:00+07:00,0.7378951277783876,0.7292992846822124,0.7512705090582832,0.7395689501749708,-0.10687464346492621,0.0,0.0
2019-07-17 00:00:00+07:00,0.7378948802741165,0.7425999139222168,0.7437585113657266,0.7589433281668903,-0.045038894143108334,0.0,0.0
2019-07-18 00:00:00+07:00,0.7438556557082597,0.7485116902523913,0.746763486144959,0.7574532495546588,-0.05956528603964767,0.0,0.0
2019-07-19 00:00:00+07:00,0.7721683402929153,0.7603349948200884,0.7753084391997453,0.7738474703221153,-0.05680310244476423,0.0,0.0
2019-07-22 00:00:00+07:00,0.7915396739644488,0.783980706202721,0.7903316431171601,0.8006735837883562,-0.1138887643600983,0.0,0.0
2019-07-23 00:00:00+07:00,0.7855790363311879,0.783980569829715,0.7918338563071455,0.7842795308225452,-0.09737732199872871,0.0,0.0
2019-07-24 00:00:00+07:00,0.791539544124329,0.7765912007749324,0.7798150645622683,0.7887506056674671,-0.0029345858823548203,0.0,0.0
2019-07-25 00:00:00+07:00,0.7945197945283673,0.7795469511901062,0.7903315134665456,0.7887506056674671,0.01122257902366554,0.0,0.0
2019-07-26 00:00:00+07:00,0.7885593243234388,0.7721576055037381,0.7873268443376177,0.7723567205033017,0.00012595005096060173,0.0,0.0
2019-07-29 00:00:00+07:00,0.779618514455001,0.7662460464545375,0.7783126867083127,0.7708663062877792,0.09733904365032905,0.0,0.0
2019-07-30 00:00:00+07:00,0.7751483203479083,0.77215772844019,0.7873269681102477,0.7798086237792687,-0.1055031939059449,0.0,0.0
2019-07-31 00:00:00+07:00,0.7706777633781913,0.7692017968249805,0.784322085991242,0.7708663062877792,0.07436792112426749,0.0,0.0
2019-08-01 00:00:00+07:00,0.7706779957245227,0.7780692813507463,0.7858246698752027,0.7768279631498692,0.1434564109930807,0.0,0.0
2019-08-02 00:00:00+07:00,0.761737391724759,0.7588570495816266,0.7783130692443914,0.7634149064167488,0.06813506119136876,0.0,0.0
2019-08-05 00:00:00+07:00,0.778128528530238,0.7618125590087957,0.730237627985136,0.7142329153209613,0.19574145472124552,0.0,0.0
2019-08-06 00:00:00+07:00,0.6782900803115636,0.68496298967353,0.659627128032035,0.6784643165615855,0.43947018258979,0.0,0.0
2019-08-07 00:00:00+07:00,0.706602630185296,0.7130427903658771,0.7016930944749632,0.7172137437520064,0.2002166157354872,0.0,0.0
2019-08-08 00:00:00+07:00,0.7170332818740588,0.7219098159377438,0.7242281181978145,0.7157231617348384,0.04121208075868976,0.0,0.0
2019-08-09 00:00:00+07:00,0.7304447715674696,0.733733181355921,0.7467637316912035,0.7336077967178174,-0.025487099866082195,0.0,0.0
2019-08-12 00:00:00+07:00,0.7349148568587174,0.7219098880415427,0.7302375898979179,0.7261557256402048,0.006164060236399045,0.0,0.0
2019-08-13 00:00:00+07:00,0.7140531476900533,0.7100869303207098,0.7302376347343452,0.7187039901658834,0.1698814572330553,0.0,0.0
2019-08-14 00:00:00+07:00,0.7259742602328734,0.7159985411505007,0.7242283449437472,0.7172137437520064,0.15958174594856495,0.0,0.0
2019-08-15 00:00:00+07:00,0.6902111363317717,0.6982639212665367,0.6881718298420237,0.7142329153209613,0.005216226527817767,0.0,0.0
2019-08-16 00:00:00+07:00,0.7259743518950541,0.7100871304898994,0.7182190360088657,0.7023102728033634,-0.013395925448130539,0.0,0.0
2019-08-19 00:00:00+07:00,0.7229938994725215,0.7071311797169813,0.7197211851591968,0.7187039901658834,-0.1826401384694489,0.0,0.0
2019-08-20 00:00:00+07:00,0.7244838420918671,0.708608873842867,0.7257304022659486,0.7097616726743938,0.04179601833590179,0.0,0.0
2019-08-21 00:00:00+07:00,0.7140530174454823,0.6997416739261562,0.7227257542718811,0.7067810120449943,0.026795557753107886,0.0,0.0
2019-08-22 00:00:00+07:00,0.6917012616232713,0.6982639212665367,0.7062000290462147,0.7142329153209613,0.08377516411558521,0.0,0.0
2019-08-23 00:00:00+07:00,0.6902109132204558,0.6967858218896962,0.7016927548734511,0.7127423333037933,-0.1557273115271368,0.0,0.0
2019-08-26 00:00:00+07:00,0.6961716885194974,0.6982639723799602,0.6881718805895233,0.7112522546915618,-0.0778650698193292,0.0,0.0
2019-08-27 00:00:00+07:00,0.7259740330754445,0.7100868142912363,0.7152140191478223,0.7157231617348384,0.302984644502988,0.0,0.0
2019-08-28 00:00:00+07:00,0.7140529148694287,0.7041751974369067,0.7257303507726202,0.7127423333037933,0.025303616101181817,0.0,0.0
2019-08-29 00:00:00+07:00,0.711072781073135,0.7056531886737959,0.7257304680394797,0.7157231617348384,-0.0017044375393575671,0.0,0.0
2019-08-30 00:00:00+07:00,0.7378953017369617,0.7278215824964918,0.7317401333353591,0.7440401928215383,0.12249199994769241,0.0,0.0
2019-09-02 00:00:00+07:00,0.743855646825751,0.7278214271931687,0.730237627985136,0.7142329153209613,-0.0692332999580332,0.0,0.0
2019-09-03 00:00:00+07:00,0.7140531099621136,0.7145205184655197,0.7302375966968943,0.7306268004851268,-0.06666590082754008,0.0,0.0
2019-09-04 00:00:00+07:00,0.7319348786885175,0.7159986570920136,0.7317402118918924,0.7201945721830514,-0.07294013431247852,0.0,0.0
2019-09-05 00:00:00+07:00,0.7393852326387726,0.7233877633066523,0.7347446396037478,0.7261557256402048,0.012345408090688998,0.0,0.0
2019-09-06 00:00:00+07:00,0.7319345994936769,0.7159983801923729,0.7377493325463337,0.7216846507952829,0.01684238734950587,0.0,0.0
2019-09-09 00:00:00+07:00,0.728954465672963,0.7145206207572692,0.7242282997642144,0.7246654792263278,-0.2406677045302569,0.0,0.0
2019-09-10 00:00:00+07:00,0.7200136110246658,0.7145205184655197,0.7257305469740674,0.7306268004851268,-0.08720810012347173,0.0,0.0
2019-09-11 00:00:00+07:00,0.7289545492178475,0.7278215824964918,0.7332424833984476,0.7440401928215383,-0.04690491659894996,0.0,0.0
2019-09-12 00:00:00+07:00,0.7438558825663526,0.7292995364837714,0.7332425620203903,0.7201945721830514,-0.08943271087349602,0.0,0.0
2019-09-13 00:00:00+07:00,0.7378951591931004,0.7248656900446738,0.7332423413397828,0.7231750650108053,-0.20855565426619735,0.0,0.0
2019-09-16 00:00:00+07:00,0.7140530314735969,0.702697438262169,0.7257304680394797,0.7157231617348384,0.1392582105919724,0.0,0.0
2019-09-17 00:00:00+07:00,0.7110729037457816,0.7086090616636089,0.7257305916152664,0.7231750650108053,0.19997306864850756,0.0,0.0
2019-09-18 00:00:00+07:00,0.711072852698424,0.7100868859206682,0.7272328900940315,0.7261557256402048,-0.20554115860252725,0.0,0.0
2019-09-19 00:00:00+07:00,0.7185235302589257,0.7115648122783481,0.7302376414499764,0.7231750650108053,0.06256602604943183,0.0,0.0
2019-09-20 00:00:00+07:00,0.7289544458773314,0.7130427257692215,0.7272329799910684,0.7112522546915618,0.32909083944148804,0.0,0.0
2019-09-23 00:00:00+07:00,0.7229938479674531,0.7071311286353248,0.7302375830650875,0.7216846507952829,-0.03195533222546179,0.0,0.0
2019-09-24 00:00:00+07:00,0.7080928400956785,0.6982641205503873,0.7122096293392329,0.6978391979584414,0.15001793967606508,0.0,0.0
2019-09-25 00:00:00+07:00,0.6842507174469928,0.6790516245031251,0.664134312172092,0.6948583695273964,0.1868185637707377,0.0,0.0
2019-09-26 00:00:00+07:00,0.7140531675740859,0.7159984514459428,0.7212235550454242,0.7321172147006493,0.26150739055626904,0.0,0.0
2019-09-27 00:00:00+07:00,0.7155434079227226,0.7204321928200822,0.7302377706636424,0.7350980431316944,-0.026271879852914345,0.0,0.0
2019-09-30 00:00:00+07:00,0.7349150382453217,0.7189543174067887,0.7317401207162237,0.7350980431316944,0.12126729370658659,0.0,0.0
2019-10-01 00:00:00+07:00,0.7170333537384972,0.7174762622462149,0.7332422897018043,0.7261557256402048,-0.08923304019568652,0.0,0.0
2019-10-02 00:00:00+07:00,0.7170333026900124,0.718954086377052,0.7332422382345295,0.7291363862696043,0.003990454917505814,0.0,0.0
2019-10-03 00:00:00+07:00,0.7170333537384972,0.7115647611857775,0.7152140908784856,0.7261557256402048,-0.010287265360277475,0.0,0.0
2019-10-04 00:00:00+07:00,0.7080923278031094,0.7174759862585941,0.724227913663956,0.7276458042524363,0.03273066542824331,0.0,0.0
2019-10-07 00:00:00+07:00,0.7349150382453217,0.7219100682333754,0.7452612711894557,0.7350980431316944,0.03159831920222848,0.0,0.0
2019-10-08 00:00:00+07:00,0.7378953017369617,0.7278215824964918,0.7347448334615363,0.7440401928215383,-0.03368197434176325,0.0,0.0
2019-10-09 00:00:00+07:00,0.7438557907019059,0.727821569886549,0.7452612711894557,0.7350980431316944,-0.07695909063332951,0.0,0.0
2019-10-10 00:00:00+07:00,0.7200134151438037,0.7307769492680852,0.7362467988395072,0.7470205178476468,0.08334487516779222,0.0,0.0
2019-10-11 00:00:00+07:00,0.7378952566884383,0.7440781669270967,0.7542753388635959,0.7514919282958598,-0.08230308614194569,0.0,0.0
2019-10-14 00:00:00+07:00,0.7527967082200712,0.7573792437264469,0.7692990384464651,0.7738474703221153,-0.11203039837331114,0.0,0.0
2019-10-15 00:00:00+07:00,0.7706777563139527,0.7544230379666009,0.7738056301757005,0.7663952314428573,-0.08169532773736708,0.0,0.0
2019-10-16 00:00:00+07:00,0.7736581370344711,0.7618125434784634,0.7828198599781103,0.7783182095637462,0.0831863524012046,0.0,0.0
2019-10-17 00:00:00+07:00,0.7691876025597718,0.7603345102248108,0.7617868032136863,0.7485109320631692,-0.043669710105837097,0.0,0.0
2019-10-18 00:00:00+07:00,0.7617375015341357,0.7485120302304381,0.7723037790702402,0.7619246600028718,-0.08107167460711248,0.0,0.0
2019-10-21 00:00:00+07:00,0.7736581950222418,0.7736356037704072,0.7858246181421183,0.7798086237792687,0.05106601529827307,0.0,0.0
2019-10-22 00:00:00+07:00,0.7945200403181178,0.7869365721635669,0.7978435087115261,0.8036544122194011,0.09093739506416268,0.0,0.0
2019-10-23 00:00:00+07:00,0.8034605012712411,0.7884141582969556,0.8083596670387678,0.7962023411417887,0.06385633518464706,0.0,0.0
2019-10-24 00:00:00+07:00,0.8004805419102126,0.7928480737714872,0.8113646590812524,0.8036544122194011,0.11989086151157104,0.0,0.0
2019-10-25 00:00:00+07:00,0.8094214788945389,0.7943261323969678,0.7828201901413457,0.7738474703221153,0.06223498045447611,0.0,0.0
2019-10-28 00:00:00+07:00,0.7736583560595109,0.7721578894416182,0.7903318304048881,0.7753377167359923,-0.06257458891716994,0.0,0.0
2019-10-29 00:00:00+07:00,0.7751483203479083,0.7692019777797555,0.7753081683652124,0.7798086237792687,0.15064099678967324,0.0,0.0
2019-10-30 00:00:00+07:00,0.7975002201059457,0.7825028754770796,0.7903316878273523,0.7932218483140346,0.055481177973032696,0.0,0.0
2019-10-31 00:00:00+07:00,0.7945199245758992,0.7869364568236018,0.8053551425974109,0.8006735837883562,0.04195672690721465,0.0,0.0
2019-11-01 00:00:00+07:00,0.8034605804998856,0.7943257378764295,0.8128667960240641,0.8111059798920771,-0.07210057842430381,0.0,0.0
2019-11-04 00:00:00+07:00,0.8183617529385009,0.8105822858857146,0.8083596670387678,0.7962023411417887,-0.05822113954173331,0.0,0.0
2019-11-05 00:00:00+07:00,0.8183620722121143,0.804671102342973,0.8113646844920558,0.8215387115990891,0.08521525982118078,0.0,0.0
2019-11-06 00:00:00+07:00,0.8273027402350192,0.8105825202393373,0.8188763507546745,0.8021639980038787,0.07035493474428726,0.0,0.0
2019-11-07 00:00:00+07:00,0.8138914949397292,0.7972815258679119,0.8053550842988458,0.7991831695728336,0.062473477249483295,0.0,0.0
2019-11-08 00:00:00+07:00,0.8079311040939907,0.7913701340959259,0.8053551942514543,0.7976929231589567,0.19234686897160885,0.0,0.0
2019-11-11 00:00:00+07:00,0.813891612067819,0.7987595173893639,0.8098622507871353,0.8021639980038787,0.10584794532803458,0.0,0.0
2019-11-12 00:00:00+07:00,0.7796187160080844,0.7810250001311699,0.7963410877636791,0.7932218483140346,-0.02899432828273267,0.0,0.0
2019-11-13 00:00:00+07:00,0.7930298506268686,0.782502881989383,0.8098622442194995,0.7976929231589567,-0.08900312694463865,0.0,0.0
2019-11-14 00:00:00+07:00,0.7930299021473804,0.7810250578576048,0.7933364458238362,0.7947122625295572,-0.10882492570782022,0.0,0.0
2019-11-15 00:00:00+07:00,0.7975000006043367,0.7839805327792038,0.8068573172308823,0.7962023411417887,-0.03264422282906889,0.0,0.0
2019-11-18 00:00:00+07:00,0.7870693492400197,0.782502881989383,0.7933363943366677,0.7976929231589567,0.08224694407648875,0.0,0.0
2019-11-19 00:00:00+07:00,0.8124013833268556,0.8017151652387657,0.8203785970060476,0.8081253192626776,0.05189687574474002,0.0,0.0
2019-11-20 00:00:00+07:00,0.7900495749330696,0.801715236382127,0.806857519035331,0.8185578831680441,-0.06273539019872199,0.0,0.0
2019-11-21 00:00:00+07:00,0.8183620466864965,0.8017153261833682,0.8203787593277369,0.8036544122194011,0.03657746125094552,0.0,0.0
2019-11-22 00:00:00+07:00,0.7975001818292583,0.7898922140632576,0.8113645490752457,0.8051446586332781,0.027463142144544272,0.0,0.0
2019-11-25 00:00:00+07:00,0.8124012522715968,0.797281409332459,0.8128667164624246,0.7962023411417887,0.02182464105171362,0.0,0.0
2019-11-26 00:00:00+07:00,0.8124013696802634,0.7958036506033506,0.8113644839043908,0.7991831695728336,0.4570144183129456,0.0,0.0
2019-11-27 00:00:00+07:00,0.7945200403181178,0.7869365721635669,0.8023505588347684,0.8036544122194011,0.04440575825646193,0.0,0.0
2019-11-28 00:00:00+07:00,0.8019704205384627,0.7854584520204537,0.803852662057759,0.7887506056674671,-0.05463968925027934,0.0,0.0
2019-11-29 00:00:00+07:00,0.7825989731998828,0.7854586326915639,0.7978434443047125,0.7976929231589567,0.007805908315024799,0.0,0.0
2019-12-02 00:00:00+07:00,0.7975000698587771,0.823883232709967,0.8113644363659442,0.8409130895910085,-0.012785896659720946,0.0,0.0
2019-12-03 00:00:00+07:00,0.8392234965217511,0.8224052785874111,0.8338996050531865,0.8260094508407201,-0.06601989914855533,0.0,0.0
2019-12-04 00:00:00+07:00,0.8213422133945079,0.816493996281895,0.8369045250683994,0.8230289580129662,-0.11168305797628036,0.0,0.0
2019-12-05 00:00:00+07:00,0.8213420901736199,0.8120602475843518,0.8293926515504773,0.8155770547369992,0.015682672115947555,0.0,0.0
2019-12-06 00:00:00+07:00,0.821361053581283,0.8209977524337325,0.8323974528745935,0.8380032412560192,0.10442636297819605,20.0,0.0
2019-12-09 00:00:00+07:00,0.8303300989868896,0.8209977524337325,0.8444542867056606,0.8380032412560192,-0.0007476653501409989,0.0,0.0
2019-12-10 00:00:00+07:00,0.8378043978571353,0.8224803982364919,0.8444543813246859,0.8290329008897276,0.03736525623921714,0.0,0.0
2019-12-11 00:00:00+07:00,0.8288351375557811,0.8180325282392575,0.8414399570152947,0.8335179032712279,-0.02296397254831199,0.0,0.0
2019-12-12 00:00:00+07:00,0.8392990359416254,0.8239627490699212,0.8384257614746189,0.821557337581742,0.14774281761570382,0.0,0.0
2019-12-13 00:00:00+07:00,0.8378045261372546,0.8284107348111859,0.8414403011405664,0.827537956029776,0.10888247238136912,0.0,0.0
2019-12-16 00:00:00+07:00,0.8213612743121191,0.8209979732491042,0.838426092331788,0.827537956029776,0.14547700971092126,0.0,0.0
2019-12-17 00:00:00+07:00,0.8378041451371456,0.8521311877376131,0.8459612320299862,0.8693996003396853,0.2388062387837493,0.0,0.0
2019-12-18 00:00:00+07:00,0.8691960079785188,0.9410845230336118,0.8685679998848806,0.945648500263037,0.4366288009052045,0.0,0.0
2019-12-19 00:00:00+07:00,0.9289894010983951,0.9173634452066919,0.9137808855317727,0.8993010145633998,0.1249426062785705,0.0,0.0
2019-12-20 00:00:00+07:00,0.9230103562849905,0.9232939716014716,0.919809619303246,0.9172421987009196,0.22691201521760831,0.0,0.0
2019-12-23 00:00:00+07:00,0.9230103562849905,0.9203288671416305,0.9318664538674651,0.9172421987009196,-0.036944592316940916,0.0,0.0
2019-12-26 00:00:00+07:00,0.9170306507384619,0.9188459728342354,0.934880318127086,0.9232221459423715,-0.10583985969263421,0.0,0.0
2019-12-27 00:00:00+07:00,0.9200206202162711,0.9114334998804138,0.9378948166208199,0.9277076517288083,-0.19037822233999338,0.0,0.0
2019-12-30 00:00:00+07:00,0.9230100540867339,0.9173634611731447,0.937894566928258,0.9247172586039686,0.05793371368272806,0.0,0.0
2020-01-02 00:00:00+07:00,0.9274947847216048,0.9351542944887332,0.9409089846897207,0.9262125390672112,-0.016033073523887387,0.0,0.0
2020-01-03 00:00:00+07:00,0.9439380811582823,0.9410845493910015,0.9544729694439402,0.95910417861412,-0.02811965827330301,0.0,0.0
2020-01-06 00:00:00+07:00,0.934969015976945,0.9262590080774635,0.9439232199362844,0.9396682174182941,-0.2225272332885487,0.0,0.0
2020-01-07 00:00:00+07:00,0.9394535790015549,0.9321892568738624,0.9559800945921167,0.9411633300798913,-0.04860722838235022,0.0,0.0
2020-01-08 00:00:00+07:00,0.9200203322092455,0.924776180736587,0.9378945262510514,0.9232221459423715,0.012617456221990245,0.0,0.0
2020-01-09 00:00:00+07:00,0.940948419972457,0.9277416002463766,0.9559800945921167,0.9411633300798913,-0.08658310060771861,0.0,0.0
2020-01-10 00:00:00+07:00,0.9484226722788883,0.9484973786538725,0.949951724846669,0.9366781598967454,0.12112989546304687,0.0,0.0
2020-01-13 00:00:00+07:00,0.940948460144095,0.9292241924151577,0.9574872393626928,0.9426584427414884,0.09400184679006958,0.0,0.0
2020-01-14 00:00:00+07:00,0.9424432988247562,0.9662879960343758,0.9589943413548222,0.9800352524715429,0.20575861668667536,0.0,0.0
2020-01-15 00:00:00+07:00,0.9798142097806142,1.0181772081209706,0.9770794795048492,0.9695696316420087,0.13168484384211104,0.0,0.0
2020-01-16 00:00:00+07:00,0.9603813978482618,0.9677705553364161,0.9755724960429266,0.9740549696268,0.18803840783513412,0.0,0.0
2020-01-17 00:00:00+07:00,0.9708451508527414,0.9677704214419556,0.9770794660419786,0.9815301973314945,-0.10528499029649471,0.0,0.0
2020-01-20 00:00:00+07:00,1.0037316644366159,0.9929738214908784,0.9861221049692851,0.9695696316420087,0.20565644175382136,0.0,0.0
2020-01-21 00:00:00+07:00,0.9842986919481008,0.9692529467101314,0.9846149601683298,0.9680745189804115,0.24240207104932024,0.0,0.0
2020-01-22 00:00:00+07:00,0.9753293910900485,0.9692526917931366,0.9876289117134675,0.9710644087003147,0.2084581325802896,0.0,0.0
2020-01-23 00:00:00+07:00,0.984298435290896,0.9692526917931366,0.9861218076870245,0.9710644087003147,0.18330159763954104,0.0,0.0
2020-01-24 00:00:00+07:00,0.9648659350874029,0.9648054650859987,0.9800938233641361,0.9620944039373142,0.10309628399471982,0.0,0.0
2020-01-27 00:00:00+07:00,0.9783190724903309,0.9825956592587787,0.9816004956076958,0.9710644087003147,-0.09252921904596906,0.0,0.0
2020-01-28 00:00:00+07:00,0.9693504653231337,0.9544276064619078,0.9635156827521458,0.9561141210925713,0.16242536418274664,0.0,0.0
2020-01-29 00:00:00+07:00,0.9588865379429613,0.9544275662873447,0.9680369554060477,0.9546190084309741,-0.05801084155992522,0.0,0.0
2020-01-30 00:00:00+07:00,0.9723400803614008,0.9544275400112914,0.9559800945921167,0.9411633300798913,0.11456668753198485,0.0,0.0
2020-01-31 00:00:00+07:00,0.9588860785239594,0.9425666924832511,0.8806244635168432,0.8634191496932968,0.39896391459427594,0.0,0.0
2020-02-03 00:00:00+07:00,0.8632162882303042,0.8773344207298873,0.8474681873537764,0.851458584003811,0.36930734463955944,0.0,0.0
2020-02-04 00:00:00+07:00,0.8901235415032828,0.8877124053326134,0.8926814284061884,0.8993010145633998,0.27227999190291713,0.0,0.0
2020-02-05 00:00:00+07:00,0.9529072357615895,0.9351544485904931,0.9318665128437618,0.9381732725583426,0.30079407194439767,0.0,0.0
2020-02-06 00:00:00+07:00,0.940948419972457,0.9351543612921862,0.9409090515978663,0.9411633300798913,0.3804893480389127,0.0,0.0
2020-02-07 00:00:00+07:00,0.9319792006939678,0.9351541874704092,0.9484443983492561,0.9471434451229886,0.16240011494424839,0.0,0.0
2020-02-10 00:00:00+07:00,0.946927810020923,0.9366369395470783,0.9258380344758261,0.9546190084309741,0.08739952737756912,0.0,0.0
2020-02-11 00:00:00+07:00,0.9544016389616921,0.9366365666276738,0.9605010569510589,0.953123560166086,0.14032485504849368,0.0,0.0
2020-02-12 00:00:00+07:00,0.9588864907135553,0.9410845493910015,0.9650226994314087,0.95910417861412,0.10467984518605425,0.0,0.0
2020-02-13 00:00:00+07:00,0.9648659422636019,0.9470148451734008,0.9589943697058406,0.9561141210925713,-0.013986056722752856,0.0,0.0
2020-02-14 00:00:00+07:00,0.9529068283878673,0.9396017004924652,0.9394016303130343,0.9232221459423715,0.36282210419820754,0.0,0.0
2020-02-17 00:00:00+07:00,0.9230101684730536,0.9262588878414267,0.9409088904379272,0.9351828794335028,0.27836989151918173,0.0,0.0
2020-02-18 00:00:00+07:00,0.924505143070139,0.917363708639255,0.9378948166208199,0.9277076517288083,0.22334044972349112,0.0,0.0
2020-02-19 00:00:00+07:00,0.9185257792649821,0.9292241261569375,0.9363877123411688,0.9277076517288083,0.1269196257045968,0.0,0.0
2020-02-20 00:00:00+07:00,0.9260001891675157,0.9099511513023925,0.9062458297126829,0.8978064053067393,0.33756249888801737,0.0,0.0
2020-02-21 00:00:00+07:00,0.8990927070063234,0.8995729423595636,0.9152881114933596,0.9037863525481912,0.22272008290196887,0.0,0.0
2020-02-24 00:00:00+07:00,0.8886287659694194,0.8817822623862827,0.889667285449355,0.8768749958460254,0.17195114096183456,0.0,0.0
2020-02-25 00:00:00+07:00,0.884144115762554,0.86992171910275,0.8896671573909068,0.8783699407059768,0.17818581550182236,0.0,0.0
2020-02-26 00:00:00+07:00,0.8691959964110119,0.8625092462491705,0.8625395713091228,0.8454786367623591,0.20293312429434435,0.0,0.0
2020-02-27 00:00:00+07:00,0.8602269099891604,0.8447185797059289,0.7962269446026196,0.8066067143707075,0.31803000733511133,0.0,0.0
2020-02-28 00:00:00+07:00,0.7795055016315047,0.7898641507334344,0.7464925052298719,0.8066067143707075,0.4131814833608284,0.0,0.0
2020-03-02 00:00:00+07:00,0.8064124498309408,0.7898639643584996,0.746492323449308,0.7438134927984387,0.3576841039192259,0.0,0.0
2020-03-03 00:00:00+07:00,0.7795057387039784,0.807655017158161,0.796227183619981,0.8155773903402902,0.2763881397755471,0.0,0.0
2020-03-04 00:00:00+07:00,0.8138865464076828,0.8521310383942445,0.8143118996337371,0.851458584003811,0.1641463991249595,0.0,0.0
2020-03-05 00:00:00+07:00,0.88115467602026,0.8639917510004366,0.8384258564994344,0.849963806945505,0.14057812299833808,0.0,0.0
2020-03-06 00:00:00+07:00,0.8243506733130532,0.8076547216159737,0.7962268902803373,0.7796953576685417,0.14170773478992393,0.0,0.0
2020-03-09 00:00:00+07:00,0.7197119969417708,0.7157366749336198,0.6711374215281598,0.6556045305905377,0.3479947107388032,0.0,0.0
2020-03-10 00:00:00+07:00,0.6718768703951874,0.7068411426565138,0.6877153530454271,0.6974663427020925,0.32969997261029493,0.0,0.0
2020-03-11 00:00:00+07:00,0.7047634354237097,0.6979458970379742,0.6726443772555016,0.675040323984718,0.20435340345815214,0.0,0.0
2020-03-12 00:00:00+07:00,0.6001247548244912,0.5971325337343432,0.5731756774600677,0.5883263066367685,0.3196159628046838,0.0,0.0
2020-03-13 00:00:00+07:00,0.5881660265128623,0.5734116973078789,0.6033177648207643,0.5883263066367685,-6.175100444806386,0.0,0.0
2020-03-16 00:00:00+07:00,0.5881660265128623,0.5734116973078789,0.6033177648207643,0.5883263066367685,-6.175100444806386,0.0,0.0
2020-03-17 00:00:00+07:00,0.5687329038745768,0.5571034343462485,0.47069240276319324,0.4567597484491336,0.4903752506992876,0.0,0.0
2020-03-18 00:00:00+07:00,0.4566198791263054,0.520039673659989,0.3636880427333693,0.42087805138067613,0.4332652493142143,0.0,0.0
2020-03-19 00:00:00+07:00,0.4192486221811703,0.4058829261324917,0.3290244254497047,0.31622276599438415,0.5668598834443208,0.0,0.0
2020-03-20 00:00:00+07:00,0.3011563075290469,0.5215220895531801,0.23106275888227865,0.3416390939357757,0.6492488986146477,0.0,0.0
2020-03-23 00:00:00+07:00,0.3489912689827319,0.4073656430317281,0.2551764773217877,0.2504397386030349,0.49950021645865944,0.0,0.0
2020-03-24 00:00:00+07:00,0.25631128065372993,0.405883250847049,0.268740559616735,0.27137089636128064,0.5528444822524076,0.0,0.0
2020-03-26 00:00:00+07:00,0.31610475120133713,0.5244872348833836,0.3290245619246602,0.5046020112070768,0.645600138562105,0.0,0.0
2020-03-27 00:00:00+07:00,0.5283723209629865,0.6727426300433023,0.541526421274815,0.5733755156240885,0.5737128073366154,0.0,0.0
2020-03-30 00:00:00+07:00,0.5642483842151307,0.5719289583628652,0.48124213491429246,0.5688901776392973,0.3921377147555653,0.0,0.0
2020-03-31 00:00:00+07:00,0.618062559493779,0.6178879776537837,0.58071091811241,0.5778605180055888,0.4382208932414682,0.0,0.0
2020-04-01 00:00:00+07:00,0.5881658856792751,0.6297485393718119,0.5626258083424441,0.5644050074561514,0.37627941948843824,0.0,0.0
2020-04-02 00:00:00+07:00,0.5612588579117574,0.5467257266739675,0.5430335605603503,0.543474101400374,0.337305592051706,0.0,0.0
2020-04-03 00:00:00+07:00,0.55826902073696,0.5645161978196868,0.5445405111981206,0.5688901776392973,0.26354881390720464,0.0,0.0
2020-04-06 00:00:00+07:00,0.5762071968368792,0.6267834747296908,0.5837253063032315,0.6406537395778577,0.14326081822885575,0.0,0.0
2020-04-07 00:00:00+07:00,0.6404852153031065,0.7335270820215413,0.6093459394347976,0.6167324403972405,0.3678106951349164,0.0,0.0
2020-04-08 00:00:00+07:00,0.616567768534732,0.6030625068684842,0.579203862680568,0.6107521575524976,0.2494414559342138,0.0,0.0
2020-04-09 00:00:00+07:00,0.6001248680836627,0.6134407230111957,0.5852326245535928,0.5987919274663028,0.19217887393211874,0.0,0.0
2020-04-13 00:00:00+07:00,0.5821866842414029,0.5897197943493541,0.5792041167571371,0.5703854581025398,0.03970301290345696,0.0,0.0
2020-04-14 00:00:00+07:00,0.5717227494817234,0.5823069851835595,0.5686543388246131,0.5748706282856857,0.21388763393009555,0.0,0.0
2020-04-15 00:00:00+07:00,0.5747121892554625,0.5941671579360944,0.5686540976796466,0.565899952316103,0.21223612928721286,0.0,0.0
2020-04-16 00:00:00+07:00,0.5657433566000264,0.5615512248689153,0.4902848854397776,0.4926416133192365,0.42730030929799023,0.0,0.0
2020-04-17 00:00:00+07:00,0.5104338894930538,0.5393125843288666,0.5189195154437308,0.5479589359802288,0.3942415949577553,0.0,0.0
2020-04-20 00:00:00+07:00,0.549300022114577,0.5556209319754312,0.533990827929468,0.5270281977260969,0.19505254172343212,0.0,0.0
2020-04-21 00:00:00+07:00,0.5545536103794234,0.5400756015198246,0.50963645007064,0.49539288909920803,0.12145671946370293,91.0,0.0
2020-04-22 00:00:00+07:00,0.4952468888375388,0.5038791436231616,0.4743737155349206,0.49083002675418574,0.2531953614027564,0.0,0.0
2020-04-23 00:00:00+07:00,0.5013297734535607,0.506895661971214,0.49737123439480585,0.4832255917824397,0.24716686246205166,0.0,0.0
2020-04-24 00:00:00+07:00,0.48308182317510173,0.4752240940884758,0.43604515601563537,0.42238910519859774,0.323089877787053,0.0,0.0
2020-04-27 00:00:00+07:00,0.42833720028356354,0.4390276914180347,0.4161140552130078,0.43455640251536615,0.37232631884464973,0.0,0.0
2020-04-28 00:00:00+07:00,0.43441983029721637,0.42545395895335414,0.4007823778893301,0.3950124345334006,0.4341031738330924,0.0,0.0
2020-04-29 00:00:00+07:00,0.39336154657926947,0.3877495697732753,0.3992493642497747,0.4010962509934303,0.29554999103092694,0.0,0.0
2020-04-30 00:00:00+07:00,0.41008885358897756,0.5084038699196736,0.4237796880840251,0.4984347973292229,0.42153791597415036,0.0,0.0
2020-05-04 00:00:00+07:00,0.49220589686092114,0.5234858777570494,0.46057566189790367,0.5136441706776517,0.2758844795880842,0.0,0.0
2020-05-05 00:00:00+07:00,0.5134954187167479,0.5355512937397502,0.5219019449993976,0.5334160707678116,0.28825040428707294,0.0,0.0
2020-05-06 00:00:00+07:00,0.542388555616779,0.544600550067264,0.5525652719350188,0.5547090927746247,0.1779806562663564,0.0,0.0
2020-05-08 00:00:00+07:00,0.5515125317548257,0.5536495187581362,0.5065704126185782,0.5212487734510433,0.300866136448181,0.0,0.0
2020-05-11 00:00:00+07:00,0.5210987368745252,0.5310266540957054,0.5357002706978112,0.536457811196181,-0.0844193874111614,0.0,0.0
2020-05-12 00:00:00+07:00,0.5499918366815522,0.5355513291690376,0.46977460962389506,0.5136441706776517,0.2882987491094429,0.0,0.0
2020-05-13 00:00:00+07:00,0.49524747891686033,0.4842733761047309,0.4866395625253156,0.48018418695736137,0.21088802323687908,0.0,0.0
2020-05-14 00:00:00+07:00,0.46787499669093524,0.4661750054012001,0.4314456820874356,0.42238910519859774,0.32340385328228977,0.0,0.0
2020-05-15 00:00:00+07:00,0.4222538634918799,0.4314861738440067,0.36245294620638946,0.38132367969668823,0.4797118346322305,0.0,0.0
2020-05-18 00:00:00+07:00,0.38575802426779193,0.3862412791371069,0.3839176756721849,0.3752405344432406,0.3457866813840155,0.0,0.0
2020-05-19 00:00:00+07:00,0.3979233705683057,0.42092933399791505,0.36245335450445887,0.3493848178930509,0.31600690049344304,0.0,0.0
2020-05-20 00:00:00+07:00,0.361427103716603,0.37266764712346767,0.36551978133821256,0.3752405344432406,0.2897547291543419,0.0,0.0
2020-05-26 00:00:00+07:00,0.3781545825030147,0.4329948703044699,0.3915834356468076,0.4375981429437355,0.4255003602672207,0.0,0.0
2020-05-27 00:00:00+07:00,0.43746116400137425,0.43299483422815976,0.4161139253238048,0.43607718882872804,0.37381858598467904,0.0,0.0
2020-05-28 00:00:00+07:00,0.4465852942260735,0.5295184727920178,0.46057553705295223,0.536457811196181,0.5172170850912364,0.0,0.0
2020-05-29 00:00:00+07:00,0.5363056438530507,0.5219776475481316,0.5188356155556014,0.5045186137892526,0.7102521415928768,0.0,0.0
2020-06-02 00:00:00+07:00,0.5256607512679425,0.5838129653827702,0.5341670796079275,0.556229711286341,0.43579694901947097,0.0,0.0
2020-06-03 00:00:00+07:00,0.5712813982709286,0.6682712998011813,0.5832283030883253,0.6839870043189911,0.5863587442374165,0.0,0.0
2020-06-04 00:00:00+07:00,0.6838118173642318,0.7316148216164399,0.6445545280354168,0.6870287447473604,0.5275645727369102,0.0,0.0
2020-06-05 00:00:00+07:00,0.6868533868693137,0.6908941302002976,0.6399552531973675,0.6672570124588459,0.18499946656565902,0.0,0.0
2020-06-08 00:00:00+07:00,0.6762085241807911,0.7120085861604375,0.6920825427137464,0.7204890640709417,0.4204908855154015,0.0,0.0
2020-06-09 00:00:00+07:00,0.7324735979869064,0.7331229419745297,0.7043476252443481,0.6915914392907372,0.2292010747177925,0.0,0.0
2020-06-10 00:00:00+07:00,0.6898946197108129,0.6939103602556939,0.6430214403330171,0.6900706529773752,0.2785612701686624,0.0,0.0
2020-06-11 00:00:00+07:00,0.6746877678335987,0.677320338915357,0.6460877308837055,0.6535685932254246,0.1730854610109781,0.0,0.0
2020-06-12 00:00:00+07:00,0.65339813939652,0.6381075512123955,0.607758712766299,0.6505266849954098,0.2147864750326359,0.0,0.0
2020-06-15 00:00:00+07:00,0.6533980846968652,0.6471565846276988,0.6138912907714017,0.5988154196966758,0.23174243457286856,0.0,0.0
2020-06-16 00:00:00+07:00,0.6229844682609703,0.6727957004362596,0.6384218489871132,0.6779031878589613,0.19800712938399304,0.0,0.0
2020-06-17 00:00:00+07:00,0.6898943756734827,0.6743037598872587,0.6690848843323333,0.6657357227405475,0.15037317549938262,0.0,0.0
2020-06-18 00:00:00+07:00,0.6655636583874174,0.6562057856288914,0.6399550855226207,0.6246711362468655,0.09490750799815792,0.0,0.0
2020-06-19 00:00:00+07:00,0.6290670356099366,0.6290582797548401,0.6276895817573187,0.6216290602152051,0.2621776172001342,0.0,0.0
2020-06-22 00:00:00+07:00,0.6275464357660098,0.6320747248702211,0.6230901909257894,0.6109827170134442,-0.0012661516192500836,0.0,0.0
2020-06-23 00:00:00+07:00,0.6199430986293375,0.632074800493296,0.6200239503782757,0.6353174794486265,0.10459288682444136,0.0,0.0
2020-06-24 00:00:00+07:00,0.6442741283523415,0.6622385374545732,0.6568198486576846,0.6611731959988162,0.03542424709708277,0.0,0.0
2020-06-25 00:00:00+07:00,0.6594810978174039,0.6577141366736562,0.6568199917846055,0.6672570124588459,-0.002450794064972346,0.0,0.0
2020-06-26 00:00:00+07:00,0.6655637567070837,0.662238609327279,0.6568199201985068,0.6429222500236637,0.03623885546541603,0.0,0.0
2020-06-29 00:00:00+07:00,0.641232881816089,0.6426322981004275,0.6399552299352583,0.6520478069120627,-0.020622849264554616,0.0,0.0
2020-06-30 00:00:00+07:00,0.659480714307749,0.6562055721236411,0.6629522400556416,0.6581311199671558,0.1263599105309214,0.0,0.0
2020-07-01 00:00:00+07:00,0.6594809674950478,0.6743040019184111,0.6675519673430901,0.6900706529773752,0.07344511408991433,0.0,0.0
2020-07-02 00:00:00+07:00,0.6822910424502469,0.6954183761305072,0.6936154871675645,0.7113633393808971,0.13151011036064664,0.0,0.0
2020-07-03 00:00:00+07:00,0.7111840093539888,0.7059756450174179,0.7181460118842524,0.7113633393808971,0.0029434757289163436,0.0,0.0
2020-07-06 00:00:00+07:00,0.7081426115396392,0.7150246996106089,0.721212294383573,0.7311352394710572,0.09371994549406616,0.0,0.0
2020-07-07 00:00:00+07:00,0.7324734261661788,0.7331227699884489,0.7365437674784587,0.7478652313312023,0.12492854463539385,0.0,0.0
2020-07-08 00:00:00+07:00,0.7476805868678249,0.8145649020903168,0.7610746296982847,0.8117441295499956,0.25053074059344604,0.0,0.0
2020-07-09 00:00:00+07:00,0.8145904023803923,0.8070237752891227,0.776405993558687,0.7813255506547836,0.2056155633709269,0.0,0.0
2020-07-10 00:00:00+07:00,0.7811356048183845,0.8070239949218343,0.7917377889312652,0.8117441295499956,0.09075385557243656,0.0,0.0
2020-07-13 00:00:00+07:00,0.8206731717496589,0.8070238145695885,0.810135504070175,0.8041393589749585,0.17640979682341315,0.0,0.0
2020-07-14 00:00:00+07:00,0.8039458443301295,0.7949585434522625,0.8009367367011595,0.8117441295499956,-0.04405055690061485,0.0,0.0
2020-07-15 00:00:00+07:00,0.8115490638084805,0.807023801582551,0.8132018066879635,0.7965347562015669,0.05963459616580848,0.0,0.0
2020-07-16 00:00:00+07:00,0.7963422878960498,0.7949584002113336,0.8101355402671149,0.8056603130899659,0.08709654079735688,0.0,0.0
2020-07-17 00:00:00+07:00,0.7917801423701841,0.7889255770583693,0.7794722861355948,0.7874091993131678,0.12106354583611259,0.0,0.0
2020-07-20 00:00:00+07:00,0.7872184065621068,0.782893163066149,0.7856052281722563,0.793493183574843,0.0500384481728971,0.0,0.0
2020-07-21 00:00:00+07:00,0.7811356048183845,0.8055158134881378,0.7978704207778615,0.8117441295499956,0.16886469663891787,0.0,0.0
2020-07-22 00:00:00+07:00,0.8145904781077532,0.8100402133931297,0.8070692245786766,0.8056603130899659,-0.05090815843789632,0.0,0.0
2020-07-23 00:00:00+07:00,0.8054665269642457,0.7994830877533518,0.8101356844710537,0.8117441295499956,0.16831486205132748,0.0,0.0
2020-07-24 00:00:00+07:00,0.8115490374670528,0.7949583252274527,0.7978702025171422,0.7813255506547836,0.04163523543893852,0.0,0.0
2020-07-27 00:00:00+07:00,0.7811353883336558,0.7768601501349477,0.767207046862206,0.7813255506547836,-0.07299396811513965,0.0,0.0
2020-07-28 00:00:00+07:00,0.7872180625053382,0.7949582693084476,0.7856048846937034,0.8071810994033278,0.08054692279264218,0.0,0.0
2020-07-29 00:00:00+07:00,0.8069872453366473,0.7904340345956614,0.7978704563141574,0.7919722294598356,-0.010332220707598285,0.0,0.0
2020-07-30 00:00:00+07:00,0.7917801714794519,0.8070237812903048,0.7840717883921208,0.8239112590651185,0.1535540683558047,0.0,0.0
2020-08-03 00:00:00+07:00,0.8176321577269475,0.8055159821887818,0.7135468931045074,0.7904514431464738,0.33846271681024104,0.0,0.0
2020-08-04 00:00:00+07:00,0.7978631851373218,0.800991340691438,0.8070694401845435,0.8147860377800105,0.14843787116521578,0.0,0.0
2020-08-05 00:00:00+07:00,0.8115494611027667,0.8009914717667176,0.7978706227393765,0.8132652514666485,-0.01639887849026602,0.0,0.0
2020-08-06 00:00:00+07:00,0.8161114010462551,0.8236140867704355,0.8239342020882646,0.8299952433267938,0.022611945600069593,0.0,0.0
2020-08-07 00:00:00+07:00,0.8313179858018146,0.8205974826203869,0.8162681716439915,0.8056603130899659,-0.05960114805249368,0.0,0.0
2020-08-10 00:00:00+07:00,0.8054662843103337,0.7949583020143235,0.7994033370639099,0.7874091993131678,-0.10962927925701083,0.0,0.0
2020-08-11 00:00:00+07:00,0.7933008869583608,0.7949583642561207,0.8070691884406891,0.8041393589749585,-0.1003575018595862,0.0,0.0
2020-08-12 00:00:00+07:00,0.803945939357761,0.8130568162003697,0.8162684118921357,0.8299952433267938,-0.13012370952081195,0.0,0.0
2020-08-13 00:00:00+07:00,0.8297974975099074,0.8251222204348296,0.8224009963375045,0.8421625406435621,-0.02216156900444852,0.0,0.0
2020-08-14 00:00:00+07:00,0.8419628763794799,0.8567939481493912,0.8407988099477398,0.8741017380504905,0.035321149434946596,0.0,0.0
2020-08-18 00:00:00+07:00,0.8738968846822394,0.8628263490001514,0.8591963814300826,0.8604131510154236,0.15797219599620707,0.0,0.0
2020-08-19 00:00:00+07:00,0.8602111991284829,0.858302260962315,0.8622631525301936,0.8512880975319611,0.04416931705842645,0.0,0.0
2020-08-24 00:00:00+07:00,0.8541283601172039,0.8492530639484422,0.853064096273361,0.8467252351869389,0.08898329013021675,0.0,0.0
2020-08-25 00:00:00+07:00,0.8480453207064377,0.8492527546699052,0.860729575332849,0.861934105130431,-0.01768223556968043,0.0,0.0
2020-08-26 00:00:00+07:00,0.8678143470866209,0.8522692713060286,0.8607297300724984,0.854329670158685,-0.06472339774828807,0.0,0.0
2020-08-27 00:00:00+07:00,0.8617316487217861,0.9156129185896963,0.8714618666563448,0.9334174383209705,0.09640663195896135,0.0,0.0
2020-08-28 00:00:00+07:00,0.9210383489411944,0.9156130000586119,0.8975256307994348,0.901478240914042,0.00343245842717048,0.0,0.0
2020-08-31 00:00:00+07:00,0.9027902533893946,0.8975149187051961,0.851530986267074,0.8345579378701705,0.21834444771484454,0.0,0.0
2020-09-01 00:00:00+07:00,0.83588013585822,0.8914821101207765,0.8407987998376472,0.9090828436874338,0.09190003516735905,0.0,0.0
2020-09-02 00:00:00+07:00,0.9088727900755391,0.9035474510030649,0.8791276391960039,0.8832271271372439,0.08470782641762824,0.0,0.0
2020-09-03 00:00:00+07:00,0.8921454155769731,0.8854494080035465,0.8591967180893225,0.9029991950290495,0.09580826757621864,0.0,0.0
2020-09-04 00:00:00+07:00,0.8875831725351748,0.8703674002469417,0.8484644213289925,0.8664969674754534,0.15389924226709906,0.0,0.0
2020-09-07 00:00:00+07:00,0.8526074597773012,0.8432201214716081,0.8285333542056301,0.8375995104968943,0.07502054813158258,0.0,0.0
2020-09-08 00:00:00+07:00,0.8374009940995135,0.8432204816258063,0.8545973982591114,0.8528090516469685,-0.09279216405429047,0.0,0.0
2020-09-09 00:00:00+07:00,0.8419625599379594,0.8311545493924396,0.8315995478602809,0.8254320453784804,-0.01715985938374748,0.0,0.0
2020-09-10 00:00:00+07:00,0.8176318565124574,0.8009911387435653,0.7089471351392591,0.6931123934057446,0.4248254423125729,0.0,0.0
2020-09-11 00:00:00+07:00,0.689894373800842,0.7270901000409169,0.650686989790603,0.7220096825826581,0.7133874885278212,0.0,0.0
2020-09-14 00:00:00+07:00,0.750721713287204,0.769319217653791,0.7626075474536405,0.7661163451080004,0.3410802549256635,0.0,0.0
2020-09-15 00:00:00+07:00,0.7628873116828226,0.7647948130865441,0.7242787393100805,0.7083215989525278,0.41346877620710515,0.0,0.0
2020-09-16 00:00:00+07:00,0.7081427859820835,0.6954185167716532,0.6890161537089345,0.6748614474305921,0.3890839165608647,0.0,0.0
2020-09-17 00:00:00+07:00,0.6746876373892051,0.6908938396758989,0.6644854962997555,0.6763822337439539,0.3427901834127878,0.0,0.0
2020-09-18 00:00:00+07:00,0.6594807469677222,0.6546974235237266,0.6353554333767204,0.6383592198769958,0.6298152336560845,0.0,0.0
2020-09-21 00:00:00+07:00,0.6412328822623179,0.6546977505780587,0.6430215464466777,0.6307549527068953,0.2695897631540604,0.0,0.0
2020-09-22 00:00:00+07:00,0.604736389111915,0.6034194712279226,0.5924272240161733,0.5836063819515381,0.39961539816396907,0.0,0.0
2020-09-23 00:00:00+07:00,0.5834467265567892,0.6094520890608727,0.5908939596426503,0.6003363738116833,0.23061158349444727,0.0,0.0
2020-09-24 00:00:00+07:00,0.5773638989572352,0.5943701773292357,0.5801617571532177,0.5820852600348851,0.18681267935484672,0.0,0.0
2020-09-25 00:00:00+07:00,0.5925710707947474,0.6215177932133039,0.6016263148030285,0.6322759068219027,0.2312611934639562,0.0,0.0
2020-09-28 00:00:00+07:00,0.6442739290528922,0.6426319800306726,0.6138912311157801,0.6033781142400526,0.205535650831926,0.0,0.0
2020-09-29 00:00:00+07:00,0.6214637892944116,0.6245339021619672,0.6016260644947574,0.6003363738116833,0.2857065025840764,0.0,0.0
2020-09-30 00:00:00+07:00,0.6184223106843421,0.6034192511631823,0.5893606902676761,0.5744806572614936,0.25356302818811804,0.0,0.0
2020-10-01 00:00:00+07:00,0.5940916360254996,0.6049276779756406,0.6077588287018645,0.6201084417034888,0.03274594217515591,0.0,0.0
2020-10-02 00:00:00+07:00,0.6169017417658971,0.6034193638204347,0.595493433150696,0.6003363738116833,0.08880391641593599,0.0,0.0
2020-10-05 00:00:00+07:00,0.6032152045567246,0.6019107879373253,0.6016256706015175,0.604898732751769,0.04118524373106957,0.0,0.0
2020-10-06 00:00:00+07:00,0.6381913623722979,0.6486648690391786,0.6445545495619032,0.6596522418838088,0.3506151911846235,0.0,0.0
2020-10-07 00:00:00+07:00,0.6290671631406984,0.6607302141591219,0.6384218136797438,0.6763822337439539,0.1919489560731276,0.0,0.0
2020-10-08 00:00:00+07:00,0.6868532782502823,0.6743040255248232,0.6782840965349752,0.6839870043189911,0.13968750741988115,0.0,0.0
2020-10-09 00:00:00+07:00,0.6746876143128813,0.6667629162763519,0.6813502089684536,0.6824658824023381,0.016211751453699876,0.0,0.0
2020-10-12 00:00:00+07:00,0.7020599736977515,0.6969266164208457,0.7150797558333103,0.7068006448375204,0.16370016827914685,0.0,0.0
2020-10-13 00:00:00+07:00,0.7020599736977515,0.6924020724614782,0.6966818616830469,0.7068006448375204,-0.024534727001780034,0.0,0.0
2020-10-14 00:00:00+07:00,0.7020601292726536,0.7044676789009784,0.708947280495349,0.7204890640709417,0.16453350628350297,0.0,0.0
2020-10-15 00:00:00+07:00,0.7127045787642065,0.6984346264452237,0.6936153754128728,0.6855076228307074,0.16011166872048602,0.0,0.0
2020-10-16 00:00:00+07:00,0.6853324510205087,0.6712875191292987,0.6844165839715503,0.6779031878589613,0.18850719202413552,0.0,0.0
2020-10-19 00:00:00+07:00,0.6746878415283285,0.7044676789009784,0.678284120892435,0.7204890640709417,0.032614540208164434,0.0,0.0
2020-10-20 00:00:00+07:00,0.7142254080193262,0.6984347721204546,0.7012813095969307,0.6915914392907372,0.12878581480009718,0.0,0.0
2020-10-21 00:00:00+07:00,0.7081428350885842,0.6939103841266601,0.6844167283702428,0.6839870043189911,0.14219200713467026,0.0,0.0
2020-10-22 00:00:00+07:00,0.6716464283813539,0.6743040019184111,0.6767509149718675,0.6900706529773752,0.21777251746916138,0.0,0.0
2020-10-23 00:00:00+07:00,0.7020602015143127,0.6863695731260524,0.6905494564454668,0.6809452638906217,0.08608904197438666,0.0,0.0
2020-10-26 00:00:00+07:00,0.6670843217395818,0.6848612123457111,0.6828834874325197,0.694633347520752,0.10706148235887812,0.0,0.0
2020-10-27 00:00:00+07:00,0.6944565952043482,0.683353018452558,0.6920824221734087,0.6870287447473604,0.19018377265638858,0.0,0.0
2020-11-02 00:00:00+07:00,0.6777291353490351,0.6818448854259906,0.6813503652825588,0.6961543016357594,0.37210307637581036,0.0,0.0
2020-11-03 00:00:00+07:00,0.7020600579389079,0.7029594260354752,0.7166129985387008,0.7174471558409269,0.14311849979555943,0.0,0.0
2020-11-04 00:00:00+07:00,0.7203082478805216,0.7165330574040335,0.7012814182111556,0.6961543016357594,0.14522065467813497,0.0,0.0
2020-11-05 00:00:00+07:00,0.7203081151337046,0.7889256262372245,0.7365439164797549,0.7965347562015669,0.39457518142375153,0.0,0.0
2020-11-06 00:00:00+07:00,0.7993838440544208,0.8251222204348296,0.7856052043225247,0.8421625406435621,0.3390316093014858,0.0,0.0
2020-11-09 00:00:00+07:00,0.8419626826028211,0.8552855715081052,0.8331328275442739,0.8375995104968943,0.16294887249422152,0.0,0.0
2020-11-10 00:00:00+07:00,0.8708555512178915,0.9156127213791274,0.8837269356957604,0.8969152107673742,0.45391700124218876,0.0,0.0
2020-11-11 00:00:00+07:00,0.9149554395698445,0.905055552111363,0.9143901890603198,0.9151663245441723,0.3237096073861058,0.0,0.0
2020-11-12 00:00:00+07:00,0.875418001623756,0.8839413218928748,0.8913931304737126,0.8786646003955128,0.1643870839926266,0.0,0.0
2020-11-13 00:00:00+07:00,0.8784589818315204,0.8703673046841618,0.8653290618569928,0.8695387079038227,0.16141185135936462,0.0,0.0
2020-11-16 00:00:00+07:00,0.8982278340016179,0.8809245542720502,0.8852600933980564,0.8969152107673742,0.02038082345536073,0.0,0.0
2020-11-17 00:00:00+07:00,0.9027902182330939,0.9050557908020656,0.9174567444897539,0.9182084005758328,0.29157632908050407,0.0,0.0
2020-11-18 00:00:00+07:00,0.9179971881107792,0.9080722965528762,0.9327884685994007,0.9242922170358625,0.2280845587175612,0.0,0.0
2020-11-19 00:00:00+07:00,0.9088729138110783,0.927678477020685,0.9251224990818442,0.9379803006659927,0.3635732020723827,0.0,0.0
2020-11-20 00:00:00+07:00,0.945369187735057,0.9306947318694013,0.9358544965315762,0.9334174383209705,0.09713092873156737,0.0,0.0
2020-11-23 00:00:00+07:00,0.9332037275149448,0.9186292812456374,0.9358544965315762,0.9334174383209705,0.1300351763104719,0.0,0.0
2020-11-24 00:00:00+07:00,0.9332038108277652,0.91561300121762,0.934321421973734,0.9227710951192095,0.11629843579817134,0.0,0.0
2020-11-25 00:00:00+07:00,0.9271209671349959,0.9110883445619214,0.8837270998991075,0.8756225243638524,0.4135781100317022,0.0,0.0
2020-11-26 00:00:00+07:00,0.8571694098260282,0.8824327354506188,0.859196412459024,0.8969152107673742,0.07550448770769479,0.0,0.0
2020-11-27 00:00:00+07:00,0.8967071337567015,0.8824327177021178,0.883726917959136,0.8680177537888152,0.1818461899099539,0.0,0.0
2020-11-30 00:00:00+07:00,0.8678147246402942,0.8552860092422253,0.8086027296297154,0.8132652514666485,0.7047050423317719,0.0,0.0
2020-12-01 00:00:00+07:00,0.8176320477837457,0.8658431321396206,0.8346662720941543,0.8710599976221212,0.276084817416884,0.0,0.0
2020-12-02 00:00:00+07:00,0.8906248764362158,0.8809250065999057,0.8714621236148897,0.8877901572839118,0.2069286982965819,0.0,0.0
2020-12-03 00:00:00+07:00,0.9027900728721913,0.8929901945956977,0.8975255460988331,0.8908317299106356,0.22253959757643532,0.0,0.0
2020-12-04 00:00:00+07:00,0.8906244409632033,0.8748918482632678,0.8775943235930114,0.8695387079038227,0.0790338337075133,0.0,0.0
2020-12-07 00:00:00+07:00,0.902790170225352,0.9095802869102136,0.9143903803096322,0.9090828436874338,0.2169227472992793,0.0,0.0
2020-12-08 00:00:00+07:00,0.9088730205729162,0.8914822290852413,0.8975257622906503,0.8999574546006802,0.1075989279661922,19.6,0.0
2020-12-10 00:00:00+07:00,0.9362338777362494,0.9216436587476456,0.9388630613614902,0.9318714817607803,0.3730548862796737,0.0,0.0
2020-12-11 00:00:00+07:00,0.939284334613458,0.9761025375976021,0.9557787638962221,0.9806881686742673,0.49357158979177995,0.0,0.0
2020-12-14 00:00:00+07:00,1.0002955449538755,0.9912296871612095,1.0172904963123395,1.006621745187979,0.43274740786186544,0.0,0.0
2020-12-15 00:00:00+07:00,1.0094475204439983,1.0124084265067612,0.9588542606083522,0.99746883663136,0.4008511352182093,0.0,0.0
2020-12-16 00:00:00+07:00,1.0185993030259348,1.0275359745105417,1.0311310075944349,1.0462856913464924,0.34248447035238105,0.0,0.0
2020-12-17 00:00:00+07:00,1.0506301569118441,1.0426632593785297,1.0249795866931832,1.041708901464892,0.19952895860642983,0.0,0.0
2020-12-18 00:00:00+07:00,1.0414786774592282,1.022997763774883,1.0049884102398503,1.0005199739518784,0.3633182941612535,0.0,0.0
2020-12-21 00:00:00+07:00,1.0277508312644694,1.009382771210963,1.018828385878846,1.0096728825084975,0.20616887165467124,0.0,0.0
2020-12-22 00:00:00+07:00,0.9819925904830794,0.9882047005335409,0.9911483768317322,0.9745862296365213,0.061453811030744314,0.0,0.0
2020-12-23 00:00:00+07:00,1.032327049671861,1.0139213695244624,0.9634678550743874,0.9776371991553943,0.13772098826750914,0.0,0.0
2020-12-28 00:00:00+07:00,0.9972449535782006,0.9882041739717364,0.9757698312368037,0.9944175315091959,0.05258437903509857,0.0,0.0
2020-12-29 00:00:00+07:00,0.9926693760772464,0.9851789624886353,1.0003749512534812,0.9898412450325319,-0.14406148271668504,0.0,0.0
2020-12-30 00:00:00+07:00,1.0002961174741503,0.9821537566374708,0.98807282884803,0.9913670653952594,0.005969420308275422,0.0,0.0
2021-01-04 00:00:00+07:00,1.0002957587392036,0.9987936495185272,0.9942236807423988,1.0111985350695796,-0.026800887202853584,0.0,0.0
2021-01-05 00:00:00+07:00,1.0185991815681414,1.069892848176225,1.034206489558542,1.0890002714205878,0.24522069265207308,0.0,0.0
2021-01-06 00:00:00+07:00,1.0765603261784722,1.065354763724405,1.0434334649389807,1.044760206587056,0.19123698587417415,0.0,0.0
2021-01-07 00:00:00+07:00,1.0613074418078448,1.057791019849586,1.0526602837545889,1.0508623134264474,0.11151095165285907,0.0,0.0
2021-01-08 00:00:00+07:00,1.0719842808162072,1.0668673357557035,1.0726515275786532,1.0767960577418048,0.12896192258595654,0.0,0.0
2021-01-11 00:00:00+07:00,1.10706589540402,1.1515812957991614,1.1249367658516012,1.1668020077715962,0.41131084128578094,0.0,0.0
2021-01-12 00:00:00+07:00,1.1665523152471746,1.157632447894606,1.1295503225806165,1.110357729259281,0.2118457529328942,0.0,0.0
2021-01-13 00:00:00+07:00,1.136046352358026,1.1258645172037063,1.1018697045196804,1.0981533477788525,0.1360611983044718,0.0,0.0
2021-01-14 00:00:00+07:00,1.0765602220987762,1.069892909804528,1.0788028102569023,1.0676429813835402,0.18955186663538368,0.0,0.0
2021-01-15 00:00:00+07:00,1.0902878449080429,1.0729184316042935,1.031130967501647,1.047811176105929,0.1916241070716528,0.0,0.0
2021-01-18 00:00:00+07:00,1.0475795983570795,1.0804820233576218,1.0326686155077185,1.0981533477788525,0.17776933639431566,0.0,0.0
2021-01-19 00:00:00+07:00,1.0979143329879841,1.078969474082748,1.0818784793534875,1.0905259239816698,0.12309095876925379,0.0,0.0
2021-01-20 00:00:00+07:00,1.1116419340245882,1.1319157218316909,1.10186990692896,1.0905259239816698,0.2530413765523544,0.0,0.0
2021-01-21 00:00:00+07:00,1.146723747550427,1.1334286372849403,1.098794465413439,1.084423984943924,0.0866127823899466,0.0,0.0
2021-01-22 00:00:00+07:00,1.0841868531749643,1.0910715952396757,1.103407831268224,1.0859494697033603,0.15482735306243112,0.0,0.0
2021-01-25 00:00:00+07:00,1.1223189385387962,1.1031734546916334,1.0803406590846527,1.0722196034634952,0.13721686987333015,0.0,0.0
2021-01-26 00:00:00+07:00,1.0475794974292285,1.0426631777400885,1.0249795058367923,1.006621745187979,0.2241218428290466,0.0,0.0
2021-01-27 00:00:00+07:00,1.0063969425095216,1.0214849259017098,0.9896103022895383,0.99746883663136,0.22151152339423905,0.0,0.0
2021-01-28 00:00:00+07:00,0.9972453246901384,1.0199722933201774,1.0157530546540987,1.0310305081488362,0.24454351359314752,0.0,0.0
2021-01-29 00:00:00+07:00,1.0308018134029386,1.042663673429845,1.0065263696002995,0.9883159280747409,0.32733950471508255,0.0,0.0
2021-02-01 00:00:00+07:00,0.9880932346376554,1.0184591821735574,0.955778420116716,1.006621745187979,0.27170427650632323,0.0,0.0
2021-02-02 00:00:00+07:00,1.050630411646378,1.0366125134381539,1.0188286295766855,1.0005199739518784,0.17936814722113809,0.0,0.0
2021-02-03 00:00:00+07:00,1.0613073994369773,1.042663478151998,1.026517605493948,1.0081475655507066,0.09110017295264027,0.0,0.0
2021-02-04 00:00:00+07:00,1.0369028691458038,1.0426635722593809,1.0295933031508817,1.0173008097106166,0.155349536432402,0.0,0.0
2021-02-05 00:00:00+07:00,1.0216498288678668,1.0275359221732738,1.035744361477386,1.0356069624271458,-0.0011886662207355014,0.0,0.0
2021-02-08 00:00:00+07:00,1.0765600195180123,1.0593034595160709,1.043433163218063,1.037132279384937,-0.04414583382495717,0.0,0.0
2021-02-09 00:00:00+07:00,1.0613074883108693,1.0517400662979626,1.0665005497195483,1.0554389355064024,0.13145721317576833,0.0,0.0
2021-02-10 00:00:00+07:00,1.0765600195180123,1.0577907097684822,1.0495843709379815,1.037132279384937,-0.04890077528175472,0.0,0.0
2021-02-11 00:00:00+07:00,1.0567315918186073,1.0381252872505133,1.031131070506435,1.0249284013094448,-0.11752728010791452,0.0,0.0
2021-02-15 00:00:00+07:00,1.009447607804204,1.0093830141116125,0.9942237952000897,1.0005199739518784,0.16788223827565096,0.0,0.0
2021-02-16 00:00:00+07:00,1.0247007055333717,1.026023471355675,1.0280556500670042,1.043234889629265,-0.0320326262650955,0.0,0.0
2021-02-17 00:00:00+07:00,1.0277511057430644,1.0305615432072246,1.0342066806961139,1.0310305081488362,0.08442618376968124,0.0,0.0
2021-02-18 00:00:00+07:00,1.0155487870156177,1.0124085371007703,0.9988372245309797,0.9806881686742673,0.19681039101142078,0.0,0.0
2021-02-19 00:00:00+07:00,0.9941946831779893,0.9972809800273541,1.0065261778946346,1.0081475655507066,0.10723414721507066,0.0,0.0
2021-02-22 00:00:00+07:00,1.0308015659853347,1.024510425700026,1.015752937718546,0.99746883663136,0.09938057995368917,0.0,0.0
2021-02-23 00:00:00+07:00,1.0063969952250782,0.9957682300898658,1.011139584263707,1.0081475655507066,0.041596517337135944,0.0,0.0
2021-02-24 00:00:00+07:00,1.0079224239400677,0.9927428689784943,0.9957617018248975,0.9776371991553943,0.11398187240063377,0.0,0.0
2021-02-25 00:00:00+07:00,0.9819923348059726,0.9730769448408807,0.9819213076293398,0.9715349245143572,0.14549468240228677,0.0,0.0
2021-02-26 00:00:00+07:00,0.9713154392228693,0.9851790723268437,0.9711568201236874,0.9730605770754392,0.420639081329948,0.0,0.0
2021-03-01 00:00:00+07:00,1.0094476374649077,1.056278293294643,1.0188286593493683,1.0752707407840136,0.47928755262492984,0.0,0.0
2021-03-02 00:00:00+07:00,1.0979143085069898,1.091071449152076,1.080340652966452,1.0661174966241036,0.1574731485300256,0.0,0.0
2021-03-03 00:00:00+07:00,1.0811362520350039,1.0683803220937267,1.0803407752189012,1.061541042345794,0.170144958208485,0.0,0.0
2021-03-04 00:00:00+07:00,1.0323269189340332,1.042663488818435,0.9942237713197991,0.9761115465943122,0.2945198189219216,0.0,0.0
2021-03-05 00:00:00+07:00,0.9758912491179886,1.019972263849712,0.9942237952000897,1.0005199739518784,0.2678183086864783,0.0,0.0
2021-03-08 00:00:00+07:00,1.0460545200561462,1.0275359893673648,0.9942237713197991,0.9761115465943122,0.19558465567018157,0.0,0.0
2021-03-09 00:00:00+07:00,0.9697898216922696,0.9564364957480719,0.9573162741910403,0.9410242225157539,0.334645267235535,0.0,0.0
2021-03-10 00:00:00+07:00,0.9758911788902173,0.9579494457332569,0.9634676824790706,0.9715349245143572,-0.010059120153071985,0.0,0.0
2021-03-12 00:00:00+07:00,1.0231751559278854,1.0063574614280482,0.9926859407056791,0.9898412450325319,0.12567770632567812,0.0,0.0
2021-03-15 00:00:00+07:00,1.0048718285046636,0.988204601771595,0.9773080581322328,0.9593308786372196,0.035927167694018616,0.0,0.0
2021-03-16 00:00:00+07:00,0.9728407460239544,0.9549240898105803,0.963467826798931,0.9471266649584364,0.10855343197920275,0.0,0.0
2021-03-17 00:00:00+07:00,0.954537230482168,0.9413092934297695,0.9588543736229973,0.9425500428784814,0.11206832041647415,0.0,0.0
2021-03-18 00:00:00+07:00,0.9453853993114408,0.9579494457332569,0.9603920782873592,0.9715349245143572,0.10515648735850328,0.0,0.0
2021-03-19 00:00:00+07:00,0.991144295593251,0.9730771698891187,0.9650057084502073,0.9883159280747409,0.30875865351231885,0.0,0.0
2021-03-22 00:00:00+07:00,0.9514867394470087,0.9458476302531745,0.9603922631793216,0.945601180199,0.09229927721660132,0.0,0.0
2021-03-23 00:00:00+07:00,0.9758911349634894,0.957949402167641,0.9434762120332594,0.9288201766386163,0.3139937205177534,0.0,0.0
2021-03-24 00:00:00+07:00,0.9133546304700799,0.906516247616692,0.9019558964137596,0.8906823864461214,0.37449716782176984,0.0,0.0
2021-03-25 00:00:00+07:00,0.8782725389271082,0.8732353057133809,0.8742750160186912,0.8693245930041371,0.28958984899534823,0.0,0.0
2021-03-26 00:00:00+07:00,0.8691211119938622,0.874748362829338,0.8650485095089153,0.8830546270456479,0.33177574675289784,0.0,0.0
2021-03-29 00:00:00+07:00,0.8813231978870812,0.895926634566977,0.8835019091638107,0.8662736234852642,0.27244562126168864,0.0,0.0
2021-03-30 00:00:00+07:00,0.8691211063928093,0.8777738572733794,0.8865777349946115,0.8769525202062562,0.16452514095656204,0.0,0.0
2021-03-31 00:00:00+07:00,0.8752220381035851,0.8596206338645898,0.8173764172722139,0.8220333908500866,0.5082416416589349,0.0,0.0
2021-04-01 00:00:00+07:00,0.8218368451216272,0.8218018067871947,0.8204519408933908,0.8250843603689597,0.269104015433557,0.0,0.0
2021-04-05 00:00:00+07:00,0.8325140992267944,0.8278530376064838,0.8204521713206111,0.8037272381335575,0.12089050331304124,0.0,0.0
2021-04-06 00:00:00+07:00,0.7974325375546776,0.7915471243160848,0.7973852251857124,0.806778375454076,0.1521764362933328,0.0,0.0
2021-04-07 00:00:00+07:00,0.803533510840171,0.8233146900961664,0.8143008656849219,0.8327121197694333,0.2552779795114815,0.0,0.0
2021-04-08 00:00:00+07:00,0.8437739037102502,0.8315201441096195,0.8376322081025601,0.8238639390010813,0.30275285785641237,86.4,0.0
2021-04-09 00:00:00+07:00,0.8793471748025165,0.8637330641555975,0.8438695012422744,0.8439736238036764,0.2832850637146081,0.0,0.0
2021-04-12 00:00:00+07:00,0.8731603820459435,0.8560631763740932,0.8173602951107654,0.8022069552251322,0.2632513927339603,0.0,0.0
2021-04-13 00:00:00+07:00,0.7973736902607002,0.7839674211127461,0.7924106980778537,0.7820972704225373,0.2899107825673532,0.0,0.0
2021-04-14 00:00:00+07:00,0.814387146546287,0.8591313186263111,0.817360521622508,0.8764588477651318,0.33448497286418394,0.0,0.0
2021-04-15 00:00:00+07:00,0.876254023619088,0.8606653412424483,0.8547851987284789,0.8687243665181066,0.23803519335015133,0.0,0.0
2021-04-16 00:00:00+07:00,0.8963605126634405,0.87907258377551,0.8657004893867755,0.8671772353463978,0.1481595780456113,0.0,0.0
2021-04-19 00:00:00+07:00,0.8669738946785637,0.8514615021341084,0.8703786795242215,0.86563043977798,-0.032961497666523114,0.0,0.0
2021-04-20 00:00:00+07:00,0.8437736350356709,0.842257563386299,0.8563442431905668,0.8548018639891827,0.1180789720684804,0.0,0.0
2021-04-21 00:00:00+07:00,0.8437738896839484,0.8345880409686639,0.8501070642486053,0.8331453836181699,0.09676769827387517,0.0,0.0
2021-04-22 00:00:00+07:00,0.8437737550272009,0.8499274598218534,0.8547850052187368,0.8486143461122206,0.07235086077274104,0.0,0.0
2021-04-23 00:00:00+07:00,0.8685205112329316,0.8867424213120421,0.8688192671847088,0.9027562182463343,0.2571752132800074,0.0,0.0
2021-04-26 00:00:00+07:00,0.9040938018711226,0.8882762545241741,0.8859720908876965,0.8702709942848788,0.25795455606841133,0.0,0.0
2021-04-27 00:00:00+07:00,0.8963605674410094,0.8990140572092354,0.9093625862302448,0.9073969405548786,0.32704479032365974,0.0,0.0
2021-04-28 00:00:00+07:00,0.9056408532279366,0.8898105882044838,0.8968879803020074,0.8810997378753217,0.18303202288087228,0.0,0.0
2021-04-29 00:00:00+07:00,0.9242005152468853,0.9066837197669543,0.9109218307917005,0.9089437361232964,0.035557622231639205,0.0,0.0
2021-04-30 00:00:00+07:00,0.9211072899056193,0.9036159231568827,0.9171593796160203,0.9073969405548786,0.0834663603552471,0.0,0.0
2021-05-03 00:00:00+07:00,0.93038731760352,0.912819661770164,0.9062438755629002,0.9027562182463343,-0.07222452312088265,0.0,0.0
2021-05-04 00:00:00+07:00,0.890174000010605,0.8974802155628653,0.904684624133369,0.9058501449864609,-0.011294967523313913,0.0,0.0
2021-05-05 00:00:00+07:00,0.9118273159638972,0.8974801485622067,0.9233968615450177,0.9135846262334861,-0.0006299353269746995,0.0,0.0
2021-05-06 00:00:00+07:00,0.9056406352013819,0.9036159699708959,0.9233968615450177,0.9135846262334861,-0.10650504990053594,0.0,0.0
2021-05-07 00:00:00+07:00,0.9242007453601415,0.9066839479884996,0.9187188530364496,0.9058501449864609,-0.020142281029666607,0.0,0.0
2021-05-10 00:00:00+07:00,0.9056405817064539,0.8944121846369067,0.9218374489393194,0.9120376628634229,0.09566552653603658,0.0,0.0
2021-05-11 00:00:00+07:00,0.905640555379593,0.9128196219287684,0.8937689666960887,0.9306005520976001,0.10818227406287041,0.0,0.0
2021-05-17 00:00:00+07:00,0.9365738372914671,0.9189553234284439,0.9155998685085144,0.9367880699745621,0.3175024373742962,0.0,0.0
2021-05-18 00:00:00+07:00,0.9056405950552846,0.9051498851648341,0.9124813102925988,0.9027562182463343,0.12208109316935137,0.0,0.0
2021-05-19 00:00:00+07:00,0.8994537659137001,0.888276228887701,0.9031250095312671,0.8888338835190559,0.0785895990685114,0.0,0.0
2021-05-20 00:00:00+07:00,0.9025473152201453,0.8990141242891772,0.9078032948431877,0.8996624593078533,0.07879037779033385,0.0,0.0
2021-05-21 00:00:00+07:00,0.921107140078118,0.9036157745610806,0.8797346247573758,0.8934746058276002,0.20216638150991795,0.0,0.0
2021-05-24 00:00:00+07:00,0.8917205365818827,0.8821405284256159,0.8890909030732183,0.8826463656420939,0.04662341609199298,0.0,0.0
2021-05-25 00:00:00+07:00,0.8747071519158784,0.9005479786954078,0.8922096071391922,0.8919278102591824,0.18227768938985384,0.0,0.0
2021-05-27 00:00:00+07:00,0.9180140113438304,0.9128197166712262,0.8828535493281263,0.86563043977798,0.8137842931684581,0.0,0.0
2021-05-28 00:00:00+07:00,0.8839871792709425,0.8790726112176286,0.9015657656857156,0.8872870879506382,0.23607282825983056,0.0,0.0
2021-05-31 00:00:00+07:00,0.8932670730797879,0.8852083058588942,0.900006279705084,0.8981153281361445,0.23379616028041317,0.0,0.0
2021-06-02 00:00:00+07:00,0.9365741332669436,0.9235574832430062,0.9296343902578629,0.9259599975907012,0.35006863582779013,0.0,0.0
2021-06-03 00:00:00+07:00,0.9350274009452184,0.9496346629089092,0.9327530458905995,0.9677264983675998,0.3300729949617133,0.0,0.0
2021-06-04 00:00:00+07:00,0.9736941092709831,0.955770437744392,0.9545840216520799,0.9615388126889923,0.06323836808241728,0.0,0.0
2021-06-07 00:00:00+07:00,0.9551340335576062,0.9404308509994428,0.9327529666476214,0.9460696823932961,0.06584536997641405,0.0,0.0
2021-06-08 00:00:00+07:00,0.9597739751865036,0.9419647380475731,0.9327528987795679,0.9151314218019039,0.07555311476604933,0.0,0.0
2021-06-09 00:00:00+07:00,0.8932672273880587,0.9296931637868734,0.9109219451646182,0.9460696823932961,0.1388486485792558,0.0,0.0
2021-06-10 00:00:00+07:00,0.9535874898440652,0.9557705308050023,0.9514653969898137,0.9739141840462074,0.12065806413998394,0.0,0.0
2021-06-11 00:00:00+07:00,0.9582274009998583,0.9434987885832791,0.9421091456101183,0.927506793159119,0.11836330010419047,0.0,0.0
2021-06-14 00:00:00+07:00,0.9427605560275398,0.9250911824985181,0.923396699491233,0.9089437361232964,0.05969397658983072,0.0,0.0
2021-06-15 00:00:00+07:00,0.9195606466276474,0.9097517711789306,0.9249561999301764,0.927506793159119,0.18358284250892654,0.0,0.0
2021-06-16 00:00:00+07:00,0.9118272217045539,0.8990140102114993,0.9109218976881791,0.901209254876271,-0.019289574334273057,0.0,0.0
2021-06-17 00:00:00+07:00,0.9025471124057411,0.8852083248300341,0.8844127130928173,0.8841931612105116,0.09702936403180908,0.0,0.0
2021-06-18 00:00:00+07:00,0.8747071650639915,0.8714028413258517,0.8859721857512671,0.8826463656420939,0.28648635537122674,0.0,0.0
2021-06-21 00:00:00+07:00,0.8747071984864956,0.8575972767739001,0.8641411977129234,0.8594427540993724,0.05597021337574481,0.0,0.0
2021-06-22 00:00:00+07:00,0.8592404571467784,0.8852084323967464,0.8734973098830661,0.8872870879506382,0.08343731341139941,0.0,0.0
2021-06-23 00:00:00+07:00,0.8731604808546622,0.8698688719704613,0.8703785851012229,0.8532550684207649,0.00448459636187036,0.0,0.0
2021-06-24 00:00:00+07:00,0.8778004433482025,0.8606650927439392,0.8610223857648698,0.8470673827421573,0.027308004319522707,0.0,0.0
2021-06-25 00:00:00+07:00,0.8530538432008467,0.845325661088207,0.8579037900263768,0.8408798648651953,0.09951423993550643,0.0,0.0
2021-06-28 00:00:00+07:00,0.8128403107750339,0.8115785358622727,0.8158009972006496,0.7991131962866511,0.16994117417398924,0.0,0.0
2021-06-29 00:00:00+07:00,0.7973738380254046,0.7931713005892786,0.8111231510611693,0.7960196051498156,0.01269190848058162,0.0,0.0
2021-06-30 00:00:00+07:00,0.7819070888632409,0.7870354323488216,0.798648233898838,0.7898319194712081,0.08328411665054927,0.0,0.0
2021-07-01 00:00:00+07:00,0.8004671318399087,0.7885693877579486,0.798648233898838,0.7898319194712081,0.040361234004760584,0.0,0.0
2021-07-02 00:00:00+07:00,0.8035602707484405,0.8085106058406056,0.8111229018375206,0.813035363212284,0.09162416162144589,0.0,0.0
2021-07-05 00:00:00+07:00,0.8128405661069747,0.8054429692993126,0.8204793292232597,0.8161294577540561,-0.09225334066398315,0.0,0.0
2021-07-06 00:00:00+07:00,0.8159336509710644,0.7993068937797122,0.8158009972006496,0.7991131962866511,-0.14338133185618673,0.0,0.0
2021-07-07 00:00:00+07:00,0.8375869709343164,0.8207822065200613,0.8080041436872766,0.8022069552251322,-0.13028970505325183,0.0,0.0
2021-07-08 00:00:00+07:00,0.7819069819212497,0.7778315931241294,0.7924106913511414,0.7867379927310816,-0.031473552227831714,0.0,0.0
2021-07-09 00:00:00+07:00,0.7850003758437235,0.7716958250935506,0.7955294625798416,0.7882849561011448,-0.08363280400203497,0.0,0.0
2021-07-12 00:00:00+07:00,0.8035603511119898,0.8207823289433903,0.8048855477748322,0.8346921791865877,0.08426815341053669,0.0,0.0
2021-07-13 00:00:00+07:00,0.8344939249046565,0.8192485431949039,0.8033263570069678,0.7960196051498156,0.0840836938198597,0.0,0.0
2021-07-14 00:00:00+07:00,0.7880937299753442,0.77476374945783,0.7924107588709333,0.7790035114840562,0.04727453652056642,0.0,0.0
2021-07-15 00:00:00+07:00,0.7819070478788992,0.8008409896044708,0.7970888338407601,0.8176762533224738,-0.014076935127709762,0.0,0.0
2021-07-16 00:00:00+07:00,0.8344939504092267,0.8177146130424168,0.8158012527282257,0.8161294577540561,-0.026355163228655012,0.0,0.0
2021-07-19 00:00:00+07:00,0.815933786861865,0.7993070285533841,0.8002075456451063,0.7836442337926005,-0.032784378332582326,0.0,0.0
2021-07-21 00:00:00+07:00,0.7973737983517771,0.8023749934708779,0.8017669584614836,0.7851911971626638,0.0210418693250862,0.0,0.0
2021-07-22 00:00:00+07:00,0.8174803890645805,0.8131125590002394,0.8142417064046029,0.8300514568780434,0.05579012246349446,0.0,0.0
2021-07-23 00:00:00+07:00,0.8375871557717285,0.8238503005566862,0.8064449667965491,0.7929256784096891,0.15097385265802143,0.0,0.0
2021-07-26 00:00:00+07:00,0.7942804039328014,0.7839674748472895,0.8002075456451063,0.7836442337926005,-0.025104394202735032,0.0,0.0
2021-07-27 00:00:00+07:00,0.7834537124682694,0.7839674748472895,0.7986481869123176,0.7836442337926005,0.008808910970622176,0.0,0.0
2021-07-28 00:00:00+07:00,0.7834537800835457,0.7686279882564567,0.7892921022882355,0.7759097525455753,0.12476445009253459,0.0,0.0
2021-07-29 00:00:00+07:00,0.7989202864205922,0.7916371239842207,0.7924106243902883,0.7944724739781068,0.17070012647120475,0.0,0.0
2021-07-30 00:00:00+07:00,0.7942803635110992,0.7962390773245219,0.7861732768364754,0.7728158258054487,0.24804131739206384,0.0,0.0
2021-08-02 00:00:00+07:00,0.8004669350589437,0.785501281615397,0.7690202239110593,0.7697218990653222,0.2921490600578991,0.0,0.0
2021-08-03 00:00:00+07:00,0.789640220998603,0.8207822284555282,0.793969938147176,0.8269575301379168,0.26217919639701603,0.0,0.0
2021-08-04 00:00:00+07:00,0.826760369478975,0.811578563477811,0.8173603834833708,0.8192230488908916,-0.08019536180672854,0.0,0.0
2021-08-05 00:00:00+07:00,0.8344938070718072,0.8606652207585559,0.8423102090560851,0.8749118843950686,0.20644890346675843,0.0,0.0
2021-08-06 00:00:00+07:00,0.8932672820341887,0.876004781920924,0.8407508578288749,0.8315984202481067,0.09106917351610627,0.0,0.0
2021-08-09 00:00:00+07:00,0.8236670498541255,0.8269181369691356,0.8313946319587838,0.8439736238036764,0.007175092623783253,0.0,0.0
2021-08-10 00:00:00+07:00,0.8592405301301589,0.8575973100531834,0.8345134154832429,0.8749118843950686,0.05380581631268015,0.0,0.0
2021-08-12 00:00:00+07:00,0.8190271051603377,0.863733131463928,0.8360727741978115,0.8749118843950686,0.28731735193396535,0.0,0.0
2021-08-13 00:00:00+07:00,0.8901737738156862,0.899013943628803,0.9000063206796097,0.9089437361232964,0.18012081509759043,0.0,0.0
2021-08-16 00:00:00+07:00,0.9118272623017976,0.8944121846369067,0.8937689928449337,0.9120376628634229,0.10123712389660695,0.0,0.0
2021-08-18 00:00:00+07:00,0.9427607520220036,0.9987212349632195,0.9421091983244622,0.9677264983675998,0.44522322090792316,0.0,0.0
2021-08-19 00:00:00+07:00,0.9675074754677159,0.9496346629089092,0.963940220670142,0.9677264983675998,0.23202328179276369,0.0,0.0
2021-08-20 00:00:00+07:00,0.9675074754677159,0.9496346629089092,0.9577027857142333,0.9677264983675998,0.292676008457796,0.0,0.0
2021-08-23 00:00:00+07:00,0.9412139757527844,0.9465666457626539,0.959262037529307,0.9646325716274733,0.09603500335164372,0.0,0.0
2021-08-24 00:00:00+07:00,0.9582274541755738,0.9496346629089092,0.9545840682362792,0.9677264983675998,0.048681127758719134,0.0,0.0
2021-08-25 00:00:00+07:00,0.9675074754677159,0.9511686182856063,0.98109316679889,0.9677264983675998,0.1544938629562194,0.0,0.0
2021-08-26 00:00:00+07:00,0.9551338524215517,0.9434985814369267,0.9452276559499132,0.9553509592087392,0.12571979875004777,0.0,0.0
2021-08-27 00:00:00+07:00,0.9334804372641944,0.9281589947881427,0.9514650548851336,0.9398818289130431,0.11254466096750043,0.0,0.0
2021-08-30 00:00:00+07:00,0.9458538858740179,0.943498634952896,0.960821295237713,0.9568979225788025,0.12678211257063995,0.0,0.0
2021-08-31 00:00:00+07:00,0.9427607191266408,0.9404308977735977,0.9592621113134153,0.9522573680719038,0.27853415204261356,0.0,0.0
2021-09-01 00:00:00+07:00,0.9520405661027391,0.9496344558321796,0.9654993709762212,0.9568979225788025,0.09146937032474854,0.0,0.0
2021-09-02 00:00:00+07:00,0.9443074496285918,0.9419649133996463,0.9405498669051646,0.9491636091334227,0.009786181807241636,0.0,0.0
2021-09-03 00:00:00+07:00,0.9551341137448599,0.9496346629089092,0.9592621444532106,0.9677264983675998,-0.1286381658770088,0.0,0.0
2021-09-06 00:00:00+07:00,0.967507543088326,0.9511686854011289,0.9701777232849239,0.9599920171205746,-0.11890455534946548,0.0,0.0
2021-09-07 00:00:00+07:00,0.9659609874457733,0.9511687992552373,0.9764152735737298,0.9584452215521568,0.013971287887057343,0.0,0.0
2021-09-08 00:00:00+07:00,0.9520409046563129,0.9481008386895766,0.9296344582041364,0.918225516343676,0.14194214435514313,0.0,0.0
2021-09-09 00:00:00+07:00,0.9087341843667551,0.9404311106593959,0.9265157894700418,0.9584452215521568,0.2621870922738198,0.0,0.0
2021-09-10 00:00:00+07:00,0.9350273816996748,0.9388969559789846,0.9530246900938724,0.9429759234548152,-0.07706801877290283,0.0,0.0
2021-09-13 00:00:00+07:00,0.9551339664475755,0.9373628738089463,0.9623807142178198,0.9538041636403215,-0.19056402497843444,0.0,0.0
2021-09-14 00:00:00+07:00,0.9644140477569139,0.9481006209039575,0.9530246227697211,0.9507104047018404,0.0014188973682488478,0.0,0.0
2021-09-15 00:00:00+07:00,0.9504939824462582,0.934294989389851,0.9499058714921441,0.9352412744061444,-0.052556033259710956,0.0,0.0
2021-09-16 00:00:00+07:00,0.9613205578587903,0.9434986066008725,0.9483463982181551,0.9367880699745621,0.04345310190140137,0.0,0.0
2021-09-17 00:00:00+07:00,0.9334807114991335,0.9296932238069646,0.9483466139217528,0.9429759234548152,0.28500180525035107,0.0,0.0
2021-09-20 00:00:00+07:00,0.958227628416977,0.9465669254905723,0.9577029597807726,0.9630859438607011,0.12015945626163595,0.0,0.0
2021-09-21 00:00:00+07:00,0.9396672376888402,0.9296930698766723,0.9452277415506027,0.933694311036081,0.03410289109186728,0.0,0.0
2021-09-22 00:00:00+07:00,0.9365739252105225,0.9434986948703495,0.9545839210888857,0.9538041636403215,0.09841569635587927,0.0,0.0
2021-09-23 00:00:00+07:00,0.9535873969333931,0.9465667056957101,0.968618249980368,0.9615388126889923,0.05696902315627562,0.0,0.0
2021-09-24 00:00:00+07:00,0.9365742435455253,0.9450329699823613,0.9545842420354351,0.9630859438607011,0.054343155529281456,0.0,0.0
2021-09-27 00:00:00+07:00,0.9628674180122808,0.9481006610371571,0.971736967386654,0.9615388126889923,0.021313514028026857,0.0,0.0
2021-09-28 00:00:00+07:00,0.9489474135045471,0.9373630006169813,0.9545840488179125,0.9429759234548152,0.1520507288200955,0.0,0.0
2021-09-29 00:00:00+07:00,0.9427607056746911,0.9434987950128162,0.9592620977615093,0.9615388126889923,0.12451112361945979,0.0,0.0
2021-09-30 00:00:00+07:00,0.9675074083574503,1.0723510224522654,0.9842118166672795,1.0914792051298778,0.38529782659899514,0.0,0.0
2021-10-01 00:00:00+07:00,1.060307727828602,1.0416720246259825,1.0200771739414112,1.0172276481931692,0.2423017584523773,0.0,0.0
2021-10-04 00:00:00+07:00,1.0108140819793454,1.0600792866600792,1.0294331268801615,1.0791038337726628,0.1275017056793576,0.0,0.0
2021-10-05 00:00:00+07:00,1.0634010386839052,1.0554775937335312,1.0668579073156468,1.074463279265764,0.020896483818718097,0.0,0.0
2021-10-06 00:00:00+07:00,1.0850544256738281,1.1275735007242678,1.1011638036326485,1.1471680406340548,0.42199892857050536,0.0,0.0
2021-10-07 00:00:00+07:00,1.1453743495001456,1.1260393321456466,1.1354694822568252,1.1409801871538017,0.2531953614027564,0.0,0.0
2021-10-08 00:00:00+07:00,1.1531077551894409,1.1643882687138527,1.165097351189855,1.1811998923622826,0.20967979245263707,0.0,0.0
2021-10-11 00:00:00+07:00,1.165481075563915,1.1613203176807327,1.1822502553805412,1.1703714843751307,-0.03217990056572918,0.0,0.0
2021-10-12 00:00:00+07:00,1.1701209471545369,1.1705239104112493,1.186928191593946,1.1904811691777257,0.19628778639804234,0.0,0.0
2021-10-13 00:00:00+07:00,1.214974568684518,1.4558397810495882,1.235268498853135,1.2539046537305736,0.4882278588854146,0.0,5.0
2021-10-14 00:00:00+07:00,1.2768414412606321,1.3484629811815925,1.2976429128987808,1.3235156561603834,0.34283000655017976,0.0,0.0
2021-10-15 00:00:00+07:00,1.3387080083497314,1.3407929647436205,1.2508619216455195,1.2925772277673455,0.3516488433042062,0.0,0.0
2021-10-18 00:00:00+07:00,1.2923080746807367,1.2794349236139446,1.2586588784945585,1.2539046537305736,0.28234244554837,0.0,0.0
2021-10-19 00:00:00+07:00,1.2381748543641466,1.2334164986621114,1.2196751442818512,1.2461703402851936,0.33212123909899854,0.0,0.0
2021-10-21 00:00:00+07:00,1.2459079699531528,1.2410860404346826,1.2196749113091798,1.215231911892156,0.24946963058686009,0.0,0.0
2021-10-22 00:00:00+07:00,1.230441269883762,1.2410860415627178,1.2430652920669427,1.2539046537305736,0.21726326406122226,0.0,0.0
2021-10-25 00:00:00+07:00,1.214974568684518,1.2334162651524725,1.235268498853135,1.2539046537305736,0.053136861930112,0.0,0.0
2021-10-26 00:00:00+07:00,1.276841373481493,1.2564255943832086,1.2664556717083661,1.2539046537305736,0.10533258028251322,0.0,0.0
2021-10-27 00:00:00+07:00,1.269108056319914,1.2487558511361192,1.243065325111732,1.230701042187852,0.03380755781721975,0.0,0.0
2021-10-28 00:00:00+07:00,1.1995079330348368,1.2027372251855588,1.2196749785128354,1.2074974306451305,0.1300647363989012,0.0,0.0
2021-10-29 00:00:00+07:00,1.2304414032109714,1.218076845006866,1.227471838707091,1.2384356912365229,0.05491521230156182,0.0,0.0
2021-11-01 00:00:00+07:00,1.261374671144864,1.2410860404346826,1.2352684977292012,1.215231911892156,-0.10217326329180074,0.0,0.0
2021-11-02 00:00:00+07:00,1.2072413177572936,1.202737259034693,1.188487838357153,1.184293819102409,0.19425245657812262,0.0,0.0
2021-11-03 00:00:00+07:00,1.1840411314090775,1.195067348037169,1.1884877046480558,1.1997627815964598,0.06050167335612693,0.0,0.0
2021-11-04 00:00:00+07:00,1.2227079855025753,1.2180767784482993,1.2274717719514296,1.2074974306451305,0.057441173811414295,0.0,0.0
2021-11-05 00:00:00+07:00,1.2381746534800002,1.2180767450573402,1.2274717384615927,1.230701042187852,-0.06361387308206903,0.0,0.0
2021-11-08 00:00:00+07:00,1.2459078386328903,1.256425461270453,1.2508619526342903,1.269373616224624,0.17412130101439327,0.0,0.0
2021-11-09 00:00:00+07:00,1.2768414744878647,1.279435024778544,1.2898461528498104,1.300312044617662,0.23497239322137337,0.0,0.0
2021-11-10 00:00:00+07:00,1.300041258074839,1.2794347577829854,1.2898458849690009,1.2925772277673455,-0.029956086532403094,0.0,0.0
2021-11-11 00:00:00+07:00,1.3077748782153833,1.3024443549978595,1.297642946398602,1.300312044617662,0.025939797970556375,0.0,0.0
2021-11-12 00:00:00+07:00,1.323241477079224,1.3024442528446807,1.274252464922174,1.2539046537305736,0.005405339065111612,0.0,0.0
2021-11-15 00:00:00+07:00,1.2845749626551375,1.2640956074062115,1.2664559082964597,1.2461703402851936,0.09137491377884681,0.0,0.0
2021-11-16 00:00:00+07:00,1.2149747011169145,1.218076845006866,1.211878251377321,1.2384356912365229,0.2239769856034118,0.0,0.0
2021-11-17 00:00:00+07:00,1.2536931278178207,1.2565541861980434,1.250835826177913,1.277237975945283,0.06245159847815098,25.0,0.0
2021-11-18 00:00:00+07:00,1.2304153100118087,1.2334677311146915,1.2430129555212628,1.222914542430715,0.14616381601245182,0.0,0.0
2021-11-19 00:00:00+07:00,1.230415129766331,1.2180765239794344,1.2351898181020573,1.2306748651311508,0.09578380184561174,0.0,0.0
2021-11-22 00:00:00+07:00,1.2304154395060196,1.2411633751588718,1.2430130856382302,1.246196181738604,0.08609061437621265,0.0,0.0
2021-11-23 00:00:00+07:00,1.2226561376598595,1.2334678608416283,1.2430130856382302,1.246196181738604,-0.060746692064872564,0.0,0.0
2021-11-24 00:00:00+07:00,1.2769712505829807,1.2565544037933587,1.250836042996582,1.246196181738604,-0.1343528953632846,0.0,0.0
2021-11-25 00:00:00+07:00,1.2381744305695968,1.241163063828201,1.2508357307158608,1.2306748651311508,-0.08785497147941491,0.0,0.0
2021-11-26 00:00:00+07:00,1.222655901363602,1.218076596269953,1.1960751080824241,1.1841119221186638,0.2721937720668076,0.0,0.0
2021-11-29 00:00:00+07:00,1.1838595015508921,1.210381189460231,1.172606343252354,1.222914542430715,0.18401377504494673,0.0,0.0
2021-11-30 00:00:00+07:00,1.199377998220016,1.2103810827444452,1.203898064635929,1.1841119221186638,0.3578093457732858,0.0,0.0
2021-12-01 00:00:00+07:00,1.1838595512593242,1.2180767538307467,1.203898221043653,1.1918725804223904,0.13586412440006523,0.0,0.0
2021-12-02 00:00:00+07:00,1.214896823122976,1.233467848041904,1.211721243540104,1.2539566722406852,0.08871549531858439,0.0,0.0
2021-12-03 00:00:00+07:00,1.261452528375856,1.2411632576183518,1.2273670542132225,1.215154051928634,0.06975501425755866,0.0,0.0
2021-12-06 00:00:00+07:00,1.2381746367009017,1.2257722423851307,1.2273670668279522,1.2073935614265527,0.03305805187744315,0.0,0.0
2021-12-07 00:00:00+07:00,1.2381746367009017,1.2257722423851307,1.2273670668279522,1.2073935614265527,-0.0035126349931310164,0.0,0.0
2021-12-08 00:00:00+07:00,1.2381744305695968,1.2257720372623564,1.243012774408959,1.2306748651311508,0.12776216172965496,0.0,0.0
2021-12-09 00:00:00+07:00,1.2226560337109387,1.2180767284161789,1.2273670668279522,1.2073935614265527,0.020263031728485568,0.0,0.0
2021-12-10 00:00:00+07:00,1.1993781167564697,1.1949901740578917,1.2038981833290676,1.215154051928634,0.1963847373993577,0.0,0.0
2021-12-13 00:00:00+07:00,1.2148967575832126,1.202685725722276,1.2117211781346418,1.1918725804223904,0.05109847638148835,0.0,0.0
2021-12-14 00:00:00+07:00,1.1916188528402967,1.1949902116680404,1.203898221043653,1.1918725804223904,-0.01380017952780979,0.0,0.0
2021-12-15 00:00:00+07:00,1.1916188528402967,1.1949902116680404,1.203898221043653,1.1918725804223904,0.004660858052182535,0.0,0.0
2021-12-16 00:00:00+07:00,1.2148966003157398,1.2026855692189373,1.203898064635929,1.1841119221186638,0.2116135082624336,0.0,0.0
2021-12-17 00:00:00+07:00,1.1993782195166942,1.233467848041904,1.211721243540104,1.2539566722406852,0.2526546550172191,0.0,0.0
2021-12-20 00:00:00+07:00,1.2071374182088928,1.202685687984635,1.2195440972518377,1.215154051928634,0.12765986298014437,0.0,0.0
2021-12-21 00:00:00+07:00,1.1993781167564697,1.202685687984635,1.2195440972518377,1.215154051928634,0.004054168955337997,0.0,0.0
2021-12-22 00:00:00+07:00,1.2304153479319564,1.2103812270686454,1.2195441224812968,1.1996330709244716,-0.15417033419650067,0.0,0.0
2021-12-23 00:00:00+07:00,1.1993781544212685,1.1872946976138052,1.2117211781346418,1.1918725804223904,-0.11555204278998034,0.0,0.0
2021-12-24 00:00:00+07:00,1.1916188528402967,1.1872946976138052,1.2117211781346418,1.1918725804223904,-0.1805674110244706,0.0,0.0
2021-12-27 00:00:00+07:00,1.1916188277310134,1.1872946725403726,1.2117211528193677,1.2073935614265527,-0.318368991609447,0.0,0.0
2021-12-28 00:00:00+07:00,1.2148967322159576,1.2026857004782756,1.21954410982366,1.2073935614265527,-0.09547855578783702,0.0,0.0
2021-12-29 00:00:00+07:00,1.2071374560022405,1.1949902116680404,1.2117211781346418,1.1918725804223904,-0.07210884002944269,0.0,0.0
2021-12-30 00:00:00+07:00,1.2071374560022405,1.1872946976138052,1.2117211781346418,1.1918725804223904,-0.012467712364500875,0.0,0.0
2022-01-03 00:00:00+07:00,1.1993781417806364,1.2026857130571975,1.2117211654338047,1.1996330709244716,0.01644813385037513,0.0,0.0
2022-01-04 00:00:00+07:00,1.1993781043711977,1.2180767033450512,1.21954408476496,1.222914542430715,0.10790672194141493,0.0,0.0
2022-01-05 00:00:00+07:00,1.2381747542580002,1.2411633880874526,1.2351901411605846,1.2384356912365229,0.13416484381253743,0.0,0.0
2022-01-06 00:00:00+07:00,1.2536933450445,1.2411633751588718,1.250836042996582,1.246196181738604,0.07180025530209098,0.0,0.0
2022-01-07 00:00:00+07:00,1.2692116939944837,1.2950317177119202,1.2743046599403298,1.3005194474515265,0.3542156080456355,0.0,0.0
2022-01-10 00:00:00+07:00,1.2769713534899165,1.2796410498165538,1.2899509331970893,1.2849988020506553,-0.04607297372842477,0.0,0.0
2022-01-11 00:00:00+07:00,1.3002488740371017,1.295031693785638,1.3134194183942909,1.3160404284556888,0.263009176367298,0.0,0.0
2022-01-12 00:00:00+07:00,1.3157674758857336,1.295031693785638,1.321242374823236,1.3160404284556888,0.0660119985749148,0.0,0.0
2022-01-13 00:00:00+07:00,1.3157674758857336,1.3104227205915926,1.321242374823236,1.3160404284556888,-0.011977429569160328,0.0,0.0
2022-01-14 00:00:00+07:00,1.3157675699255966,1.3412048692871694,1.3212424690189224,1.3626035392698213,0.08383161650909335,0.0,0.0
2022-01-17 00:00:00+07:00,1.3778422008942837,1.3565961160124447,1.3368885997939544,1.331561745063142,0.0731384173483214,0.0,0.0
2022-01-18 00:00:00+07:00,1.339045560760467,1.318118414599337,1.2899507273901034,1.308280105755253,0.11207707541505842,0.0,0.0
2022-01-19 00:00:00+07:00,1.3002490532112063,1.302727386631937,1.2977736844093883,1.308280105755253,0.053481862326573676,0.0,0.0
2022-01-20 00:00:00+07:00,1.3235270744827665,1.3181185311310302,1.3134197146240654,1.3393222355652232,0.05079925591757001,0.0,0.0
2022-01-21 00:00:00+07:00,1.3390454255393924,1.3719868753572453,1.3368883344905007,1.393645501278146,0.07023152243884304,0.0,0.0
2022-01-24 00:00:00+07:00,1.354564100731175,1.3412048938199743,1.3603572774036066,1.347082558265659,-0.0873176985438144,0.0,0.0
2022-01-25 00:00:00+07:00,1.3080084707074506,1.3181185311310302,1.3134197146240654,1.3393222355652232,0.2516797800370928,0.0,0.0
2022-01-26 00:00:00+07:00,1.3157674758857336,1.3104227205915926,1.321242374823236,1.3160404284556888,0.010394036325550363,0.0,0.0
2022-01-27 00:00:00+07:00,1.2924896902638336,1.3258138662521315,1.3134195365064187,1.347082558265659,0.11434979239913953,0.0,0.0
2022-01-28 00:00:00+07:00,1.3468049801457405,1.3335095598478304,1.336888586824636,1.3393222355652232,0.1077639394231677,0.0,0.0
2022-01-31 00:00:00+07:00,1.3390457574701995,1.3181186096919617,1.313419792945275,1.2927592925527365,0.09536711044575118,0.0,0.0
2022-02-02 00:00:00+07:00,1.3390454981143396,1.3258138662521315,1.3290654501388148,1.347082558265659,0.08070186255424226,0.0,0.0
2022-02-03 00:00:00+07:00,1.3468048368872263,1.333509417311626,1.3368884442425772,1.3238010867594154,-0.1351522465046947,0.0,0.0
2022-02-04 00:00:00+07:00,1.331286234030234,1.3258139034086132,1.3368884442425772,1.3238010867594154,-0.09564736753573833,0.0,0.0
2022-02-07 00:00:00+07:00,1.3390454981143396,1.3258138662521315,1.3368884069550127,1.347082558265659,0.03225797682940876,0.0,0.0
2022-02-08 00:00:00+07:00,1.331286234030234,1.3412049312146386,1.344711401179839,1.3238010867594154,0.06197441110932411,0.0,0.0
2022-02-09 00:00:00+07:00,1.3623233287645657,1.3719868753572453,1.3681801608141948,1.393645501278146,0.2585301789486254,0.0,0.0
2022-02-10 00:00:00+07:00,1.3933608047531307,1.371987144812089,1.3525345146785515,1.331561745063142,0.20462371988694175,0.0,0.0
2022-02-11 00:00:00+07:00,1.308008445309197,1.333509534166068,1.3212426465010498,1.3548432165693856,0.11446429511103716,0.0,0.0
2022-02-14 00:00:00+07:00,1.3312860777343651,1.3181182339945703,1.3368882876811263,1.3160404284556888,0.03770698404388623,0.0,0.0
2022-02-15 00:00:00+07:00,1.3312863254032037,1.348900537201106,1.3447114930052413,1.3703641975735479,0.024860095398004094,0.0,0.0
2022-02-16 00:00:00+07:00,1.362323481965999,1.379682543271182,1.3760032713614758,1.4014061595818725,0.1382045258596019,0.0,0.0
2022-02-17 00:00:00+07:00,1.3623235195941907,1.3642915528738464,1.3681803519838953,1.378124688075629,-0.02127820376625756,0.0,0.0
2022-02-18 00:00:00+07:00,1.3933607135427195,1.371987054351499,1.3838262536457782,1.3858851785777102,0.03225920065673968,0.0,0.0
2022-02-21 00:00:00+07:00,1.3856012319897386,1.3796823889097254,1.3994719871378893,1.393645501278146,-0.058005288243078,0.0,0.0
2022-02-22 00:00:00+07:00,1.3778421229597815,1.3719870670290677,1.3838262663711893,1.378124688075629,0.15165814229133914,0.0,0.0
2022-02-23 00:00:00+07:00,1.3778423772284907,1.418160410523083,1.391649479108258,1.424687966691407,0.22616770393903293,0.0,0.0
2022-02-24 00:00:00+07:00,1.4476757863387137,1.4335511287722025,1.4072950870459258,1.4091666500839537,0.3062488724953637,0.0,0.0
2022-02-25 00:00:00+07:00,1.3933609822033768,1.4412469553828466,1.4072953951180498,1.424687966691407,0.33545944645682074,0.0,0.0
2022-03-01 00:00:00+07:00,1.4088795871782633,1.4412469553828466,1.4307642691327376,1.424687966691407,0.3372885430004104,0.0,0.0
2022-03-02 00:00:00+07:00,1.4787130054104043,1.456637683634899,1.422941013798449,1.4014061595818725,0.2298637215263363,0.0,0.0
2022-03-04 00:00:00+07:00,1.4011200280081673,1.3950736094947325,1.3994721807584833,1.378124688075629,0.32791746688257234,0.0,0.0
2022-03-07 00:00:00+07:00,1.3468046795829969,1.341204774203502,1.3368882876811263,1.3160404284556888,0.32266920981662556,0.0,0.0
2022-03-08 00:00:00+07:00,1.3157675000103388,1.3412047985958808,1.3212423989878157,1.3005194474515265,0.2900419882294812,0.0,0.0
2022-03-09 00:00:00+07:00,1.3157675699255966,1.3719869241103362,1.3212424690189224,1.3626035392698213,0.3274756438719088,0.0,0.0
2022-03-10 00:00:00+07:00,1.3856014119001212,1.379682568466854,1.3681803393395375,1.3858851785777102,0.17833659067766722,0.0,0.0
2022-03-11 00:00:00+07:00,1.323526823389277,1.3719868753572453,1.344711291071424,1.393645501278146,0.057284620714980375,0.0,0.0
2022-03-14 00:00:00+07:00,1.4243980113917523,1.418160230134174,1.4151181731425286,1.4324482893918427,0.14436225834016767,0.0,0.0
2022-03-15 00:00:00+07:00,1.4554350123631794,1.4489420814289387,1.4542327538263338,1.4557295930964405,0.2657706174292109,0.0,0.0
2022-03-16 00:00:00+07:00,1.4942318325140793,1.4720289338441244,1.454233062447211,1.471250909703894,0.36922448233087946,0.0,0.0
2022-03-17 00:00:00+07:00,1.5019908970033167,1.479724212755704,1.4307639581451042,1.4091666500839537,0.3264924124625109,0.0,0.0
2022-03-18 00:00:00+07:00,1.4088793296909627,1.418160151960397,1.3994721807584833,1.378124688075629,0.3555422652247047,0.0,0.0
2022-03-21 00:00:00+07:00,1.3468049162286,1.3719870670290677,1.3681803519838953,1.378124688075629,0.17429947041043653,0.0,0.0
2022-03-22 00:00:00+07:00,1.377842110257523,1.371987054351499,1.3916492107988983,1.3858851785777102,0.051294337874809484,0.0,0.0
2022-03-23 00:00:00+07:00,1.3856014246425767,1.3719870670290677,1.3760033091775423,1.378124688075629,0.16070845373520845,0.0,0.0
2022-03-24 00:00:00+07:00,1.3623235069723263,1.371987054351499,1.3681803393395375,1.3858851785777102,0.21188262028362412,0.0,0.0
2022-03-25 00:00:00+07:00,1.377841930914681,1.3719868753572453,1.3994719871378893,1.393645501278146,0.17273309405956935,0.0,0.0
2022-03-28 00:00:00+07:00,1.391785023474054,1.3938646763329285,1.4055866165266482,1.4157080616313207,0.16783873912127753,120.0,0.0
2022-03-29 00:00:00+07:00,1.4075415798366429,1.393864796095955,1.4135295861843946,1.3999493056954544,0.06364170914169529,0.0,0.0
2022-03-30 00:00:00+07:00,1.4154198217978795,1.3938648194866718,1.4135296097367365,1.4078287675642103,0.11185472743844428,0.0,0.0
2022-03-31 00:00:00+07:00,1.4232977999551943,1.4251183922522093,1.4294150680553563,1.4393462794359428,0.27035845525314384,0.0,0.0
2022-04-01 00:00:00+07:00,1.4705672277633466,1.4485588706500638,1.4214723385211572,1.4235875235000766,0.24768060367103964,0.0,0.0
2022-04-04 00:00:00+07:00,1.4232978954520428,1.4016781292147777,1.4135294655938293,1.4157080616313207,0.035352688436298005,0.0,0.0
2022-04-05 00:00:00+07:00,1.4154196774575456,1.3938646763329285,1.4214723146610106,1.4157080616313207,-0.022538897841116484,0.0,0.0
2022-04-06 00:00:00+07:00,1.3917847093348459,1.378237458017103,1.3897006047115714,1.3684311226171395,0.2900609360662241,0.0,0.0
2022-04-07 00:00:00+07:00,1.3602718413714159,1.3704240061306425,1.373814908600955,1.3684311226171395,0.09789627938350311,0.0,0.0
2022-04-08 00:00:00+07:00,1.3839069247067368,1.3860513428351087,1.3976438872794852,1.3999493056954544,0.10378487402034829,0.0,0.0
2022-04-11 00:00:00+07:00,1.3917851939593808,1.386051393615291,1.3817582390124523,1.3605521641533203,0.06695582927814886,0.0,0.0
2022-04-12 00:00:00+07:00,1.3602723891714505,1.3626111028155976,1.3738154591076543,1.3841905497595879,0.12164746159323371,0.0,0.0
2022-04-13 00:00:00+07:00,1.38390704546247,1.3782380101050014,1.3897011587929895,1.3841905497595879,0.03717284892258791,0.0,0.0
2022-04-14 00:00:00+07:00,1.3839069517695666,1.3626110098929232,1.3738153658571615,1.3526727022845642,0.2048692459764756,0.0,0.0
2022-04-18 00:00:00+07:00,1.3523940779160648,1.3391706498523046,1.349986817237443,1.3526727022845642,0.09711163372172874,0.0,0.0
2022-04-19 00:00:00+07:00,1.352393837529293,1.3313569580948272,1.3499865772392317,1.3290341488766508,0.22403021266911513,0.0,0.0
2022-04-20 00:00:00+07:00,1.3602722490737094,1.3391706029354637,1.3499867701610222,1.3369137785470524,0.30469032821409736,0.0,0.0
2022-04-21 00:00:00+07:00,1.3839068289948147,1.40167815291047,1.3897009419484805,1.4235875235000766,0.3182152743039481,0.0,0.0
2022-04-22 00:00:00+07:00,1.399663384895339,1.401678272821539,1.4055867602090348,1.4078287675642103,0.17620803546929786,0.0,0.0
2022-04-25 00:00:00+07:00,1.4075415535382085,1.4251185826430945,1.413529559838558,1.4472259091063444,0.1970984411887125,0.0,0.0
2022-04-26 00:00:00+07:00,1.4232981051879603,1.4641859655308018,1.4453010733190974,1.486623218450124,0.3156181964621896,0.0,0.0
2022-04-27 00:00:00+07:00,1.4705671553175512,1.4876260624705913,1.4929579077695563,1.5102612684531007,0.1901103361240249,0.0,0.0
2022-04-28 00:00:00+07:00,1.5257149477175804,1.5032532332209896,1.4929581717245184,1.486623218450124,0.3298653475835342,0.0,0.0
2022-05-09 00:00:00+07:00,1.4075413362300904,1.3938645537250418,1.3420437040839406,1.321154687007895,0.7569203667325786,0.0,0.0
2022-05-10 00:00:00+07:00,1.2105861492490428,1.300103386937369,1.230844077842722,1.2975166370049183,0.5721141337739967,0.0,0.0
2022-05-11 00:00:00+07:00,1.2972465025914501,1.3313571497404255,1.294386824462121,1.3369137785470524,0.38460382360145523,0.0,0.0
2022-05-12 00:00:00+07:00,1.2972466574173795,1.2844765846334778,1.2387870296733885,1.21872235392065,0.5339404327634463,0.0,0.0
2022-05-13 00:00:00+07:00,1.210585963882168,1.2610359305916987,1.2308438909551407,1.2344809420548708,0.4916321770742137,0.0,0.0
2022-05-17 00:00:00+07:00,1.21846425264954,1.2610360028730685,1.2387868113758012,1.2581193276611384,0.3914700931392124,0.0,0.0
2022-05-18 00:00:00+07:00,1.2893683803670175,1.2922899800141419,1.2705583715649962,1.31327556074243,0.37782913674672003,0.0,0.0
2022-05-19 00:00:00+07:00,1.2578552236953298,1.2610358832973372,1.270558088061922,1.273878083597005,0.34804257742648986,0.0,0.0
2022-05-20 00:00:00+07:00,1.265733561133109,1.2610360028730685,1.2785010571457283,1.2581193276611384,0.17848207697683907,0.0,0.0
2022-05-23 00:00:00+07:00,1.27361192464746,1.2610361475952665,1.2626155034964728,1.250240033594028,0.11269520433993913,0.0,0.0
2022-05-24 00:00:00+07:00,1.2342206413606625,1.261035954849392,1.2546724618444354,1.2423604039236267,0.2578547953058597,0.0,0.0
2022-05-25 00:00:00+07:00,1.257855487510205,1.2532226941440068,1.2626155034964728,1.250240033594028,0.13681350114416324,0.0,0.0
2022-05-27 00:00:00+07:00,1.297246598997586,1.2922899800141419,1.3023297703988803,1.31327556074243,0.16959673411620044,0.0,0.0
2022-05-30 00:00:00+07:00,1.313003036258723,1.3001034335268336,1.3023297703988803,1.31327556074243,0.24714014956911146,0.0,0.0
2022-05-31 00:00:00+07:00,1.3208807564171285,1.346983650471262,1.3182149722137977,1.3684311226171395,0.594490886738466,0.0,0.0
2022-06-02 00:00:00+07:00,1.3287594735198602,1.3235437940649082,1.3182154698158226,1.31327556074243,0.3679803366481586,0.0,0.0
2022-06-03 00:00:00+07:00,1.320880942593995,1.3235434812803968,1.3341008554111844,1.321154687007895,0.15368182265009642,0.0,0.0
2022-06-06 00:00:00+07:00,1.3051245297594964,1.2922896935666177,1.2864437855568092,1.273878083597005,0.15616369351784354,0.0,0.0
2022-06-07 00:00:00+07:00,1.226342613235695,1.2610361475952665,1.246729804204429,1.250240033594028,0.3179977301311129,0.0,0.0
2022-06-08 00:00:00+07:00,1.2893680721808696,1.3001031237988483,1.2864437633746468,1.321154687007895,0.25849283390638766,0.0,0.0
2022-06-09 00:00:00+07:00,1.2893681428232546,1.2922897420672645,1.3102723806148344,1.2896370073345167,0.25502111430428254,0.0,0.0
2022-06-10 00:00:00+07:00,1.25785529511661,1.2532225020427674,1.2626153108351466,1.2423604039236267,0.2674983927350948,0.0,0.0
2022-06-13 00:00:00+07:00,1.226342423442013,1.237595596429518,1.2387867638630128,1.2423604039236267,0.17451900569990503,0.0,0.0
2022-06-14 00:00:00+07:00,1.226342470730135,1.2375956439713516,1.2308439622218161,1.2581193276611384,0.15498258575897852,0.0,0.0
2022-06-15 00:00:00+07:00,1.2263423995558629,1.2297821196897178,1.2467295887716174,1.2344809420548708,0.3210096971753852,0.0,0.0
2022-06-16 00:00:00+07:00,1.2578555058447431,1.3001034335268336,1.2705583715649962,1.31327556074243,0.32708750664459885,0.0,0.0
2022-06-17 00:00:00+07:00,1.2657334893069865,1.2844762893398767,1.2864438338843465,1.2896370073345167,0.28588621545784865,0.0,0.0
2022-06-20 00:00:00+07:00,1.3208809667976975,1.3157300529492022,1.310272333474097,1.3290341488766508,0.184925321019945,0.0,0.0
2022-06-21 00:00:00+07:00,1.3208811575222974,1.3157302433503488,1.3261582220043504,1.3369137785470524,-0.05426512103943896,0.0,0.0
2022-06-22 00:00:00+07:00,1.3287592320170347,1.3157301002494295,1.3102723806148344,1.2896370073345167,0.008378564293871127,0.0,0.0
2022-06-23 00:00:00+07:00,1.2736118970573902,1.292289933577932,1.294386874264148,1.2975166370049183,0.0537885617230899,0.0,0.0
2022-06-24 00:00:00+07:00,1.3208809897282956,1.300103170545668,1.3023295074595436,1.2817575454657608,0.039185134864310835,0.0,0.0
2022-06-27 00:00:00+07:00,1.2814899488725573,1.2688494076560168,1.2626153108351466,1.2423604039236267,0.13502736062912452,0.0,0.0
2022-06-28 00:00:00+07:00,1.2263425432817736,1.237595716912247,1.246729733676622,1.2266016479877604,0.36056759235892716,0.0,0.0
2022-06-29 00:00:00+07:00,1.2342209068201455,1.2375958624023875,1.2387870296733885,1.21872235392065,0.22362745856136504,0.0,0.0
2022-06-30 00:00:00+07:00,1.226342495841758,1.2375956692177044,1.2308439873660404,1.2108427242502484,0.23345980251878473,0.0,0.0
2022-07-01 00:00:00+07:00,1.226342495841758,1.2141553100601123,1.2308439873660404,1.2108427242502484,0.09850067319679034,0.0,0.0
2022-07-04 00:00:00+07:00,1.2105858643652447,1.1985282097485792,1.1514153049991909,1.147807029300201,0.23651549719256296,0.0,0.0
2022-07-05 00:00:00+07:00,1.16331675050901,1.2141553100601123,1.1831868919219024,1.2108427242502484,0.10068924234726784,0.0,0.0
2022-07-06 00:00:00+07:00,1.2263425432817736,1.214155357271264,1.2070154866541807,1.2266016479877604,0.0885599236294711,0.0,0.0
2022-07-07 00:00:00+07:00,1.2027080379752195,1.1907151465940817,1.1831870867384098,1.1635662886410039,0.17689774481927983,0.0,0.0
2022-07-08 00:00:00+07:00,1.1711948741273208,1.167274497315864,1.1752439480262178,1.1793248767752247,0.075360727963687,0.0,0.0
2022-07-11 00:00:00+07:00,1.1948296728686478,1.175088094082205,1.1911297907416434,1.1714455827081143,-0.11842471981902347,0.0,0.0
2022-07-12 00:00:00+07:00,1.1869513338487672,1.1907148795897697,1.1990725189094567,1.1872043386439806,-0.1434878347737864,0.0,0.0
2022-07-13 00:00:00+07:00,1.1633165099203595,1.1516474461888642,1.1514152558131316,1.132048105562689,0.11455799500734067,0.0,0.0
2022-07-14 00:00:00+07:00,1.1396820503048242,1.1438341867747206,1.1514154490437738,1.1399277352330905,0.16536401696727757,0.0,0.0
2022-07-15 00:00:00+07:00,1.1633165099203595,1.1438339939765125,1.1514152558131316,1.132048105562689,0.03595078101619063,0.0,0.0
2022-07-18 00:00:00+07:00,1.13968200278794,1.1594610445923543,1.1593582502137783,1.1793248767752247,0.05168110084743464,0.0,0.0
2022-07-19 00:00:00+07:00,1.1633166800928196,1.1672745211698958,1.183186820928034,1.1872043386439806,0.04914484366501009,0.0,0.0
2022-07-20 00:00:00+07:00,1.1948295984077557,1.2375956439713516,1.2070154147598593,1.2581193276611384,0.24839607086878798,0.0,0.0
2022-07-21 00:00:00+07:00,1.2578553430525141,1.2375956439713516,1.2308439622218161,1.2581193276611384,0.07549422112579582,0.0,0.0
2022-07-22 00:00:00+07:00,1.2578552709032522,1.237595572415213,1.2467295887716174,1.2344809420548708,-0.09891775848799403,0.0,0.0
2022-07-25 00:00:00+07:00,1.2420989799398923,1.2297822636985858,1.246729733676622,1.2266016479877604,-0.1755752838305663,0.0,0.0
2022-07-26 00:00:00+07:00,1.210586106623655,1.2297822636985858,1.2308440348676455,1.2266016479877604,-0.053604916892644454,0.0,0.0
2022-07-27 00:00:00+07:00,1.2342206173927102,1.2219686669642225,1.238786739863379,1.2344809420548708,0.04222440954446568,0.0,0.0
2022-07-28 00:00:00+07:00,1.2499770771979606,1.2532225020427674,1.2546724618444354,1.2423604039236267,0.18004362154800532,0.0,0.0
2022-07-29 00:00:00+07:00,1.25785529511661,1.261035954849392,1.2626153108351466,1.2423604039236267,0.3241578251380522,0.0,0.0
2022-08-01 00:00:00+07:00,1.2420988357907183,1.2688493838850998,1.2626152871538585,1.2896370073345167,0.24525584338235204,0.0,0.0
2022-08-02 00:00:00+07:00,1.320880942593995,1.3079165762926976,1.3102723093929158,1.321154687007895,0.25060389142569106,0.0,0.0
2022-08-03 00:00:00+07:00,1.3287591844805964,1.3079166003763898,1.334100879733178,1.3290341488766508,0.052218264995916835,0.0,0.0
2022-08-04 00:00:00+07:00,1.3445159516441043,1.3626111028155976,1.3579297594223194,1.3841905497595879,0.401267365807908,0.0,0.0
2022-08-05 00:00:00+07:00,1.3917851664440686,1.3860513661518046,1.3817582116259288,1.4078287675642103,0.28851607125446654,0.0,0.0
2022-08-08 00:00:00+07:00,1.407541603346609,1.401678272821539,1.389701061153631,1.4078287675642103,0.16956375544726726,0.0,0.0
2022-08-09 00:00:00+07:00,1.4075414594630484,1.4173050349784755,1.4294151637281922,1.4157080616313207,0.20312520110570303,0.0,0.0
2022-08-10 00:00:00+07:00,1.3839068054795574,1.3938646763329285,1.3817580693251037,1.4157080616313207,0.2437095030015043,0.0,0.0
2022-08-11 00:00:00+07:00,1.3996631229864214,1.409491463091594,1.4135293465201266,1.431466817567187,0.12038368085765629,0.0,0.0
2022-08-12 00:00:00+07:00,1.4232979193441468,1.417305058823668,1.4214723385211572,1.4235875235000766,0.04762715731889596,0.0,0.0
2022-08-15 00:00:00+07:00,1.4311759934550836,1.417304915599213,1.4373578925803896,1.431466817567187,0.15732158637834504,0.0,0.0
2022-08-16 00:00:00+07:00,1.4311760176484396,1.4173049396691355,1.421472219291898,1.4393462794359428,0.16636567356555104,0.0,0.0
2022-08-18 00:00:00+07:00,1.415419771831357,1.4329320358211397,1.4294152585751232,1.4472259091063444,0.17693851078824255,0.0,0.0
2022-08-19 00:00:00+07:00,1.4626889854245289,1.440745393624023,1.4373580127953738,1.4157080616313207,0.04061162900716532,0.0,0.0
2022-08-22 00:00:00+07:00,1.3996633352450603,1.4251185826430945,1.413529559838558,1.4472259091063444,0.2192793807197535,0.0,0.0
2022-08-23 00:00:00+07:00,1.4469325494355345,1.4251184878603247,1.4373580127953738,1.4157080616313207,0.11302665552440254,0.0,0.0
2022-08-24 00:00:00+07:00,1.4311759934550836,1.432931820614452,1.4373578925803896,1.431466817567187,0.25843505290221075,0.0,0.0
2022-08-25 00:00:00+07:00,1.4469325489095297,1.4563722988595202,1.4373580122716836,1.4708641269109666,0.22708849843884713,0.0,0.0
2022-08-26 00:00:00+07:00,1.4548108632970993,1.4641858485333208,1.4691295054165372,1.4472259091063444,0.15329021075685806,0.0,0.0
2022-08-29 00:00:00+07:00,1.446932619271487,1.4719992757119258,1.4532437808985519,1.4945025125172344,0.038016479027822514,0.0,0.0
2022-08-30 00:00:00+07:00,1.4784453493426621,1.511066396537997,1.4929578838277964,1.5023818065843448,0.3049088170083611,0.0,0.0
2022-08-31 00:00:00+07:00,1.4705671553175512,1.4954395152047435,1.4850150588525177,1.5102612684531007,0.3399328342741663,0.0,0.0
2022-09-01 00:00:00+07:00,1.4942019285478938,1.5032530881050952,1.5088437259090162,1.4945025125172344,0.12862492262168237,0.0,0.0
2022-09-02 00:00:00+07:00,1.4942018326760855,1.4954395390481328,1.5167864785379068,1.5181407303218568,0.11185472743844428,0.0,0.0
2022-09-05 00:00:00+07:00,1.5178362005544657,1.5188796113552194,1.5326718891725457,1.5338993184560776,0.0676739066428537,0.0,0.0
2022-09-06 00:00:00+07:00,1.5414708517036269,1.5345065152448982,1.548557585401854,1.5338993184560776,0.09000784378757316,0.0,0.0
2022-09-07 00:00:00+07:00,1.5257146807404611,1.542320232116964,1.5485578506968378,1.5654173337327468,0.2861584111960469,0.0,0.0
2022-09-08 00:00:00+07:00,1.5729841324199414,1.5813876409107002,1.5803293912864949,1.5575380396656364,0.32737851926934736,0.0,0.0
2022-09-09 00:00:00+07:00,1.6044968592114917,1.5813874957952974,1.5565006996154158,1.5654173337327468,0.19692701150259334,0.0,0.0
2022-09-12 00:00:00+07:00,1.5493493342817704,1.5579471375882972,1.5723863974525725,1.5654173337327468,0.004115217286251637,0.0,0.0
2022-09-13 00:00:00+07:00,1.565105911675071,1.6048279978925566,1.58827223815129,1.6126941049452825,0.30495964764955596,0.0,0.0
2022-09-14 00:00:00+07:00,1.5651057230974819,1.6282681641895416,1.588272048026654,1.604814475274881,0.2823367827149191,0.0,0.0
2022-09-15 00:00:00+07:00,1.6044970465192487,1.698589480793884,1.627986528727006,1.6836090939624404,0.45269820221627777,0.0,0.0
2022-09-16 00:00:00+07:00,1.6675225035010524,1.6517084724579938,1.6121005456035438,1.5890555515373692,0.6771406575737453,0.0,0.0
2022-09-19 00:00:00+07:00,1.5966185716863195,1.6595219518043505,1.6121005720029977,1.652091078685771,0.23750698797099973,0.0,0.0
2022-09-20 00:00:00+07:00,1.6202532954065205,1.628268212711813,1.6438720382247072,1.620573399012393,0.18923606674064125,0.0,0.0
2022-09-21 00:00:00+07:00,1.6123751737838914,1.6126414035120638,1.6041578895017783,1.5969351812077706,0.1957785407394404,0.0,0.0
2022-09-22 00:00:00+07:00,1.5651058649993617,1.5892010444611038,1.5882721910926638,1.5969351812077706,0.06211707455555835,0.0,0.0
2022-09-23 00:00:00+07:00,1.565105769975976,1.5735740430596308,1.5882720952897285,1.5654173337327468,0.0545044824658523,0.0,0.0
2022-09-26 00:00:00+07:00,1.5099584551362515,1.5813877117812225,1.5326723646732074,1.5811764252719043,0.24982358481960365,0.0,0.0
2022-09-27 00:00:00+07:00,1.5651056972058084,1.565760517505708,1.564443475823856,1.541778948126479,0.1905142392903701,0.0,0.0
2022-09-28 00:00:00+07:00,1.5257146330946083,1.5579470893317697,1.5485578026601095,1.549658409995235,0.1889047722319283,0.0,0.0
2022-09-29 00:00:00+07:00,1.5493493342817704,1.5657605903239638,1.5723863974525725,1.5654173337327468,0.06622128199957443,0.0,0.0
2022-09-30 00:00:00+07:00,1.5651057704665483,1.6048278545004557,1.556500700104107,1.620573399012393,0.4263843663076399,0.0,0.0
2022-10-03 00:00:00+07:00,1.5887403762189836,1.5892009012051354,1.6121005943591369,1.604814475274881,0.27764743014290094,0.0,0.0
2022-10-04 00:00:00+07:00,1.612375077557953,1.6204547599746941,1.6359291893046528,1.620573399012393,0.15351521483549369,0.0,0.0
2022-10-05 00:00:00+07:00,1.6123749805523961,1.5970143052731065,1.6041576969702964,1.5890555515373692,0.07251440099516276,0.0,0.0
2022-10-06 00:00:00+07:00,1.5966188585000858,1.5813877117812225,1.6041580107523674,1.5811764252719043,-0.05685133153738476,0.0,0.0
2022-10-07 00:00:00+07:00,1.5493493337733129,1.5423202316096578,1.5326721523547495,1.5102612684531007,0.2683520897167332,0.0,0.0
2022-10-10 00:00:00+07:00,1.4942017385369004,1.5423201599450242,1.5088435349268534,1.541778948126479,0.15227696955454975,0.0,0.0
2022-10-11 00:00:00+07:00,1.509958292336075,1.5188799213829898,1.5167865024095823,1.5260201921906127,0.07399366532592724,0.0,0.0
2022-10-12 00:00:00+07:00,1.5099581976891647,1.5266932789618812,1.5247292563410724,1.549658409995235,-0.029474874823424247,0.0,0.0
2022-10-13 00:00:00+07:00,1.5335926346539062,1.5423199671897374,1.5565004335165076,1.5338993184560776,0.06421263471567888,0.0,0.0
2022-10-14 00:00:00+07:00,1.541471164301193,1.5345068271403053,1.5485578986653314,1.5260201921906127,0.10799974520176624,0.0,0.0
2022-10-17 00:00:00+07:00,1.5257147283186343,1.5188799213829898,1.5247293514735194,1.5260201921906127,0.0296432474381281,0.0,0.0
2022-10-18 00:00:00+07:00,1.533592826686294,1.5735739700259364,1.5485577784247124,1.541778948126479,0.175029904577832,0.0,0.0
2022-10-19 00:00:00+07:00,1.5257144176041864,1.5345065152448982,1.5406147372871999,1.5338993184560776,0.08831211393915643,0.0,0.0
2022-10-20 00:00:00+07:00,1.5257146345616452,1.581387448608254,1.5485578041391816,1.604814475274881,0.19912139029701598,0.0,0.0
2022-10-21 00:00:00+07:00,1.5887403540447567,1.6517084992725342,1.6121005720029977,1.652091078685771,0.30015840988408876,0.0,0.0
2022-10-24 00:00:00+07:00,1.6832788742116838,1.706402574659665,1.6994718158087982,1.7308853617700395,0.1899292040842287,0.0,0.0
2022-10-25 00:00:00+07:00,1.706913497668741,1.6985890937787673,1.6915289388523378,1.6678498346216375,0.17107508280393813,0.0,0.0
2022-10-26 00:00:00+07:00,1.643887948952223,1.628268212711813,1.6438720382247072,1.620573399012393,0.22519177393807163,0.0,0.0
2022-10-27 00:00:00+07:00,1.6202531073820683,1.64389492843575,1.6438718486577462,1.6678498346216375,0.13797119345318504,0.0,0.0
2022-10-28 00:00:00+07:00,1.6517663569072982,1.6595222143836688,1.6756436255710232,1.6836090939624404,0.1722400795471621,0.0,0.0
2022-10-31 00:00:00+07:00,1.7147924887933368,1.690776409051263,1.7153582575120843,1.6993683533032433,0.34310763987483484,0.0,0.0
2022-11-01 00:00:00+07:00,1.7620618057017587,1.737657135210291,1.6994725563727904,1.6993683533032433,0.28670834496350694,0.0,0.0
2022-11-02 00:00:00+07:00,1.6990356672953477,1.6829625742297973,1.6994721739930314,1.6836090939624404,0.0963944203456977,0.0,0.0
2022-11-03 00:00:00+07:00,1.667523171884915,1.6829629546914249,1.6915297058031433,1.6993683533032433,0.1592179635873779,0.0,0.0
2022-11-04 00:00:00+07:00,1.691157472385932,1.6751491443096218,1.6835864984564413,1.6914885558311963,0.1700968018524107,0.0,0.0
2022-11-07 00:00:00+07:00,1.6754009393227036,1.690775954297417,1.683586402089839,1.7151267736358187,0.21023217608851122,0.0,0.0
2022-11-08 00:00:00+07:00,1.7147921040913638,1.698589480793884,1.6994721739930314,1.6836090939624404,-0.0684435106082594,0.0,0.0
2022-11-09 00:00:00+07:00,1.6596445261068649,1.6985894308749585,1.683586425442972,1.7230062355045745,0.21679141361694132,0.0,0.0
2022-11-10 00:00:00+07:00,1.6754013913696522,1.6751495003315866,1.6994725563727904,1.6993683533032433,0.19010994752968582,0.0,0.0
2022-11-11 00:00:00+07:00,1.730548466649018,1.7142163135230843,1.7312434976723827,1.7151267736358187,0.04889352225236567,0.0,0.0
2022-11-14 00:00:00+07:00,1.722670322489372,1.7064029340759268,1.7074150234670342,1.6836090939624404,-0.017702016575166225,0.0,0.0
2022-11-15 00:00:00+07:00,1.6911578303391261,1.690776409051263,1.7074154069424374,1.6993683533032433,0.04593518892785995,0.0,0.0
2022-11-16 00:00:00+07:00,1.6438878289046621,1.6360815456980495,1.6438719182447596,1.6363321549482592,0.35419500544820726,0.0,0.0
2022-11-17 00:00:00+07:00,1.643888115289907,1.682962550667302,1.659757903281003,1.6757296320936843,0.11788195647695147,0.0,0.0
2022-11-18 00:00:00+07:00,1.6754012476431466,1.7064031723669095,1.699472411467186,1.7072476473703537,0.16636650569016187,0.0,0.0
2022-11-21 00:00:00+07:00,1.7226702985969635,1.7064029103131833,1.6994721503117434,1.6757296320936843,-0.12731384507605642,0.0,0.0
2022-11-22 00:00:00+07:00,1.7305481784919445,1.722029479204559,1.7391860580472338,1.7308853617700395,0.1710254130364849,0.0,0.0
2022-11-23 00:00:00+07:00,1.730548490412899,1.7298432434406636,1.7471292200914312,1.7230062355045745,0.17085253976434614,0.0,0.0
2022-11-24 00:00:00+07:00,1.7541829283860113,1.737656480969831,1.7709575501193395,1.7624032092450632,0.011503951236209077,0.0,0.0
2022-11-25 00:00:00+07:00,1.7620616264656008,1.7376569574475944,1.7550723316615997,1.7545242507812437,0.1290304878025991,0.0,0.0
2022-11-28 00:00:00+07:00,1.777817437404003,1.7689101475954063,1.7789002549243398,1.7702825033121736,0.21538573887700513,0.0,0.0
2022-11-29 00:00:00+07:00,1.7541834074787424,1.7610973190457526,1.7630151817292843,1.7545242507812437,0.19817271184648305,0.0,0.0
2022-11-30 00:00:00+07:00,1.7226703352980521,1.8626720131716374,1.739186434240428,1.8569567516701344,0.8765179147540898,0.0,0.0
2022-12-01 00:00:00+07:00,1.8487215402140746,1.8470448165648785,1.786843247563771,1.7624032092450632,0.3829122784685904,0.0,0.0
2022-12-02 00:00:00+07:00,1.7414978894719293,1.7407941415604984,1.7661112948111448,1.7418367683633584,0.32264585393277506,35.0,0.0
2022-12-05 00:00:00+07:00,1.709861972476891,1.7172622533864677,1.726241985750191,1.7022857527122812,0.276366309404884,0.0,0.0
2022-12-06 00:00:00+07:00,1.6861350000423458,1.6701984641205603,1.6624510718513623,1.67064490663109,0.4342298919123992,0.0,0.0
2022-12-07 00:00:00+07:00,1.6149543293711983,1.6152908688288055,1.622581883682945,1.599453212700467,0.5173318706403395,0.0,0.0
2022-12-08 00:00:00+07:00,1.5754093941422844,1.6152908082386161,1.5906863896686132,1.61527355184024,0.41854769197650704,0.0,0.0
2022-12-09 00:00:00+07:00,1.6149546782248712,1.6231351760371202,1.6225822333296178,1.6390045639548356,0.19546337473680156,0.0,0.0
2022-12-12 00:00:00+07:00,1.622863500986288,1.6545108534771837,1.630555939145077,1.6785554118042676,0.23859437170769113,0.0,0.0
2022-12-13 00:00:00+07:00,1.654499403740421,1.6545108534771837,1.6544775164156882,1.6785554118042676,0.244387974558027,0.0,0.0
2022-12-14 00:00:00+07:00,1.6465903530601065,1.654510778237064,1.6465035823778513,1.6548247352929628,0.2868434124859839,0.0,0.0
2022-12-15 00:00:00+07:00,1.6386811936156178,1.623134765214039,1.6385295396465036,1.61527355184024,0.2720934110235834,0.0,0.0
2022-12-16 00:00:00+07:00,1.591227390418606,1.638822726420557,1.60663415297778,1.646914397921431,0.4360789869697522,0.0,0.0
2022-12-19 00:00:00+07:00,1.6624079378125491,1.6545104129595003,1.67042479193041,1.662734569259558,0.09209018307989421,0.0,0.0
2022-12-20 00:00:00+07:00,1.6307726305015087,1.6388230923764717,1.6544776715043343,1.6390045639548356,-0.07908346971073693,0.0,0.0
2022-12-21 00:00:00+07:00,1.6465901259901126,1.6545105504151205,1.6624510718513623,1.67064490663109,-0.15015866463117547,0.0,0.0
2022-12-22 00:00:00+07:00,1.6624085350547844,1.6466670505461476,1.6624515310480135,1.6390045639548356,0.04885618756621106,0.0,0.0
2022-12-23 00:00:00+07:00,1.6228632437472843,1.6152908082386161,1.6385295396465036,1.61527355184024,-0.030768636131681133,0.0,0.0
2022-12-26 00:00:00+07:00,1.6149546782248712,1.630979134206796,1.638529952416976,1.6390045639548356,-0.3221847440955743,0.0,0.0
2022-12-27 00:00:00+07:00,1.6465902159217367,1.638822726420557,1.662451162257191,1.646914397921431,-0.2238822608485396,0.0,0.0
2022-12-28 00:00:00+07:00,1.6624079378125491,1.6388225000440353,1.6544770763236405,1.662734569259558,-0.08609508967637908,0.0,0.0
2022-12-29 00:00:00+07:00,1.6228636543631898,1.6231351760371202,1.638529952416976,1.6390045639548356,-0.03350892371669436,0.0,0.0
2022-12-30 00:00:00+07:00,1.6386814697702066,1.6388229554447566,1.6544775339141768,1.6310942265833037,-0.05125111392000751,0.0,0.0
2023-01-02 00:00:00+07:00,1.6386814697702066,1.623135039896918,1.6385298156314394,1.6310942265833037,-0.5496506435457329,0.0,0.0
2023-01-03 00:00:00+07:00,1.6307724940309243,1.623135039896918,1.646503674772808,1.6310942265833037,-0.2212675420625385,0.0,0.0
2023-01-04 00:00:00+07:00,1.6228634281379999,1.615290992186076,1.5906865717558276,1.5678125344209215,0.19572157192782383,0.0,0.0
2023-01-05 00:00:00+07:00,1.5675005540566864,1.5525392865756615,1.5268956557298579,1.5361716883397305,0.31690931178140674,0.0,0.0
2023-01-06 00:00:00+07:00,1.4884107411384095,1.5368513111339377,1.5109478782287862,1.5519920274795034,0.10126020535083434,0.0,0.0
2023-01-09 00:00:00+07:00,1.5595915035852475,1.5760710830684526,1.5827125911368372,1.599453212700467,0.18007242114611935,0.0,0.0
2023-01-10 00:00:00+07:00,1.5833184263718856,1.5682271233796214,1.5268955790776886,1.512441011828426,0.23488118768417324,0.0,0.0
2023-01-11 00:00:00+07:00,1.472593001117252,1.4819438219279997,1.4790526547184997,1.4966208404902988,0.21487731707940178,0.0,0.0
2023-01-12 00:00:00+07:00,1.504228675324998,1.5211633805123632,1.518921720576119,1.512441011828426,0.24180009574220201,0.0,0.0
2023-01-13 00:00:00+07:00,1.5042288285624634,1.4897877043781143,1.4870264386948822,1.472890163978994,0.2914724114359531,0.0,0.0
2023-01-16 00:00:00+07:00,1.4725926390891966,1.4976313718682623,1.4950000081401529,1.504530674456894,0.2481258466669671,0.0,0.0
2023-01-17 00:00:00+07:00,1.5121376368262542,1.552539195268864,1.526895565404599,1.5599021970493896,0.18711618526176688,0.0,0.0
2023-01-18 00:00:00+07:00,1.520046641754977,1.5368513111339377,1.5348694538830705,1.5519920274795034,0.21756466841774852,0.0,0.0
2023-01-19 00:00:00+07:00,1.567500462267871,1.5446952381655803,1.5587909992431088,1.5599021970493896,0.08642327946216803,0.0,0.0
2023-01-20 00:00:00+07:00,1.5437735672174029,1.5368513111339377,1.5587910295373557,1.5519920274795034,0.21772586096901733,0.0,0.0
2023-01-24 00:00:00+07:00,1.5516828034692352,1.544695528838738,1.550817431846931,1.5282616865714898,-0.06886068867153607,0.0,0.0
2023-01-25 00:00:00+07:00,1.5516824953125161,1.529007307268182,1.5428432655610371,1.5203511813983124,0.08502078740256618,0.0,0.0
2023-01-26 00:00:00+07:00,1.52795557375028,1.5839150101904005,1.5508171274730231,1.6073633822703535,0.14057498629388612,0.0,0.0
2023-01-27 00:00:00+07:00,1.6782263308060203,1.7015745998187106,1.6544775164156882,1.6785554118042676,0.46419129479965515,0.0,0.0
2023-01-30 00:00:00+07:00,1.6861353064945537,1.678042726647947,1.6624513755058918,1.6785554118042676,0.09751558983513173,0.0,0.0
2023-01-31 00:00:00+07:00,1.6544991741176394,1.646666666698289,1.6305557116647242,1.6073633822703535,0.4708126651132508,0.0,0.0
2023-02-01 00:00:00+07:00,1.6386811936156178,1.6152908082386161,1.6225818229872067,1.61527355184024,0.13974006546723172,0.0,0.0
2023-02-02 00:00:00+07:00,1.591227404034362,1.599602954524664,1.6066341666645019,1.599453212700467,0.22570919668928202,0.0,0.0
2023-02-03 00:00:00+07:00,1.630772476674821,1.6545108534771837,1.638529798235281,1.6785554118042676,0.11324437746613303,0.0,0.0
2023-02-06 00:00:00+07:00,1.6940440829829844,1.6701985713618375,1.6863727542374582,1.6864654135725083,0.2856451015281888,0.0,0.0
2023-02-07 00:00:00+07:00,1.7019532406626028,1.7015745826052884,1.7182683718365523,1.7260165970252312,0.28046089413487235,0.0,0.0
2023-02-08 00:00:00+07:00,1.7177710549722134,1.7015744463770595,1.7342159522162321,1.7181062596536993,0.01777822725807943,0.0,0.0
2023-02-09 00:00:00+07:00,1.717770964486462,1.7172622704527665,1.734215861246593,1.7418367683633584,0.11645312638294265,0.0,0.0
2023-02-10 00:00:00+07:00,1.7335890054751921,1.7172623609573334,1.702320517617935,1.7181062596536993,0.0629718279827744,0.0,0.0
2023-02-13 00:00:00+07:00,1.7335891124143554,1.7172624673161336,1.7262422001682916,1.7339267665951177,0.07244354301083178,0.0,0.0
2023-02-14 00:00:00+07:00,1.7256802116339451,1.7329504574894972,1.7421899932476341,1.7576574431064222,0.15846073871670452,0.0,0.0
2023-02-15 00:00:00+07:00,1.7335891124143554,1.7172624673161336,1.7182683412150086,1.7339267665951177,-0.10722178026717835,0.0,0.0
2023-02-16 00:00:00+07:00,1.7177712092486868,1.7015745998187106,1.7023206709569103,1.6785554118042676,0.08457835177932346,0.0,0.0
2023-02-17 00:00:00+07:00,1.7019530581023743,1.7015743999983317,1.7102943297866322,1.6864654135725083,-0.05985707111545108,0.0,0.0
2023-02-20 00:00:00+07:00,1.6861350776639747,1.6937304125445707,1.7023204409101123,1.6943755831423948,-0.08905950668877603,0.0,0.0
2023-02-21 00:00:00+07:00,1.7019532578716206,1.6858866843715345,1.7023206709569103,1.6785554118042676,-0.2477357754337538,0.0,0.0
2023-02-22 00:00:00+07:00,1.6782260252318992,1.6701984641205603,1.6783987882611893,1.67064490663109,-0.10146685551608003,0.0,0.0
2023-02-23 00:00:00+07:00,1.6544992073860343,1.6701985713618375,1.6783988957210672,1.6864654135725083,0.010798466059251876,0.0,0.0
2023-02-24 00:00:00+07:00,1.701952949663239,1.7015742915314396,1.6943465046710162,1.67064490663109,-0.055620029325209555,0.0,0.0
2023-02-27 00:00:00+07:00,1.6703170977427935,1.6780424684466098,1.686372694038166,1.7022857527122812,0.05113788933670378,0.0,0.0
2023-02-28 00:00:00+07:00,1.7019530277296913,1.6780424983979647,1.694346582480962,1.6943755831423948,0.2502200046163757,0.0,0.0
2023-03-01 00:00:00+07:00,1.6861350912811162,1.6701985548685558,1.6704250207256783,1.646914397921431,0.08977351127053554,0.0,0.0
2023-03-02 00:00:00+07:00,1.6465903530601065,1.654510778237064,1.6704251589890993,1.6548247352929628,0.031392877735568876,0.0,0.0
2023-03-03 00:00:00+07:00,1.6624081491405993,1.646666666698289,1.6305557116647242,1.6073633822703535,0.21236336290182908,0.0,0.0
2023-03-06 00:00:00+07:00,1.6307725120068886,1.6074471421772663,1.6066343968714436,1.5836330413623398,0.2022864724818017,0.0,0.0
2023-03-07 00:00:00+07:00,1.5675005087070197,1.583915070428866,1.5906864799017435,1.5915430431305808,0.24945488832086168,0.0,0.0
2023-03-08 00:00:00+07:00,1.5833187736715955,1.6152912178674443,1.6066345142422591,1.6390045639548356,0.14841114716565731,0.0,0.0
2023-03-09 00:00:00+07:00,1.6624085350547844,1.6388230923764717,1.6544776715043343,1.6390045639548356,0.01589696609797099,0.0,0.0
2023-03-10 00:00:00+07:00,1.6149543293711983,1.6074469116767345,1.622581883682945,1.599453212700467,0.0487896752232643,0.0,0.0
2023-03-13 00:00:00+07:00,1.5991365910737962,1.6309789976708375,1.622582097348702,1.6310942265833037,0.16015699260035487,0.0,0.0
2023-03-14 00:00:00+07:00,1.5912273874571357,1.5839150236820019,1.582712574621991,1.5599021970493896,0.19409844182802446,0.0,0.0
2023-03-15 00:00:00+07:00,1.599136362520223,1.5839150236820019,1.582712574621991,1.5599021970493896,0.17939379676809866,0.0,0.0
2023-03-16 00:00:00+07:00,1.5516825423715441,1.5446952683275268,1.5587910295373557,1.5519920274795034,0.24872813913357575,0.0,0.0
2023-03-17 00:00:00+07:00,1.5754095446469247,1.5760711739656001,1.5827126821724036,1.575722703990808,0.4672757714937734,0.0,0.0
2023-03-20 00:00:00+07:00,1.583318657255828,1.5839152686991207,1.5986605376770824,1.5836330413623398,-0.11422992325517088,0.0,0.0
2023-03-21 00:00:00+07:00,1.5833183690764512,1.5917589373123484,1.5986602479982617,1.61527355184024,0.19838261474794053,0.0,0.0
2023-03-24 00:00:00+07:00,1.6782261787147665,1.693730489086923,1.6783989416692116,1.7181062596536993,0.35943650125751003,0.0,0.0
2023-03-27 00:00:00+07:00,1.7177712092486868,1.6937306420951224,1.7023206709569103,1.6785554118042676,0.26413598460706694,0.0,0.0
2023-03-28 00:00:00+07:00,1.7098619244736866,1.6858863778259998,1.6943465046710162,1.67064490663109,0.22284601322834036,0.0,0.0
2023-03-29 00:00:00+07:00,1.725173290606521,1.7410755945570557,1.7333862881985376,1.7658511974572402,0.23251275726687368,170.0,0.0
2023-03-30 00:00:00+07:00,1.7977767751638147,1.7730784996944133,1.7903189112014444,1.773919436177208,0.2890365645501464,0.0,0.0
2023-03-31 00:00:00+07:00,1.773575470065903,1.7570768921097282,1.7659190655802972,1.7497143844140137,0.2187558703766881,0.0,0.0
2023-04-03 00:00:00+07:00,1.7735756623542454,1.7490763389573067,1.7740524995120523,1.7658511974572402,0.05290109719500055,0.0,0.0
2023-04-04 00:00:00+07:00,1.773575397752338,1.7490760765306341,1.7415192689787091,1.7577826231339815,0.0568396251180982,0.0,0.0
2023-04-05 00:00:00+07:00,1.7574414195553594,1.7410754763154752,1.7659191380740362,1.741646145694046,-0.11756399949647973,0.0,0.0
2023-04-06 00:00:00+07:00,1.7332401629997636,1.7330746605297185,1.7577858238667898,1.7497143844140137,-0.04502055189109811,0.0,0.0
2023-04-10 00:00:00+07:00,1.741307414522429,1.7410755945570557,1.7577860149866464,1.7658511974572402,-0.15664799790352957,0.0,0.0
2023-04-11 00:00:00+07:00,1.773575589905663,1.7490762671043085,1.7740524270898796,1.773919436177208,-0.052241438072685824,0.0,0.0
2023-04-12 00:00:00+07:00,1.7977765584337781,1.7730782847460669,1.798451936590547,1.798124152337111,0.19946692703992142,0.0,0.0
2023-04-13 00:00:00+07:00,1.813910945377667,1.7890800344122544,1.8147186840657714,1.8061927266603697,-0.00035090626105291177,0.0,0.0
2023-04-14 00:00:00+07:00,1.8300451875739232,1.8050816405207482,1.8391185293658519,1.8303977784235637,0.2630709276448047,0.0,0.0
2023-04-17 00:00:00+07:00,1.8381121770832949,1.8210830575206307,1.8228519720438643,1.8384660171435314,0.1679853716605514,0.0,0.0
2023-04-18 00:00:00+07:00,1.8461792842654614,1.861086825202621,1.8635182290397774,1.8707393076266932,0.19671393994145733,0.0,0.0
2023-04-26 00:00:00+07:00,1.8703802545697603,1.8690873536916055,1.8553847717074097,1.8949440237865964,0.44629182663656314,0.0,0.0
2023-04-27 00:00:00+07:00,1.8623130025895316,1.8610864192745806,1.8797843057703525,1.87880721074337,0.019984225652921964,0.0,0.0
2023-04-28 00:00:00+07:00,1.8623132902136403,1.8450852183772424,1.8716513528433778,1.8465342558634992,0.3598462167765676,0.0,0.0
2023-05-02 00:00:00+07:00,1.8623132902136403,1.8370844741232466,1.822851900159223,1.8465342558634992,0.16673660363023057,0.0,0.0
2023-05-03 00:00:00+07:00,1.8461791929104177,1.8210830117166523,1.8147186840657714,1.8061927266603697,0.16708098125046394,0.0,0.0
2023-05-04 00:00:00+07:00,1.8058440009374441,1.8130823851731153,1.8147188018088707,1.8303977784235637,0.09251287655140855,0.0,0.0
2023-05-05 00:00:00+07:00,1.8300451875739232,1.8210831298254824,1.8391185293658519,1.8303977784235637,0.07806756743643772,0.0,0.0
2023-05-08 00:00:00+07:00,1.8300451875739232,1.8290838744778495,1.8391185293658519,1.8303977784235637,0.17131389117396456,0.0,0.0
2023-05-09 00:00:00+07:00,1.813910945377667,1.797080778738354,1.8228519262530947,1.8061927266603697,-0.08174119129891927,0.0,0.0
2023-05-10 00:00:00+07:00,1.805843883494479,1.7890800344122544,1.8228519262530947,1.8061927266603697,-0.046297647630323915,0.0,0.0
2023-05-11 00:00:00+07:00,1.7977767751638147,1.7730784996944133,1.7903189112014444,1.773919436177208,0.15980186795818854,0.0,0.0
2023-05-12 00:00:00+07:00,1.7493744764803834,1.7650778277578099,1.7659192572493492,1.7658511974572402,0.2165253558726141,0.0,0.0
2023-05-15 00:00:00+07:00,1.789709520169085,1.7650775638442995,1.765918993499628,1.7577826231339815,0.07814908602330799,0.0,0.0
2023-05-16 00:00:00+07:00,1.7655083844092292,1.7490761241372714,1.7577857997022097,1.7335777391724327,-0.015667653062801344,0.0,0.0
2023-05-17 00:00:00+07:00,1.7574412753355906,1.7570768201874665,1.7740522350066013,1.7577826231339815,0.10480204703045273,0.0,0.0
2023-05-19 00:00:00+07:00,1.7977769387252844,1.8050816405207482,1.7984523167708828,1.8303977784235637,0.3024576329875241,0.0,0.0
2023-05-22 00:00:00+07:00,1.8300451875739232,1.8290838744778495,1.830985286846858,1.8303977784235637,0.19603191970704653,0.0,0.0
2023-05-23 00:00:00+07:00,1.8461792842654614,1.8530860806262344,1.8635182290397774,1.8707393076266932,0.23902911735612556,0.0,0.0
2023-05-24 00:00:00+07:00,1.8945816111586633,1.8690875242364104,1.8635181836236088,1.8384660171435314,0.1397252422070836,0.0,0.0
2023-05-25 00:00:00+07:00,1.8623132902136403,1.8530859626312386,1.8716513528433778,1.8465342558634992,0.13489802835077114,0.0,0.0
2023-05-26 00:00:00+07:00,1.8865141856504635,1.869087162744897,1.8879175470877194,1.87880721074337,0.0252280701656219,0.0,0.0
2023-05-29 00:00:00+07:00,1.9107153687113954,1.8850886496855286,1.8797843057703525,1.87880721074337,0.14752195147199046,0.0,0.0
2023-05-30 00:00:00+07:00,1.8945812959107393,1.909090929595172,1.904184079096568,1.9110805012265317,0.21890828464290155,0.0,0.0
2023-05-31 00:00:00+07:00,1.9268497846975345,1.9090911724092128,1.8716513528433778,1.8465342558634992,0.9164676478777921,0.0,0.0
2023-06-05 00:00:00+07:00,1.8784473161132487,1.90909107363757,1.8879177390867583,1.8949440237865964,0.3998133689901305,0.0,0.0
2023-06-06 00:00:00+07:00,1.84617888054891,1.869087162744897,1.871651064452985,1.87880721074337,0.12821377624921743,0.0,0.0
2023-06-07 00:00:00+07:00,1.8703805434978114,1.861086897825402,1.8797847869441158,1.8626710689067256,0.1823659117987999,0.0,0.0
2023-06-08 00:00:00+07:00,1.8542463464010115,1.8450853360498471,1.8797847139232888,1.8707393076266932,0.009338089548921902,0.0,0.0
2023-06-09 00:00:00+07:00,1.8865146681679559,1.861086897825402,1.8879180295870306,1.8626710689067256,-0.05163257278977699,0.0,0.0
2023-06-12 00:00:00+07:00,1.878447124630153,1.8530856758042649,1.8879175470877194,1.87880721074337,-0.10680799633025707,0.0,0.0
2023-06-13 00:00:00+07:00,1.8865141856504635,1.8610864192745806,1.8879175470877194,1.87880721074337,-0.044537887210483816,0.0,0.0
2023-06-14 00:00:00+07:00,1.8623132177133483,1.8450851462754208,1.8716512801499317,1.854602494583467,0.1156934250052904,0.0,0.0
2023-06-15 00:00:00+07:00,1.8623132902136403,1.8370844741232466,1.8716513528433778,1.8465342558634992,0.0458180958889454,0.0,0.0
2023-06-16 00:00:00+07:00,1.8623132902136403,1.8370844741232466,1.8472516265013006,1.8465342558634992,0.2705974563424034,0.0,0.0
2023-06-19 00:00:00+07:00,1.8300451875739232,1.8210831298254824,1.8553850144038397,1.8303977784235637,-0.1637303566099202,0.0,0.0
2023-06-20 00:00:00+07:00,1.8381121047821796,1.8210829856152537,1.8391183843872747,1.8465342558634992,0.020919243824878957,0.0,0.0
2023-06-21 00:00:00+07:00,1.8461792842654614,1.8450853360498471,1.8553849865980223,1.8707393076266932,-0.06721289282617168,0.0,0.0
2023-06-22 00:00:00+07:00,1.8703803520241267,1.8530859626312386,1.8716513528433778,1.8465342558634992,-0.024242324065589686,0.0,0.0
2023-06-23 00:00:00+07:00,1.8381121047821796,1.8530859626312386,1.863518110729352,1.8465342558634992,-0.027697688670188018,0.0,0.0
2023-06-26 00:00:00+07:00,1.8381120328794176,1.8450851462754208,1.8635180382367165,1.854602494583467,-0.12261151418287104,0.0,0.0
2023-06-27 00:00:00+07:00,1.84617888054891,1.8530856758042649,1.871651064452985,1.87880721074337,-0.12418949518632634,0.0,0.0
2023-07-03 00:00:00+07:00,1.8381120328794176,1.8290836581625065,1.8635180382367165,1.854602494583467,0.2583185039797205,0.0,0.0
2023-07-04 00:00:00+07:00,1.8784474138346137,1.8530859626312386,1.8716513528433778,1.8465342558634992,-0.1356607108975252,0.0,0.0
2023-07-05 00:00:00+07:00,1.8461791665926666,1.8290837298692502,1.863518110729352,1.8465342558634992,-0.051813327993168616,0.0,0.0
2023-07-06 00:00:00+07:00,1.846179094490728,1.8370844022189636,1.8635180382367165,1.854602494583467,0.005023702182930567,0.0,0.0
2023-07-07 00:00:00+07:00,1.8381121770832949,1.837084546425891,1.8635181836236088,1.8384660171435314,-0.11085731920300675,0.0,0.0
2023-07-10 00:00:00+07:00,1.8623132902136403,1.8370844741232466,1.8716513528433778,1.8465342558634992,-0.20174794671380655,0.0,0.0
2023-07-11 00:00:00+07:00,1.8623133631155957,1.837084546425891,1.8635181836236088,1.8384660171435314,-0.058944264887754054,0.0,0.0
2023-07-12 00:00:00+07:00,1.854245870837693,1.8610863483515176,1.871650993337643,1.8868754494633375,0.06019124278904202,0.0,0.0
2023-07-13 00:00:00+07:00,1.8945816570787601,1.8770883143553951,1.8960511988067996,1.8707393076266932,0.08029066811376613,0.0,0.0
2023-07-14 00:00:00+07:00,1.8865143776567375,1.8690873536916055,1.8960509809315957,1.8949440237865964,0.0244692034170358,0.0,0.0
2023-07-17 00:00:00+07:00,1.8945811749649828,1.8850885781827134,1.9123171989422232,1.8868754494633375,0.0657014496861606,0.0,0.0
2023-07-18 00:00:00+07:00,1.8945812466707745,1.8850886496855286,1.8879175470877194,1.87880721074337,0.007609558217215855,0.0,0.0
2023-07-20 00:00:00+07:00,1.8945812466707745,1.8770879062152128,1.8960507884050866,1.87880721074337,0.16603224741832806,0.0,0.0
2023-07-21 00:00:00+07:00,1.878447124630153,1.8610864192745806,1.8960507884050866,1.87880721074337,-0.0672821421576894,0.0,0.0
2023-07-24 00:00:00+07:00,1.8945817305030281,1.8690876425996712,1.8879180295870306,1.8626710689067256,0.06297350849742969,0.0,0.0
2023-07-25 00:00:00+07:00,1.8865141856504635,1.9010901366261606,1.9041840297224542,1.87880721074337,0.3002289076959029,0.0,0.0
2023-07-26 00:00:00+07:00,1.8865142828123855,1.9170917217679573,1.8960508858302658,1.9433537917096935,0.27396999456704296,0.0,0.0
2023-07-27 00:00:00+07:00,1.9591178581475164,1.9330932328079418,1.928583875685876,1.903012262506564,0.14176534721741657,0.0,0.0
2023-07-28 00:00:00+07:00,1.8945816570787601,1.8770883143553951,1.8960511988067996,1.8707393076266932,0.12652885288105079,0.0,0.0
2023-07-31 00:00:00+07:00,1.88651459494321,1.869087569779008,1.887917956365044,1.8707393076266932,0.15499505296835028,0.0,0.0
2023-08-01 00:00:00+07:00,1.88651459494321,1.861086825202621,1.887917956365044,1.8707393076266932,-0.013850482343167997,0.0,0.0
2023-08-02 00:00:00+07:00,1.8703802545697603,1.8690873536916055,1.8960509809315957,1.8949440237865964,0.0548618907277816,0.0,0.0
2023-08-03 00:00:00+07:00,1.8784471736025092,1.901090185992152,1.904184079096568,1.9110805012265317,0.07689092954566262,0.0,0.0
2023-08-04 00:00:00+07:00,1.9107153687113954,1.893089393155845,1.8960507884050866,1.87880721074337,0.005972060222664359,0.0,0.0
2023-08-07 00:00:00+07:00,1.8784474339524027,1.893089704126199,1.9041843415823116,1.9191490755497904,0.024686906300067573,0.0,0.0
2023-08-08 00:00:00+07:00,1.9187826238306909,1.9010903296483772,1.920450706466107,1.8949440237865964,-0.06158007916841454,0.0,0.0
2023-08-09 00:00:00+07:00,1.9187827173993812,1.933093399655298,1.936717284237811,1.95949060475292,0.1382121956396982,0.0,0.0
2023-08-10 00:00:00+07:00,1.9591180263778574,1.9410941438946243,1.9692502526342626,1.95949060475292,0.13677137169688183,0.0,0.0
2023-08-11 00:00:00+07:00,1.9671850881735526,1.9490948881339503,1.9773834947333757,1.95949060475292,0.09930792806920463,0.0,0.0
2023-08-14 00:00:00+07:00,1.9349166505227275,1.9170917217679573,1.928583852167408,1.9433537917096935,0.13109545675636855,0.0,0.0
2023-08-15 00:00:00+07:00,1.9349167944599892,1.9250926090202647,1.9529837216492978,1.9272173142697582,0.04717313577620391,0.0,0.0
2023-08-16 00:00:00+07:00,1.9187826711180938,1.909091120789056,1.9367172377026136,1.9272173142697582,0.010978712238331582,0.0,0.0
2023-08-18 00:00:00+07:00,1.910715418218969,1.9170916731981922,1.936717044905645,1.9110805012265317,0.14831474845948053,0.0,0.0
2023-08-21 00:00:00+07:00,1.9026482357904404,1.8850885781827134,1.9123171989422232,1.8868754494633375,0.12212834854510406,0.0,0.0
2023-08-22 00:00:00+07:00,1.8784473627633542,1.909091120789056,1.904184269809245,1.9272173142697582,0.08259442400964342,0.0,0.0
2023-08-23 00:00:00+07:00,1.9268497327890415,1.909091120789056,1.9448504796759558,1.9272173142697582,0.07230614638742552,0.0,0.0
2023-08-24 00:00:00+07:00,1.9107155622872027,1.90909107363757,1.920450706466107,1.8949440237865964,0.012833647398406532,0.0,0.0
2023-08-25 00:00:00+07:00,1.8945815576833094,1.893089704126199,1.9123175837517554,1.9191490755497904,-0.009527362863577325,0.0,0.0
2023-08-28 00:00:00+07:00,1.9107155622872027,1.8850888416699914,1.920450706466107,1.8949440237865964,-0.05326667584953668,0.0,0.0
2023-08-29 00:00:00+07:00,1.9187824793730839,1.901090185992152,1.920450562001107,1.9110805012265317,-0.04548628608358415,0.0,0.0
2023-08-30 00:00:00+07:00,1.9268496853741799,1.9010903296483772,1.920450706466107,1.8949440237865964,0.028652298717156605,0.0,0.0
2023-08-31 00:00:00+07:00,1.8945811749649828,1.877087834905648,1.887917475579475,1.8868754494633375,0.33598934083752774,0.0,0.0
2023-09-01 00:00:00+07:00,1.8945813673613232,1.893089513830025,1.9123173923898333,1.903012262506564,-0.07150460874480896,0.0,0.0
2023-09-04 00:00:00+07:00,1.9026484287095973,1.893089513830025,1.9123173923898333,1.903012262506564,-0.08446133148794255,0.0,0.0
2023-09-05 00:00:00+07:00,1.9107154900578713,1.8850887700344416,1.9204506340378547,1.903012262506564,-0.07270667491852574,0.0,0.0
2023-09-06 00:00:00+07:00,1.8945812466707745,1.8850886496855286,1.9041840297224542,1.87880721074337,-0.01692434103077075,0.0,0.0
2023-09-07 00:00:00+07:00,1.8703799924886089,1.8610863483515176,1.887917475579475,1.8868754494633375,0.05927923278169802,0.0,0.0
2023-09-08 00:00:00+07:00,1.862313408536561,1.8530860806262344,1.871651471481533,1.8707393076266932,0.15441119400345407,0.0,0.0
2023-09-11 00:00:00+07:00,1.8542463464010115,1.8450853360498471,1.8797847139232888,1.8707393076266932,0.009125599145649638,0.0,0.0
2023-09-12 00:00:00+07:00,1.862313481162739,1.8450854082768635,1.8797847869441158,1.8626710689067256,0.08687958649480647,0.0,0.0
2023-09-13 00:00:00+07:00,1.846179094490728,1.8290836581625065,1.8553847963235017,1.854602494583467,0.10228027865324836,0.0,0.0
2023-09-14 00:00:00+07:00,1.83004523182245,1.8450854082768635,1.8553850590153713,1.8626710689067256,0.27056200204465747,0.0,0.0
2023-09-15 00:00:00+07:00,1.8461793119982426,1.8370846191302166,1.8553850144038397,1.8303977784235637,0.2951029523182755,0.0,0.0
2023-09-18 00:00:00+07:00,1.8461793119982426,1.8290838744778495,1.8553850144038397,1.8303977784235637,-0.14345537328503383,0.0,0.0
2023-09-19 00:00:00+07:00,1.830044971268108,1.8290836581625065,1.8472515544102865,1.854602494583467,-0.15319045096490708,0.0,0.0
2023-09-20 00:00:00+07:00,1.870380063609842,1.8610864192745806,1.8797843057703525,1.87880721074337,0.01656402421011473,0.0,0.0
2023-09-21 00:00:00+07:00,1.8703804706721108,1.8530860806262344,1.8797847139232888,1.8707393076266932,-0.0844921507694554,0.0,0.0
2023-09-22 00:00:00+07:00,1.8703802793246587,1.8530858903318779,1.879784522063147,1.854602494583467,-0.06909976912284992,0.0,0.0
2023-09-25 00:00:00+07:00,1.8542463742104023,1.8290838744778495,1.8553850144038397,1.8303977784235637,0.028065661022100695,0.0,0.0
2023-09-26 00:00:00+07:00,1.8300449963659036,1.8130821950102076,1.839118337660187,1.8142609653803374,0.121994599195242,0.0,0.0
2023-09-27 00:00:00+07:00,1.7977766302701186,1.805081331164028,1.8147184916967651,1.7900559136171432,0.16963012183147108,0.0,0.0
2023-09-29 00:00:00+07:00,1.773575589905663,1.7730784996944133,1.798452153257227,1.773919436177208,0.2891765755574992,0.0,0.0
2023-10-02 00:00:00+07:00,1.7977767248228669,1.8370844022189636,1.8147185867574254,1.854602494583467,0.20605939393584446,0.0,0.0
2023-10-03 00:00:00+07:00,1.8542461314827832,1.8690873536916055,1.863518013552247,1.8949440237865964,0.2231415580381593,0.0,0.0
2023-10-04 00:00:00+07:00,1.8945814392002256,1.8850888416699914,1.8960509809315957,1.8949440237865964,0.27002172469361724,0.0,0.0
2023-10-05 00:00:00+07:00,1.894581464158589,1.8690873784447914,1.879784522063147,1.854602494583467,0.11872232015654505,0.0,0.0
2023-10-06 00:00:00+07:00,1.8623133631155957,1.837084546425891,1.8635181836236088,1.8384660171435314,0.010356239465937226,0.0,0.0
2023-10-09 00:00:00+07:00,1.8381121047821796,1.8450852183772424,1.863518110729352,1.8465342558634992,-0.058379939277087005,0.0,0.0
2023-10-10 00:00:00+07:00,1.8300450691440426,1.8050815230644537,1.830985168440418,1.8061927266603697,0.11445125240160536,0.0,0.0
2023-10-11 00:00:00+07:00,1.805843883494479,1.8130822673905533,1.830985168440418,1.8061927266603697,0.16946851197841656,0.0,0.0
2023-10-12 00:00:00+07:00,1.8300450429716932,1.8370844741232466,1.8553848686153267,1.8465342558634992,0.11006835948455364,0.0,0.0
2023-10-13 00:00:00+07:00,1.8623132177133483,1.8450851462754208,1.8635180382367165,1.854602494583467,0.06787169812046906,0.0,0.0
2023-10-16 00:00:00+07:00,1.8703805434978114,1.8450854082768635,1.871651544301201,1.8626710689067256,-0.19641860773768663,0.0,0.0
2023-10-17 00:00:00+07:00,1.8461791197279558,1.8290836832614072,1.839118337660187,1.8142609653803374,0.0489407682168447,0.0,0.0
2023-10-18 00:00:00+07:00,1.8058437640609548,1.7890799156287698,1.806585322476996,1.7819876748971755,-0.005819470391658063,0.0,0.0
2023-10-19 00:00:00+07:00,1.773575470065903,1.7570768921097282,1.7740523072938053,1.7497143844140137,0.19029137383939668,0.0,0.0
2023-10-20 00:00:00+07:00,1.741307247713312,1.8130821230330951,1.7659190890717689,1.822329204100305,0.07666697128698924,0.0,0.0
2023-10-23 00:00:00+07:00,1.789709640963675,1.7810791716344676,1.806585322476996,1.7819876748971755,-0.007775565983427883,0.0,0.0
2023-10-24 00:00:00+07:00,1.7574412753355906,1.7650775638442995,1.7821854765135743,1.7577826231339815,0.1377896545491951,0.0,0.0
2023-10-25 00:00:00+07:00,1.7735754462329814,1.7810790997848998,1.798452008405888,1.7900559136171432,0.01938784434071046,0.0,0.0
2023-10-26 00:00:00+07:00,1.8058437892708965,1.7890799407015012,1.7659191380740362,1.741646145694046,0.06929160436336816,0.0,0.0
2023-10-27 00:00:00+07:00,1.7413072003761658,1.7410753803455759,1.7577857997022097,1.7335777391724327,0.004482607938350727,0.0,0.0
2023-10-30 00:00:00+07:00,1.7332402101231943,1.7570769396515613,1.7577858713768102,1.7819876748971755,0.001202847683510882,0.0,0.0
2023-10-31 00:00:00+07:00,1.7655084086526749,1.749076148249725,1.7659190655802972,1.7497143844140137,0.07856335541437864,0.0,0.0
2023-11-01 00:00:00+07:00,1.7493743833702105,1.733074757548228,1.7252529536710763,1.7013046164909165,0.08973668804329865,0.0,0.0
2023-11-02 00:00:00+07:00,1.7413072716718345,1.7730784276401652,1.7659191132268413,1.7819876748971755,0.02756177379658286,0.0,0.0
2023-11-03 00:00:00+07:00,1.805843619577703,1.789079771931895,1.8065851780325424,1.798124152337111,0.05362229863365166,0.0,0.0
2023-11-06 00:00:00+07:00,1.8219779811612065,1.8210829856152537,1.8391183843872747,1.8465342558634992,0.17229571152965406,0.0,0.0
2023-11-07 00:00:00+07:00,1.830044923993213,1.8130821230330951,1.8228517815374998,1.822329204100305,0.05496680603886566,0.0,0.0
2023-11-08 00:00:00+07:00,1.8139110631496038,1.8050816405207482,1.822852044327864,1.8303977784235637,-0.1691630228139916,0.0,0.0
2023-11-09 00:00:00+07:00,1.7977769387252844,1.8210831298254824,1.822852044327864,1.8303977784235637,-0.040560140972604075,0.0,0.0
2023-11-10 00:00:00+07:00,1.81391089866925,1.8050814764812204,1.798452153257227,1.773919436177208,-0.006945089138887708,0.0,0.0
2023-11-13 00:00:00+07:00,1.7897095689244065,1.7810790997848998,1.8065852500513262,1.7900559136171432,-0.316601871512378,0.0,0.0
2023-11-14 00:00:00+07:00,1.7977768216112913,1.7890800344122544,1.8147186840657714,1.8061927266603697,-0.11499735508107396,0.0,0.0
2023-11-15 00:00:00+07:00,1.8219779811612065,1.8210829856152537,1.8391183843872747,1.8465342558634992,0.1722290339031866,0.0,0.0
2023-11-16 00:00:00+07:00,1.846179094490728,1.8290836581625065,1.8391183124970711,1.854602494583467,-0.021208973073621098,0.0,0.0
2023-11-17 00:00:00+07:00,1.8381120328794176,1.8290836581625065,1.8472515544102865,1.854602494583467,0.03370702638678913,0.0,0.0
2023-11-20 00:00:00+07:00,1.8219778143072567,1.8130820749570709,1.8147184916967651,1.7900559136171432,-0.01764691514482153,0.0,0.0
2023-11-21 00:00:00+07:00,1.773575397752338,1.7730783075011325,1.7821854765135743,1.7577826231339815,0.2543320883213479,0.0,0.0
2023-11-22 00:00:00+07:00,1.7574413235415562,1.765077612198814,1.7821855251150105,1.7900559136171432,-0.08657190396795027,0.0,0.0
2023-11-23 00:00:00+07:00,1.7816426978449156,1.797080778738354,1.8065854418784482,1.8061927266603697,0.02439159817058075,0.0,0.0
2023-11-24 00:00:00+07:00,1.805843883494479,1.797080778738354,1.8228519262530947,1.8061927266603697,-0.05951428865927254,0.0,0.0
2023-11-27 00:00:00+07:00,1.7977766302701186,1.7890798435779423,1.8147184916967651,1.7900559136171432,-0.1294702624987918,0.0,0.0
2023-11-28 00:00:00+07:00,1.7897095689244065,1.7890798435779423,1.8065852500513262,1.7900559136171432,0.10017472365466344,0.0,0.0
2023-11-29 00:00:00+07:00,1.7977765584337781,1.789079771931895,1.8228516609165342,1.798124152337111,0.019179504318497347,0.0,0.0
2023-11-30 00:00:00+07:00,1.8058437395532403,1.7970806351806603,1.8228517815374998,1.822329204100305,0.4789035623237044,0.0,0.0
2023-12-01 00:00:00+07:00,1.8058438113228246,1.7970807067590073,1.8228518536931808,1.8142609653803374,0.15369606261918017,0.0,0.0
2023-12-04 00:00:00+07:00,1.8276902620266573,1.8268628271686738,1.84483872193443,1.8199356814285854,0.019381494355665982,42.5,0.0
2023-12-05 00:00:00+07:00,1.8276902355610531,1.8027460480549864,1.812150504987191,1.811828848330148,0.20865123431954782,0.0,0.0
2023-12-06 00:00:00+07:00,1.7952679233122462,1.8027459415714773,1.8039783509696736,1.7794015159363972,0.15920309857108791,0.0,0.0
2023-12-07 00:00:00+07:00,1.762845744894324,1.7625513817880079,1.7794622357281025,1.787508349034835,0.1972617921516469,0.0,0.0
2023-12-08 00:00:00+07:00,1.7790571046514665,1.770590555613765,1.7876345408878858,1.763188185342813,-0.057451196117215705,0.0,0.0
2023-12-11 00:00:00+07:00,1.7385293445171628,1.7464738014616874,1.7631183966022703,1.763188185342813,0.14529492868887847,0.0,0.0
2023-12-12 00:00:00+07:00,1.746634509221917,1.73843449706529,1.7712900541978684,1.7469741835426467,0.18275152259269456,0.0,0.0
2023-12-13 00:00:00+07:00,1.7466346504048977,1.7384346378923614,1.7631181491569745,1.7388675182458546,-0.0014683687701763327,0.0,0.0
2023-12-14 00:00:00+07:00,1.7709512031003576,1.8349015425047166,1.7876341895001868,1.8604695113174827,0.2784114914306411,0.0,0.0
2023-12-15 00:00:00+07:00,1.8844291036637937,1.8911741485676952,1.8938709883135407,1.9172173430065462,0.5805173258079042,0.0,0.0
2023-12-18 00:00:00+07:00,1.90874573191557,1.891174122342173,1.9183871046865468,1.9091105099081085,0.2673229202352364,0.0,0.0
2023-12-19 00:00:00+07:00,1.8844287986618162,1.899212759498143,1.9102147760201278,1.9253238405016928,0.07998995406351568,0.0,0.0
2023-12-20 00:00:00+07:00,1.924956940057211,1.9152909797375433,1.9429033530652415,1.9415378423018592,0.11911528922526132,0.0,0.0
2023-12-21 00:00:00+07:00,1.9411680696530078,1.9233299234608259,1.9510754270460755,1.9496446754002967,0.1848385348708855,0.0,0.0
2023-12-22 00:00:00+07:00,1.9330625178291998,1.9313688413101346,1.9592474749365627,1.9496446754002967,0.07610158895181808,0.0,0.0
2023-12-27 00:00:00+07:00,1.9654844417499844,1.9474463952144119,1.9755912865420795,1.965858005993881,0.07618303049966253,0.0,0.0
2023-12-28 00:00:00+07:00,1.9492736991176818,1.955485672686424,1.9755916489953496,1.9739651746956097,0.1057370081629657,0.0,0.0
2023-12-29 00:00:00+07:00,1.9816959072455234,1.9635245907421741,1.9837636970956962,1.9739651746956097,0.15082334555492105,0.0,0.0
2024-01-02 00:00:00+07:00,1.9735903810252033,1.9554856983539566,1.983763722980667,1.9820720077940475,-0.18347907562641805,0.0,0.0
2024-01-03 00:00:00+07:00,1.9816955168268366,1.9554852854772842,1.975591259550115,1.9577511728954435,-0.1401129001887645,0.0,0.0
2024-01-04 00:00:00+07:00,1.9735900993446074,1.9715632530076868,1.9919354879140827,1.9982853383876318,0.030347233016357385,0.0,0.0
2024-01-05 00:00:00+07:00,2.006012410161412,2.0117579455567762,2.0246237835671956,2.0307126707813823,0.1735039174516734,0.0,0.0
2024-01-08 00:00:00+07:00,2.0384346166768323,2.0197968632127354,2.0246237835671956,2.0307126707813823,-0.005977903351761908,0.0,0.0
2024-01-09 00:00:00+07:00,2.038434669107083,2.0197969153473827,2.057312027065653,2.0469263369782578,0.050352846192323844,0.0,0.0
2024-01-10 00:00:00+07:00,2.0546456933759303,2.0278357545284136,2.0491399001499824,2.0226058376829448,0.0066248233379562335,0.0,0.0
2024-01-11 00:00:00+07:00,2.0465401683056883,2.0278357808686933,2.057311974342934,2.0307126707813823,-0.09514559183446646,0.0,0.0
2024-01-12 00:00:00+07:00,2.054645516852422,2.0439134137243955,2.0654838183495805,2.0712465006702794,0.09603704075558865,0.0,0.0
2024-01-15 00:00:00+07:00,2.0870677481417976,2.059991274650195,2.081827939497577,2.0793533337687173,0.18595248403927112,0.0,0.0
2024-01-16 00:00:00+07:00,2.0708566190578934,2.0599912479927243,2.089999959840077,2.0712465006702794,-0.04979297841094417,0.0,0.0
2024-01-17 00:00:00+07:00,2.087067774882392,2.0599913011709607,2.081827966181033,2.087460166867155,0.25462690685678013,0.0,0.0
2024-01-18 00:00:00+07:00,2.0627513766969736,2.0599915565701132,2.0736561751790865,2.063140003175133,0.10999203572838534,0.0,0.0
2024-01-19 00:00:00+07:00,2.0951735314648285,2.0680304220956227,2.0654840748972445,2.0469263369782578,0.06916561282172096,0.0,0.0
2024-01-22 00:00:00+07:00,2.038434669107083,2.0278358331387563,2.0409679314024696,2.0469263369782578,0.007239540877207646,0.0,0.0
2024-01-23 00:00:00+07:00,1.9898013327764175,2.0117579716241,2.016451761958231,2.03881950387982,0.2011461885737623,0.0,0.0
2024-01-24 00:00:00+07:00,2.038434901889599,2.0117582284248705,2.024624067375607,2.014499340187798,0.17193476331315619,0.0,0.0
2024-01-25 00:00:00+07:00,1.9898012284685205,2.003718949081462,2.0164516567946165,2.0063921714860693,0.06936475753513642,0.0,0.0
2024-01-26 00:00:00+07:00,1.9735899658304696,1.963524202505954,1.967419212493857,1.9577511728954435,0.14677048348196056,0.0,0.0
2024-01-29 00:00:00+07:00,1.9735901777754252,1.9956800841775348,1.991935566778025,2.0226058376829448,0.12155991306350766,0.0,0.0
2024-01-30 00:00:00+07:00,2.0060124877859438,2.0278358590706653,2.0246238616225902,2.0550331700766953,0.1200591734721424,0.0,0.0
2024-01-31 00:00:00+07:00,2.0708567964960314,2.043913589703853,2.0491399001499824,2.0226058376829448,0.23767851400532067,0.0,0.0
2024-02-01 00:00:00+07:00,2.054645516852422,2.0519523308585597,2.057311771186081,2.0712465006702794,0.24315082547566116,0.0,0.0
2024-02-02 00:00:00+07:00,2.0951732723661003,2.076069082261053,2.073655865513079,2.0712465006702794,0.22646078953938173,0.0,0.0
2024-02-05 00:00:00+07:00,2.0627512715633984,2.0358746985246525,2.040967878955065,2.0307126707813823,0.03934525594456672,0.0,0.0
2024-02-06 00:00:00+07:00,2.087067979699437,2.05999150430425,2.073656122728836,2.0469263369782578,0.1829963281995371,0.0,0.0
2024-02-07 00:00:00+07:00,2.0708566190578934,2.0519523308585597,2.081827912676578,2.0712465006702794,0.20341592251803944,0.0,0.0
2024-02-12 00:00:00+07:00,2.0870678279542854,2.0760691886175264,2.0981721140181424,2.10367383306403,0.18417785588473634,0.0,0.0
2024-02-13 00:00:00+07:00,2.0870677481417976,2.076069109055229,2.0981720339635435,2.0793533337687173,0.08474676464060513,0.0,0.0
2024-02-15 00:00:00+07:00,2.1519122925753975,2.1323416637594654,2.147204452161283,2.1198874992609054,0.4023831136116559,0.0,0.0
2024-02-16 00:00:00+07:00,2.160017949956726,2.140380686561688,2.155376605405196,2.152314831654656,0.35140214160923067,0.0,0.0
2024-02-19 00:00:00+07:00,2.135701216021478,2.1323416902088295,2.1390324310692312,2.127994332359343,0.010336036010873552,0.0,0.0
2024-02-20 00:00:00+07:00,2.119489938420203,2.148419349334235,2.147204302835028,2.176634995346678,0.07365540384328695,0.0,0.0
2024-02-21 00:00:00+07:00,2.1519124242507885,2.1403807125477026,2.1472045835826807,2.160421664753094,0.13052490288928661,0.0,0.0
2024-02-22 00:00:00+07:00,2.160017870755001,2.1323416902088295,2.1553765263542344,2.127994332359343,0.08914178985221428,0.0,0.0
2024-02-23 00:00:00+07:00,2.135700824837821,2.116263466050564,2.130859993017657,2.111780330559177,0.022195211211974635,0.0,0.0
2024-02-26 00:00:00+07:00,2.0870678279542854,2.100185940833972,2.106344161457452,2.10367383306403,-0.07813816523388885,0.0,0.0
2024-02-27 00:00:00+07:00,2.087067906554432,2.108224937392738,2.114516288141725,2.127994332359343,-0.058687422894726164,0.0,0.0
2024-02-28 00:00:00+07:00,2.160018002097862,2.1403807384037874,2.1635487054214613,2.1685284978515313,0.014880142658056998,0.0,0.0
2024-02-29 00:00:00+07:00,2.1681234223328425,2.140380607814194,2.147204478711733,2.127994332359343,0.31101148215349855,0.0,0.0
2024-03-01 00:00:00+07:00,2.135700824837821,2.116263466050564,2.130859993017657,2.111780330559177,-0.001737499962788989,0.0,0.0
2024-03-04 00:00:00+07:00,2.103278877362833,2.084108052982517,2.1145161553894782,2.087460166867155,-0.057995768477717397,0.0,0.0
2024-03-05 00:00:00+07:00,2.1357011362120986,2.108224858239454,2.1226882563360707,2.10367383306403,0.06236631422609416,0.0,0.0
2024-03-06 00:00:00+07:00,2.1357012946277014,2.140380686561688,2.122688414034672,2.152314831654656,0.10602220366615042,0.0,0.0
2024-03-07 00:00:00+07:00,2.184334453816144,2.1966529590844464,2.196236692665884,2.2090623277404284,0.28744601549468324,0.0,0.0
2024-03-08 00:00:00+07:00,2.249178891786463,2.2368475729104818,2.237096956643996,2.217169160838866,0.23209629936049989,0.0,0.0
2024-03-13 00:00:00+07:00,2.2978123845172203,2.2690034253131945,2.1962368973189905,2.1685284978515313,0.3497989632114247,0.0,0.0
2024-03-14 00:00:00+07:00,2.1843343336544043,2.244886341220792,2.2044086192824763,2.2739166569246385,0.2640992369535131,0.0,0.0
2024-03-15 00:00:00+07:00,2.232967788856756,2.2368475729104818,2.2125808140582337,2.217169160838866,0.37932620564450437,0.0,0.0
2024-03-18 00:00:00+07:00,2.2248622373919016,2.2288086554171764,2.2452690041725836,2.217169160838866,0.0651118105891141,0.0,0.0
2024-03-19 00:00:00+07:00,2.216757047036342,2.2207700995930417,2.2452693682443345,2.225276329540595,0.021012165055220668,0.0,0.0
2024-03-20 00:00:00+07:00,2.2005455566152476,2.188614041655906,2.220752835054133,2.2090623277404284,0.08578333682335328,0.0,0.0
2024-03-21 00:00:00+07:00,2.2248622108139022,2.212730793941526,2.2125807875913828,2.2090623277404284,0.19326804560370528,0.0,0.0
2024-03-22 00:00:00+07:00,2.168123656995885,2.180575431484117,2.179892904686963,2.200955830245282,0.1997112068506689,0.0,0.0
2024-03-25 00:00:00+07:00,2.267713510805097,2.2391519878801773,2.2464816909487,2.2681338766166745,0.08944299993566891,227.5,0.0
2024-03-26 00:00:00+07:00,2.2594213663537186,2.230928011340611,2.254842243120651,2.259840448088417,0.08300766344331233,0.0,0.0
2024-03-27 00:00:00+07:00,2.2511288422214313,2.2391519878801773,2.271562778984337,2.2681338766166745,-0.09397700413675457,0.0,0.0
2024-03-28 00:00:00+07:00,2.2511288422214313,2.247376152699561,2.263202416305792,2.2681338766166745,0.14787974561970896,0.0,0.0
2024-04-01 00:00:00+07:00,2.2677135423162618,2.247376184029229,2.213040271215864,2.1934913418459008,0.14796310484905836,0.0,0.0
2024-04-02 00:00:00+07:00,2.2179594916983207,2.198031150503911,2.2046798642602137,2.210078534505707,0.13688461131685528,0.0,0.0
2024-04-03 00:00:00+07:00,2.159913318425644,2.1486863278004202,2.112716039195543,2.0856744217555145,0.428139784838753,0.0,0.0
2024-04-04 00:00:00+07:00,2.1018668549157753,2.1651345350599067,2.1294366436420766,2.1934913418459008,0.13338162117030217,0.0,0.0
2024-04-05 00:00:00+07:00,2.226251722980625,2.198031048374566,2.2130401243884434,2.185197577714352,0.10694352763553992,0.0,0.0
2024-04-16 00:00:00+07:00,2.027236007786152,2.074668885931967,2.0207520895784072,2.069087229095708,0.590795843117732,0.0,0.0
2024-04-17 00:00:00+07:00,2.09357464094402,2.1075655017528203,2.112716039195543,2.0856744217555145,0.2132508789071699,0.0,0.0
2024-04-18 00:00:00+07:00,2.085282351412162,2.074668885931967,2.0876349951354314,2.069087229095708,0.3122793193341431,0.0,0.0
2024-04-19 00:00:00+07:00,2.027236007786152,2.0499963899507914,2.0374728159676634,2.069087229095708,0.3646046129542276,0.0,0.0
2024-04-22 00:00:00+07:00,2.0438206222077393,2.0253238390918793,2.054193487014294,2.027619079644547,0.31709679491618165,0.0,0.0
2024-04-23 00:00:00+07:00,2.0438204591717613,2.140461983486475,2.0709140487341124,2.1520231923947395,0.43090067751974237,0.0,0.0
2024-04-24 00:00:00+07:00,2.184790111156807,2.198031106803841,2.1879590954401253,2.2266657271655133,0.32752327998460373,0.0,0.0
2024-04-25 00:00:00+07:00,2.242836435526679,2.214479421614316,2.171238356034799,2.1686103850545457,0.24536359469939503,0.0,0.0
2024-04-26 00:00:00+07:00,2.143328558522604,2.1569104020644887,2.14615740092651,2.118848807075127,0.23204704862800912,0.0,0.0
2024-04-29 00:00:00+07:00,2.0852822292189708,2.1651345792058945,2.11271596152368,2.1769041491860945,0.1924356611368338,0.0,0.0
2024-04-30 00:00:00+07:00,2.2594212533619444,2.230927899277718,2.204679953107759,2.1769041491860945,0.26075976622198976,0.0,0.0
2024-05-02 00:00:00+07:00,2.2096674771801403,2.1815831380433712,2.1043558218629905,2.093968185887063,0.21851423199405215,0.0,0.0
2024-05-03 00:00:00+07:00,2.159913195505945,2.1651345350599067,2.1628780946715915,2.1934913418459008,0.15642109867482423,0.0,0.0
2024-05-06 00:00:00+07:00,2.193082577497954,2.1733587442148727,2.196319590236479,2.1769041491860945,0.008603956847828387,0.0,0.0
2024-05-07 00:00:00+07:00,2.1433283240724545,2.1322376734088113,2.146157166380615,2.1437294282631907,0.08827721897743694,0.0,0.0
2024-05-08 00:00:00+07:00,2.1101591046927988,2.1157894609067993,2.0625536582949784,2.0359125081728044,0.27071920661663934,0.0,0.0
2024-05-13 00:00:00+07:00,1.9774819553511773,2.0582205104957008,2.004031319218684,2.0856744217555145,0.35911712771314963,0.0,0.0
2024-05-14 00:00:00+07:00,2.1184517914583707,2.1075656477621267,2.112716185321666,2.093968185887063,0.21231451653385897,0.0,0.0
2024-05-15 00:00:00+07:00,2.0769898262561086,2.082892860484296,2.07927444154197,2.0773806576239657,0.019346567364525266,0.0,0.0
2024-05-16 00:00:00+07:00,2.1018670757689466,2.107565602106565,2.112716139629577,2.110555378546869,0.057694924680138315,0.0,0.0
2024-05-17 00:00:00+07:00,2.110158946106079,2.1651342875985673,2.129436399105841,2.1603166209229974,0.2282917850891647,0.0,0.0
2024-05-20 00:00:00+07:00,2.143328695038173,2.148686373875492,2.0959953583300597,2.069087229095708,0.18394337446444345,0.0,0.0
2024-05-21 00:00:00+07:00,2.0604050997944183,2.0746686375145553,2.0625536582949784,2.0359125081728044,0.13024712196300223,0.0,0.0
2024-05-22 00:00:00+07:00,2.0686973898661734,2.074668593337557,2.045832889488372,2.0524997008326107,0.29712939567126756,0.0,0.0
2024-05-27 00:00:00+07:00,2.0106509928884337,2.008875218102063,2.0291121055858823,2.0110315513814494,0.3162070380256596,0.0,0.0
2024-05-28 00:00:00+07:00,2.0106509928884337,2.0170993825085515,2.037472467844696,2.0110315513814494,0.12388499112545885,0.0,0.0
2024-05-29 00:00:00+07:00,2.0023591308135837,1.9924273597336708,1.9873107635523604,1.9612703090053216,0.28444412704386507,0.0,0.0
2024-05-30 00:00:00+07:00,1.911143246163915,1.9677546608725172,1.8619051157746518,1.9115083954226118,0.4819431968081523,0.0,0.0
2024-05-31 00:00:00+07:00,1.944312364479138,1.9677544390106272,1.9455085255880815,1.9944443587216432,0.9322651209600477,0.0,0.0
2024-06-03 00:00:00+07:00,2.027235851595335,2.0006512430816352,2.0123915710168525,2.002738122853192,0.11556825162879468,0.0,0.0
2024-06-04 00:00:00+07:00,2.0852822954924637,2.0582204998178555,2.054193487014294,2.027619079644547,0.13043956194027642,0.0,0.0
2024-06-05 00:00:00+07:00,2.0769898706412055,2.049996245183516,2.0374726719011456,2.0607934649641595,0.16019765198752572,0.0,0.0
2024-06-06 00:00:00+07:00,2.085282351412162,2.05822055527785,2.0876349951354314,2.069087229095708,-0.04884822762451411,0.0,0.0
2024-06-07 00:00:00+07:00,2.0769898127620876,2.0499961877802098,2.045832977429495,2.019325315512998,-0.001203488178507978,0.0,0.0
2024-06-10 00:00:00+07:00,2.0769899715736138,2.0582205104957008,2.087634949970114,2.0856744217555145,-0.044292992697860446,0.0,0.0
2024-06-11 00:00:00+07:00,2.093574331643594,2.0664443689474865,2.037472467844696,2.0110315513814494,0.09825833320015233,0.0,0.0
2024-06-12 00:00:00+07:00,2.0106510364194166,1.9924269325782649,2.0207517869792126,1.9944443587216432,-0.013645823272915485,0.0,0.0
2024-06-13 00:00:00+07:00,2.068697419199342,2.0417719641771668,2.0040311061137293,1.977857166061837,0.170894020763095,0.0,0.0
2024-06-14 00:00:00+07:00,1.9774817439802608,1.9677544824183886,1.9705896561295153,1.977857166061837,0.008014613888961842,0.0,0.0
2024-06-19 00:00:00+07:00,1.994066546406323,1.9677546155195342,1.953869063517279,1.928095588082418,0.2289961271686884,0.0,0.0
2024-06-20 00:00:00+07:00,1.9608970474315914,2.025323605958931,1.970589627726171,2.0524997008326107,0.15759392400081512,0.0,0.0
2024-06-21 00:00:00+07:00,2.0686977359822887,2.107565602106565,2.07091432293583,2.110555378546869,0.4067704237116663,0.0,0.0
2024-06-24 00:00:00+07:00,2.110159410715611,2.132238098513061,2.129436866307076,2.110555378546869,0.14946715177323552,0.0,0.0
2024-06-25 00:00:00+07:00,2.110159410715611,2.0828931057000695,2.0876350496133287,2.110555378546869,0.1513693842751292,0.0,0.0
2024-06-26 00:00:00+07:00,2.0852821605588976,2.0993411901447945,2.0876348042315604,2.0773806576239657,0.14205460482974275,0.0,0.0
2024-06-27 00:00:00+07:00,2.1018666123693346,2.1322376305231368,2.1210760369869375,2.1603166209229974,0.18889424358405854,0.0,0.0
2024-06-28 00:00:00+07:00,2.1764979643163085,2.2062554605645053,2.1963196463349983,2.218372298637256,0.4053738299138453,0.0,0.0
2024-07-01 00:00:00+07:00,2.1930826782500366,2.1815830096548994,2.2130404172998546,2.2017851059774496,0.09797327903237306,0.0,0.0
2024-07-02 00:00:00+07:00,2.2428364944728942,2.2144794800759473,2.2214005895494693,2.210078534505707,0.1462030589268062,0.0,0.0
2024-07-03 00:00:00+07:00,2.2345444070228737,2.2144797254686437,2.2464819250689985,2.243253255428611,0.026376965429746803,0.0,0.0
2024-07-04 00:00:00+07:00,2.2345440569800816,2.2144793774333893,2.2130401243884434,2.185197577714352,0.08987358850523117,0.0,0.0
2024-07-05 00:00:00+07:00,2.2179594477467344,2.2062552714800603,2.229760908105178,2.2266657271655133,-0.11733056790181555,0.0,0.0
2024-07-08 00:00:00+07:00,2.2428366968255737,2.230928011340611,2.254842243120651,2.259840448088417,0.11895081132598623,0.0,0.0
2024-07-09 00:00:00+07:00,2.27600584509693,2.263824482338329,2.296643867019975,2.2681338766166745,0.0618063975874257,0.0,0.0
2024-07-10 00:00:00+07:00,2.300882994765315,2.2884971230980238,2.288283650520424,2.2764276407482233,0.06445312585876772,0.0,0.0
2024-07-11 00:00:00+07:00,2.242836507929598,2.2556003175189447,2.271562778984337,2.2681338766166745,0.026676810848418338,0.0,0.0
2024-07-12 00:00:00+07:00,2.259421176513264,2.247376152699561,2.2799231416628833,2.2681338766166745,0.06623682057117335,0.0,0.0
2024-07-15 00:00:00+07:00,2.2594213663537186,2.2391521766283526,2.254842243120651,2.259840448088417,-0.11982641132666054,0.0,0.0
2024-07-16 00:00:00+07:00,2.234544116041698,2.2227036008324985,2.254841995704209,2.2266657271655133,-0.11502539560970754,0.0,0.0
2024-07-17 00:00:00+07:00,2.209667246463952,2.198031239241806,2.204679953107759,2.1769041491860945,0.19475358827137207,0.0,0.0
2024-07-18 00:00:00+07:00,2.176497974977764,2.2473762972125786,2.2046800200986723,2.2764276407482233,0.08110140550390943,0.0,0.0
2024-07-19 00:00:00+07:00,2.259421465776335,2.25560060654498,2.263202705765521,2.284721404879772,0.013831302579419271,0.0,0.0
2024-07-22 00:00:00+07:00,2.2842983254603086,2.2638246275667564,2.305004376604774,2.2764276407482233,-0.17515610147827,0.0,0.0
2024-07-23 00:00:00+07:00,2.3091754301640295,2.280273057838933,2.3133648404728016,2.3013085975395784,-0.09567919463999938,0.0,0.0
2024-07-24 00:00:00+07:00,2.2842981793887627,2.2720486471577113,2.296643867019975,2.2681338766166745,-0.2579127275157746,0.0,0.0
2024-07-25 00:00:00+07:00,2.317467485972978,2.3131694407004484,2.338445649654079,2.3427764113874483,0.22210782223893863,0.0,0.0
2024-07-26 00:00:00+07:00,2.3672216377669573,2.3460662453187875,2.3718872466924616,2.351070175518997,0.13141949026683444,0.0,0.0
2024-07-29 00:00:00+07:00,2.3755138701160203,2.354290308789747,2.330085331067308,2.326189218727642,0.10028493396224733,0.0,0.0
2024-07-30 00:00:00+07:00,2.3423447697617505,2.313169719526877,2.330085567055056,2.3013085975395784,-0.16597094278507896,0.0,0.0
2024-07-31 00:00:00+07:00,2.3589290102084863,2.329617624548335,2.3468058659908335,2.3344826472559,0.16202494777676846,0.0,0.0
2024-08-01 00:00:00+07:00,2.3091752518443394,2.337842035904817,2.3384457505636003,2.3676573681788033,0.05798031526168897,0.0,0.0
2024-08-02 00:00:00+07:00,2.3340522430139155,2.3296178587107477,2.3384457383357407,2.309602026067836,0.025377897335257738,0.0,0.0
2024-08-05 00:00:00+07:00,2.2428366866823244,2.2638246622808156,2.2297611435580413,2.2017851059774496,0.3100691190884969,0.0,0.0
2024-08-06 00:00:00+07:00,2.267713746529906,2.2391522216671444,2.2548422883372687,2.243253255428611,0.14454748645501483,0.0,0.0
2024-08-07 00:00:00+07:00,2.242836652197791,2.2473762972125786,2.271562924436073,2.2764276407482233,0.003664401446065826,0.0,0.0
2024-08-08 00:00:00+07:00,2.292590382262924,2.2884968454960797,2.296643735503216,2.3178954545960937,0.01564480405814972,0.0,0.0
2024-08-09 00:00:00+07:00,2.317467618887991,2.296721243354654,2.30500433160866,2.2930148334080296,-0.03320222938818197,0.0,0.0
2024-08-12 00:00:00+07:00,2.2760059019853953,2.2802728689565135,2.2966439242331704,2.309602026067836,-0.08657793288301675,0.0,0.0
2024-08-13 00:00:00+07:00,2.3257598201900356,2.3131694407004484,2.330085287050923,2.3427764113874483,0.022288421782955505,0.0,0.0
2024-08-14 00:00:00+07:00,2.3423445774465605,2.3131695287926686,2.3384457383357407,2.309602026067836,-0.026350817515695794,0.0,0.0
2024-08-15 00:00:00+07:00,2.309175050199212,2.313169338991147,2.330085184912022,2.3178954545960937,-0.15245266240037716,0.0,0.0
2024-08-16 00:00:00+07:00,2.3423446340568095,2.3213937500328496,2.3551665207743717,2.351070175518997,-0.08342875420126689,0.0,0.0
2024-08-19 00:00:00+07:00,2.3506369241562,2.3542903658818592,2.3635268391150523,2.3676573681788033,-0.004897622307835715,0.0,0.0
2024-08-20 00:00:00+07:00,2.35063688011212,2.362514486659538,2.371887157667648,2.3842445608386096,0.05299046450486718,0.0,0.0
2024-08-21 00:00:00+07:00,2.4086832206022155,2.3789628164250445,2.413688971382473,2.3842445608386096,0.17170047849431389,0.0,0.0
2024-08-22 00:00:00+07:00,2.358929303196908,2.3460662453187875,2.346806157815328,2.351070175518997,0.031022162784568364,0.0,0.0
2024-08-23 00:00:00+07:00,2.350636968626859,2.337842080223475,2.3718872466924616,2.351070175518997,-0.03625011668202818,0.0,0.0
2024-08-26 00:00:00+07:00,2.33405229948676,2.337842080223475,2.3551665207743717,2.351070175518997,-0.13470683657338967,0.0,0.0
2024-08-27 00:00:00+07:00,2.3340522430139155,2.3131695287926686,2.330085375515227,2.309602026067836,0.053819619367782776,0.0,0.0
2024-08-28 00:00:00+07:00,2.342344444856586,2.329617726572416,2.355166330947977,2.359363604047255,-0.10310684099737452,0.0,0.0
2024-08-29 00:00:00+07:00,2.40868305781694,2.3789626549779914,2.346805909616425,2.3178954545960937,0.008135317149238293,0.0,0.0
2024-08-30 00:00:00+07:00,2.350636968626859,2.3213937500328496,2.3384457948562827,2.351070175518997,0.3887289955908187,0.0,0.0
2024-09-02 00:00:00+07:00,2.3672213440708347,2.3378417889417644,2.3384455037452963,2.3344826472559,0.1146564975621256,0.0,0.0
2024-09-03 00:00:00+07:00,2.3506371046611814,2.321393884948864,2.321725203763928,2.3013085975395784,-0.0056078838102239315,0.0,0.0
2024-09-04 00:00:00+07:00,2.2925904833218054,2.3131694407004484,2.313364561844609,2.3427764113874483,-0.0501976615315652,0.0,0.0
2024-09-05 00:00:00+07:00,2.358929201467368,2.329617814234919,2.355166419201224,2.326189218727642,-0.09557488334022461,0.0,0.0
2024-09-06 00:00:00+07:00,2.317467485972978,2.3131694407004484,2.3468060122572365,2.3427764113874483,-0.17231744443299943,0.0,0.0
2024-09-09 00:00:00+07:00,2.3423443424837913,2.329617624548335,2.3384455037452963,2.3344826472559,-0.12457358292897702,0.0,0.0
2024-09-10 00:00:00+07:00,2.3589291130782373,2.329617726572416,2.3635266934440304,2.359363604047255,0.02156980249521066,0.0,0.0
2024-09-11 00:00:00+07:00,2.3838062175350316,2.3542903217767845,2.388607883153578,2.3842445608386096,0.07702652643058766,0.0,0.0
2024-09-12 00:00:00+07:00,2.392098507739016,2.378962772426748,2.396968201702067,2.400831753498416,0.10857111968141338,0.0,0.0
2024-09-13 00:00:00+07:00,2.3755138831793037,2.3542903217767845,2.380247520410613,2.3842445608386096,0.10510488267493852,0.0,0.0
2024-09-17 00:00:00+07:00,2.3920986527975625,2.3789629169811533,2.3886079839146594,2.4091255176299646,0.19120406068576598,0.0,0.0
2024-09-18 00:00:00+07:00,2.4086833772591034,2.4200837980574894,2.422049491315398,2.450593667081126,0.08129808218341181,0.0,0.0
2024-09-19 00:00:00+07:00,2.4750219768092534,2.510549536749728,2.488932317714528,2.541823394511706,0.34798755484293264,0.0,0.0
2024-09-20 00:00:00+07:00,2.541360596342328,2.5105494803834247,2.5307340757449714,2.5003552450605446,0.3512002533762061,0.0,0.0
2024-09-23 00:00:00+07:00,2.4833142676347246,2.5269978226216954,2.5140133624393672,2.5584105871715126,0.11727873927645567,0.0,0.0
2024-09-24 00:00:00+07:00,2.499898734740604,2.526997619248296,2.5307338846657954,2.5086486735888025,0.24641283665242517,0.0,0.0
2024-09-25 00:00:00+07:00,2.4667293560418186,2.4941009180849254,2.4471302185265627,2.5252358662486087,0.3886530507308477,0.0,0.0
2024-09-26 00:00:00+07:00,2.533068500100485,2.502325551657074,2.4972928602435864,2.475474623872481,0.17215620568789836,0.0,0.0
2024-09-27 00:00:00+07:00,2.4086835204869788,2.461204769753471,2.4053289081049805,2.4588874312126747,0.2036922005049454,0.0,0.0
2024-09-30 00:00:00+07:00,2.4003909760471553,2.395411235890666,2.3802476096515064,2.351070175518997,0.35725333070054655,0.0,0.0
2024-10-01 00:00:00+07:00,2.3755139394992377,2.3954112028531207,2.3969683025420174,2.425712710289771,0.05005705264224764,0.0,0.0
2024-10-02 00:00:00+07:00,2.350636979811903,2.3954112472254985,2.3802476209283103,2.4091255176299646,0.1793889876221915,0.0,0.0
2024-10-03 00:00:00+07:00,2.3920986975377394,2.3871871267941662,2.405328754778749,2.3925383249701584,0.05633297044314037,0.0,0.0
2024-10-04 00:00:00+07:00,2.3755138392388124,2.370738607648752,2.3886078390655943,2.400831753498416,0.0424318704823249,0.0,0.0
2024-10-07 00:00:00+07:00,2.358929157058266,2.3378419349361175,2.3551663748603935,2.3427764113874483,0.19933185662686875,0.0,0.0
2024-10-08 00:00:00+07:00,2.309175065487404,2.378962670586458,2.3217248378978743,2.375950796707061,0.22750541169444086,0.0,0.0
2024-10-09 00:00:00+07:00,2.3755138831793037,2.387186981307798,2.405328608639508,2.3842445608386096,0.0323925720144977,0.0,0.0
2024-10-10 00:00:00+07:00,2.38380631820043,2.3789629169811533,2.4053287098873577,2.4091255176299646,-0.004723346102428436,0.0,0.0
2024-10-11 00:00:00+07:00,2.4335602687799236,2.4036353558129853,2.39696829051699,2.3676573681788033,-0.05163490954186575,0.0,0.0
2024-10-14 00:00:00+07:00,2.3672216490061664,2.3789629169811533,2.3969683469010086,2.4091255176299646,-0.17015508723580333,0.0,0.0
2024-10-15 00:00:00+07:00,2.4252680467165444,2.4200837980574894,2.422049491315398,2.450593667081126,0.08769546784739474,0.0,0.0
2024-10-16 00:00:00+07:00,2.4750218502400347,2.452980255428708,2.4304096522479566,2.400831753498416,0.06960226169309787,0.0,0.0
2024-10-17 00:00:00+07:00,2.4252679581784764,2.4776528649352207,2.438770128712073,2.4837680524007384,0.08955874059519087,0.0,0.0
2024-10-18 00:00:00+07:00,2.5330681146467438,2.5023251693720643,2.5140132036983256,2.4920614809289963,0.029100890844649858,0.0,0.0
2024-10-21 00:00:00+07:00,2.524776017720077,2.4941012399665192,2.4972927140140047,2.467180859740932,-0.12182329514447174,0.0,0.0
2024-10-22 00:00:00+07:00,2.4003909873946943,2.4118595774698437,2.4304097988464064,2.4091255176299646,0.210252346251721,0.0,0.0
2024-10-23 00:00:00+07:00,2.4003911854172393,2.4283081073898907,2.4304099984934826,2.4588874312126747,-0.01986492187595879,0.0,0.0
2024-10-24 00:00:00+07:00,2.4833144903224986,2.4941013861720434,2.5056532235988036,2.475474623872481,0.17371214221626205,0.0,0.0
2024-10-25 00:00:00+07:00,2.458437107954669,2.4612043463409905,2.480571753850938,2.4920614809289963,-0.1376681169721475,0.0,0.0
2024-10-28 00:00:00+07:00,2.5164835803748375,2.485876972940909,2.4722115235637223,2.442299902949577,-0.09798199755798397,0.0,0.0
2024-10-29 00:00:00+07:00,2.4169756565889577,2.403635412347671,2.4387701618327555,2.4091255176299646,-0.014384000195670146,0.0,0.0
2024-10-30 00:00:00+07:00,2.3340521107457604,2.3460660558521447,2.3635266934440304,2.359363604047255,0.2758437908350277,0.0,0.0
2024-10-31 00:00:00+07:00,2.350636867143042,2.3707386384929663,2.355166419201224,2.326189218727642,0.22020752976486171,0.0,0.0
2024-11-01 00:00:00+07:00,2.334052211400663,2.3542903217767845,2.3635267949246823,2.3842445608386096,-0.028451045023620558,0.0,0.0
2024-11-04 00:00:00+07:00,2.38380626200569,2.3789628608474223,2.3718872019655373,2.3676573681788033,-0.017225466255907873,0.0,0.0
2024-11-05 00:00:00+07:00,2.342344645214772,2.403635412347671,2.3718872579419616,2.4091255176299646,-0.01009713395850168,0.0,0.0
2024-11-06 00:00:00+07:00,2.4003910322419055,2.3789629615658394,2.3969683916844877,2.3925383249701584,-0.009900889158137657,0.0,0.0
2024-11-07 00:00:00+07:00,2.3506371046611814,2.3625147120587946,2.330085567055056,2.3013085975395784,0.3242267914250366,0.0,0.0
2024-11-08 00:00:00+07:00,2.3091751822642617,2.2884969767964787,2.288283504341429,2.2681338766166745,0.20045848353630508,0.0,0.0
2024-11-11 00:00:00+07:00,2.17649801871299,2.230928011340611,2.2046800641926914,2.259840448088417,0.31655592127841925,0.0,0.0
2024-11-12 00:00:00+07:00,2.276005946177825,2.288497078287127,2.2715628798854657,2.2930148334080296,0.15288431705524377,0.0,0.0
2024-11-13 00:00:00+07:00,2.317467618887991,2.296721243354654,2.3217250574702573,2.2930148334080296,0.067823641826105,0.0,0.0
2024-11-14 00:00:00+07:00,2.2842983254603086,2.272048792743846,2.288283650520424,2.2764276407482233,0.029605636804081407,0.0,0.0
2024-11-15 00:00:00+07:00,2.259421420767448,2.3049455541048913,2.288283750599418,2.3013085975395784,0.07147843783587673,0.0,0.0
2024-11-18 00:00:00+07:00,2.267713746529906,2.255600552466144,2.271563014873807,2.243253255428611,0.08286750281019346,0.0,0.0
2024-11-19 00:00:00+07:00,2.2096673028175315,2.2227037908647356,2.23812146140877,2.218372298637256,0.17352511236533538,0.0,0.0
2024-11-20 00:00:00+07:00,2.2511288422214313,2.263824482338329,2.271562778984337,2.2681338766166745,0.0429306963952282,0.0,0.0
2024-11-21 00:00:00+07:00,2.2593800713972247,2.2308870558609524,2.2378296966919167,2.209789244468828,0.20426648470237693,50.0,0.0
2024-11-22 00:00:00+07:00,2.234378991795719,2.214356688409991,2.2378296966919167,2.209789244468828,0.04181149720904154,0.0,0.0
2024-11-25 00:00:00+07:00,2.2427124584690463,2.297008295355007,2.2546335912262436,2.3181438010314652,0.40369001514045755,0.0,0.0
2024-11-26 00:00:00+07:00,2.3427170260988,2.3135389156257333,2.2882420843331914,2.2597991688836188,0.06436498368618125,0.0,0.0
2024-11-28 00:00:00+07:00,2.2510464002843467,2.2556826291630507,2.263035901507438,2.2597991688836188,0.036093637680579556,0.0,0.0
2024-11-29 00:00:00+07:00,2.259380093540206,2.2639478129434343,2.2714379624493555,2.2597991688836188,0.13744076154593304,0.0,0.0
2024-12-02 00:00:00+07:00,2.259379826819919,2.247417179532391,2.2042212127283234,2.17644907112344,0.18390183934588436,0.0,0.0
2024-12-03 00:00:00+07:00,2.267713595515359,2.305273538352417,2.2546336501202036,2.3264788443678124,0.30940471582715046,0.0,0.0
2024-12-04 00:00:00+07:00,2.317715752188459,2.3135387216597127,2.3050460128861756,2.3264788443678124,0.2213563393268954,0.0,0.0
2024-12-05 00:00:00+07:00,2.3427169505997507,2.3465995751383573,2.363860556877681,2.3431489310405063,0.21788697881549618,0.0,0.0
2024-12-06 00:00:00+07:00,2.2927147093041413,2.288743207159708,2.3050460484523025,2.2848039632893684,0.09600545965256765,0.0,0.0
2024-12-09 00:00:00+07:00,2.267713619413499,2.346599479358956,2.2882419159982934,2.376488768782603,0.07614905389518016,0.0,0.0
2024-12-10 00:00:00+07:00,2.367717933474857,2.346599479358956,2.380664581730181,2.376488768782603,0.05828818332812501,0.0,0.0
2024-12-11 00:00:00+07:00,2.334383338602434,2.3713952079122906,2.363860638617195,2.401493898791644,-0.10816170117449646,0.0,0.0
2024-12-12 00:00:00+07:00,2.359384155307781,2.3548645774819787,2.3470562546612497,2.3181438010314652,-0.050484015099864436,0.0,0.0
2024-12-13 00:00:00+07:00,2.3010483417737415,2.3052735134562607,2.2966439276117563,2.2764689199530217,0.12939208450854817,0.0,0.0
2024-12-16 00:00:00+07:00,2.259379997193785,2.272212899975009,2.288241987196366,2.2931390066257156,0.03792016770828433,0.0,0.0
2024-12-17 00:00:00+07:00,2.2427124675838033,2.2474172055197106,2.254633600369598,2.226458995538231,0.2282827323995797,0.0,0.0
2024-12-18 00:00:00+07:00,2.226045178147133,2.23915211862022,2.22102545471012,2.1931191577961338,0.1717811853226078,0.0,0.0
2024-12-19 00:00:00+07:00,2.1593756710212397,2.1565003204069417,2.1370048846941914,2.1514442767176902,0.24330225043304204,0.0,0.0
2024-12-20 00:00:00+07:00,2.1427082252157796,2.1482350769409577,2.1622110065519986,2.143109233381343,0.19822890081303213,0.0,0.0
2024-12-23 00:00:00+07:00,2.1593755755162753,2.1812957747702275,2.187417152444389,2.184784114459787,-0.06223232991868838,0.0,0.0
2024-12-24 00:00:00+07:00,2.209377671285566,2.1978260808180066,2.2042212127283234,2.17644907112344,-0.16281648536407303,0.0,0.0
2024-12-27 00:00:00+07:00,2.1927104065617726,2.1730306512296647,2.1958192729717725,2.1931191577961338,-0.2670739460069087,0.0,0.0
2024-12-30 00:00:00+07:00,2.1927104429781963,2.1730306874388514,2.1790151880597435,2.1514442767176902,0.029412587061629747,0.0,0.0
2025-01-02 00:00:00+07:00,2.1427081557329286,2.1978261064174553,2.1706129970159727,2.226458995538231,-0.10642023571146056,0.0,0.0
2025-01-03 00:00:00+07:00,2.2093779121942134,2.20609150468451,2.22942763580581,2.209789244468828,-0.07346225958344453,0.0,0.0
2025-01-06 00:00:00+07:00,2.2093778289566752,2.1895610544707607,2.1706131273866336,2.1514442767176902,-0.07614405148968952,0.0,0.0
2025-01-07 00:00:00+07:00,2.151041954252772,2.139969929669408,2.1286028004184687,2.1014343523028995,0.11130920251883726,0.0,0.0
2025-01-08 00:00:00+07:00,2.151041978032,2.1565003204069417,2.1454069453673026,2.1514442767176902,0.02689251467007404,0.0,0.0
2025-01-09 00:00:00+07:00,2.1760431393922057,2.1895611372335484,2.195819392261385,2.209789244468828,-0.06674480338892369,0.0,0.0
2025-01-10 00:00:00+07:00,2.19271056355494,2.206091542613505,2.19581943004154,2.168114363390384,0.11717091169268935,0.0,0.0
2025-01-13 00:00:00+07:00,2.134374592053522,2.1399699533750325,2.162211066713523,2.1514442767176902,0.18544322037022898,0.0,0.0
2025-01-14 00:00:00+07:00,2.12604087546939,2.139969929669408,2.1286028004184687,2.1014343523028995,0.1094715112426684,0.0,0.0
2025-01-15 00:00:00+07:00,2.117707170494712,2.164765467805845,2.1370048489156286,2.1931191577961338,0.13839802329189324,0.0,0.0
2025-01-16 00:00:00+07:00,2.209377671285566,2.2060912639370707,2.2042212127283234,2.17644907112344,0.13786101696856815,0.0,0.0
2025-01-17 00:00:00+07:00,2.1760429263498873,2.1978261064174553,2.1706129970159727,2.226458995538231,0.10991471637878107,0.0,0.0
2025-01-20 00:00:00+07:00,2.209377706505606,2.1895609327181016,2.162210946077947,2.1347741900449964,0.2685623959857969,0.0,0.0
2025-01-21 00:00:00+07:00,2.126040995558976,2.1234396827922204,2.1370049814738055,2.1181044389755934,0.30513470511773094,0.0,0.0
2025-01-22 00:00:00+07:00,2.1427081046270207,2.123439406946984,2.145406764885171,2.126439146708649,0.19278790391072206,0.0,0.0
2025-01-23 00:00:00+07:00,2.1260407195833393,2.148234956104182,2.1538088250870486,2.126439146708649,0.29369261225159893,0.0,0.0
2025-01-24 00:00:00+07:00,2.1343744822687167,2.1151742936620668,2.0697882917862955,2.0430893845517617,0.37451317231000764,0.0,0.0
2025-01-30 00:00:00+07:00,1.9760345110966901,1.991196736383916,2.002572000467339,1.9764097090675679,0.38038213355669354,0.0,0.0
2025-01-31 00:00:00+07:00,2.009369327067147,2.065583433996832,2.027778226507416,2.0764295578971494,0.2712547095595941,0.0,0.0
2025-02-03 00:00:00+07:00,2.0593712479319626,2.0325224613306316,2.0277779898582176,2.0430893845517617,0.19388555103486874,0.0,0.0
2025-02-04 00:00:00+07:00,2.042704117615949,2.0325227156786445,2.0109741214582373,1.9847447524039148,0.20954826556099881,0.0,0.0
2025-02-05 00:00:00+07:00,1.9593670652199653,1.9581359419632784,1.9857678187314802,1.968074665731221,0.2226100333908337,0.0,0.0
2025-02-06 00:00:00+07:00,1.9510332882652095,1.9333403077695872,1.9017471287964662,1.909729697980083,0.41629993444164537,0.0,0.0
2025-02-07 00:00:00+07:00,1.9093647792584534,2.0159920948643437,1.8933450236883662,2.0430893845517617,0.3231235410513825,0.0,0.0
2025-02-10 00:00:00+07:00,1.9343660449778344,1.9829315526353573,1.9605616959195071,1.9764097090675679,0.1343665325181033,0.0,0.0
2025-02-11 00:00:00+07:00,1.9343658671854862,1.9333402723478956,1.9521594562555646,1.951404579058527,0.11067346358518683,0.0,0.0
2025-02-12 00:00:00+07:00,1.909364965306521,1.9498708176411221,1.9353555131908078,1.9764097090675679,0.2955832734223006,0.0,0.0
2025-02-13 00:00:00+07:00,1.9593671024013,1.9498707954549332,1.9521596128260643,1.9263997846527772,0.19388478223982863,0.0,0.0
2025-02-14 00:00:00+07:00,1.9260322699309615,1.9250751845687402,1.935355431154751,1.9180647413164302,0.2812385375110466,0.0,0.0
2025-02-17 00:00:00+07:00,1.9176984141066202,2.0077268520132323,1.943757327671507,2.0347543412154145,0.1886824330590705,0.0,0.0
2025-02-18 00:00:00+07:00,2.0343703857256035,2.090378963834391,2.0361802661702124,2.0264196334823588,0.25337292660124916,0.0,0.0
2025-02-19 00:00:00+07:00,2.0010354452415524,1.9829314079141087,1.9353553708442677,1.909729697980083,0.379915129063609,0.0,0.0
2025-02-20 00:00:00+07:00,1.9176986365880468,1.9085448770152291,1.935355491130175,1.9263997846527772,0.2900545230678636,0.0,0.0
2025-02-21 00:00:00+07:00,1.9093649434253959,1.9002796933272885,1.9269534302822307,1.9263997846527772,0.24925531481740043,0.0,0.0
2025-02-24 00:00:00+07:00,1.9010310713020364,1.8920143311554964,1.9101491291682862,1.9013946546437361,0.2572770911652229,0.0,0.0
2025-02-25 00:00:00+07:00,1.8926974743793512,1.9002796103647688,1.8933451041938911,1.8680548169016393,0.23431223576731786,0.0,0.0
2025-02-26 00:00:00+07:00,1.8593625825451021,1.8672187560554412,1.8597367416728006,1.8513847302289455,0.285898311017038,0.0,0.0
2025-02-27 00:00:00+07:00,1.8593626535965,1.8341580940464846,1.784118268438188,1.7680349680720577,0.46977574381086257,0.0,0.0
2025-02-28 00:00:00+07:00,1.7676921294795225,1.7928322749246812,1.7589121832518633,1.734695130329961,0.6026543912233205,0.0,0.0
2025-03-03 00:00:00+07:00,1.7926931006909954,1.8672188164662622,1.800922378781489,1.8597197735652924,0.4573042696435187,0.0,0.0
2025-03-04 00:00:00+07:00,1.8926975346036212,1.8754841198892587,1.842932799695153,1.8763898602379863,0.3075563416024702,0.0,0.0
2025-03-05 00:00:00+07:00,1.8676964776121427,1.9581359791428739,1.8933451868904527,1.9263997846527772,0.38164346012503936,0.0,0.0
2025-03-06 00:00:00+07:00,1.9927018139028396,1.9664011021844445,1.943757491835166,1.9180647413164302,0.21560392240549558,0.0,0.0
2025-03-07 00:00:00+07:00,1.926032149286117,1.9002795143462683,1.9269532498533695,1.9013946546437361,0.16107743969057364,0.0,0.0
2025-03-10 00:00:00+07:00,1.842695222672515,1.8920143311554964,1.8597367671130371,1.9013946546437361,0.2205590864061111,0.0,0.0
2025-03-11 00:00:00+07:00,1.9093647639633964,1.9168098807278104,1.9101491291682862,1.9013946546437361,0.259719926259241,0.0,0.0
2025-03-12 00:00:00+07:00,1.9343659860384532,1.9416055747900107,1.9437575150066806,1.968074665731221,0.18425492737559293,0.0,0.0
2025-03-13 00:00:00+07:00,1.9760344279098707,1.9581359186613039,1.943757491835166,1.9180647413164302,0.1641702657623155,0.0,0.0
2025-03-14 00:00:00+07:00,1.8593628594425513,1.8754842176965087,1.8681390795253112,1.8430500224958895,0.2663431280842556,0.0,0.0
2025-03-17 00:00:00+07:00,1.842695451231475,1.82589309295701,1.8009225698821874,1.7930400980810988,0.3729290474547835,0.0,0.0
2025-03-18 00:00:00+07:00,1.7593583023156072,1.751506223154146,1.6412832041995786,1.6930200814498715,0.725486291842443,0.0,0.0
2025-03-19 00:00:00+07:00,1.6926888208333783,1.701915184079419,1.6916956262676637,1.7013551247862186,0.49348749209475434,0.0,0.0
2025-03-20 00:00:00+07:00,1.7426909297029303,1.726710686206541,1.733705880870951,1.718025043657267,0.3764745354086616,0.0,0.0
2025-03-21 00:00:00+07:00,1.7692305357416578,1.7447669326833455,1.6641626732598014,1.6407020454009318,0.6910183346014508,250.0,0.0
2025-03-24 00:00:00+07:00,1.6146084831682024,1.6851304566437588,1.5688962345805881,1.6578849339023396,0.6458137149336581,0.0,0.0
2025-03-25 00:00:00+07:00,1.7005096234867887,1.7021694497979265,1.6988050145976972,1.6922507109051552,0.3365877911025163,0.0,0.0
2025-03-26 00:00:00+07:00,1.7778206497735165,1.8725593813396022,1.7940714532769106,1.8554881516685295,0.5905978254576294,0.0,0.0
2025-03-27 00:00:00+07:00,1.8207712199328097,1.847000891608351,1.8287137946148062,1.8468967074178257,0.3006284082576931,0.0,0.0
2025-04-08 00:00:00+07:00,1.4685765446266055,1.6510524703354237,1.447648039897953,1.5977448241474121,0.8106046721939082,0.0,0.0
2025-04-09 00:00:00+07:00,1.5716579130089092,1.6340134771812562,1.586217405249536,1.6492934896516356,0.33763724600902567,0.0,0.0
2025-04-10 00:00:00+07:00,1.8465415620283856,1.8725593813396022,1.7594291119390149,1.7523908206600827,0.3559450171471739,0.0,0.0
2025-04-11 00:00:00+07:00,1.7434601936460818,1.761805925837513,1.7161261852666452,1.7695737091614905,0.16237486387179823,0.0,0.0
2025-04-14 00:00:00+07:00,1.7606404217097993,1.7873644155687642,1.7854108679424365,1.8125309304150101,0.16537653464111296,0.0,0.0
2025-04-15 00:00:00+07:00,1.8723119041239615,1.8555203881854347,1.854695550618228,1.8726710401699376,0.16584562234277148,0.0,0.0
2025-04-16 00:00:00+07:00,1.8465415620283856,1.838481395031267,1.8460349652837542,1.8383052631671217,0.13739056807451724,0.0,0.0
2025-04-17 00:00:00+07:00,1.8293613339646684,1.8214424018770994,1.8200532092803323,1.8468967074178257,0.16629868099982972,0.0,0.0
2025-04-21 00:00:00+07:00,1.8465415620283856,1.8214424018770994,1.8027320386113845,1.7781651534121943,-0.08383526460864195,0.0,0.0
2025-04-22 00:00:00+07:00,1.7864107638053752,1.8214424018770994,1.8113926239458584,1.8468967074178257,0.030564361580523402,0.0,0.0
2025-04-23 00:00:00+07:00,1.8637217900921028,1.8981178710708535,1.889337891956124,1.924219705674161,0.20107465529425506,0.0,0.0
2025-04-24 00:00:00+07:00,1.9668031584744066,1.9407153539562725,1.863356135952702,1.8383052631671217,0.35480166447619205,0.0,0.0
2025-04-25 00:00:00+07:00,1.8980822462195375,1.8725593813396022,1.8979984772905978,1.8812624844206414,0.0412210259742033,0.0,0.0
2025-04-28 00:00:00+07:00,1.932442702346972,1.9151568642250212,1.9239802332940197,1.9414025941755688,0.12052944427127121,0.0,0.0
2025-04-29 00:00:00+07:00,1.9496229304106891,1.9321958573791886,1.9413014039629675,1.924219705674161,0.05305560168067668,0.0,0.0
2025-04-30 00:00:00+07:00,1.9496229304106891,1.966273843687524,1.9326408186284936,1.9585854826769766,0.40206348683595594,0.0,0.0
2025-05-02 00:00:00+07:00,2.0183438426655584,1.9918323334187753,1.9932649159698113,2.0101341481812,0.20065796384305037,0.0,0.0
2025-05-05 00:00:00+07:00,2.0183438426655584,2.008871326572943,2.0365678426421807,2.0101341481812,0.17794081720231608,0.0,0.0
2025-05-06 00:00:00+07:00,2.0355240707292754,2.008871326572943,2.0365678426421807,2.027317036682608,-0.020167183059545363,0.0,0.0
2025-05-07 00:00:00+07:00,2.0441141847611344,2.02591031972711,2.045228427976655,2.0444999251840157,0.13967627603750637,0.0,0.0
2025-05-08 00:00:00+07:00,2.0441141847611344,2.0599883060354456,2.019246671973233,2.0101341481812,0.2274760974579212,0.0,0.0
2025-05-09 00:00:00+07:00,2.0355240707292754,2.008871326572943,2.0365678426421807,2.018725592431904,-0.0324267248779099,0.0,0.0
2025-05-14 00:00:00+07:00,2.1042449829841448,2.094066292343781,2.0971919399834986,2.1132314791896474,0.3674594979377965,0.0,0.0
2025-05-15 00:00:00+07:00,2.1128350970160032,2.128144278652116,2.131834281321394,2.1132314791896474,0.23365665073784336,0.0,0.0
2025-05-16 00:00:00+07:00,2.1214252110478617,2.1025857889208646,2.1231736959869205,2.121822923440351,0.06823439165620025,0.0,0.0
2025-05-19 00:00:00+07:00,2.1128350970160032,2.1622222649604512,2.131834281321394,2.1905544774459824,0.2669648559198361,0.0,0.0
2025-05-20 00:00:00+07:00,2.190146123302731,2.2218587410000374,2.20977954933166,2.1819630331952786,0.393548136653229,0.0,0.0
2025-05-21 00:00:00+07:00,2.2588670355576,2.238897734154205,2.2357613053350813,2.2592860314516137,0.4127571645743682,0.0,0.0
2025-05-22 00:00:00+07:00,2.293227491685035,2.2644562238854564,2.2704036466729773,2.242103142950206,0.2394761320616761,0.0,0.0
2025-05-23 00:00:00+07:00,2.2502769215257414,2.2303782375771215,2.2617430613385032,2.25069458720091,-0.022585465835342943,0.0,0.0
2025-05-26 00:00:00+07:00,2.2245065794301655,2.213339244422954,2.2184401346661335,2.233511698699502,0.03110628346199369,0.0,0.0
2025-05-27 00:00:00+07:00,2.2073263513664485,2.196300251268786,2.2011189639971858,2.1733715889445744,0.2043813769757042,0.0,0.0
2025-05-28 00:00:00+07:00,2.1729658952390136,2.1792612581146185,2.183797793328238,2.156188700443167,0.5287289634856648,0.0,0.0
2025-06-02 00:00:00+07:00,2.026933956697417,2.051468809458362,2.053889013311129,2.05309136943472,0.5668726364127352,0.0,0.0
2025-06-03 00:00:00+07:00,2.0355240707292754,2.0344298163041943,2.027907257307707,2.035908480933312,0.315502259050013,0.0,0.0
2025-06-04 00:00:00+07:00,2.052704298792993,2.0344298163041943,2.027907257307707,2.0101341481812,0.2049225011316432,0.0,0.0
2025-06-05 00:00:00+07:00,2.0183438426655584,2.008871326572943,2.0105860866387593,1.9929512596797923,0.2129173250900445,0.0,0.0
2025-06-10 00:00:00+07:00,2.0097537286336995,2.02591031972711,2.027907257307707,2.05309136943472,0.15300496755180362,0.0,0.0
2025-06-11 00:00:00+07:00,2.052704298792993,2.0344298163041943,2.0625495986456026,2.035908480933312,0.03115109857744425,0.0,0.0
2025-06-12 00:00:00+07:00,2.0183438426655584,2.0344298163041943,2.045228427976655,2.0616828136854237,-0.07829539741946646,0.0,0.0
2025-06-13 00:00:00+07:00,2.052704298792993,2.0344298163041943,2.0365678426421807,2.027317036682608,0.16537111037112256,0.0,0.0
2025-06-16 00:00:00+07:00,1.9925735005699825,1.9918323334187753,2.0105860866387593,1.9929512596797923,0.03839484448822394,0.0,0.0
2025-06-17 00:00:00+07:00,2.0097537286336995,2.02591031972711,2.0365678426421807,2.0444999251840157,0.020525791807161558,0.0,0.0
2025-06-18 00:00:00+07:00,2.001163614601841,2.000351829995859,2.0105860866387593,1.9843598154290885,0.1774760934526249,0.0,0.0
2025-06-19 00:00:00+07:00,1.9839833865381238,1.966273843687524,1.9586225746319155,1.9414025941755688,0.1463397131534556,0.0,0.0
2025-06-20 00:00:00+07:00,1.9152624742832547,1.9492348505333563,1.9153196479595458,1.915628261423457,0.7485386900985163,0.0,0.0
2025-06-23 00:00:00+07:00,1.8723119041239615,1.8895983744937699,1.872016721287176,1.8898539286713454,0.18169892007621194,0.0,0.0
2025-06-24 00:00:00+07:00,1.9238525883151134,1.9407153539562725,1.9413014039629675,1.9414025941755688,0.26245512984970815,0.0,0.0
2025-06-25 00:00:00+07:00,1.9238525883151134,1.9151568642250212,1.863356135952702,1.8812624844206414,0.2850639114545814,0.0,0.0
2025-06-26 00:00:00+07:00,1.8551316760602443,1.8725593813396022,1.88067730662165,1.8984453729220492,0.28423699003174224,0.0,0.0
