Date,Open,High,Low,Close,Volume,Dividends,Stock Splits
2004-06-08 00:00:00+07:00,0.0,0.00013410448980729316,1.733890756666634e-09,0.0,0.9362978483056424,0.0,0.0
2004-06-09 00:00:00+07:00,0.00013470564596118964,0.00026820720034507334,0.0,0.00013410273491133544,0.9115987164414188,0.0,0.0
2004-06-10 00:00:00+07:00,0.0002694130057415752,0.00013410273491133544,0.00013628499830831663,0.00013410273491133544,0.8847159708300347,0.0,0.0
2004-06-11 00:00:00+07:00,0.00013470564596118964,0.00013410273491133544,0.00013628499830831663,0.00013410273491133544,0.8754545965745089,0.0,0.0
2004-06-14 00:00:00+07:00,0.0002694147685270293,0.00013410448980729316,1.733890756666634e-09,0.0,0.8826820418856917,0.0,0.0
2004-06-15 00:00:00+07:00,8.303435421880279e-10,0.0002682098416687418,2.573958948759447e-09,0.0002682098416687418,0.91212472223562,0.0,0.0
2004-06-16 00:00:00+07:00,0.0004041203655219573,0.00026820720034507334,0.00013628499830831663,0.00013410273491133544,0.8630933470089791,0.0,0.0
2004-06-17 00:00:00+07:00,0.00013470738426351464,0.0,1.733890756666634e-09,0.0,0.9197234114505344,0.0,0.0
2004-06-18 00:00:00+07:00,0.0,0.0,1.733890756666634e-09,0.0,0.906389836574018,0.0,0.0
2004-06-21 00:00:00+07:00,0.00013470738426351464,0.0,1.733890756666634e-09,0.0,0.917216837623162,0.0,0.0
2004-06-22 00:00:00+07:00,0.00013470738426351464,0.00013410448980729316,0.00013628675696894,0.0,0.8347536900223097,0.0,0.0
2004-06-23 00:00:00+07:00,0.0002694130057415752,0.00013410273491133544,0.00013628499830831663,0.00013410273491133544,0.9334041719077962,0.0,0.0
2004-06-24 00:00:00+07:00,0.0002694130057415752,0.00013410273491133544,0.00013628499830831663,0.00013410273491133544,0.8914655286046717,0.0,0.0
2004-06-25 00:00:00+07:00,0.00026941562259467575,0.0002682098416687418,0.00027257264411726864,0.0002682098416687418,0.8814178061455034,0.0,0.0
2004-06-28 00:00:00+07:00,0.0004041230187202434,0.0002682098416687418,0.00027257264411726864,0.0002682098416687418,0.9059617013751138,0.0,0.0
2004-06-29 00:00:00+07:00,0.0004041248781844614,0.00040231621978513606,0.00040885956043794705,0.00040231621978513606,0.870839023810794,0.0,0.0
2004-06-30 00:00:00+07:00,0.0005388298015062409,0.0005364182260554594,0.00040885706705911726,0.0005364182260554594,0.9111149007946652,0.0,0.0
2004-07-01 00:00:00+07:00,0.0015919959546276622,0.0014507663503315078,0.0013009038286956511,0.0012983748902391581,0.8942589404408195,22.5,0.0
2004-07-02 00:00:00+07:00,0.001438919549872032,0.0014507665145323013,0.0014557733319669475,0.0014507665145323013,0.9355092044833685,0.0,0.0
2004-07-05 00:00:00+07:00,0.0015919961195666552,0.0014507665145323013,0.0016106426730028538,0.0014507665145323013,0.0,0.0,0.0
2004-07-06 00:00:00+07:00,0.0017450753013908953,0.0019079435733347656,0.001610645279523015,0.0019079435733347656,0.9598790079398913,0.0,0.0
2004-07-07 00:00:00+07:00,0.0018981519068681143,0.0020603350713301327,0.0017655146567605896,0.0019079435733347656,0.9238629888195826,0.0,0.0
2004-07-08 00:00:00+07:00,0.002051228512345335,0.0020603350713301327,0.0019203840339981609,0.0019079435733347656,0.9100565221899947,0.0,0.0
2004-07-09 00:00:00+07:00,0.0018981506050835192,0.0020603337403458863,0.0019203827169675877,0.0020603337403458863,0.923687921348598,0.0,0.0
2004-07-12 00:00:00+07:00,0.0022043037808545905,0.0023651167013107217,0.0020752520764074495,0.0020603337403458863,0.934313911225869,0.0,0.0
2004-07-13 00:00:00+07:00,0.0022043068130811992,0.0022127282792030727,0.002075255103781294,0.0022127282792030727,0.8746177028385176,0.0,0.0
2004-07-14 00:00:00+07:00,0.002204305117822552,0.0020603350713301327,0.0019203840339981609,0.0019079435733347656,0.9027269168118695,0.0,0.0
2004-07-15 00:00:00+07:00,0.0018981519068681143,0.0019079435733347656,0.0017655146567605896,0.0019079435733347656,0.875129953123917,0.0,0.0
2004-07-16 00:00:00+07:00,0.0018981506050835192,0.0020603337403458863,0.0019203827169675877,0.0020603337403458863,0.8770747635449273,0.0,0.0
2004-07-19 00:00:00+07:00,0.002051227192969055,0.0020603337403458863,0.0020752520764074495,0.0020603337403458863,0.8226952547710865,0.0,0.0
2004-07-20 00:00:00+07:00,0.002051227192969055,0.0020603337403458863,0.0020752520764074495,0.0020603337403458863,0.8856384472337192,0.0,0.0
2004-07-21 00:00:00+07:00,0.002051227192969055,0.0020603337403458863,0.0020752520764074495,0.0020603337403458863,0.8838123565443545,0.0,0.0
2004-07-22 00:00:00+07:00,0.002051227192969055,0.0020603337403458863,0.0020752520764074495,0.0020603337403458863,0.8385871614520642,0.0,0.0
2004-07-23 00:00:00+07:00,0.002051227192969055,0.0020603337403458863,0.0020752520764074495,0.0020603337403458863,0.7744939846556096,0.0,0.0
2004-07-26 00:00:00+07:00,0.002051228512345335,0.0019079435733347656,0.0017655146567605896,0.0019079435733347656,0.9379991506886961,0.0,0.0
2004-07-27 00:00:00+07:00,0.0018981519068681143,0.0019079435733347656,0.0017655146567605896,0.0019079435733347656,0.9047158734680287,0.0,0.0
2004-07-28 00:00:00+07:00,0.002051228512345335,0.0019079435733347656,0.0019203840339981609,0.0019079435733347656,0.8866325794372876,0.0,0.0
2004-07-29 00:00:00+07:00,0.002051228512345335,0.0019079435733347656,0.0019203840339981609,0.0019079435733347656,0.8356331506574494,0.0,0.0
2004-07-30 00:00:00+07:00,0.002051228512345335,0.0019079435733347656,0.0019203840339981609,0.0019079435733347656,0.89886309302014,0.0,0.0
2004-08-02 00:00:00+07:00,0.001898151048085774,0.001907942706842752,0.0019203831651581071,0.0017555512204006102,0.799946613490568,0.0,0.0
2004-08-03 00:00:00+07:00,0.0018981519068681143,0.0020603350713301327,0.0019203840339981609,0.0019079435733347656,0.9163825670312841,0.0,0.0
2004-08-04 00:00:00+07:00,0.002051227192969055,0.0020603337403458863,0.0020752520764074495,0.0020603337403458863,0.9048371883226263,0.0,0.0
2004-08-05 00:00:00+07:00,0.002051227192969055,0.0020603337403458863,0.0020752520764074495,0.0020603337403458863,0.8745861574786654,0.0,0.0
2004-08-06 00:00:00+07:00,0.002051228512345335,0.0020603350713301327,0.0020752534112357356,0.0019079435733347656,0.8720687256523254,0.0,0.0
2004-08-09 00:00:00+07:00,0.0018981523916042232,0.0017555525579060292,0.001610645756681751,0.0016031610533894878,0.9216215759406794,0.0,0.0
2004-08-10 00:00:00+07:00,0.0017450757795765166,0.0016031610533894878,0.001765515140546528,0.0016031610533894878,0.864736440611771,0.0,0.0
2004-08-11 00:00:00+07:00,0.001898151048085774,0.0017555512204006102,0.0019203831651581071,0.0017555512204006102,0.878198120934922,0.0,0.0
2004-08-12 00:00:00+07:00,0.0018981523916042232,0.0017555525579060292,0.001765515140546528,0.0016031610533894878,0.7661196595607491,0.0,0.0
2004-08-13 00:00:00+07:00,0.0017450757795765166,0.0017555525579060292,0.001765515140546528,0.0016031610533894878,0.8669636836246843,0.0,0.0
2004-08-16 00:00:00+07:00,0.0017450726892612768,0.0016031579769052208,0.0016106426730028538,0.0014507665145323013,0.878006242014256,0.0,0.0
2004-08-17 00:00:00+07:00,0.0015919961195666552,0.0014507665145323013,0.0016106426730028538,0.0014507665145323013,0.0,0.0,0.0
2004-08-18 00:00:00+07:00,0.0017450744542137232,0.0017555512204006102,0.001765513799661618,0.0017555512204006102,0.9012936099052371,0.0,0.0
2004-08-19 00:00:00+07:00,0.001898151048085774,0.0017555512204006102,0.001765513799661618,0.0017555512204006102,0.8327379956376607,0.0,0.0
2004-08-20 00:00:00+07:00,0.0017450757795765166,0.0017555525579060292,0.001765515140546528,0.0016031610533894878,0.7321927348669283,0.0,0.0
2004-08-23 00:00:00+07:00,0.0017450757795765166,0.0017555525579060292,0.001765515140546528,0.0016031610533894878,0.811752835175527,0.0,0.0
2004-08-24 00:00:00+07:00,0.0017450757795765166,0.0016031610533894878,0.001610645756681751,0.0016031610533894878,0.9188827973594453,0.0,0.0
2004-08-25 00:00:00+07:00,0.0017450726892612768,0.0016031579769052208,0.0014557733319669475,0.0014507665145323013,0.7870770130667326,0.0,0.0
2004-08-26 00:00:00+07:00,0.001438919549872032,0.0014507665145323013,0.0014557733319669475,0.0014507665145323013,0.7993193417483762,0.0,0.0
2004-08-27 00:00:00+07:00,0.0015919991675488084,0.0016031610533894878,0.001610645756681751,0.0016031610533894878,0.8810070218886442,0.0,0.0
2004-08-30 00:00:00+07:00,0.0015919959546276622,0.0014507663503315078,0.0014557731674139079,0.0012983748902391581,0.8974162204961879,0.0,0.0
2004-08-31 00:00:00+07:00,0.0015919961195666552,0.0016031579769052208,0.0016106426730028538,0.0014507665145323013,0.9024205578958913,0.0,0.0
2004-09-01 00:00:00+07:00,0.0015919986959136746,0.0019079435733347656,0.001610645279523015,0.0019079435733347656,0.9574942496835693,0.0,0.0
2004-09-02 00:00:00+07:00,0.002051228512345335,0.0020603350713301327,0.0019203840339981609,0.0019079435733347656,0.9468426545703484,0.0,0.0
2004-09-03 00:00:00+07:00,0.002051227192969055,0.0022127252208283023,0.0020752520764074495,0.0020603337403458863,0.9235491160959011,0.0,0.0
2004-09-06 00:00:00+07:00,0.002204305117822552,0.0022127265693255033,0.0020752534112357356,0.0019079435733347656,0.9125982511533246,0.0,0.0
2004-09-07 00:00:00+07:00,0.0020512276419578264,0.001907942706842752,0.0019203831651581071,0.0017555512204006102,0.9235675653124611,0.0,0.0
2004-09-08 00:00:00+07:00,0.0018981506050835192,0.0020603337403458863,0.0019203827169675877,0.0020603337403458863,0.8797054425871825,0.0,0.0
2004-09-09 00:00:00+07:00,0.0020512276419578264,0.001907942706842752,0.0016106444341651236,0.0017555512204006102,0.9742771605728947,0.0,0.0
2004-09-10 00:00:00+07:00,0.0018981519068681143,0.0020603350713301327,0.0017655146567605896,0.0019079435733347656,0.958790773895506,0.0,0.0
2004-09-13 00:00:00+07:00,0.002051228512345335,0.0019079435733347656,0.0020752534112357356,0.0019079435733347656,0.0,0.0,0.0
2004-09-14 00:00:00+07:00,0.0022043027895242845,0.0026698986234402703,0.002230120432906945,0.002517507155943297,0.9887241686095787,0.0,0.0
2004-09-15 00:00:00+07:00,0.0026635328212737553,0.002974681875898071,0.002539859432281452,0.0028222904045295816,0.9904009733259603,0.0,0.0
2004-09-16 00:00:00+07:00,0.0028166107102257573,0.002669900237518459,0.0026947300914557746,0.002669900237518459,0.8955148466985846,0.0,0.0
2004-09-17 00:00:00+07:00,0.0026635341151173605,0.002669900237518459,0.002384991357961143,0.002669900237518459,0.9129545202042311,0.0,0.0
2004-09-20 00:00:00+07:00,0.0028166107102257573,0.002669900237518459,0.0028495994582030896,0.002669900237518459,0.0,0.0,0.0
2004-09-21 00:00:00+07:00,0.002969683421435467,0.003279462178490013,0.0030044648955650545,0.0031270707385518248,0.9988259952889894,0.0,0.0
2004-09-22 00:00:00+07:00,0.003275835587468849,0.0031270698144217606,0.0030044639790389512,0.0029746783856176694,0.8959120247597863,0.0,0.0
2004-09-23 00:00:00+07:00,0.002969682515519094,0.0031270698144217606,0.0030044639790389512,0.0029746783856176694,0.9467071722774384,0.0,0.0
2004-09-24 00:00:00+07:00,0.002969682515519094,0.0029746783856176694,0.0030044639790389512,0.0029746783856176694,0.7556880409819269,0.0,0.0
2004-09-27 00:00:00+07:00,0.0029696873053341576,0.002974683212864369,0.0026947300914557746,0.002669900237518459,0.8871874799099052,0.0,0.0
2004-09-28 00:00:00+07:00,0.0028166090888911473,0.0026698986234402703,0.002694728471636782,0.002517507155943297,0.9172041581618336,0.0,0.0
2004-09-29 00:00:00+07:00,0.0026635341151173605,0.002669900237518459,0.0026947300914557746,0.002669900237518459,0.902889873768244,0.0,0.0
2004-09-30 00:00:00+07:00,0.0028166107102257573,0.002822291725191415,0.0026947300914557746,0.002669900237518459,0.9076909454695375,0.0,0.0
2004-10-01 00:00:00+07:00,0.0028166094000043884,0.0028222904045295816,0.0028495981326369327,0.0028222904045295816,0.9311977752070589,0.0,0.0
2004-10-04 00:00:00+07:00,0.0029696851693211783,0.0034318554444201354,0.0030044666639213007,0.0034318554444201354,0.9792720037430789,0.0,0.0
2004-10-05 00:00:00+07:00,0.0034289139163681537,0.004498594628549107,0.0034690737137251324,0.004498594628549107,0.9876297477114443,0.0,0.0
2004-10-06 00:00:00+07:00,0.004653525458015175,0.004498593715746083,0.004243419458907088,0.004346202275614951,0.9075854789003941,0.0,0.0
2004-10-07 00:00:00+07:00,0.004347374374069844,0.004193812837244841,0.00393368278854141,0.004193812837244841,0.9273344051752443,0.0,0.0
2004-10-08 00:00:00+07:00,0.004194297804375224,0.004346204299617762,0.004243421470613219,0.004193812837244841,0.9107426578673702,0.0,0.0
2004-10-11 00:00:00+07:00,0.004347372363309494,0.004498593715746083,0.004243419458907088,0.004346202275614951,0.9197194059838498,0.0,0.0
2004-10-12 00:00:00+07:00,0.004500450029096943,0.0043462033890439115,0.004088551234704597,0.0040414204843106875,0.9159373470109151,0.0,0.0
2004-10-13 00:00:00+07:00,0.004347374374069844,0.004346204299617762,0.004243421470613219,0.004193812837244841,0.8853914453383005,0.0,0.0
2004-10-14 00:00:00+07:00,0.004347374374069844,0.004346204299617762,0.004243421470613219,0.004193812837244841,0.9133433054672272,0.0,0.0
2004-10-15 00:00:00+07:00,0.004194295815956654,0.004346202275614951,0.004243419458907088,0.004346202275614951,0.912799954121274,0.0,0.0
2004-10-18 00:00:00+07:00,0.004500448910662334,0.004346202275614951,0.004398288777339552,0.004346202275614951,0.876042850489862,0.0,0.0
2004-10-19 00:00:00+07:00,0.004500450029096943,0.0043462033890439115,0.004243420565571494,0.0040414204843106875,0.9273468830798277,0.0,0.0
2004-10-20 00:00:00+07:00,0.0041942969098102845,0.0041938119366773,0.003933681903837702,0.0040414204843106875,0.9082164462484428,0.0,0.0
2004-10-21 00:00:00+07:00,0.004194298955850341,0.004041422521193515,0.003933683927323246,0.003889031045940577,0.8862134054941195,0.0,0.0
2004-10-22 00:00:00+07:00,0.004041221234680601,0.004346204299617762,0.004088552129577313,0.004193812837244841,0.897965919441624,0.0,0.0
2004-10-25 00:00:00+07:00,0.004347372363309494,0.004346202275614951,0.004243419458907088,0.004346202275614951,0.8134817687917325,0.0,0.0
2004-10-26 00:00:00+07:00,0.004500449817602677,0.004498594628549107,0.0043982896848185175,0.004498594628549107,0.8588685152133917,0.0,0.0
2004-10-27 00:00:00+07:00,0.0046535312543670125,0.005260557000420723,0.0047080332784408645,0.005108165497567749,0.9499432765008158,0.0,0.0
2004-10-28 00:00:00+07:00,0.005418914306150333,0.005260557000420723,0.005017772042789191,0.005108165497567749,0.9087766197931977,0.0,0.0
2004-10-29 00:00:00+07:00,0.005265837695793668,0.005108165497567749,0.0051726414249633566,0.005108165497567749,0.8720687256523254,0.0,0.0
2004-11-01 00:00:00+07:00,0.005265834501975047,0.005717728196975051,0.005327507575914176,0.005565336727242125,0.8988568347186314,0.0,0.0
2004-11-02 00:00:00+07:00,0.005725062554135034,0.006327292319894921,0.005792113922692783,0.0060225094141985215,0.924693825452142,0.0,0.0
2004-11-03 00:00:00+07:00,0.006184293964501368,0.006022511136440912,0.005792115621460939,0.005565336727242125,0.9302108047224027,0.0,0.0
2004-11-04 00:00:00+07:00,0.0057250642332382085,0.005565336727242125,0.005327507575914176,0.005565336727242125,0.9223920677584884,0.0,0.0
2004-11-05 00:00:00+07:00,0.005725068009928728,0.005870123502450905,0.005792119442382542,0.005717731994740323,0.867452255041716,0.0,0.0
2004-11-08 00:00:00+07:00,0.005878144625164838,0.005717731994740323,0.005637250055271787,0.005717731994740323,0.816016147480107,0.0,0.0
2004-11-09 00:00:00+07:00,0.005878144625164838,0.005870123502450905,0.005946988829493297,0.005717731994740323,0.8416855780199801,0.0,0.0
2004-11-10 00:00:00+07:00,0.006031214935973726,0.006784465899658948,0.005946982514382266,0.006632074454089074,0.9107539816137921,0.0,0.0
2004-11-11 00:00:00+07:00,0.006949676375303037,0.0076988168044944405,0.007031069929389944,0.007241642408543671,0.908997143759998,0.0,0.0
2004-11-12 00:00:00+07:00,0.007561982665910481,0.0076988168044944405,0.007340808617445498,0.007241642408543671,0.9199511576093646,0.0,0.0
2004-11-15 00:00:00+07:00,0.007408906093258619,0.007241642408543667,0.007495677961473275,0.007241642408543671,0.0,0.0,0.0
2004-11-16 00:00:00+07:00,0.007408906093258619,0.007241642408543667,0.007495677961473275,0.007241642408543671,0.0,0.0,0.0
2004-11-17 00:00:00+07:00,0.007408906093258619,0.007241642408543667,0.007495677961473275,0.007241642408543671,0.0,0.0,0.0
2004-11-18 00:00:00+07:00,0.007408906093258619,0.007241642408543667,0.007495677961473275,0.007241642408543671,0.0,0.0,0.0
2004-11-19 00:00:00+07:00,0.007408906093258619,0.007241642408543667,0.007495677961473275,0.007241642408543671,0.0,0.0,0.0
2004-11-22 00:00:00+07:00,0.007408905767962281,0.007241642084703223,0.006876200268223581,0.006936859159957384,0.9239569850683291,0.0,0.0
2004-11-23 00:00:00+07:00,0.007414685387900417,0.008023729847353393,0.0075015249408941845,0.007557929441415215,0.921184954055072,5.0,0.0
2004-11-24 00:00:00+07:00,0.007726615059869799,0.007868463045373999,0.007659316374435635,0.007557929441415215,0.8696930386682661,0.0,0.0
2004-11-25 00:00:00+07:00,0.007570650847475706,0.00740266326023549,0.007343734126670547,0.007092129644885887,0.8730101370172009,0.0,0.0
2004-11-26 00:00:00+07:00,0.007258713635777545,0.007092122150292628,0.006712561037624951,0.006781588675028882,0.9413301242972067,0.0,0.0
2004-11-29 00:00:00+07:00,0.006946783085856865,0.0074026545846406465,0.007028142754899113,0.0074026545846406465,0.9100121726963847,0.0,0.0
2004-11-30 00:00:00+07:00,0.007570650223885107,0.007713196243394612,0.007659316374435635,0.007557929441415215,0.8872463537124075,0.0,0.0
2004-12-01 00:00:00+07:00,0.007726606894633198,0.0075579213127228324,0.0073437254717844715,0.0074026545846406465,0.917683576333118,0.0,0.0
2004-12-02 00:00:00+07:00,0.007726606894633198,0.007868454768887211,0.00765930818866983,0.0074026545846406465,0.9424280658697056,0.0,0.0
2004-12-03 00:00:00+07:00,0.007726606894633198,0.007713188040805022,0.00765930818866983,0.0074026545846406465,0.9371258843811768,0.0,0.0
2004-12-06 00:00:00+07:00,0.007414677371122662,0.0074026545846406465,0.007501516830227147,0.0074026545846406465,0.8508528715943673,0.0,0.0
2004-12-07 00:00:00+07:00,0.0075706486659127825,0.0074026610884363395,0.0073437319600555065,0.0072473943006862995,0.8783568815257125,0.0,0.0
2004-12-08 00:00:00+07:00,0.007414683844221417,0.0074026610884363395,0.007501523379136236,0.0072473943006862995,0.8594537321468482,0.0,0.0
2004-12-09 00:00:00+07:00,0.007414686005769999,0.00740266326023549,0.007343734126670547,0.007092129644885887,0.9095862531935134,0.0,0.0
2004-12-10 00:00:00+07:00,0.007258721164064296,0.0072473964525606865,0.007185942687341081,0.007092129644885887,0.9224235825901579,0.0,0.0
2004-12-13 00:00:00+07:00,0.007102748864429659,0.0069368554126607515,0.006712561037624951,0.006781588675028882,0.9130239085608032,0.0,0.0
2004-12-14 00:00:00+07:00,0.006946784093081776,0.007092122150292628,0.006712561037624951,0.006781588675028882,0.9265011015481431,0.0,0.0
2004-12-15 00:00:00+07:00,0.006946786030508516,0.006781590603784502,0.006239188799960216,0.006315790335781574,0.9340758554503886,0.0,0.0
2004-12-16 00:00:00+07:00,0.00663486179724148,0.007092129644885887,0.006712568369352686,0.007092129644885887,0.9125920310862293,0.0,0.0
2004-12-17 00:00:00+07:00,0.007258721358378482,0.00817899750470926,0.007343734323260461,0.008023730695226567,0.9672619973800148,0.0,0.0
2004-12-20 00:00:00+07:00,0.008038539136119537,0.008489524483663347,0.008132685013805513,0.008178990979180914,0.9364241134421863,0.0,0.0
2004-12-21 00:00:00+07:00,0.008350470973925078,0.008334260006827392,0.008290478668987591,0.008334260006827392,0.9056542450937308,0.0,0.0
2004-12-22 00:00:00+07:00,0.008506436574836115,0.008800061135010986,0.008606062279516283,0.008489527577191854,0.924219658600447,0.0,0.0
2004-12-23 00:00:00+07:00,0.008818359676303775,0.008800054584543325,0.008763847145464944,0.008644787861146194,0.8912475409542444,0.0,0.0
2004-12-24 00:00:00+07:00,0.008818359676303775,0.008644787861146194,0.00892163849914638,0.008644787861146194,0.0,0.0,0.0
2004-12-27 00:00:00+07:00,0.008662399431768844,0.009110592678563168,0.008763851710827907,0.008955325916439154,0.902018681083189,0.0,0.0
2004-12-28 00:00:00+07:00,0.009130291097614724,0.009421123424674403,0.009079431766162292,0.009265856685322007,0.9206984742200391,0.0,0.0
2004-12-29 00:00:00+07:00,0.009598188207469615,0.009421126202811183,0.009237225889941959,0.008955325916439154,0.8666614250779864,0.0,0.0
2004-12-30 00:00:00+07:00,0.009130293819619224,0.008955325916439154,0.008763851710827907,0.008955325916439154,0.8681213472091989,0.0,0.0
2004-12-31 00:00:00+07:00,0.009130293819619224,0.008955325916439154,0.009237225889941959,0.008955325916439154,0.0,0.0,0.0
2005-01-03 00:00:00+07:00,0.008974328211795043,0.008800058346074703,0.008921642289444389,0.008800058346074703,0.8720094847522863,0.0,0.0
2005-01-04 00:00:00+07:00,0.008974334140320863,0.009265864663941074,0.009079439673479878,0.009110597858649688,0.9111902769941981,0.0,0.0
2005-01-05 00:00:00+07:00,0.009286258927597824,0.01004219357747077,0.009395017598662795,0.00957639328333294,0.9420685302631637,0.0,0.0
2005-01-06 00:00:00+07:00,0.009910118121799288,0.009731660048045553,0.009552808994331505,0.00957639328333294,0.8834453827173969,0.0,0.0
2005-01-07 00:00:00+07:00,0.009598187368074402,0.009421125367172756,0.008921642289444389,0.008800058346074703,0.9443449411778201,0.0,0.0
2005-01-10 00:00:00+07:00,0.00897433463711746,0.00880006474264004,0.007659317205593968,0.008023730695226567,0.9864495427457232,0.0,0.0
2005-01-11 00:00:00+07:00,0.008194510419508833,0.00817899750470926,0.007974900087927478,0.008023730695226567,0.9561521655171804,0.0,0.0
2005-01-12 00:00:00+07:00,0.008038539602547287,0.008023724695425807,0.0078171027112802,0.007713191182651586,0.9192955631690527,0.0,0.0
2005-01-13 00:00:00+07:00,0.007882578524223454,0.008023728457257746,0.007974897853823507,0.007868461667580089,0.9327469543533621,0.0,0.0
2005-01-14 00:00:00+07:00,0.00803854557598711,0.00817899750470926,0.008132691529094231,0.008023730695226567,0.9288249539362703,0.0,0.0
2005-01-17 00:00:00+07:00,0.00819450616802709,0.008334260006827392,0.008290478668987591,0.008334260006827392,0.8902676093328923,0.0,0.0
2005-01-18 00:00:00+07:00,0.008506433494188257,0.008334257731422129,0.008132685013805513,0.008178990979180914,0.8901420897936602,0.0,0.0
2005-01-19 00:00:00+07:00,0.008350468708165349,0.008178990979180914,0.008132685013805513,0.008178990979180914,0.9480052904073808,0.0,0.0
2005-01-20 00:00:00+07:00,0.00819450616802709,0.008334260006827392,0.008132687265885202,0.008334260006827392,0.9188297536896827,0.0,0.0
2005-01-24 00:00:00+07:00,0.008506435779823074,0.008334260006827392,0.008448270072089977,0.008334260006827392,0.8838813834584389,0.0,0.0
2005-01-25 00:00:00+07:00,0.008506433494188257,0.008489524483663347,0.008448267779794578,0.008178990979180914,0.9180586217762347,0.0,0.0
2005-01-26 00:00:00+07:00,0.008506430162205491,0.008644787861146194,0.008606055791783501,0.008644787861146194,0.9228588285890733,0.0,0.0
2005-01-27 00:00:00+07:00,0.008818363422725201,0.008800058346074703,0.008921642289444389,0.008800058346074703,0.9245976920213802,0.0,0.0
2005-01-28 00:00:00+07:00,0.008974324433352922,0.008800054584543325,0.008763847145464944,0.008644787861146194,0.9077513518213782,0.0,0.0
2005-01-31 00:00:00+07:00,0.00866240058572107,0.008489526778854745,0.00860606147519237,0.008334260006827392,0.9012955901432618,0.0,0.0
2005-02-01 00:00:00+07:00,0.008506430162205491,0.008644787861146194,0.008606055791783501,0.008644787861146194,0.8862161395625522,0.0,0.0
2005-02-02 00:00:00+07:00,0.008818359676303775,0.008800054584543325,0.008763847145464944,0.008644787861146194,0.919786118997461,0.0,0.0
2005-02-03 00:00:00+07:00,0.00881836422771897,0.008955325916439154,0.008763851710827907,0.008955325916439154,0.9224752209664868,0.0,0.0
2005-02-04 00:00:00+07:00,0.008974334140320863,0.009265864663941074,0.009079439673479878,0.009110597858649688,0.931758439622817,0.0,0.0
2005-02-07 00:00:00+07:00,0.00928626381894403,0.009265864663941074,0.009237231110387177,0.009110597858649688,0.9135540151929422,0.0,0.0
2005-02-08 00:00:00+07:00,0.009130298979632443,0.009110597858649688,0.009237231110387177,0.009110597858649688,0.8786888552266525,0.0,0.0
2005-02-11 00:00:00+07:00,0.009130298979632443,0.009265864663941074,0.009237231110387177,0.009110597858649688,0.9102416778628548,0.0,0.0
2005-02-14 00:00:00+07:00,0.00928626381894403,0.009110597858649688,0.009079439673479878,0.009110597858649688,0.9163825670312841,0.0,0.0
2005-02-15 00:00:00+07:00,0.009286258927597824,0.00957639328333294,0.009395017598662795,0.00957639328333294,0.9292787889739069,0.0,0.0
2005-02-16 00:00:00+07:00,0.00991011762988775,0.010352726601388949,0.010026182683665022,0.010042193079862271,0.9531281873691813,0.0,0.0
2005-02-17 00:00:00+07:00,0.010533979469291913,0.011439596720769246,0.010657350942522108,0.011129063157849436,0.9648840116891946,0.0,0.0
2005-02-18 00:00:00+07:00,0.011157838730783732,0.011129063157849436,0.01081514235521042,0.011129063157849436,0.8865973395122692,0.0,0.0
2005-02-21 00:00:00+07:00,0.011313798322932483,0.011129057958002224,0.011130719975655158,0.010973791215638913,0.8580816436694462,0.0,0.0
2005-02-22 00:00:00+07:00,0.011157833546831891,0.010973791215638913,0.011130719975655158,0.010973791215638913,0.866632338433557,0.0,0.0
2005-02-23 00:00:00+07:00,0.0110018687707313,0.011439591442728842,0.010972928602699147,0.010973791215638913,0.8859199323726186,0.0,0.0
2005-02-24 00:00:00+07:00,0.011157842395377881,0.01143960045187567,0.011130728860012252,0.011284333642777943,0.912148277453304,0.0,0.0
2005-02-25 00:00:00+07:00,0.011313798322932483,0.011129057958002224,0.011288511348611169,0.010973791215638913,0.9363446529443781,0.0,0.0
2005-02-28 00:00:00+07:00,0.01115783713378277,0.010973794786536085,0.010657349375778453,0.010818528017120521,0.9342435024731659,0.0,0.0
2005-03-01 00:00:00+07:00,0.010845907527233845,0.011129061555951641,0.010972932176674714,0.010818528017120521,0.9104960919285707,0.0,0.0
2005-03-02 00:00:00+07:00,0.01100186986028922,0.010818525557957114,0.010499555552490918,0.010352725306027148,0.9028209260360532,0.0,0.0
2005-03-03 00:00:00+07:00,0.010533979469291913,0.011129063157849436,0.010657350942522108,0.011129063157849436,0.9171181288254737,0.0,0.0
2005-03-04 00:00:00+07:00,0.01131380723851292,0.011594867260973401,0.011288520300787776,0.011284333642777943,0.9309222565345372,0.0,0.0
2005-03-07 00:00:00+07:00,0.011469765734807659,0.012060661134069648,0.011604096761166909,0.011750127610179174,0.9634967761726597,0.0,0.0
2005-03-08 00:00:00+07:00,0.012093627193777035,0.012215930194552374,0.011919681816050867,0.011905396637825662,0.8861093922288209,0.0,0.0
2005-03-09 00:00:00+07:00,0.012249596297323102,0.012060667688266597,0.011604103182338846,0.011284333642777943,0.9340994211568786,0.0,0.0
2005-03-10 00:00:00+07:00,0.011469768361529638,0.011439596720769246,0.01144630800596369,0.011129063157849436,0.9282522277181994,0.0,0.0
2005-03-14 00:00:00+07:00,0.011469772081647948,0.01143960045187567,0.011130728860012252,0.011284333642777943,0.9270305063318739,0.0,0.0
2005-03-15 00:00:00+07:00,0.01146976069855081,0.013147523004980087,0.011604091665927442,0.01268172283139177,0.9574823453113893,0.0,0.0
2005-03-16 00:00:00+07:00,0.01302941197047261,0.01407912722978353,0.013182008947521875,0.013923860479743394,0.9553609250876363,0.0,0.0
2005-03-17 00:00:00+07:00,0.014121174883057228,0.013923869863458033,0.01333980948564742,0.013458069426906194,0.9385655554844196,0.0,0.0
2005-03-18 00:00:00+07:00,0.013965210036822107,0.013768603051274086,0.013655392373471274,0.013458069426906194,0.9079166382723569,0.0,0.0
2005-03-21 00:00:00+07:00,0.013653276947875364,0.014234399992318375,0.013497597539740551,0.014234399992318375,0.9215805347579243,0.0,0.0
2005-03-22 00:00:00+07:00,0.014745024592403892,0.014700194229944102,0.013813174470552542,0.013923860479743394,0.957178953393603,0.0,0.0
2005-03-23 00:00:00+07:00,0.014121165457156158,0.013923860479743394,0.01428654861282555,0.013923860479743394,0.0,0.0,0.0
2005-03-24 00:00:00+07:00,0.013653275708879007,0.013458064812179791,0.01255084782982675,0.012836997688166343,1.0,0.0,0.0
2005-03-28 00:00:00+07:00,0.01302942368228139,0.012837004888853983,0.011919689092157057,0.011594870240788879,0.9708999273606369,0.0,0.0
2005-03-29 00:00:00+07:00,0.01178169074085756,0.01190538974002409,0.011446300831451116,0.011439589554886217,0.9454120674778322,0.0,0.0
2005-03-30 00:00:00+07:00,0.011469768361529638,0.011905397065148957,0.010972933767898742,0.011129063157849436,0.9935930659419031,0.0,0.0
2005-03-31 00:00:00+07:00,0.01146977503084198,0.011750137071797014,0.011604106166072652,0.011594870240788879,0.9771711790449252,0.0,0.0
2005-04-01 00:00:00+07:00,0.011781704761129861,0.011905403902805152,0.011761897629114858,0.011594870240788879,0.9378734522982541,0.0,0.0
2005-04-04 00:00:00+07:00,0.011937662381514544,0.011905396637825662,0.011919681816050867,0.011905396637825662,0.8865376421324421,0.0,0.0
2005-04-05 00:00:00+07:00,0.012093624917889859,0.011905394372124414,0.011919679546879586,0.011750127610179174,0.9034151216096448,0.0,0.0
2005-04-06 00:00:00+07:00,0.01178169756925206,0.011905396637825662,0.011761890406509445,0.011905396637825662,0.927897123459144,0.0,0.0
2005-04-07 00:00:00+07:00,0.012093624917889859,0.011905394372124414,0.011446305368310573,0.011750127610179174,0.9818058342380885,0.0,0.0
2005-04-08 00:00:00+07:00,0.01193766012211931,0.01175012761017918,0.011761888154023244,0.011750127610179174,0.8812903929777092,0.0,0.0
2005-04-11 00:00:00+07:00,0.011781704761129861,0.011594870240788879,0.011604106166072652,0.011594870240788879,0.8915119339225103,0.0,0.0
2005-04-12 00:00:00+07:00,0.011625739895985924,0.011594870240788879,0.011446314703030449,0.011594870240788879,0.9537777119200529,0.0,0.0
2005-04-13 00:00:00+07:00,0.011625725978803857,0.01190538974002409,0.011761883548940338,0.011439589554886217,0.9176389264068794,0.0,0.0
2005-04-14 00:00:00+07:00,0.01178169074085756,0.011750123011644801,0.011446300831451116,0.011439589554886217,0.9431607861160516,0.0,0.0
2005-04-15 00:00:00+07:00,0.011313810165698036,0.011594870240788879,0.011446314703030449,0.011594870240788879,0.9152533851573418,0.0,0.0
2005-04-18 00:00:00+07:00,0.011469768361529638,0.011284329939309341,0.011130725180587057,0.011129063157849436,0.9604355706805715,0.0,0.0
2005-04-19 00:00:00+07:00,0.011313801937057229,0.011129061555951641,0.010972932176674714,0.010818528017120521,0.9388448747054019,0.0,0.0
2005-04-20 00:00:00+07:00,0.011157845300554099,0.011750137071797014,0.011288523239988253,0.011594870240788879,0.9285770443888938,0.0,0.0
2005-04-21 00:00:00+07:00,0.011625733176902592,0.011439596720769246,0.011288516593275372,0.011129063157849436,0.9235343514785704,0.0,0.0
2005-04-25 00:00:00+07:00,0.011313800781137785,0.011129060405205615,0.00955280850869936,0.010042193079862271,0.9930671535949188,0.0,0.0
2005-04-26 00:00:00+07:00,0.010222045938200076,0.010352725306027148,0.010026181408378954,0.010352725306027148,0.9370881442859943,0.0,0.0
2005-04-27 00:00:00+07:00,0.010533985004664338,0.01066326841017121,0.010341773629842836,0.010197467936636846,0.9587878794864296,0.0,0.0
2005-04-28 00:00:00+07:00,0.010378014161894794,0.010352728756870978,0.010026184805741033,0.009886928424061865,0.9408882089131394,0.0,0.0
2005-04-29 00:00:00+07:00,0.009910118121799288,0.009731660048045553,0.009237226202994088,0.00957639328333294,0.9790285878971431,0.0,0.0
2005-05-02 00:00:00+07:00,0.009910120394906647,0.010042195876903578,0.01002618548106671,0.009731662310979428,0.88470750062574,0.0,0.0
2005-05-03 00:00:00+07:00,0.009910119727398557,0.0100421952016649,0.009868393396972298,0.009886928424061865,0.8936612561333154,0.0,0.0
2005-05-04 00:00:00+07:00,0.010222045312666562,0.01066325816481057,0.010183972161912799,0.010507991419109585,0.9331453983698387,0.0,0.0
2005-05-06 00:00:00+07:00,0.01068994272395938,0.010973794786536085,0.01081514077622658,0.010818528017120521,0.8968969800325213,0.0,0.0
2005-05-09 00:00:00+07:00,0.01100187151976973,0.010818527210010476,0.010657348574328814,0.010663260446756057,0.9161784939527975,0.0,0.0
2005-05-10 00:00:00+07:00,0.01084590672268411,0.010818527210010476,0.010815139968515616,0.010663260446756057,0.8839703926393493,0.0,0.0
2005-05-11 00:00:00+07:00,0.010533977128512884,0.010818527210010476,0.010499557180142005,0.010663260446756057,0.8678710525633467,0.0,0.0
2005-05-12 00:00:00+07:00,0.01100187151976973,0.010818527210010476,0.010972931362702415,0.010663260446756057,0.8753788180198752,0.0,0.0
2005-05-13 00:00:00+07:00,0.01068994272395938,0.010818528017120521,0.01081514077622658,0.010818528017120521,0.8551519895264125,0.0,0.0
2005-05-16 00:00:00+07:00,0.010845904430479666,0.01066325816481057,0.010815137667304634,0.010507991419109585,0.8411151198291568,0.0,0.0
2005-05-17 00:00:00+07:00,0.010845903994630708,0.010973791215638913,0.010815137229743137,0.010973791215638913,0.8832331338071041,0.0,0.0
2005-05-18 00:00:00+07:00,0.01115783713378277,0.010973794786536085,0.010972932176674714,0.010818528017120521,0.8795953239902137,0.0,0.0
2005-05-19 00:00:00+07:00,0.0110018687707313,0.010973791215638913,0.011130719975655158,0.010973791215638913,0.8671901287186454,0.0,0.0
2005-05-20 00:00:00+07:00,0.011001872330508304,0.010818528017120521,0.010972932176674714,0.010818528017120521,0.8662609360126801,0.0,0.0
2005-05-23 00:00:00+07:00,0.010845907527233845,0.010818528017120521,0.010972932176674714,0.010818528017120521,0.8038147969802801,0.0,0.0
2005-05-25 00:00:00+07:00,0.010845907527233845,0.010818528017120521,0.010972932176674714,0.010818528017120521,0.8700884588742869,0.0,0.0
2005-05-26 00:00:00+07:00,0.010845903994630708,0.011129057958002224,0.010972928602699147,0.010973791215638913,0.8985848337279762,0.0,0.0
2005-05-27 00:00:00+07:00,0.01115783713378277,0.010973794786536085,0.011130723577122845,0.010818528017120521,0.8885803823906386,0.0,0.0
2005-05-30 00:00:00+07:00,0.011001877552242856,0.011284333642777943,0.011130728860012252,0.011284333642777943,0.8929920173036894,0.0,0.0
2005-05-31 00:00:00+07:00,0.011469770122849117,0.012060665665472134,0.011604101200599348,0.012060665665472134,0.9206579229045609,0.0,0.0
2005-06-01 00:00:00+07:00,0.012093627193777035,0.012060663416189017,0.012077473225592286,0.011905396637825662,0.8910137304394485,0.0,0.0
2005-06-02 00:00:00+07:00,0.012093626018586729,0.012526462547437424,0.012235263446180047,0.012526462547437424,0.9207442157264056,0.0,0.0
2005-06-03 00:00:00+07:00,0.012717478764043163,0.012836989555921208,0.012550839794920415,0.01268172283139177,0.9154044541180448,0.0,0.0
2005-06-06 00:00:00+07:00,0.012717484423792936,0.012526461741281414,0.012550845440306532,0.012371194977072963,0.8811534924075858,0.0,0.0
2005-06-07 00:00:00+07:00,0.012561517335895115,0.01268172619354958,0.01255084314006509,0.012215925949426488,0.8827998407865343,0.0,0.0
2005-06-08 00:00:00+07:00,0.012405552554091277,0.01237119269746752,0.012235260382612988,0.012215925949426488,0.882016825663845,0.0,0.0
2005-06-09 00:00:00+07:00,0.012405554827705063,0.012371194977072963,0.012393054045150183,0.012371194977072963,0.85297674397273,0.0,0.0
2005-06-10 00:00:00+07:00,0.012561517335895115,0.01237119269746752,0.012393051761339039,0.012215925949426488,0.8388138028232692,0.0,0.0
2005-06-13 00:00:00+07:00,0.012249587772287438,0.01237119269746752,0.012393051761339039,0.012215925949426488,0.881888037795641,0.0,0.0
2005-06-14 00:00:00+07:00,0.012561520429826573,0.012526462547437424,0.012550846248031673,0.012526462547437424,0.8803483651060657,0.0,0.0
2005-06-15 00:00:00+07:00,0.012717486819392852,0.012992264469169703,0.012866430654275448,0.012836997688166343,0.9326366829695206,0.0,0.0
2005-06-16 00:00:00+07:00,0.013029416449221568,0.013302798031176427,0.012866430654275448,0.012836997688166343,0.9133693138123249,0.0,0.0
2005-06-17 00:00:00+07:00,0.013029418779405565,0.013302800399259719,0.01318201583619832,0.013302800399259716,0.8868218775981883,0.0,0.0
2005-06-20 00:00:00+07:00,0.013497316912225464,0.013302804022502005,0.01333981089685271,0.013147537200741324,0.860955954295271,0.0,0.0
2005-06-21 00:00:00+07:00,0.013185387200515646,0.01345807084426268,0.01318201944320833,0.013147537200741324,0.8962529489513895,0.0,0.0
2005-06-22 00:00:00+07:00,0.013341352056370551,0.01314753720074132,0.013024227989563954,0.013147537200741324,0.8900640980880165,0.0,0.0
2005-06-23 00:00:00+07:00,0.013185381264135928,0.013147531250173063,0.013182013478724146,0.012836997688166343,0.8462210090728388,0.0,0.0
2005-06-24 00:00:00+07:00,0.013029420144139315,0.012992268173094845,0.013024225778731281,0.012992268173094845,0.866440746079558,0.0,0.0
2005-06-27 00:00:00+07:00,0.013029414841066417,0.012836996087208626,0.012866429049883301,0.012526462547437424,0.8449099441155552,0.0,0.0
2005-06-28 00:00:00+07:00,0.012873450037319802,0.012836996087208626,0.012866429049883301,0.012526462547437424,0.8778430139537623,0.0,0.0
2005-06-29 00:00:00+07:00,0.012873450037319802,0.012836996087208626,0.012866429049883301,0.012526462547437424,0.8281138718015907,0.0,0.0
2005-06-30 00:00:00+07:00,0.012873451634307212,0.012836997688166343,0.012866430654275448,0.012836997688166343,0.900004662962864,0.0,0.0
2005-07-01 00:00:00+07:00,0.013029422344660736,0.01314753720074132,0.013024227989563954,0.013147537200741324,0.8617055101121849,0.0,0.0
2005-07-04 00:00:00+07:00,0.013185373038602791,0.012992256280450646,0.012866422504584734,0.01268172283139177,0.8807772389979328,0.0,0.0
2005-07-05 00:00:00+07:00,0.01287344922183687,0.012681728505489858,0.012708636835462871,0.012371194977072963,0.9070265278851678,0.0,0.0
2005-07-06 00:00:00+07:00,0.012717484423792936,0.012526461741281414,0.012550845440306532,0.012371194977072963,0.8699763753515226,0.0,0.0
2005-07-07 00:00:00+07:00,0.012405559093951888,0.012371199254562641,0.012235266904545062,0.012060665665472134,0.9254853742488658,0.0,0.0
2005-07-08 00:00:00+07:00,0.012093625231617187,0.012371194977072963,0.012235262649993833,0.012371194977072963,0.8617239804675795,0.0,0.0
2005-07-11 00:00:00+07:00,0.012561519625748994,0.012371194977072963,0.012550845440306532,0.012371194977072963,0.8140356212893048,0.0,0.0
2005-07-12 00:00:00+07:00,0.012561517335895115,0.01237119269746752,0.01255084314006509,0.012215925949426488,0.8607489982644402,0.0,0.0
2005-07-13 00:00:00+07:00,0.012405552554091277,0.01237119269746752,0.01255084314006509,0.012215925949426488,0.8809489169577358,0.0,0.0
2005-07-14 00:00:00+07:00,0.012561519625748994,0.012526461741281414,0.012708636835462871,0.012371194977072963,0.8497208064378219,0.0,0.0
2005-07-15 00:00:00+07:00,0.012561519625748994,0.012526461741281414,0.012708636835462871,0.012371194977072963,0.8927002017096348,0.0,0.0
2005-07-18 00:00:00+07:00,0.01271748523357319,0.012526462547437424,0.012866429049883301,0.012526462547437424,0.871476658590832,0.0,0.0
2005-07-19 00:00:00+07:00,0.012561520429826573,0.012526462547437424,0.012708637648957487,0.012526462547437424,0.8828027819592091,0.0,0.0
2005-07-20 00:00:00+07:00,0.012908956891534599,0.01319361645829134,0.012898713911129678,0.01319361645829134,0.8938915045251044,8.0,0.0
2005-07-21 00:00:00+07:00,0.013387638472748466,0.013352462858533365,0.013383001618886052,0.01319361645829134,0.8756263650989371,0.0,0.0
2005-07-22 00:00:00+07:00,0.013387645164558912,0.013193623120152015,0.013060149775198919,0.012717083779666634,0.8895399526863592,0.0,0.0
2005-07-25 00:00:00+07:00,0.012908958082440233,0.013034771260561757,0.013060144351901518,0.013034771260561757,0.8688920206105363,0.0,0.0
2005-07-26 00:00:00+07:00,0.013228081314012149,0.013511312682878605,0.013383005026669614,0.013511312682878602,0.9113230920536138,0.0,0.0
2005-07-27 00:00:00+07:00,0.013706762732581281,0.01367015887236956,0.013705863311590495,0.013352466027866997,0.8708807923355851,0.0,0.0
2005-07-28 00:00:00+07:00,0.01370676296638803,0.013670159106735132,0.013705863546504146,0.013511312682878602,0.8206176865546827,0.0,0.0
2005-07-29 00:00:00+07:00,0.013706761743184658,0.01382900429606658,0.013867291568892375,0.013670157880608179,0.8454034577638632,0.0,0.0
2005-08-01 00:00:00+07:00,0.01386632351717999,0.013829005530591656,0.013867292806421416,0.013511312682878602,0.8793331439773322,0.0,0.0
2005-08-02 00:00:00+07:00,0.013706759596623576,0.014146694931078962,0.013867289397191632,0.014146694931078962,0.876908244636139,0.0,0.0
2005-08-03 00:00:00+07:00,0.014345002210934016,0.014782081049279923,0.014513006852818436,0.014464388241102175,0.9039700786672008,0.0,0.0
2005-08-04 00:00:00+07:00,0.014823695415139362,0.01478209268476004,0.014674447685462829,0.01430555324434675,0.882145259707478,0.0,0.0
2005-08-05 00:00:00+07:00,0.014504564700506026,0.01430554378688383,0.01402872106206719,0.013829004535619794,0.842444817958517,0.0,0.0
2005-08-08 00:00:00+07:00,0.01386632351717999,0.013670159106735132,0.013867292806421416,0.013511312682878602,0.8720243020167487,0.0,0.0
2005-08-09 00:00:00+07:00,0.013706760760329041,0.013511310486693021,0.013221573596426409,0.013034771260561757,0.9174486870116825,0.0,0.0
2005-08-10 00:00:00+07:00,0.013387641634222281,0.013511312450118277,0.01354443405330457,0.013352466027866997,0.8674359151362895,0.0,0.0
2005-08-11 00:00:00+07:00,0.013547198999819758,0.013352462858533365,0.013383001618886052,0.01319361645829134,0.8594634239617213,0.0,0.0
2005-08-12 00:00:00+07:00,0.01322808459069174,0.013034776673323551,0.013060149775198919,0.012717083779666634,0.881716770275207,0.0,0.0
2005-08-15 00:00:00+07:00,0.01290895532242101,0.012717075695474391,0.012091566212080615,0.012240536528221699,0.9752523776899075,0.0,0.0
2005-08-16 00:00:00+07:00,0.01243027549324428,0.012399384640515331,0.012575855624357982,0.012399384640515331,0.8705799866510775,0.0,0.0
2005-08-18 00:00:00+07:00,0.012589836021650778,0.012558231042086584,0.01241442638708835,0.012399384640515331,0.9277433029875647,0.0,0.0
2005-08-19 00:00:00+07:00,0.01243027418206288,0.012240536933630981,0.011607278932299268,0.011605151365457294,0.9613689721174479,0.0,0.0
2005-08-22 00:00:00+07:00,0.011632469859899783,0.012081688769208558,0.011768706411664755,0.011446303253163672,0.8811900384438859,0.0,0.0
2005-08-23 00:00:00+07:00,0.011792030365644822,0.012717074285253458,0.011768706411664755,0.011446303253163672,0.9283855314301674,0.0,0.0
2005-08-24 00:00:00+07:00,0.011632471587883723,0.011922844149544136,0.011445849704712383,0.011605151365457294,0.9433810374896967,0.0,0.0
2005-08-25 00:00:00+07:00,0.011792033379618282,0.012558231042086584,0.0117687094380098,0.012399384640515331,0.8906819337679782,0.0,0.0
2005-08-26 00:00:00+07:00,0.012270718847178896,0.012240542132328305,0.01193014251644612,0.012081695702338184,0.8600317135732342,0.0,0.0
2005-08-29 00:00:00+07:00,0.01211115137713491,0.01192284239019734,0.01144584798297919,0.011446303253163672,0.9418519730940677,0.0,0.0
2005-08-30 00:00:00+07:00,0.011313345420476274,0.012558224257394501,0.010477269388907747,0.011922838846352424,0.934731245901491,0.0,0.0
2005-08-31 00:00:00+07:00,0.012589834290694334,0.012558229306390164,0.012414424661239758,0.012240536528221699,0.8884450303811039,0.0,0.0
2005-09-01 00:00:00+07:00,0.012270715213922999,0.0127170776989215,0.012091568160845566,0.012558231295526932,0.878479631860426,0.0,0.0
2005-09-05 00:00:00+07:00,0.012589829255486885,0.012399377904633985,0.012252990453225407,0.011922838846352424,0.8829613311206977,0.0,0.0
2005-09-06 00:00:00+07:00,0.012270718847178896,0.012399388562318422,0.012414430314897883,0.012081695702338184,0.9056975190297963,0.0,0.0
2005-09-07 00:00:00+07:00,0.01243027549324428,0.012558231042086584,0.012575855624357982,0.012399384640515331,0.8976137434850551,0.0,0.0
2005-09-08 00:00:00+07:00,0.01274939680463702,0.01287592410231607,0.01273728511733594,0.012558231295526932,0.9153605038147032,0.0,0.0
2005-09-09 00:00:00+07:00,0.012749396364463303,0.013352462858533365,0.012898713911129678,0.01319361645829134,0.9304236803401303,0.0,0.0
2005-09-12 00:00:00+07:00,0.013387641864804106,0.013670159106735132,0.013544434286586877,0.013511312682878602,0.945595894237758,0.0,0.0
2005-09-13 00:00:00+07:00,0.0137067620112626,0.013511311732027919,0.01306014557384469,0.012875926062832173,0.9393547123071898,0.0,0.0
2005-09-14 00:00:00+07:00,0.012908961074991402,0.012875927852288777,0.012414430314897883,0.012081695702338184,0.9079990628647104,0.0,0.0
2005-09-15 00:00:00+07:00,0.012270718847178896,0.012399388562318422,0.012414430314897883,0.012081695702338184,0.8641965938465233,0.0,0.0
2005-09-16 00:00:00+07:00,0.012430273774830997,0.012558229306390164,0.012414424661239758,0.012240536528221699,0.9083647811402734,0.0,0.0
2005-09-19 00:00:00+07:00,0.012908957078463776,0.01271707744365784,0.012575855624357982,0.012399384640515331,0.9211720122275079,0.0,0.0
2005-09-20 00:00:00+07:00,0.012589836274399014,0.0127170776989215,0.01257585587821335,0.012558231295526932,0.9486698379767406,0.0,0.0
2005-09-21 00:00:00+07:00,0.01274939680463702,0.012558231295526932,0.012898714356458531,0.012558231295526932,0.0,0.0,0.0
2005-09-22 00:00:00+07:00,0.012749394806557672,0.012558229306390164,0.011930136987501044,0.012240536528221699,0.935341264014746,0.0,0.0
2005-09-23 00:00:00+07:00,0.01211114781735791,0.01208168519911294,0.012091561265560161,0.011922838846352424,0.8397981744709995,0.0,0.0
2005-09-26 00:00:00+07:00,0.012111152743104328,0.012717075695474391,0.01225299543666019,0.012240536528221699,0.9146605484045229,0.0,0.0
2005-09-27 00:00:00+07:00,0.01211115829022577,0.012240542132328305,0.012253001048747294,0.012081695702338184,0.8898116214044166,0.0,0.0
2005-09-28 00:00:00+07:00,0.012270713663227052,0.012081690541587562,0.011768708159886149,0.011605151365457294,0.8478455024712922,0.0,0.0
2005-09-29 00:00:00+07:00,0.012270718847178896,0.012240542132328305,0.011607283984144939,0.012081695702338184,0.909936517262518,0.0,0.0
2005-09-30 00:00:00+07:00,0.012589836021650778,0.012399384640515331,0.01241442638708835,0.012399384640515331,0.8829964913623286,0.0,0.0
2005-10-03 00:00:00+07:00,0.012589836021650778,0.012399384640515331,0.012252997149818708,0.012399384640515331,0.8918015346729452,0.0,0.0
2005-10-04 00:00:00+07:00,0.013547202183401785,0.013352466027866997,0.012737287761874962,0.013352466027866997,0.9413528252800074,0.0,0.0
2005-10-05 00:00:00+07:00,0.013068519834443047,0.01335246531472898,0.01273728706733859,0.012875926062832173,0.8932655664305719,0.0,0.0
2005-10-06 00:00:00+07:00,0.013068519834443047,0.012875926062832173,0.01273728706733859,0.012875926062832173,0.8761887646044606,0.0,0.0
2005-10-07 00:00:00+07:00,0.012744803295004069,0.01271479029432776,0.012730315101082593,0.012553658344540475,0.8811108192242915,5.0,0.0
2005-10-10 00:00:00+07:00,0.013068518370609516,0.012875924605550152,0.012566565483452672,0.012875924605550152,0.8782111012123991,0.0,0.0
2005-10-11 00:00:00+07:00,0.012744803295004069,0.01271479029432776,0.012730315101082593,0.012553658344540475,0.8921568174976229,0.0,0.0
2005-10-12 00:00:00+07:00,0.01258295307636903,0.012553664495127834,0.012566569312026724,0.012392532500445749,0.8417351634902771,0.0,0.0
2005-10-13 00:00:00+07:00,0.012421085291731557,0.012231389168966749,0.012239053973523963,0.012231389168966749,0.9056019022529451,0.0,0.0
2005-10-14 00:00:00+07:00,0.012421085291731557,0.012231389168966749,0.012239053973523963,0.012231389168966749,0.872660695771406,0.0,0.0
2005-10-17 00:00:00+07:00,0.012421091431093111,0.01223139528085106,0.011911556183379798,0.012070263324872023,0.911522405371199,0.0,0.0
2005-10-18 00:00:00+07:00,0.012259235073096522,0.01207026332487203,0.012239060092768532,0.012070263324872023,0.822610063916909,0.0,0.0
2005-10-19 00:00:00+07:00,0.011773666851188965,0.011909132230112304,0.011911557045441244,0.011586868305203581,0.9150118361337874,0.0,0.0
2005-10-20 00:00:00+07:00,0.011935521461324615,0.01174799852114437,0.011747803336147056,0.01174799852114437,0.9056416159797764,0.0,0.0
2005-10-21 00:00:00+07:00,0.012097377535293802,0.01190913019436719,0.011911555007705476,0.01190913019436719,0.8033504309202588,0.0,0.0
2005-10-24 00:00:00+07:00,0.012097377535293802,0.012392526035811209,0.012239058899144981,0.01190913019436719,0.877310205879857,0.0,0.0
2005-10-25 00:00:00+07:00,0.012421091431093111,0.01223139528085106,0.012239060092768532,0.012070263324872023,0.8341747030040947,0.0,0.0
2005-10-26 00:00:00+07:00,0.012097377535293802,0.01207026214151519,0.012075306953425225,0.01190913019436719,0.9511338744285709,0.0,0.0
2005-10-27 00:00:00+07:00,0.012097377535293802,0.01190913019436719,0.012075306953425225,0.01190913019436719,0.8975558612559895,0.0,0.0
2005-10-28 00:00:00+07:00,0.011449959094751203,0.011748005333090571,0.011256554153145356,0.011264609330604015,0.8982943519638504,0.0,0.0
2005-10-31 00:00:00+07:00,0.011449959094751203,0.01142574133143287,0.011256554153145356,0.011264609330604015,0.8602180293158775,0.0,0.0
2005-11-01 00:00:00+07:00,0.010802528943540324,0.011425736631980765,0.010274037706276495,0.010620076808584664,0.9461544560041251,0.0,0.0
2005-11-07 00:00:00+07:00,0.010802528943540324,0.010620076808584664,0.010929045560420587,0.010620076808584664,0.0,0.0,0.0
2005-11-08 00:00:00+07:00,0.010802528943540324,0.010620076808584664,0.010929045560420587,0.010620076808584664,0.0,0.0,0.0
2005-11-09 00:00:00+07:00,0.010640676445164532,0.010458948694952362,0.009782785539962334,0.010136684703480257,0.9490784741632242,0.0,0.0
2005-11-10 00:00:00+07:00,0.009993250037527941,0.010136683877687114,0.009946536716476224,0.00981441989975261,0.9292972861980711,0.0,0.0
2005-11-11 00:00:00+07:00,0.009993250037527941,0.010136683877687114,0.00961903274003827,0.00981441989975261,0.9227926117310902,0.0,0.0
2005-11-14 00:00:00+07:00,0.010155095864662376,0.009975541372001264,0.009619022405631332,0.009975541372001264,0.9144218906935869,0.0,0.0
2005-11-15 00:00:00+07:00,0.010640672869571141,0.010458945135361851,0.010110286029381254,0.010458945135361851,0.8722386262559808,0.0,0.0
2005-11-16 00:00:00+07:00,0.011288095701614344,0.011103470370971088,0.010765291301369644,0.011103470370971088,0.8817468626283909,0.0,0.0
2005-11-17 00:00:00+07:00,0.011288095701614344,0.011103470370971088,0.011092795191417256,0.011103470370971088,0.8873371949108539,0.0,0.0
2005-11-18 00:00:00+07:00,0.011126246946812832,0.011103477990146389,0.01092905080797818,0.010942345984158386,0.9611856467043738,0.0,0.0
2005-11-21 00:00:00+07:00,0.010964383553675974,0.011425734827726831,0.010929043797352291,0.010781207024525456,0.9305689427141806,0.0,0.0
2005-11-22 00:00:00+07:00,0.011126246946812832,0.010942345984158386,0.01092905080797818,0.010942345984158386,0.93449920455005,0.0,0.0
2005-11-23 00:00:00+07:00,0.011449959094751203,0.011264609330604015,0.011092802152871915,0.011264609330604015,0.9109814920863626,0.0,0.0
2005-11-24 00:00:00+07:00,0.011935521461324615,0.01174799852114437,0.011747803336147056,0.01174799852114437,0.9437610041625318,0.0,0.0
2005-11-25 00:00:00+07:00,0.011935521461324615,0.011909130470367568,0.011911555283975746,0.01174799852114437,0.8760564431246943,0.0,0.0
2005-11-28 00:00:00+07:00,0.011935521461324615,0.011909130470367568,0.011911555283975746,0.01174799852114437,0.9178700860894069,0.0,0.0
2005-11-29 00:00:00+07:00,0.011935521461324615,0.01174799852114437,0.011911555283975746,0.01174799852114437,0.8637964116679195,0.0,0.0
2005-11-30 00:00:00+07:00,0.011935521461324615,0.01174799852114437,0.011911555283975746,0.01174799852114437,0.9236560203421343,0.0,0.0
2005-12-01 00:00:00+07:00,0.011935521461324615,0.01174799852114437,0.011911555283975746,0.01174799852114437,0.8857821612335249,0.0,0.0
2005-12-02 00:00:00+07:00,0.012259235073096522,0.01207026332487203,0.012075308138074167,0.012070263324872023,0.9565534476304266,0.0,0.0
2005-12-05 00:00:00+07:00,0.012259235073096522,0.01223139528085106,0.012239060092768532,0.012070263324872023,0.8871365746171594,0.0,0.0
2005-12-06 00:00:00+07:00,0.01258295307636903,0.012714796489809922,0.012402817317999987,0.012392532500445749,0.929223253347439,0.0,0.0
2005-12-07 00:00:00+07:00,0.013230380299912848,0.013037062107901069,0.012894074919821405,0.013037062107901055,0.9488606453925135,0.0,0.0
2005-12-08 00:00:00+07:00,0.01339223344621495,0.013520454833125469,0.013385327660314087,0.013198190866559826,0.9383787097621958,0.0,0.0
2005-12-09 00:00:00+07:00,0.01290666229664033,0.013198188839037013,0.012730317743122405,0.012714792932327336,0.9053374891783114,0.0,0.0
2005-12-12 00:00:00+07:00,0.01290666229664033,0.012875924901230563,0.012894069710951115,0.012714792932327336,0.8700768764811224,0.0,0.0
2005-12-13 00:00:00+07:00,0.013230380299912848,0.013037062107901069,0.013057826925671066,0.013037062107901055,0.8894481940348127,0.0,0.0
2005-12-14 00:00:00+07:00,0.01258295307636903,0.013037060479174092,0.012566569312026724,0.012392532500445749,0.8996675699515037,0.0,0.0
2005-12-15 00:00:00+07:00,0.01258295307636903,0.012553664495127834,0.012566569312026724,0.012392532500445749,0.9115319510700886,0.0,0.0
2005-12-16 00:00:00+07:00,0.01258295307636903,0.012553664495127834,0.012566569312026724,0.012392532500445749,0.8918330633036698,0.0,0.0
2005-12-19 00:00:00+07:00,0.01258295307636903,0.012553664495127834,0.012566569312026724,0.012392532500445749,0.8264453120090655,0.0,0.0
2005-12-20 00:00:00+07:00,0.01258295307636903,0.012392532500445749,0.012566569312026724,0.012392532500445749,0.8713866350329167,0.0,0.0
2005-12-21 00:00:00+07:00,0.012259235073096522,0.01223139528085106,0.012239060092768532,0.012070263324872023,0.88754227326965,0.0,0.0
2005-12-22 00:00:00+07:00,0.01258295307636903,0.012392532500445749,0.012402817317999987,0.012392532500445749,0.8511490246135845,0.0,0.0
2005-12-23 00:00:00+07:00,0.012582941604251396,0.012392521079672564,0.012402805882208975,0.012231389168966749,0.8220632919729732,0.0,0.0
2005-12-26 00:00:00+07:00,0.012421085291731557,0.012231389168966749,0.012566557790893974,0.012231389168966749,0.0,0.0,0.0
2005-12-27 00:00:00+07:00,0.012259235073096522,0.012392527236830087,0.012402812047462897,0.012070263324872023,0.7918814963605324,0.0,0.0
2005-12-28 00:00:00+07:00,0.012421085291731557,0.012231389168966749,0.012239053973523963,0.012231389168966749,0.802946379418423,0.0,0.0
2005-12-29 00:00:00+07:00,0.01258295307636903,0.012392532500445749,0.012239065323973251,0.012392532500445749,0.8528596985649634,0.0,0.0
2005-12-30 00:00:00+07:00,0.01258295307636903,0.012392532500445749,0.012730321306053456,0.012392532500445749,0.0,0.0,0.0
2006-01-02 00:00:00+07:00,0.01258295307636903,0.012392532500445749,0.012402817317999987,0.012392532500445749,0.7745238082396357,0.0,0.0
2006-01-03 00:00:00+07:00,0.013068518370609516,0.012875924605550152,0.012566565483452672,0.012875924605550152,0.8862188734710933,0.0,0.0
2006-01-04 00:00:00+07:00,0.013230375281055001,0.014164980905896716,0.013385325859733701,0.014164980905896716,0.9601069313678346,0.0,0.0
2006-01-05 00:00:00+07:00,0.014363372299256084,0.014326115291283303,0.01387658413959315,0.013681587343510295,0.8924472486817172,0.0,0.0
2006-01-06 00:00:00+07:00,0.013715946742856026,0.013842719330453543,0.013712832153431085,0.013681587343510295,0.8804567261212833,0.0,0.0
2006-01-09 00:00:00+07:00,0.0138778025103281,0.014003850689955927,0.01404033549684702,0.014003850689955927,0.9083630788126805,0.0,0.0
2006-01-10 00:00:00+07:00,0.014201515279894408,0.014003850689955927,0.014367839460436314,0.014003850689955927,0.0,0.0,0.0
2006-01-11 00:00:00+07:00,0.014201514118922984,0.014003849534180532,0.013876582364619083,0.01384271755945109,0.9045665554916361,0.0,0.0
2006-01-12 00:00:00+07:00,0.014039659521056048,0.013842719330453543,0.014040336125755216,0.013681587343510295,0.8875502451558296,0.0,0.0
2006-01-13 00:00:00+07:00,0.013877803131956037,0.013842719330453543,0.014040336125755216,0.013681587343510295,0.8670914511749958,0.0,0.0
2006-01-16 00:00:00+07:00,0.013877803131956037,0.014164983304340049,0.01387658413959315,0.013681587343510295,0.9169356748451716,0.0,0.0
2006-01-17 00:00:00+07:00,0.013877800501150311,0.013681584724478967,0.01371282952878132,0.013520452755723437,0.893742786732717,0.0,0.0
2006-01-18 00:00:00+07:00,0.013554093117032252,0.013359326120532755,0.013385330937370397,0.013037062107901055,0.8593712704942515,0.0,0.0
2006-01-19 00:00:00+07:00,0.013392232234766509,0.013842717559451087,0.013549078417119761,0.01384271755945109,0.8462852858170704,0.0,0.0
2006-01-20 00:00:00+07:00,0.014039657742091687,0.014003849534180532,0.014040334338368744,0.01384271755945109,0.8682821193355215,0.0,0.0
2006-01-23 00:00:00+07:00,0.013877800501150311,0.013681584724478967,0.01371282952878132,0.013520452755723437,0.8342412370392017,0.0,0.0
2006-01-24 00:00:00+07:00,0.013715944130319787,0.013520452755723437,0.01371282952878132,0.013520452755723437,0.8027185757834358,0.0,0.0
2006-01-25 00:00:00+07:00,0.0137159449884291,0.013842717559451087,0.013876582364619083,0.01384271755945109,0.8529266175344722,0.0,0.0
2006-01-26 00:00:00+07:00,0.014039659521056048,0.013842719330453543,0.014040336125755216,0.013681587343510295,0.835649281944204,0.0,0.0
2006-01-27 00:00:00+07:00,0.014201515279894408,0.014003850689955927,0.01404033549684702,0.014003850689955927,0.8552104018878592,0.0,0.0
2006-01-30 00:00:00+07:00,0.014039657742091687,0.014003849534180532,0.014040334338368744,0.01384271755945109,0.7888438480368353,0.0,0.0
2006-01-31 00:00:00+07:00,0.014039657742091687,0.013842717559451087,0.014204086312118398,0.01384271755945109,0.0,0.0,0.0
2006-02-01 00:00:00+07:00,0.014363369890030054,0.014164980905896716,0.014204085707637839,0.014164980905896716,0.8837950838786973,0.0,0.0
2006-02-02 00:00:00+07:00,0.014201515279894408,0.014003850689955927,0.014204087478641669,0.014003850689955927,0.8380157037380597,0.0,0.0
2006-02-03 00:00:00+07:00,0.014525227427832778,0.01432611403640156,0.014367838840026882,0.01432611403640156,0.8297706701983218,0.0,0.0
2006-02-06 00:00:00+07:00,0.014525227427832778,0.01432611403640156,0.014531590817572146,0.01432611403640156,0.8267194399389777,0.0,0.0
2006-02-07 00:00:00+07:00,0.014525225669267647,0.014487244252342352,0.014695341015956678,0.014487244252342352,0.8306763255749896,0.0,0.0
2006-02-08 00:00:00+07:00,0.014525228049460721,0.014326114655247354,0.01404033549684702,0.014003850689955927,0.8910433290068558,0.0,0.0
2006-02-09 00:00:00+07:00,0.014201515279894408,0.014003850689955927,0.014204087478641669,0.014003850689955927,0.86882861135163,0.0,0.0
2006-02-10 00:00:00+07:00,0.014201515279894408,0.014003850689955927,0.01404033549684702,0.014003850689955927,0.7873497321702791,0.0,0.0
2006-02-13 00:00:00+07:00,0.014039657742091687,0.01416498150890997,0.014040334338368744,0.01384271755945109,0.8313707547486106,0.0,0.0
2006-02-14 00:00:00+07:00,0.014039657742091687,0.013842717559451087,0.013876582364619083,0.01384271755945109,0.8831368684784522,0.0,0.0
2006-02-15 00:00:00+07:00,0.013877803131956037,0.013842719330453543,0.01387658413959315,0.013681587343510295,0.8538371695280731,0.0,0.0
2006-02-16 00:00:00+07:00,0.014039657742091687,0.01416498150890997,0.014040334338368744,0.01384271755945109,0.8309624685859637,0.0,0.0
2006-02-17 00:00:00+07:00,0.014039657742091687,0.014003849534180532,0.014204086312118398,0.01384271755945109,0.8222032736709431,0.0,0.0
2006-02-20 00:00:00+07:00,0.013877803131956037,0.013842719330453543,0.01387658413959315,0.013681587343510295,0.8508412194335954,0.0,0.0
2006-02-21 00:00:00+07:00,0.013877800802192808,0.01368158502417412,0.01371282982911939,0.013359321082500625,0.8623932022557457,0.0,0.0
2006-02-22 00:00:00+07:00,0.013230380299912848,0.013520458126848607,0.013385330937370397,0.013037062107901055,0.8893869213889126,0.0,0.0
2006-02-23 00:00:00+07:00,0.013068518370609516,0.013359320505878243,0.013221573346120376,0.012875924605550152,0.8743259742930276,0.0,0.0
2006-02-24 00:00:00+07:00,0.013068518370609516,0.013198188539102207,0.013221573346120376,0.012875924605550152,0.6581191357175694,0.0,0.0
2006-02-27 00:00:00+07:00,0.013554088056350604,0.013842716995010874,0.013385325889532042,0.013359321082500625,0.861958840037926,0.0,0.0
2006-02-28 00:00:00+07:00,0.013877803131956037,0.013681587343510295,0.013712832153431085,0.013681587343510295,0.8421159223534315,0.0,0.0
2006-03-01 00:00:00+07:00,0.0138778025103281,0.01416498267260164,0.013876583515052374,0.014003850689955927,0.8804412613459104,0.0,0.0
2006-03-02 00:00:00+07:00,0.014848948358772353,0.01497065019191076,0.014367846885069507,0.014648386126539324,0.9253873083504478,0.0,0.0
2006-03-03 00:00:00+07:00,0.01484893927524903,0.014809509056070008,0.0150228458257568,0.014809509056070008,0.8374061169842432,0.0,0.0
2006-03-06 00:00:00+07:00,0.014848938406669197,0.014809508185612958,0.014859092981480596,0.014487244252342352,0.8337483078644082,0.0,0.0
2006-03-07 00:00:00+07:00,0.014201515279894408,0.014809510603184483,0.014367839460436314,0.014003850689955927,0.8499173414707974,0.0,0.0
2006-03-08 00:00:00+07:00,0.014039659521056048,0.014003851317396798,0.014040336125755216,0.013681587343510295,0.8794407208740365,0.0,0.0
2006-03-09 00:00:00+07:00,0.014039658895111256,0.014003850689955927,0.01404033549684702,0.014003850689955927,0.8528931700237677,0.0,0.0
2006-03-10 00:00:00+07:00,0.015334509261512235,0.015131773859797661,0.014531590750272834,0.015131773859797661,0.903795836130038,0.0,0.0
2006-03-13 00:00:00+07:00,0.015334507512771503,0.01529290408551887,0.014859092981480596,0.014487244252342352,0.8735330358236657,0.0,0.0
2006-03-14 00:00:00+07:00,0.014687083808415744,0.014970641950258847,0.014695342795117413,0.01432611403640156,0.8511142803022279,0.0,0.0
2006-03-15 00:00:00+07:00,0.014525226262740772,0.014326112876524022,0.014367837677218668,0.014164980905896716,0.8686338837373024,0.0,0.0
2006-03-16 00:00:00+07:00,0.015172656115210122,0.015454041098720273,0.014695345912964498,0.01497064510113889,0.9209501507107207,0.0,0.0
2006-03-17 00:00:00+07:00,0.015334506933925993,0.01658195920844912,0.015514100257951531,0.016420827245580187,0.9373416137407801,0.0,0.0
2006-03-20 00:00:00+07:00,0.01760049429708082,0.01738761728491708,0.01666036229772071,0.01738761728491708,0.9385012718649065,0.0,0.0
2006-03-21 00:00:00+07:00,0.017600500791178683,0.017548755741125313,0.01698787257340493,0.01706535976759954,0.8527703240006654,0.0,0.0
2006-03-22 00:00:00+07:00,0.01614379255902523,0.01690422706136669,0.016005359939391242,0.015937435140475784,0.8756400793547053,0.0,0.0
2006-03-23 00:00:00+07:00,0.0161437869834045,0.01674308934823097,0.016169106320204994,0.01577629763812488,0.8904951936095101,0.0,0.0
2006-03-24 00:00:00+07:00,0.015981930629721905,0.015937429589809225,0.016005354369875133,0.01577629763812488,0.8704231060268305,0.0,0.0
2006-03-27 00:00:00+07:00,0.016467501779296526,0.01625969557235737,0.01633286035710933,0.01625969557235737,0.8515352586878211,0.0,0.0
2006-03-28 00:00:00+07:00,0.01727678800447659,0.017387623749950055,0.016660368592479165,0.01706535976759954,0.8779932047223827,0.0,0.0
2006-03-29 00:00:00+07:00,0.01760049429708082,0.017871013142304534,0.017315370102203284,0.01738761728491708,0.9114682762290411,0.0,0.0
2006-03-30 00:00:00+07:00,0.01760049429708082,0.01738761728491708,0.017806625955565217,0.01738761728491708,0.0,0.0,0.0
2006-03-31 00:00:00+07:00,0.01760049429708082,0.01738761728491708,0.017806625955565217,0.01738761728491708,0.0,0.0,0.0
2006-04-03 00:00:00+07:00,0.01760049429708082,0.017548749237379566,0.017642874004444576,0.01738761728491708,0.8633169815194169,0.0,0.0
2006-04-04 00:00:00+07:00,0.01760049429708082,0.017548749237379566,0.01715161815108264,0.01738761728491708,0.8659329932542879,0.0,0.0
2006-04-05 00:00:00+07:00,0.01905720774580469,0.01899894307547781,0.01797038395071815,0.018837811087614557,0.9076270023398536,0.0,0.0
2006-04-06 00:00:00+07:00,0.019704634969348496,0.019643472692133127,0.019116649496578132,0.019482340695069867,0.912253346095391,0.0,0.0
2006-04-07 00:00:00+07:00,0.020028341261952725,0.02061025801976942,0.019935402969020667,0.01980459821238741,0.9009617278664652,0.0,0.0
2006-04-10 00:00:00+07:00,0.020028341261952725,0.01980459821238741,0.020262906889582922,0.01980459821238741,0.0,0.0,0.0
2006-04-11 00:00:00+07:00,0.018895345816501364,0.01948233336702312,0.018952890301171046,0.01867667358526365,0.8684703227710932,0.0,0.0
2006-04-12 00:00:00+07:00,0.01808607130198958,0.01867668104311871,0.01813413784506851,0.017871021048277664,0.9217828262613308,0.0,0.0
2006-04-13 00:00:00+07:00,0.018571627813228856,0.018998932113412654,0.018134125301024054,0.018354404409689933,0.9182794593606699,0.0,0.0
2006-04-14 00:00:00+07:00,0.018571627813228856,0.018354404409689933,0.018789132997653783,0.018354404409689933,0.0,0.0,0.0
2006-04-17 00:00:00+07:00,0.01873348681486511,0.018676670938705495,0.01862538374754066,0.018515538997476794,0.832609081680157,0.0,0.0
2006-04-18 00:00:00+07:00,0.01986648226031647,0.019965727518533344,0.01895288864154129,0.019643463624600548,0.9151003525750465,0.0,0.0
2006-04-19 00:00:00+07:00,0.02164690200164457,0.021577046891078762,0.020426656057774165,0.021415914944615564,0.8974570817254119,0.0,0.0
2006-04-20 00:00:00+07:00,0.021808766858614964,0.022221583322936694,0.020917920188812705,0.021577055361530515,0.9003312574887424,0.0,0.0
2006-04-21 00:00:00+07:00,0.021161336707404086,0.02157705070439643,0.0214091715229215,0.020932522839511164,0.8622290763917787,0.0,0.0
2006-04-24 00:00:00+07:00,0.021161332204524846,0.020610254471778566,0.02009915143931106,0.020126858644268993,0.9004140642948052,0.0,0.0
2006-04-25 00:00:00+07:00,0.01986648226031647,0.020126859465499747,0.02009915226028764,0.019643463624600548,0.8742518739756598,0.0,0.0
2006-04-26 00:00:00+07:00,0.02019020611892312,0.02044913465234531,0.020099163428313676,0.019965738629302357,0.9171886563707086,0.0,0.0
2006-04-27 00:00:00+07:00,0.019704634969348496,0.020288000680386192,0.019771657482364653,0.019482340695069867,0.9056380070347653,0.0,0.0
2006-04-28 00:00:00+07:00,0.019704627608357003,0.019804597279726912,0.018952890301171046,0.01867667358526365,0.917861750800231,0.0,0.0
2006-05-01 00:00:00+07:00,0.01905720774580469,0.019160075063341067,0.018952895873300308,0.018837811087614557,0.8673786804491855,0.0,0.0
2006-05-02 00:00:00+07:00,0.01905720774580469,0.019643471026930818,0.019116647860397334,0.018837811087614557,0.9016899612112868,0.0,0.0
2006-05-03 00:00:00+07:00,0.019219063819773872,0.019160074746923,0.01895289555896343,0.018998942760837374,0.8878996690884404,0.0,0.0
2006-05-04 00:00:00+07:00,0.018571627813228856,0.019160064039343335,0.018461629149338916,0.018354404409689933,0.9171942939804373,0.0,0.0
2006-05-05 00:00:00+07:00,0.018571630471685162,0.018676670938705495,0.018461631807836457,0.018515538997476794,0.900391862227997,0.0,0.0
2006-05-08 00:00:00+07:00,0.019219063819773872,0.019160074746923,0.01878914357367294,0.018998942760837374,0.909406802656023,0.0,0.0
2006-05-09 00:00:00+07:00,0.019704634969348496,0.019643472692133127,0.019116649496578132,0.019482340695069867,0.9107976332456158,0.0,0.0
2006-05-10 00:00:00+07:00,0.020028341261952725,0.01980459821238741,0.019771651008739538,0.01980459821238741,0.9013193464590908,0.0,0.0
2006-05-11 00:00:00+07:00,0.020837627487132786,0.02077139439257047,0.020262911229559376,0.020610262407629577,0.9289127836875657,0.0,0.0
2006-05-12 00:00:00+07:00,0.019704634969348496,0.020288000680386192,0.019607905485918026,0.019482340695069867,0.8934111199597784,0.0,0.0
2006-05-15 00:00:00+07:00,0.018247924448291698,0.01883780970703159,0.018297886569711617,0.018032149806936435,0.9156556413989694,0.0,0.0
2006-05-16 00:00:00+07:00,0.018409780522260874,0.018193281480159244,0.016660366488426757,0.018193281480159244,0.9297379603581937,0.0,0.0
2006-05-17 00:00:00+07:00,0.01905720774580469,0.019160075063341067,0.018952895873300308,0.018837811087614557,0.9242123820078203,0.0,0.0
2006-05-18 00:00:00+07:00,0.017600498919713034,0.018032149806936435,0.017479126674085327,0.018032149806936435,0.9043426080843306,0.0,0.0
2006-05-19 00:00:00+07:00,0.01824791971493775,0.01803214509476702,0.017642874004444576,0.01738761728491708,0.8451935288398751,0.0,0.0
2006-05-22 00:00:00+07:00,0.016629357853265712,0.017065355097055916,0.01666036398982562,0.016420827245580187,0.9138637697274763,0.0,0.0
2006-05-23 00:00:00+07:00,0.01695307585653822,0.01674309642115391,0.015841609254691885,0.01674309642115391,0.9026192456993195,0.0,0.0
2006-05-24 00:00:00+07:00,0.017114931930507404,0.017065360087490714,0.016005360937987902,0.016904228094376725,0.9246217439187221,0.0,0.0
2006-05-25 00:00:00+07:00,0.017114931930507404,0.016904228094376725,0.017315376877453034,0.016904228094376725,0.0,0.0,0.0
2006-05-26 00:00:00+07:00,0.017114931930507404,0.016904228094376725,0.017315376877453034,0.016904228094376725,0.0,0.0,0.0
2006-05-29 00:00:00+07:00,0.017438633379810557,0.01787100849046468,0.01666035784832912,0.016581953089674913,0.9080076404081165,0.0,0.0
2006-05-30 00:00:00+07:00,0.017762365009385352,0.017709895568503442,0.01698788020717008,0.01754876353096012,0.8863689927534825,0.0,0.0
2006-05-31 00:00:00+07:00,0.017114931930507404,0.016904228094376725,0.016660368907720463,0.016904228094376725,0.8867759756119729,0.0,0.0
2006-06-01 00:00:00+07:00,0.016791208071900755,0.017065348864971075,0.01682410977164106,0.016581953089674913,0.8422281467881965,0.0,0.0
2006-06-02 00:00:00+07:00,0.01695307585653822,0.016904228416230422,0.01666036922682976,0.01674309642115391,0.886483305555062,0.0,0.0
2006-06-05 00:00:00+07:00,0.017438644078445774,0.017387623430082235,0.016987872258068675,0.017226491440822354,0.8304515512768784,0.0,0.0
2006-06-06 00:00:00+07:00,0.017114931930507404,0.016904228094376725,0.016660368907720463,0.016904228094376725,0.846783634196355,0.0,0.0
2006-06-07 00:00:00+07:00,0.017379707212658062,0.017167818352034285,0.017248398743615844,0.017167818352034285,0.8705723461396646,9.0,0.0
2006-06-08 00:00:00+07:00,0.01622129083403722,0.016673580251544105,0.016076415367457266,0.016014586565308575,0.9355301546848511,0.0,0.0
2006-06-09 00:00:00+07:00,0.016883242213915683,0.016673575324990683,0.016578692126813354,0.016673575324990683,0.9344095752807074,0.0,0.0
2006-06-12 00:00:00+07:00,0.016386780142840375,0.01667358048152707,0.016411270042999793,0.01617933521251113,0.9110763638940584,0.0,0.0
2006-06-13 00:00:00+07:00,0.015890315144097996,0.015849840623126252,0.015741563390363617,0.01568509218546753,0.9362416208125288,0.0,0.0
2006-06-14 00:00:00+07:00,0.01622129083403722,0.016014586565308575,0.015071852024357676,0.016014586565308575,0.9221417169882166,0.0,0.0
2006-06-15 00:00:00+07:00,0.01622129083403722,0.016673580251544105,0.016411269815157118,0.016014586565308575,0.8756435072901068,0.0,0.0
2006-06-16 00:00:00+07:00,0.01820715375667381,0.017991561588047027,0.016746118496056422,0.017991561588047027,0.945683323318593,0.0,0.0
2006-06-19 00:00:00+07:00,0.017710691685598502,0.01799156672407757,0.01758325949491847,0.01749732147556747,0.8481118762332391,0.0,0.0
2006-06-20 00:00:00+07:00,0.01754519652146121,0.017497315378227966,0.017415826193413305,0.017332566999236833,0.8448636159060766,0.0,0.0
2006-06-21 00:00:00+07:00,0.017379707212658062,0.017497315106705297,0.01758325310143082,0.017167818352034285,0.8181043368856813,0.0,0.0
2006-06-22 00:00:00+07:00,0.017710691685598502,0.017662069891737506,0.01775068671329194,0.01749732147556747,0.8857297015574326,0.0,0.0
2006-06-23 00:00:00+07:00,0.01754519652146121,0.017497315378227966,0.017583253374003342,0.017332566999236833,0.8071949360086754,0.0,0.0
2006-06-26 00:00:00+07:00,0.017048728595051764,0.017167817805553525,0.01708097101962641,0.01683832105762919,0.8326778800273756,0.0,0.0
2006-06-27 00:00:00+07:00,0.017214209120853703,0.017332557603840934,0.017248389640391732,0.017003060961139602,0.8189187907296241,0.0,0.0
2006-06-28 00:00:00+07:00,0.016717747049778395,0.016673569200716873,0.016411258867172547,0.016508820848660045,0.8746632308113332,0.0,0.0
2006-06-29 00:00:00+07:00,0.016717750526383038,0.01700306943159136,0.01708097101962641,0.01683832105762919,0.8549336254470296,0.0,0.0
2006-06-30 00:00:00+07:00,0.017710691685598502,0.01799156672407757,0.01741583227654501,0.01749732147556747,0.9176026169143993,0.0,0.0
2006-07-03 00:00:00+07:00,0.018869110991886408,0.01865055617685722,0.01791810982650006,0.01865055617685722,0.9123316019461353,0.0,0.0
2006-07-04 00:00:00+07:00,0.019034597373022488,0.019144798661656342,0.019090097493469762,0.01881530190949572,0.8984629670038062,0.0,0.0
2006-07-05 00:00:00+07:00,0.018869110991886408,0.019474298134552395,0.01909010017989382,0.01865055617685722,0.8802956418461695,0.0,0.0
2006-07-06 00:00:00+07:00,0.018703627538417398,0.018815310207431005,0.018755251423980598,0.01848581335878276,0.8770381802428592,0.0,0.0
2006-07-07 00:00:00+07:00,0.019696560463569227,0.019474302327434006,0.019257531537451245,0.019474302327434006,0.8806603831402239,0.0,0.0
2006-07-10 00:00:00+07:00,0.019365575990628787,0.01947429596229414,0.019592379577426756,0.01914479920390082,0.8452460995158683,0.0,0.0
2006-07-11 00:00:00+07:00,0.019365575990628787,0.01914479920390082,0.019424952396627854,0.01914479920390082,0.7911351635146823,0.0,0.0
2006-07-12 00:00:00+07:00,0.019200080826491498,0.019309541415476403,0.019424946200354738,0.018980044727570183,0.8173589956525049,0.0,0.0
2006-07-13 00:00:00+07:00,0.018869110991886408,0.018980052959935288,0.018922672986551852,0.01865055617685722,0.8554327619549709,0.0,0.0
2006-07-14 00:00:00+07:00,0.01787617806673458,0.01815631240792459,0.01775068401918285,0.017662067208205973,0.8685222455494205,0.0,0.0
2006-07-17 00:00:00+07:00,0.01787617652004254,0.017167820496713487,0.01691354651153637,0.016673575324990683,0.8724446318036538,0.0,0.0
2006-07-18 00:00:00+07:00,0.016552260668642314,0.016838320222244588,0.01657868866544479,0.016344075116021543,0.8885335741070507,0.0,0.0
2006-07-19 00:00:00+07:00,0.01688323872682178,0.016838320222244588,0.016746115835618042,0.016344075116021543,0.8704537582492052,0.0,0.0
2006-07-20 00:00:00+07:00,0.016883242213915683,0.01700307210613922,0.01691354651153637,0.016673575324990683,0.9159431375499512,0.0,0.0
2006-07-21 00:00:00+07:00,0.017214209120853703,0.017003060961139602,0.01691353539636706,0.017003060961139602,0.8750050220953384,0.0,0.0
2006-07-24 00:00:00+07:00,0.016717747049778395,0.016838317552773693,0.016913540326825866,0.016508820848660045,0.8780583548535209,0.0,0.0
2006-07-25 00:00:00+07:00,0.016717747049778395,0.017003065904830517,0.016913540326825866,0.016508820848660045,0.8609653396534412,0.0,0.0
2006-07-26 00:00:00+07:00,0.016717758310036353,0.01667358048152707,0.016578697268319682,0.01617933521251113,0.8814632268205033,0.0,0.0
2006-07-27 00:00:00+07:00,0.016552262024043734,0.01733256672936979,0.01674611720689338,0.017167818352034285,0.9302193383848111,0.0,0.0
2006-07-28 00:00:00+07:00,0.017214209120853703,0.017332557603840934,0.017248389640391732,0.017003060961139602,0.898180192031304,0.0,0.0
2006-07-31 00:00:00+07:00,0.01820715375667381,0.018156309973462386,0.017750681618768728,0.017991561588047027,0.9181802115264995,0.0,0.0
2006-08-01 00:00:00+07:00,0.018869110991886408,0.01865055617685722,0.018252964213183995,0.01865055617685722,0.9063080804956102,0.0,0.0
2006-08-02 00:00:00+07:00,0.019200080826491498,0.019144793071523294,0.018587810475443264,0.018980044727570183,0.9290179620358027,0.0,0.0
2006-08-03 00:00:00+07:00,0.01837265184847817,0.019309558052077524,0.018420399464675986,0.01815631897894171,0.9376874507874413,0.0,0.0
2006-08-04 00:00:00+07:00,0.01837265184847817,0.018485815856980517,0.018252972223081625,0.01815631897894171,0.8949104099818707,0.0,0.0
2006-08-07 00:00:00+07:00,0.01820715375667381,0.018485806744293107,0.0184203903672436,0.017991561588047027,0.9335653050890234,0.0,0.0
2006-08-08 00:00:00+07:00,0.01787617806673458,0.0183210608078308,0.018085538422873217,0.017662067208205973,0.887355875618032,0.0,0.0
2006-08-09 00:00:00+07:00,0.01837265184847817,0.018321067417961107,0.01808554498148726,0.01815631897894171,0.865201603344473,0.0,0.0
2006-08-10 00:00:00+07:00,0.017710691685598502,0.018321063556417633,0.01775068671329194,0.01749732147556747,0.910000667808238,0.0,0.0
2006-08-11 00:00:00+07:00,0.017710691685598502,0.01799156672407757,0.017918113931665394,0.01749732147556747,0.8731802698498985,0.0,0.0
2006-08-14 00:00:00+07:00,0.01837265184847817,0.01815631897894171,0.01808554498148726,0.01815631897894171,0.8939494691563692,0.0,0.0
2006-08-15 00:00:00+07:00,0.018703627538417398,0.01848581335878276,0.01842039697066032,0.01848581335878276,0.9043388974466201,0.0,0.0
2006-08-16 00:00:00+07:00,0.019034597373022488,0.019144798661656342,0.019090097493469762,0.01881530190949572,0.9494779179121349,0.0,0.0
2006-08-17 00:00:00+07:00,0.019034597373022488,0.01881530190949572,0.019257524671101645,0.01881530190949572,0.0,0.0,0.0
2006-08-18 00:00:00+07:00,0.019034597373022488,0.01881530190949572,0.019257524671101645,0.01881530190949572,0.0,0.0,0.0
2006-08-21 00:00:00+07:00,0.019034597373022488,0.01881530190949572,0.019257524671101645,0.01881530190949572,0.0,0.0,0.0
2006-08-22 00:00:00+07:00,0.019531071154766075,0.019474302094268883,0.019257531305880246,0.019309553680231458,0.9151975274696597,0.0,0.0
2006-08-23 00:00:00+07:00,0.019531065030221173,0.01930954758309748,0.019424952396627854,0.01914479920390082,0.8854053565031343,0.0,0.0
2006-08-24 00:00:00+07:00,0.019696560463569227,0.019803799158158462,0.019090104319898733,0.019474302327434006,0.9539455955649052,0.0,0.0
2006-08-25 00:00:00+07:00,0.01986204391703823,0.020133290296725857,0.019927234751499188,0.01963904514550846,0.9344271249690482,0.0,0.0
2006-08-28 00:00:00+07:00,0.020193028389978673,0.020298045107537285,0.019927241102645123,0.019968548269041653,0.9262730287213985,0.0,0.0
2006-08-29 00:00:00+07:00,0.020193028389978673,0.02013329668828947,0.0202620955456477,0.019968548269041653,0.8899683175063893,0.0,0.0
2006-08-30 00:00:00+07:00,0.020358517698781824,0.020298045336758434,0.020262095774734958,0.0201332969162442,0.8966789160624444,0.0,0.0
2006-08-31 00:00:00+07:00,0.02068949338872105,0.02046279129608525,0.020429520537545712,0.02046279129608525,0.8933477894432655,0.0,0.0
2006-09-01 00:00:00+07:00,0.020524004079917904,0.0204627910545468,0.020596947503822686,0.020298042648882703,0.8959497815604374,0.0,0.0
2006-09-04 00:00:00+07:00,0.02102047200632735,0.020792288590490347,0.020429521012512775,0.020792288590490347,0.8911073950192491,0.0,0.0
2006-09-05 00:00:00+07:00,0.020854985625191273,0.02079229128208228,0.020764378126669366,0.020627542857851844,0.9220681273077908,0.0,0.0
2006-09-06 00:00:00+07:00,0.020358517698781824,0.02046279375727267,0.020262095774734958,0.0201332969162442,0.9418893821797644,0.0,0.0
2006-09-07 00:00:00+07:00,0.020027539081175518,0.02029804487574062,0.02026209531398644,0.019803799621839098,0.8826082665507095,0.0,0.0
2006-09-08 00:00:00+07:00,0.020193028389978673,0.02013329668828947,0.0202620955456477,0.019968548269041653,0.8361545890032916,0.0,0.0
2006-09-11 00:00:00+07:00,0.020193028389978673,0.02013329668828947,0.0202620955456477,0.019968548269041653,0.8824277645944761,0.0,0.0
2006-09-12 00:00:00+07:00,0.020027539081175518,0.019968548039806272,0.01992724087358679,0.019803799621839098,0.9141579522713474,0.0,0.0
2006-09-13 00:00:00+07:00,0.020358517698781824,0.02046279375727267,0.020429522997523257,0.0201332969162442,0.8822465629942857,0.0,0.0
2006-09-14 00:00:00+07:00,0.02068949338872105,0.02046279129608525,0.020596947746591123,0.02046279129608525,0.8471192494329381,0.0,0.0
2006-09-15 00:00:00+07:00,0.02068949338872105,0.02046279129608525,0.020764374955636523,0.02046279129608525,0.8320724334899341,0.0,0.0
2006-09-18 00:00:00+07:00,0.020689493866058076,0.020792288590490347,0.020931802647609337,0.020792288590490347,0.8572660670983209,0.0,0.0
2006-09-19 00:00:00+07:00,0.021185949604462222,0.021121773927305652,0.021266645527388876,0.020957025579436718,0.9109863207254411,0.0,0.0
2006-09-20 00:00:00+07:00,0.02102047200632735,0.02095703700009257,0.020931802647609337,0.020792288590490347,0.9647027684856825,0.0,0.0
2006-09-21 00:00:00+07:00,0.02151693700506973,0.021451280015362034,0.021266654869340162,0.02128653161753395,0.9697415197525856,0.0,0.0
2006-09-22 00:00:00+07:00,0.022675359239024705,0.022439769233387738,0.021601508129844564,0.022439769233387738,0.94805629801668,0.0,0.0
2006-09-25 00:00:00+07:00,0.023171824237767088,0.02293401226043134,0.022606069163620585,0.02293401226043134,0.9315453490702837,0.0,0.0
2006-09-26 00:00:00+07:00,0.022344386476752544,0.022934019865621894,0.022438649474547646,0.022110277768110732,0.8887723255506664,0.0,0.0
2006-09-27 00:00:00+07:00,0.022509864074887417,0.02260451147761021,0.022606065140079967,0.0222750147570571,0.8644280980666808,0.0,0.0
2006-09-28 00:00:00+07:00,0.022509864074887417,0.022439763117333658,0.022606065140079967,0.0222750147570571,0.7974949542739117,0.0,0.0
2006-09-29 00:00:00+07:00,0.022509864074887417,0.022439763117333658,0.02243863797850881,0.0222750147570571,0.8722681112578975,0.0,0.0
2006-10-02 00:00:00+07:00,0.022013404931479175,0.022275022764438324,0.02210379162429286,0.021780777559141595,0.8673377555853721,0.0,0.0
2006-10-03 00:00:00+07:00,0.022013404931479175,0.021780777559141595,0.02193636442055807,0.021780777559141595,0.8634462010267931,0.0,0.0
2006-10-04 00:00:00+07:00,0.02184791269500896,0.022110271152512982,0.021936361226167014,0.021616025997375,0.8766204372745164,0.0,0.0
2006-10-05 00:00:00+07:00,0.02184791269500896,0.022110271152512982,0.021936361226167014,0.021616025997375,0.8992267182995444,0.0,0.0
2006-10-06 00:00:00+07:00,0.02184791269500896,0.021780774382420987,0.021936361226167014,0.021616025997375,0.8709907308041567,0.0,0.0
2006-10-09 00:00:00+07:00,0.02135144184093244,0.021616022236647197,0.021434075924946182,0.02112177714120331,0.9051883247079138,0.0,0.0
2006-10-10 00:00:00+07:00,0.02151693700506973,0.021451280015362034,0.021601509268806707,0.02128653161753395,0.9552636467309829,0.0,0.0
2006-10-11 00:00:00+07:00,0.021550429516351405,0.021486583922134872,0.021633400846279766,0.02131987423020771,0.8776529526234291,5.5,0.0
2006-10-12 00:00:00+07:00,0.021215510258868784,0.021319873306466102,0.02112513877464404,0.020986453932598167,0.919984361063482,0.0,0.0
2006-10-13 00:00:00+07:00,0.02188534584616696,0.021820001294480862,0.02146397847204126,0.02165329161325321,0.9302864865949131,0.0,0.0
2006-10-16 00:00:00+07:00,0.02205280547490827,0.022153421129487524,0.021972240062717262,0.021820001762057985,0.9008459099775235,0.0,0.0
2006-10-17 00:00:00+07:00,0.022722649845207655,0.022486848186405166,0.02214166804977766,0.022486848186405166,0.9195602450308045,0.0,0.0
2006-10-18 00:00:00+07:00,0.022890091907946542,0.022820250483183924,0.022649912229766925,0.022653540847825664,0.9106940964337833,0.0,0.0
2006-10-19 00:00:00+07:00,0.022890091907946542,0.022820250483183924,0.02281933255666876,0.022653540847825664,0.8971551576386139,0.0,0.0
2006-10-20 00:00:00+07:00,0.02222026803131665,0.022653553631812928,0.02231108423124106,0.0219867148254268,0.9003837861341433,0.0,0.0
2006-10-23 00:00:00+07:00,0.02222026803131665,0.0219867148254268,0.022480504625458208,0.0219867148254268,0.0,0.0,0.0
2006-10-24 00:00:00+07:00,0.02222026803131665,0.0219867148254268,0.022480504625458208,0.0219867148254268,0.0,0.0,0.0
2006-10-25 00:00:00+07:00,0.02222026803131665,0.0219867148254268,0.022480504625458208,0.0219867148254268,0.0,0.0,0.0
2006-10-26 00:00:00+07:00,0.02222026803131665,0.0219867148254268,0.022480504625458208,0.0219867148254268,0.0,0.0,0.0
2006-10-27 00:00:00+07:00,0.02222026803131665,0.0219867148254268,0.022480504625458208,0.0219867148254268,0.0,0.0,0.0
2006-10-30 00:00:00+07:00,0.021717889145092716,0.02215342315654647,0.021802821692480465,0.021486584379012484,0.8950509388191418,0.0,0.0
2006-10-31 00:00:00+07:00,0.021717889145092716,0.021986713462162973,0.02197224207936729,0.021486584379012484,0.9211927174322104,0.0,0.0
2006-11-01 00:00:00+07:00,0.02205280547490827,0.02198671144577275,0.021972240062717262,0.021820001762057985,0.8693766283534996,0.0,0.0
2006-11-02 00:00:00+07:00,0.022387724732390892,0.022320131748277974,0.02214166136914072,0.022153422059667527,0.9060744669532247,0.0,0.0
2006-11-03 00:00:00+07:00,0.02222026803131665,0.022486843930216396,0.022480504625458208,0.0219867148254268,0.8831981511646141,0.0,0.0
2006-11-06 00:00:00+07:00,0.022722649845207655,0.022653557910169347,0.022480508883268132,0.022486848186405166,0.9038708587646671,0.0,0.0
2006-11-07 00:00:00+07:00,0.023057572030357344,0.023153690884917894,0.023158194356386375,0.02282027139857875,0.9387632086666184,0.0,0.0
2006-11-08 00:00:00+07:00,0.022890091907946542,0.022986960118542177,0.02315817321047244,0.022653540847825664,0.8786984891203572,0.0,0.0
2006-11-09 00:00:00+07:00,0.024062318092136933,0.023820520633151203,0.023158185310057516,0.023820520633151203,0.9090709801112061,0.0,0.0
2006-11-10 00:00:00+07:00,0.024397231494285413,0.024487354446958903,0.024344123081073355,0.024153935101632662,0.9033564197267226,0.0,0.0
2006-11-13 00:00:00+07:00,0.022722649845207655,0.024153945424046988,0.022988770133503856,0.022486848186405166,0.8929186418022961,0.0,0.0
2006-11-14 00:00:00+07:00,0.02389485260806148,0.02382051432070345,0.023327599477016254,0.023653804655218345,0.8982626688252969,0.0,0.0
2006-11-15 00:00:00+07:00,0.024062318092136933,0.023987230330198554,0.024005287258027457,0.023820520633151203,0.9100532384847854,0.0,0.0
2006-11-16 00:00:00+07:00,0.024062318092136933,0.0241539400272459,0.024005287258027457,0.023820520633151203,0.9028611579034825,0.0,0.0
2006-11-17 00:00:00+07:00,0.024062318092136933,0.024487359421340588,0.024344128037215435,0.023820520633151203,0.8608714011733483,0.0,0.0
2006-11-20 00:00:00+07:00,0.024732150751768035,0.024487355399242204,0.024344124029864907,0.024487355399242204,0.8785988430180558,0.0,0.0
2006-11-21 00:00:00+07:00,0.024732157488244696,0.024820781525979843,0.024682971517533587,0.024820781525979843,0.879012109543972,0.0,0.0
2006-11-22 00:00:00+07:00,0.025067075864584797,0.025154200946390502,0.02502181232346543,0.024820781525979843,0.9015207892047546,0.0,0.0
2006-11-23 00:00:00+07:00,0.025401989266733278,0.025154195994461295,0.025360648145338827,0.025154195994461295,0.8631471169398487,0.0,0.0
2006-11-24 00:00:00+07:00,0.02506706702786492,0.027488127408819354,0.02536064418918527,0.02682128873881688,0.9148016770871034,0.0,0.0
2006-11-27 00:00:00+07:00,0.027076576771145184,0.027488127408819354,0.026716007065719933,0.02682128873881688,0.8768915600758332,0.0,0.0
2006-11-28 00:00:00+07:00,0.025067075864584797,0.026154459207622473,0.025360653129397264,0.024820781525979843,0.8950305656632529,0.0,0.0
2006-11-29 00:00:00+07:00,0.025736899741214698,0.02582102684670915,0.02569948103254489,0.025487607548378713,0.9046329779241798,0.0,0.0
2006-11-30 00:00:00+07:00,0.02607183363703267,0.026487881309282556,0.026377178221579093,0.025821042418808476,0.8934204949661516,0.0,0.0
2006-12-01 00:00:00+07:00,0.026741663368996704,0.026487874270335436,0.026716011965576072,0.026487874270335436,0.8569603539509656,0.0,0.0
2006-12-04 00:00:00+07:00,0.02607183363703267,0.026487881309282556,0.025699496559255294,0.025821042418808476,0.8534695662712816,0.0,0.0
2006-12-05 00:00:00+07:00,0.026406744111514075,0.026154453972725887,0.026038329520684713,0.026154453972725887,0.8617839587729351,0.0,0.0
2006-12-06 00:00:00+07:00,0.02607183363703267,0.026487881309282556,0.026038337390417197,0.025821042418808476,0.8727738219761576,0.0,0.0
2006-12-07 00:00:00+07:00,0.025401989266733278,0.025821034740053206,0.025360648145338827,0.025154195994461295,0.8772174969371742,0.0,0.0
2006-12-08 00:00:00+07:00,0.025067075864584797,0.025154200946390502,0.024682971517533587,0.024820781525979843,0.9245242572126541,0.0,0.0
2006-12-11 00:00:00+07:00,0.024732150751768035,0.02515419410856691,0.025021805508093856,0.024487355399242204,0.9127906638849153,0.0,0.0
2006-12-12 00:00:00+07:00,0.024732150751768035,0.024820774753904554,0.024344124029864907,0.024487355399242204,0.8845321052561402,0.0,0.0
2006-12-13 00:00:00+07:00,0.025401989266733278,0.025154195994461295,0.02468296663025298,0.025154195994461295,0.8864805870676316,0.0,0.0
2006-12-14 00:00:00+07:00,0.025401989266733278,0.025487615367257244,0.025360648145338827,0.025154195994461295,0.8868407653236833,0.0,0.0
2006-12-15 00:00:00+07:00,0.025401989266733278,0.025487615367257244,0.025360648145338827,0.025154195994461295,0.8655389538877114,0.0,0.0
2006-12-18 00:00:00+07:00,0.025067075864584797,0.025154200946390502,0.02502181232346543,0.024820781525979843,0.8653769878413606,0.0,0.0
2006-12-19 00:00:00+07:00,0.024062318092136933,0.024820778815435277,0.023666446478839486,0.023820520633151203,0.9094633706731932,0.0,0.0
2006-12-20 00:00:00+07:00,0.024732150751768035,0.024820774753904554,0.024682964768979385,0.024487355399242204,0.8916046065923457,0.0,0.0
2006-12-21 00:00:00+07:00,0.025067075864584797,0.024820781525979843,0.02502181232346543,0.024820781525979843,0.8277333367870422,0.0,0.0
2006-12-22 00:00:00+07:00,0.025067075864584797,0.025154200946390502,0.02502181232346543,0.024820781525979843,0.8043849073115015,0.0,0.0
2006-12-26 00:00:00+07:00,0.024732150751768035,0.024820774753904554,0.025021805508093856,0.024487355399242204,0.8701309031146413,0.0,0.0
2006-12-27 00:00:00+07:00,0.024732157488244696,0.024820781525979843,0.02502181232346543,0.024820781525979843,0.8169397240693808,0.0,0.0
2006-12-28 00:00:00+07:00,0.025067070938221945,0.025154195994461295,0.025021807387795903,0.025154195994461295,0.8629271659866359,0.0,0.0
2006-12-29 00:00:00+07:00,0.025401989266733278,0.025154195994461295,0.025021807387795903,0.025154195994461295,0.0,0.0,0.0
2007-01-02 00:00:00+07:00,0.025736899741214698,0.025487607548378713,0.02536064035067828,0.025487607548378713,0.8489202272454474,0.0,0.0
2007-01-03 00:00:00+07:00,0.025067075864584797,0.02548762036680116,0.025360653129397264,0.024820781525979843,0.8686697108962609,0.0,0.0
2007-01-04 00:00:00+07:00,0.025401989266733278,0.025154195994461295,0.025021807387795903,0.025154195994461295,0.8748727872429604,0.0,0.0
2007-01-05 00:00:00+07:00,0.025401989266733278,0.025154195994461295,0.025360648145338827,0.025154195994461295,0.8445979988921021,0.0,0.0
2007-01-08 00:00:00+07:00,0.025736899741214698,0.025487607548378713,0.02536064035067828,0.025487607548378713,0.8756777728263582,0.0,0.0
2007-01-09 00:00:00+07:00,0.025401989266733278,0.025487615367257244,0.025021807387795903,0.025154195994461295,0.8864697115367961,0.0,0.0
2007-01-10 00:00:00+07:00,0.024732155949870795,0.024487360574080408,0.022988766023036063,0.023153682952496153,0.9287017144025993,0.0,0.0
2007-01-11 00:00:00+07:00,0.022890091907946542,0.02365379865997521,0.02281933255666876,0.022653540847825664,0.8982436486300879,0.0,0.0
2007-01-12 00:00:00+07:00,0.022722649845207655,0.02282026763393353,0.021633406799541937,0.022486848186405166,0.8928736127291691,0.0,0.0
2007-01-15 00:00:00+07:00,0.024062318092136933,0.023820520633151203,0.02298876492046353,0.023820520633151203,0.8846142269481043,0.0,0.0
2007-01-16 00:00:00+07:00,0.024732150751768035,0.024820774753904554,0.024344124029864907,0.024487355399242204,0.8737762571750606,0.0,0.0
2007-01-17 00:00:00+07:00,0.024397231494285413,0.02482077379228515,0.024682963810699916,0.024153935101632662,0.8720168939715724,0.0,0.0
2007-01-18 00:00:00+07:00,0.025401989266733278,0.025154195994461295,0.02468296663025298,0.025154195994461295,0.8581265389639099,0.0,0.0
2007-01-19 00:00:00+07:00,0.025736899741214698,0.025487607548378713,0.02536064035067828,0.025487607548378713,0.879519663898372,0.0,0.0
2007-01-22 00:00:00+07:00,0.026741663368996704,0.026487874270335436,0.025699489670795935,0.026487874270335436,0.9299283163743939,0.0,0.0
2007-01-23 00:00:00+07:00,0.02607183363703267,0.026154461864045513,0.025699496559255294,0.025821042418808476,0.9053592782577904,0.0,0.0
2007-01-24 00:00:00+07:00,0.02607183363703267,0.026154461864045513,0.025360655728093397,0.025821042418808476,0.8949897926960224,0.0,0.0
2007-01-25 00:00:00+07:00,0.025401989266733278,0.025821034740053206,0.025360648145338827,0.025154195994461295,0.8589959353772504,0.0,0.0
2007-01-26 00:00:00+07:00,0.025067075864584797,0.024820781525979843,0.024344130711601745,0.024820781525979843,0.8742236143592609,0.0,0.0
2007-01-29 00:00:00+07:00,0.024397231494285413,0.02482077379228515,0.024344123081073355,0.024153935101632662,0.9028630728433361,0.0,0.0
2007-01-30 00:00:00+07:00,0.025067075864584797,0.025154200946390502,0.024682971517533587,0.024820781525979843,0.8590985987226928,0.0,0.0
2007-01-31 00:00:00+07:00,0.024732150751768035,0.024820774753904554,0.024682964768979385,0.024487355399242204,0.8626609464876381,0.0,0.0
2007-02-01 00:00:00+07:00,0.025736899741214698,0.025487607548378713,0.025021799668811674,0.025487607548378713,0.8882543533046833,0.0,0.0
2007-02-02 00:00:00+07:00,0.027076576771145184,0.02682128873881688,0.0260383256274526,0.02682128873881688,0.9252059953788616,0.0,0.0
2007-02-05 00:00:00+07:00,0.02607183363703267,0.026487881309282556,0.026038337390417197,0.025821042418808476,0.8539681482795828,0.0,0.0
2007-02-06 00:00:00+07:00,0.025067075864584797,0.025821039787211814,0.025360653129397264,0.024820781525979843,0.8414653508019587,0.0,0.0
2007-02-07 00:00:00+07:00,0.025401989266733278,0.025154195994461295,0.025021807387795903,0.025154195994461295,0.8756709217280805,0.0,0.0
2007-02-08 00:00:00+07:00,0.024397231494285413,0.025154193137611386,0.024344123081073355,0.024153935101632662,0.882720359097119,0.0,0.0
2007-02-09 00:00:00+07:00,0.024062318092136933,0.0241539400272459,0.023666446478839486,0.023820520633151203,0.8981569030128832,0.0,0.0
2007-02-12 00:00:00+07:00,0.024062318092136933,0.023820520633151203,0.0233276056996515,0.023820520633151203,0.8153984261756666,0.0,0.0
2007-02-13 00:00:00+07:00,0.024062318092136933,0.023820520633151203,0.024005287258027457,0.023820520633151203,0.8274266626678133,0.0,0.0
2007-02-14 00:00:00+07:00,0.024397231494285413,0.024153935101632662,0.024344123081073355,0.024153935101632662,0.8707553746369907,0.0,0.0
2007-02-15 00:00:00+07:00,0.025401989266733278,0.025154195994461295,0.025021807387795903,0.025154195994461295,0.9013608909848929,0.0,0.0
2007-02-16 00:00:00+07:00,0.025736899741214698,0.025487607548378713,0.02536064035067828,0.025487607548378713,0.8913137795140935,0.0,0.0
2007-02-19 00:00:00+07:00,0.025401989266733278,0.025154195994461295,0.025360648145338827,0.025154195994461295,0.7774140032887664,0.0,0.0
2007-02-20 00:00:00+07:00,0.025401989266733278,0.025154195994461295,0.025360648145338827,0.025154195994461295,0.7351221681816332,0.0,0.0
2007-02-21 00:00:00+07:00,0.025736899741214698,0.025487607548378713,0.02536064035067828,0.025487607548378713,0.8510331096799633,0.0,0.0
2007-02-22 00:00:00+07:00,0.025067075864584797,0.02548762036680116,0.02502181232346543,0.024820781525979843,0.8461630843434031,0.0,0.0
2007-02-23 00:00:00+07:00,0.024397231494285413,0.02482077379228515,0.024344123081073355,0.024153935101632662,0.9085635267711003,0.0,0.0
2007-02-26 00:00:00+07:00,0.023727395906987237,0.024153936132034093,0.024005283377866758,0.02348709742097762,0.8527031807664329,0.0,0.0
2007-02-27 00:00:00+07:00,0.023727395906987237,0.023820516776505853,0.02383586300786954,0.02348709742097762,0.8703425481889454,0.0,0.0
2007-02-28 00:00:00+07:00,0.023559936278245926,0.023320387272172845,0.022311079221064355,0.023320387272172845,0.918333130757065,0.0,0.0
2007-03-01 00:00:00+07:00,0.023727395906987237,0.023987226454269976,0.02366644263787233,0.02348709742097762,0.8829349435743493,0.0,0.0
2007-03-02 00:00:00+07:00,0.023057572030357344,0.02348711037125703,0.023327614792852527,0.02282027139857875,0.9286454885670191,0.0,0.0
2007-03-05 00:00:00+07:00,0.022722649845207655,0.022653557910169347,0.022819349716758617,0.022486848186405166,0.8858924106073809,0.0,0.0
2007-03-06 00:00:00+07:00,0.023559936278245926,0.023320387272172845,0.023327601426467986,0.023320387272172845,0.8623522247785544,0.0,0.0
2007-03-07 00:00:00+07:00,0.023559936278245926,0.023487096947545895,0.023497021794035244,0.023320387272172845,0.8742871744900644,0.0,0.0
2007-03-08 00:00:00+07:00,0.02389485260806148,0.023653804655218345,0.023666440192053353,0.023653804655218345,0.8549282867307758,0.0,0.0
2007-03-09 00:00:00+07:00,0.023727395906987237,0.023820516776505853,0.024005283377866758,0.02348709742097762,0.8131567190323042,0.0,0.0
2007-03-12 00:00:00+07:00,0.024732150751768035,0.024654065076573382,0.02417470366030768,0.024487355399242204,0.8767679089079237,0.0,0.0
2007-03-13 00:00:00+07:00,0.025736899741214698,0.025487607548378713,0.025021799668811674,0.025487607548378713,0.9042088392234684,0.0,0.0
2007-03-14 00:00:00+07:00,0.024732150751768035,0.024487355399242204,0.024682964768979385,0.024487355399242204,0.8605600580501495,0.0,0.0
2007-03-15 00:00:00+07:00,0.024397231494285413,0.02482077379228515,0.024682963810699916,0.024153935101632662,0.8455798549621896,0.0,0.0
2007-03-16 00:00:00+07:00,0.024062318092136933,0.024487359421340588,0.024005287258027457,0.023820520633151203,0.8247455440131811,0.0,0.0
2007-03-20 00:00:00+07:00,0.024062318092136933,0.0241539400272459,0.023666446478839486,0.023820520633151203,0.8049947805685345,0.0,0.0
2007-03-21 00:00:00+07:00,0.024397231494285413,0.024487354446958903,0.0240052823514468,0.024153935101632662,0.8094376722710189,0.0,0.0
2007-03-22 00:00:00+07:00,0.025401989266733278,0.025487615367257244,0.025021807387795903,0.025154195994461295,0.8915436584088099,0.0,0.0
2007-03-23 00:00:00+07:00,0.025067075864584797,0.025154200946390502,0.02502181232346543,0.024820781525979843,0.8420807968963313,0.0,0.0
2007-03-26 00:00:00+07:00,0.025067075864584797,0.024820781525979843,0.02502181232346543,0.024820781525979843,0.7826829089341962,0.0,0.0
2007-03-27 00:00:00+07:00,0.025067075864584797,0.025154200946390502,0.02502181232346543,0.024820781525979843,0.8702041252482765,0.0,0.0
2007-03-28 00:00:00+07:00,0.025067075864584797,0.024820781525979843,0.02502181232346543,0.024820781525979843,0.834415439678736,0.0,0.0
2007-03-29 00:00:00+07:00,0.024732150751768035,0.024820774753904554,0.024682964768979385,0.024487355399242204,0.8601273528637099,0.0,0.0
2007-03-30 00:00:00+07:00,0.024732150751768035,0.024820774753904554,0.025021805508093856,0.024487355399242204,0.8875289837709984,0.0,0.0
2007-04-02 00:00:00+07:00,0.025736899741214698,0.025487607548378713,0.02536064035067828,0.025487607548378713,0.871827591087282,0.0,0.0
2007-04-03 00:00:00+07:00,0.027076576771145184,0.02682128873881688,0.0260383256274526,0.02682128873881688,0.9170771740427841,0.0,0.0
2007-04-04 00:00:00+07:00,0.027076576771145184,0.027488127408819354,0.027054847784853595,0.02682128873881688,0.9033412588804188,0.0,0.0
2007-04-05 00:00:00+07:00,0.02607183363703267,0.027154720199756635,0.026038337390417197,0.025821042418808476,0.8893843666183514,0.0,0.0
2007-04-09 00:00:00+07:00,0.026406744111514075,0.02648787334421228,0.026038329520684713,0.026154453972725887,0.8733569855844066,0.0,0.0
2007-04-10 00:00:00+07:00,0.026741663368996704,0.027154713030458633,0.02637717120064936,0.026487874270335436,0.8824099725984247,0.0,0.0
2007-04-11 00:00:00+07:00,0.026406744111514075,0.027154712087185055,0.02637717027689677,0.026154453972725887,0.8878336904889913,0.0,0.0
2007-04-12 00:00:00+07:00,0.026406744111514075,0.02648787334421228,0.026038329520684713,0.026154453972725887,0.8480129376381307,0.0,0.0
2007-04-13 00:00:00+07:00,0.02607183363703267,0.026154461864045513,0.026038337390417197,0.025821042418808476,0.8508062455151749,0.0,0.0
2007-04-16 00:00:00+07:00,0.02607183363703267,0.026154461864045513,0.026377178221579093,0.025821042418808476,0.8821810388806458,0.0,0.0
2007-04-17 00:00:00+07:00,0.026406744111514075,0.026154453972725887,0.02637717027689677,0.026154453972725887,0.8681897429331112,0.0,0.0
2007-04-18 00:00:00+07:00,0.025736899741214698,0.026154446145039596,0.02569948103254489,0.025487607548378713,0.8745124687526445,0.0,0.0
2007-04-19 00:00:00+07:00,0.025067075864584797,0.025821039787211814,0.02502181232346543,0.024820781525979843,0.8678021886392616,0.0,0.0
2007-04-20 00:00:00+07:00,0.025736907457122298,0.026154453972725887,0.02569948876447264,0.026154453972725887,0.8464711901543189,0.0,0.0
2007-04-23 00:00:00+07:00,0.026406744111514075,0.02648787334421228,0.02637717027689677,0.026154453972725887,0.8862598629249112,0.0,0.0
2007-04-24 00:00:00+07:00,0.026406744111514075,0.026154453972725887,0.02637717027689677,0.026154453972725887,0.8556488122997327,0.0,0.0
2007-04-25 00:00:00+07:00,0.026741663368996704,0.026487874270335436,0.026716011965576072,0.026487874270335436,0.8366229110530936,0.0,0.0
2007-04-26 00:00:00+07:00,0.026406744111514075,0.026821292715698664,0.026716011033108843,0.026154453972725887,0.8853858797130686,0.0,0.0
2007-04-27 00:00:00+07:00,0.027076576771145184,0.027154708073818125,0.026716007065719933,0.02682128873881688,0.89897559941788,0.0,0.0
2007-04-30 00:00:00+07:00,0.02607183363703267,0.0268213007545196,0.026038337390417197,0.025821042418808476,0.8916679085236351,0.0,0.0
2007-05-01 00:00:00+07:00,0.02607183363703267,0.026154461864045513,0.026377178221579093,0.025821042418808476,0.8520320711306132,0.0,0.0
2007-05-02 00:00:00+07:00,0.02607183363703267,0.026154461864045513,0.026377178221579093,0.025821042418808476,0.8697902652516435,0.0,0.0
2007-05-03 00:00:00+07:00,0.02607183363703267,0.0268213007545196,0.026377178221579093,0.025821042418808476,0.8446711941466275,0.0,0.0
2007-05-04 00:00:00+07:00,0.026406745033187042,0.026487874270335436,0.02637717120064936,0.026487874270335436,0.8572050841973812,0.0,0.0
2007-05-07 00:00:00+07:00,0.027076576771145184,0.02682128873881688,0.026716007065719933,0.02682128873881688,0.8371725298797679,0.0,0.0
2007-05-08 00:00:00+07:00,0.026741663368996704,0.02682129365039703,0.026716011965576072,0.026487874270335436,0.8451672213159956,0.0,0.0
2007-05-09 00:00:00+07:00,0.027076576771145184,0.02682128873881688,0.02637716634658627,0.02682128873881688,0.8748379263397722,0.0,0.0
2007-05-10 00:00:00+07:00,0.026741663368996704,0.02682129365039703,0.026716011965576072,0.026487874270335436,0.8845491077909972,0.0,0.0
2007-05-11 00:00:00+07:00,0.025736899741214698,0.02648786544337004,0.026038321714411495,0.025487607548378713,0.8574080519268312,0.0,0.0
2007-05-14 00:00:00+07:00,0.027076576771145184,0.027154708073818125,0.02637716634658627,0.02682128873881688,0.8965826447262539,0.0,0.0
2007-05-15 00:00:00+07:00,0.027076576771145184,0.02682128873881688,0.027054847784853595,0.02682128873881688,0.8537496460411255,0.0,0.0
2007-05-16 00:00:00+07:00,0.027746424069111635,0.02748813807772811,0.027393699151013733,0.02748813807772811,0.8934087759143935,0.0,0.0
2007-05-21 00:00:00+07:00,0.02741150773929608,0.027488140144418978,0.027054860377731364,0.02715472069468261,0.877389524616217,0.0,0.0
2007-05-22 00:00:00+07:00,0.02741150773929608,0.027488140144418978,0.027393701213465748,0.02715472069468261,0.8710172289855903,0.0,0.0
2007-05-23 00:00:00+07:00,0.027746424069111635,0.028154976939963175,0.027732539967826545,0.02748813807772811,0.9321213467099712,0.0,0.0
2007-05-24 00:00:00+07:00,0.02741150773929608,0.02715472069468261,0.027054860377731364,0.02715472069468261,0.8791490571616613,0.0,0.0
2007-05-25 00:00:00+07:00,0.026406744111514075,0.02648787334421228,0.02637717027689677,0.026154453972725887,0.8970360090394989,0.0,0.0
2007-05-28 00:00:00+07:00,0.02741150773929608,0.02715472069468261,0.02671601954199698,0.02715472069468261,0.8596375339167004,0.0,0.0
2007-05-29 00:00:00+07:00,0.026406744111514075,0.027154712087185055,0.026716011033108843,0.026154453972725887,0.8315735683789782,0.0,0.0
2007-05-30 00:00:00+07:00,0.02607183363703267,0.026487881309282556,0.025699496559255294,0.025821042418808476,0.8963432969601199,0.0,0.0
2007-05-31 00:00:00+07:00,0.02640673624863681,0.026154446145039596,0.02536064035067828,0.025487607548378713,0.9265438137203624,0.0,0.0
2007-06-04 00:00:00+07:00,0.02607183363703267,0.025821042418808476,0.025699496559255294,0.025821042418808476,0.9287006125849707,0.0,0.0
2007-06-05 00:00:00+07:00,0.026741663368996704,0.026487874270335436,0.026038330435722647,0.026487874270335436,0.9140555756272283,0.0,0.0
2007-06-06 00:00:00+07:00,0.026741663368996704,0.026487874270335436,0.026716011965576072,0.026487874270335436,0.9126883492477295,0.0,0.0
2007-06-07 00:00:00+07:00,0.02741150773929608,0.02715472069468261,0.02671601954199698,0.02715472069468261,0.9173673194307588,0.0,0.0
2007-06-08 00:00:00+07:00,0.026741663368996704,0.02682129365039703,0.026716011965576072,0.026487874270335436,0.9448226629108947,0.0,0.0
2007-06-11 00:00:00+07:00,0.026844322014808932,0.027271422368662403,0.026466286058928316,0.026590073458570174,0.9139423995945948,11.5,0.0
2007-06-12 00:00:00+07:00,0.027186539946297262,0.026930759764343684,0.026812511684357675,0.026930759764343684,0.8834337775614837,0.0,0.0
2007-06-13 00:00:00+07:00,0.027186539946297262,0.026930759764343684,0.026812511684357675,0.026930759764343684,0.8667070961290337,0.0,0.0
2007-06-14 00:00:00+07:00,0.027186539946297262,0.026930759764343684,0.027158725604033287,0.026930759764343684,0.8420386114803348,0.0,0.0
2007-06-15 00:00:00+07:00,0.027186539946297262,0.026930759764343684,0.027158725604033287,0.026930759764343684,0.911979990017227,0.0,0.0
2007-06-18 00:00:00+07:00,0.027528737384116094,0.02727142566816887,0.027158716964229727,0.02727142566816887,0.9113326785335404,0.0,0.0
2007-06-19 00:00:00+07:00,0.027186539946297262,0.027271434330144256,0.027158725604033287,0.026930759764343684,0.8823476472328601,0.0,0.0
2007-06-20 00:00:00+07:00,0.027186539946297262,0.026930759764343684,0.027158725604033287,0.026930759764343684,0.8713039608700831,0.0,0.0
2007-06-21 00:00:00+07:00,0.027186539946297262,0.026930759764343684,0.026812511684357675,0.026930759764343684,0.907784111182983,0.0,0.0
2007-06-22 00:00:00+07:00,0.027186539946297262,0.026930759764343684,0.026812511684357675,0.026930759764343684,0.8461695239699321,0.0,0.0
2007-06-25 00:00:00+07:00,0.027186539946297262,0.026930759764343684,0.026812511684357675,0.026930759764343684,0.8709907308041567,0.0,0.0
2007-06-26 00:00:00+07:00,0.027186539946297262,0.026930759764343684,0.027158725604033287,0.026930759764343684,0.883238961703274,0.0,0.0
2007-06-27 00:00:00+07:00,0.027186539946297262,0.026930759764343684,0.026812511684357675,0.026930759764343684,0.8797085850245207,0.0,0.0
2007-06-28 00:00:00+07:00,0.026844322014808932,0.02693074791361629,0.027158713673168907,0.026590073458570174,0.8978765260568865,0.0,0.0
2007-06-29 00:00:00+07:00,0.026844322578854888,0.027952771861465636,0.02715871424382074,0.02761209740112215,0.9558954468793722,0.0,0.0
2007-07-02 00:00:00+07:00,0.028213155681090316,0.028293455333864785,0.028197364674903778,0.027952780792331607,0.8932279305471887,0.0,0.0
2007-07-03 00:00:00+07:00,0.02821313962939845,0.029996811190051285,0.028543562330234574,0.029996811190051285,0.9726192501889772,0.0,0.0
2007-07-04 00:00:00+07:00,0.029924192640524674,0.030337509052704825,0.029928440556223446,0.02965615985904632,0.9081583481361201,0.0,0.0
2007-07-05 00:00:00+07:00,0.029924192640524674,0.029996834455875573,0.029928440556223446,0.02965615985904632,0.8652444407605826,0.0,0.0
2007-07-06 00:00:00+07:00,0.029581977636703418,0.02931547646783686,0.028889790000414643,0.02931547646783686,0.9153649007048866,0.0,0.0
2007-07-09 00:00:00+07:00,0.030608596299163546,0.03033750041038883,0.029582218122442962,0.03033750041038883,0.9227988626128347,0.0,0.0
2007-07-10 00:00:00+07:00,0.030950805447650654,0.030678177972470196,0.03027464888473853,0.03067817797247021,0.9093851556058407,0.0,0.0
2007-07-11 00:00:00+07:00,0.030608596299163546,0.03033750041038883,0.030274645874726596,0.03033750041038883,0.8778430139537623,0.0,0.0
2007-07-12 00:00:00+07:00,0.030266375440008157,0.030678159982574893,0.030620844814515488,0.029996811190051285,0.872890310979572,0.0,0.0
2007-07-13 00:00:00+07:00,0.030608596299163546,0.030678174933352134,0.030274645874726596,0.03033750041038883,0.8751091544572482,0.0,0.0
2007-07-16 00:00:00+07:00,0.029924192640524674,0.030678183649534084,0.030274654507432264,0.02965615985904632,0.8376617218730732,0.0,0.0
2007-07-17 00:00:00+07:00,0.030950805447650654,0.031018852521188738,0.03027464888473853,0.03067817797247021,0.8610028622551454,0.0,0.0
2007-07-18 00:00:00+07:00,0.030950805447650654,0.030678177972470196,0.030967076689370193,0.03067817797247021,0.867259899503038,0.0,0.0
2007-07-19 00:00:00+07:00,0.03129299410246829,0.03135950953519923,0.030967059315044076,0.031018835132603256,0.8520320711306132,0.0,0.0
2007-07-20 00:00:00+07:00,0.033004039844903854,0.033062897473004685,0.03200571611290809,0.0327222229430101,0.9157531234976656,0.0,0.0
2007-07-23 00:00:00+07:00,0.032661828096648374,0.03340356624570107,0.03269813821431454,0.033062891761399336,0.8991977321358932,0.0,0.0
2007-07-24 00:00:00+07:00,0.033688434720541505,0.03442557792987425,0.03339055439149609,0.03340355475066048,0.9125219982447919,0.0,0.0
2007-07-25 00:00:00+07:00,0.03334624354976,0.03510694215120676,0.03339056923946955,0.034084918618515356,0.9289325226615035,0.0,0.0
2007-07-26 00:00:00+07:00,0.03437286425597966,0.034084921062988424,0.03304435776277036,0.0327222229430101,0.9088474354925915,0.0,0.0
2007-07-27 00:00:00+07:00,0.03163520674987458,0.03238153955180064,0.031313279707104416,0.03238153955180064,0.9061084223005668,0.0,0.0
2007-07-30 00:00:00+07:00,0.03266184235909046,0.03238155699140517,0.03200572461815092,0.03204088239166759,0.9021471912630274,0.0,0.0
2007-07-31 00:00:00+07:00,0.032661816824851336,0.03340355475066048,0.03269812690322063,0.03340355475066048,0.8977057785935617,0.0,0.0
2007-08-01 00:00:00+07:00,0.03163520910628953,0.032722216433817064,0.03165949588132361,0.03135951852381271,0.9215651350204745,0.0,0.0
2007-08-02 00:00:00+07:00,0.03231963618626496,0.03238155699140517,0.03062086880149315,0.03204088239166759,0.9273241935027354,0.0,0.0
2007-08-03 00:00:00+07:00,0.0326618248410826,0.03272221400975283,0.03200570732725165,0.03238153955180064,0.9133555464909172,0.0,0.0
2007-08-06 00:00:00+07:00,0.03437286180051695,0.03510694215120676,0.03339056923946955,0.034084918618515356,0.9218696197091759,0.0,0.0
2007-08-07 00:00:00+07:00,0.030608596299163546,0.031359523979278756,0.030967073627010223,0.03033750041038883,0.8933642167059962,0.0,0.0
2007-08-08 00:00:00+07:00,0.03060858865866656,0.03238153955180064,0.030967065897030802,0.03238153955180064,0.944175905909412,0.0,0.0
2007-08-09 00:00:00+07:00,0.0326618248410826,0.03272221400975283,0.03200570732725165,0.03238153955180064,0.872473987201159,0.0,0.0
2007-08-10 00:00:00+07:00,0.03163520910628953,0.03135951852381271,0.03096706822144284,0.03135951852381271,0.8449826529539186,0.0,0.0
2007-08-13 00:00:00+07:00,0.031977412399442504,0.031700190256765994,0.031313279331362256,0.031700190256765994,0.16053364560342104,0.0,0.0
2007-08-14 00:00:00+07:00,0.03129299410246829,0.031018835132603256,0.030967059315044076,0.031018835132603256,0.8248878839571574,0.0,0.0
2007-08-15 00:00:00+07:00,0.02855535897424329,0.030678174138899478,0.028889789610683756,0.02829345252528489,0.9114300296524828,0.0,0.0
2007-08-16 00:00:00+07:00,0.02787094067726906,0.02761209740112215,0.026812500431316933,0.02761209740112215,0.9300483684559637,0.0,0.0
2007-08-20 00:00:00+07:00,0.02889756226739627,0.03033749671513799,0.02854357296336024,0.02863412425823817,0.9439569914198729,0.0,0.0
2007-08-21 00:00:00+07:00,0.02855535897424329,0.029315476073976852,0.028889789610683756,0.02829345252528489,0.8978381622157346,0.0,0.0
2007-08-22 00:00:00+07:00,0.029924192640524674,0.029996834455875573,0.028889798702596985,0.02965615985904632,0.8835207460891107,0.0,0.0
2007-08-23 00:00:00+07:00,0.030950805447650654,0.030678177972470196,0.03027464888473853,0.03067817797247021,0.9125142103377983,0.0,0.0
2007-08-24 00:00:00+07:00,0.03163520910628953,0.03135951852381271,0.03027464056156207,0.03135951852381271,0.8859281857436712,0.0,0.0
2007-08-27 00:00:00+07:00,0.03163520910628953,0.0317001930013138,0.03165949588132361,0.03135951852381271,0.8710020890068395,0.0,0.0
2007-08-28 00:00:00+07:00,0.031977412399442504,0.031700190256765994,0.031659493138251615,0.031700190256765994,0.8659287738879836,0.0,0.0
2007-08-29 00:00:00+07:00,0.030608596299163546,0.030678174933352134,0.030274645874726596,0.03033750041038883,0.9193076879576111,0.0,0.0
2007-08-30 00:00:00+07:00,0.030950805447650654,0.031359527069907286,0.03131329059168603,0.03067817797247021,0.8692785367715673,0.0,0.0
2007-08-31 00:00:00+07:00,0.03163520910628953,0.0317001930013138,0.03131328205138323,0.03135951852381271,0.8877755521931965,0.0,0.0
2007-09-03 00:00:00+07:00,0.031977412399442504,0.03204086471158487,0.031659493138251615,0.031700190256765994,0.8447641863002959,0.0,0.0
2007-09-04 00:00:00+07:00,0.031977412399442504,0.031700190256765994,0.031659493138251615,0.031700190256765994,0.8305325945825679,0.0,0.0
2007-09-05 00:00:00+07:00,0.03231963618626496,0.03204088239166758,0.03200572461815092,0.03204088239166759,0.8709263154770337,0.0,0.0
2007-09-06 00:00:00+07:00,0.031977412399442504,0.031700190256765994,0.031659493138251615,0.031700190256765994,0.8191603854182719,0.0,0.0
2007-09-07 00:00:00+07:00,0.031977412399442504,0.031700190256765994,0.03200570694514099,0.031700190256765994,0.8296241231552977,0.0,0.0
2007-09-10 00:00:00+07:00,0.030950805447650654,0.031018852521188738,0.03062086278705436,0.03067817797247021,0.902517113757143,0.0,0.0
2007-09-11 00:00:00+07:00,0.030608596299163546,0.030678174933352134,0.030620859750868413,0.03033750041038883,0.8682379620905126,0.0,0.0
2007-09-12 00:00:00+07:00,0.030608596299163546,0.031018849456315445,0.030620859750868413,0.03033750041038883,0.8866948619957513,0.0,0.0
2007-09-13 00:00:00+07:00,0.03129299410246829,0.03135950953519923,0.030967059315044076,0.031018835132603256,0.8614322212818867,0.0,0.0
2007-09-14 00:00:00+07:00,0.03163520910628953,0.03135951852381271,0.03131328205138323,0.03135951852381271,0.8267974678617572,0.0,0.0
2007-09-17 00:00:00+07:00,0.03129299410246829,0.03170018393779521,0.030967059315044076,0.031018835132603256,0.8525180380737601,0.0,0.0
2007-09-18 00:00:00+07:00,0.03129299410246829,0.031018835132603256,0.030967059315044076,0.031018835132603256,0.8364012413541233,0.0,0.0
2007-09-19 00:00:00+07:00,0.0326618248410826,0.03238153955180064,0.03235192113732527,0.03238153955180064,0.8996511641014834,0.0,0.0
2007-09-20 00:00:00+07:00,0.0326618248410826,0.03374423738360938,0.0330443487574725,0.03238153955180064,0.9087715574217391,0.0,0.0
2007-09-21 00:00:00+07:00,0.033688434720541505,0.03340355475066048,0.03304434064735835,0.03340355475066048,0.8614554434118625,0.0,0.0
2007-09-24 00:00:00+07:00,0.03368844963334565,0.034084918618515356,0.033736783103349,0.034084918618515356,0.8613066220561187,0.0,0.0
2007-09-25 00:00:00+07:00,0.034372852810043264,0.034766258550226144,0.03442920180640208,0.033744235227305894,0.8572305034078651,0.0,0.0
2007-09-26 00:00:00+07:00,0.03437286180051695,0.034084918618515356,0.03442921083110789,0.034084918618515356,0.8005655798094014,0.0,0.0
2007-09-27 00:00:00+07:00,0.03437286180051695,0.03476626764030963,0.03477542469498736,0.034084918618515356,0.8470434718093333,0.0,0.0
2007-09-28 00:00:00+07:00,0.0326618248410826,0.03442558629951374,0.0330443487574725,0.03238153955180064,0.8755646011115131,0.0,0.0
2007-10-01 00:00:00+07:00,0.033688434720541505,0.03340355475066048,0.03339055439149609,0.03340355475066048,0.8195944080306427,0.0,0.0
2007-10-02 00:00:00+07:00,0.034372867746631466,0.03476627365230401,0.034429216799862855,0.03442559909516077,0.8938450810166959,0.0,0.0
2007-10-03 00:00:00+07:00,0.034715073876671124,0.035788297323733745,0.034775430710740365,0.03442559909516077,0.9231971904608911,0.0,0.0
2007-10-04 00:00:00+07:00,0.03676830827392433,0.0378323422239827,0.03512164231787533,0.03646964406570067,0.9290245278320561,0.0,0.0
2007-10-05 00:00:00+07:00,0.03745272657089854,0.037491673773558165,0.03719893172961973,0.03715099918986341,0.8849497066221159,0.0,0.0
2007-10-08 00:00:00+07:00,0.037794915225716166,0.03783233080743352,0.0375451282172337,0.03749165634999646,0.8945686632301788,0.0,0.0
2007-10-09 00:00:00+07:00,0.03745272657089854,0.037491673773558165,0.03719893172961973,0.03715099918986341,0.8601130194376035,0.0,0.0
2007-10-10 00:00:00+07:00,0.039848149622969356,0.03953570132053636,0.037891340311497226,0.03953570132053636,0.9243274619300877,0.0,0.0
2007-10-11 00:00:00+07:00,0.04019034706078818,0.039876367224361546,0.039622400796062995,0.039876367224361546,0.8633704949877179,0.0,0.0
2007-10-17 00:00:00+07:00,0.03950593514410909,0.039876367224361546,0.039622400796062995,0.039876367224361546,0.881770922571823,0.0,0.0
2007-10-18 00:00:00+07:00,0.03916372839832806,0.03987636642388269,0.03927618626784311,0.038854343281809575,0.8641133218131172,0.0,0.0
2007-10-19 00:00:00+07:00,0.039163739345257104,0.038854354179744706,0.0375451282172337,0.03749165634999646,0.8632812718116469,0.0,0.0
2007-10-22 00:00:00+07:00,0.03608388982169501,0.03646963777289193,0.0358140638982692,0.0354476142940206,0.8652187430216327,0.0,0.0
2007-10-23 00:00:00+07:00,0.03745272657089854,0.03715099918986341,0.03719893172961973,0.03715099918986341,0.9140043031074747,0.0,0.0
2007-10-24 00:00:00+07:00,0.037794917454238866,0.03783233304205872,0.0365064889615164,0.03612896067449121,0.8961115679710869,0.0,0.0
2007-10-25 00:00:00+07:00,0.03847933937802453,0.03851369184671304,0.03719892620491011,0.03817301730328729,0.8855442409459866,0.0,0.0
2007-10-26 00:00:00+07:00,0.03916372839832806,0.04021704080457373,0.039622399999399316,0.038854343281809575,0.87767593210377,0.0,0.0
2007-10-29 00:00:00+07:00,0.039848149622969356,0.040557724655887493,0.04031483689070567,0.03953570132053636,0.8795512038193107,0.0,0.0
2007-10-30 00:00:00+07:00,0.03984816157426781,0.04089841132930863,0.04031484898197292,0.04021706227382719,0.8829759844352597,0.0,0.0
2007-10-31 00:00:00+07:00,0.04053257377527772,0.04021706227382719,0.04031484898197292,0.04021706227382719,0.838382240488794,0.0,0.0
2007-11-01 00:00:00+07:00,0.04121698924282874,0.04192043823036952,0.04135349390743147,0.04123908913094321,0.9082061988855813,0.0,0.0
2007-11-02 00:00:00+07:00,0.040190367674772756,0.04157976038479007,0.04031484898197292,0.04021706227382719,0.8742483424576974,0.0,0.0
2007-11-05 00:00:00+07:00,0.04053256443950021,0.04021705297983276,0.03962241203363498,0.03919502958758308,0.8541693576108624,0.0,0.0
2007-11-06 00:00:00+07:00,0.03950593514410909,0.04021704161057313,0.039622400796062995,0.039876367224361546,0.8415222830283847,0.0,0.0
2007-11-07 00:00:00+07:00,0.04019034706078818,0.04055771599678472,0.039968614533229516,0.039876367224361546,0.8648618006756881,0.0,0.0
2007-11-08 00:00:00+07:00,0.03916375161054554,0.038854366390138784,0.03789135399878407,0.03817301730328729,0.8926215988082316,0.0,0.0
2007-11-09 00:00:00+07:00,0.03847933937802453,0.038173017303287295,0.03789135399878407,0.03817301730328729,0.8707363425685859,0.0,0.0
2007-11-12 00:00:00+07:00,0.03711050863941022,0.0371509873815929,0.03685270605426619,0.0368103128840899,0.8826584464433926,0.0,0.0
2007-11-13 00:00:00+07:00,0.03711051491298252,0.039195040933564546,0.03754514010184709,0.03817301730328729,0.9114061096424788,0.0,0.0
2007-11-14 00:00:00+07:00,0.039848149622969356,0.0398763757656534,0.039968623093675895,0.03953570132053636,0.8910975444225501,0.0,0.0
2007-11-15 00:00:00+07:00,0.039848140303916424,0.03953569204319165,0.0389299725362869,0.038854343281809575,0.8579266734655531,0.0,0.0
2007-11-16 00:00:00+07:00,0.03847933337525393,0.03817301132738259,0.03789134805584869,0.03783233682664188,0.8865050477653654,0.0,0.0
2007-11-19 00:00:00+07:00,0.03813711053994551,0.038854343281809575,0.038583758804730695,0.038854343281809575,0.8762327886648872,0.0,0.0
2007-11-20 00:00:00+07:00,0.039163739345257104,0.03817300526487058,0.03719891440768358,0.03749165634999646,0.9465547539249631,0.0,0.0
2007-11-21 00:00:00+07:00,0.03745272049870019,0.037150993144841694,0.03616028399693247,0.03646964406570067,0.9192133010537384,0.0,0.0
2007-11-22 00:00:00+07:00,0.03642610268046151,0.038173017303287295,0.03650649841103616,0.03817301730328729,0.8877623288544685,0.0,0.0
2007-11-23 00:00:00+07:00,0.0384793329199354,0.03885435986910789,0.03719891990453372,0.0368103128840899,0.910865454870853,0.0,0.0
2007-11-26 00:00:00+07:00,0.037794921228486766,0.03783233682664188,0.03789134805584869,0.03783233682664188,0.8781656544643949,0.0,0.0
2007-11-27 00:00:00+07:00,0.03711050863941022,0.0371509873815929,0.03719891990453372,0.0368103128840899,0.867525714021571,0.0,0.0
2007-11-28 00:00:00+07:00,0.037794921228486766,0.03783233682664188,0.03789134805584869,0.03783233682664188,0.8896264485724579,0.0,0.0
2007-11-29 00:00:00+07:00,0.0391637402932551,0.03919502958758308,0.03892998440102628,0.03919502958758308,0.9159141776796041,0.0,0.0
2007-11-30 00:00:00+07:00,0.039885290110507204,0.039572675582635566,0.03895682180071723,0.03922936023746807,0.9184567531547158,5.5,0.0
2007-12-03 00:00:00+07:00,0.039540442485751295,0.040259317623350284,0.0396546282934528,0.040259317623350284,0.9095597113558511,0.0,0.0
2007-12-04 00:00:00+07:00,0.04057501909245968,0.040259317623350284,0.04035242372855967,0.040259317623350284,0.9250978211808293,0.0,0.0
2007-12-05 00:00:00+07:00,0.04057501909245968,0.040259317623350284,0.04035242372855967,0.040259317623350284,0.9037582796153288,0.0,0.0
2007-12-06 00:00:00+07:00,0.040919871511686856,0.041632572764390245,0.04105021268314814,0.041632572764390245,0.9409060338601053,0.0,0.0
2007-12-07 00:00:00+07:00,0.04195444494109393,0.04231920045149278,0.0420969026419699,0.04197588509236821,0.9315950881033084,0.0,0.0
2007-12-10 00:00:00+07:00,0.04298901526442306,0.04266250974832415,0.042445794254886246,0.04266250974832415,0.875174985182317,0.0,0.0
2007-12-11 00:00:00+07:00,0.04298901526442306,0.04266250974832415,0.042794691866540405,0.04266250974832415,0.8850507237614691,0.0,0.0
2007-12-12 00:00:00+07:00,0.0412647333809114,0.0419758912365843,0.0417480111090221,0.041289260436412276,0.8960695130493999,0.0,0.0
2007-12-13 00:00:00+07:00,0.04160958916114074,0.04197588814385809,0.04139911035600835,0.041632572764390245,0.9048059706458907,0.0,0.0
2007-12-14 00:00:00+07:00,0.04160959222634922,0.041289260436412276,0.041050215721394834,0.041289260436412276,0.8797462778054731,0.0,0.0
2007-12-17 00:00:00+07:00,0.040919881113932716,0.0406026361852569,0.039654631373715485,0.039916005295372314,0.8759509966842696,0.0,0.0
2007-12-18 00:00:00+07:00,0.039195596326240645,0.03922938409525661,0.03895684553419898,0.0385427530688964,0.9133830770804804,0.0,0.0
2007-12-19 00:00:00+07:00,0.039195572529962405,0.039229360237468064,0.03895682180071723,0.03922936023746807,0.8962904315132528,0.0,0.0
2007-12-26 00:00:00+07:00,0.03988528960909829,0.040945936450178126,0.04000351421098991,0.040945936450178126,0.8967815328306198,0.0,0.0
2007-12-27 00:00:00+07:00,0.0412647303364138,0.041632572764390245,0.04139911035600835,0.041632572764390245,0.8923538355446736,0.0,0.0
2007-12-28 00:00:00+07:00,0.041954445419145864,0.04197588557147462,0.04139910781151032,0.040602624122200164,0.9070860488620598,0.0,0.0
2007-12-31 00:00:00+07:00,0.040919868996644015,0.040602624122200164,0.04139910781151032,0.040602624122200164,0.0,0.0,0.0
2008-01-02 00:00:00+07:00,0.04091987796136248,0.04060263304679627,0.0407013214461131,0.040259317623350284,0.8364726070226487,0.0,0.0
2008-01-03 00:00:00+07:00,0.039885290110507204,0.039915990927803076,0.03930571943871938,0.03922936023746807,0.8950690408403288,0.0,0.0
2008-01-04 00:00:00+07:00,0.03988530444244548,0.039916005295372314,0.039654631373715485,0.039916005295372314,0.9419865059356133,0.0,0.0
2008-01-07 00:00:00+07:00,0.03954043132023481,0.039229360237468064,0.03930571943871938,0.03922936023746807,0.8978680034791966,0.0,0.0
2008-01-08 00:00:00+07:00,0.03954043437248346,0.03957267864262212,0.039654620142970456,0.0388860479094901,0.8944702333163499,0.0,0.0
2008-01-09 00:00:00+07:00,0.038850724747945695,0.040259317623350284,0.03930573057589935,0.040259317623350284,0.9296289907755281,0.0,0.0
2008-01-14 00:00:00+07:00,0.04023016333294123,0.04025932074031461,0.039654631373715485,0.039916005295372314,0.9053610935560792,0.0,0.0
2008-01-15 00:00:00+07:00,0.04023014890077961,0.039915990927803076,0.03930571943871938,0.03922936023746807,0.8820228071709939,0.0,0.0
2008-01-16 00:00:00+07:00,0.038505878955809494,0.038542753618017164,0.03756125483733158,0.03785612258381238,0.8928356598396313,0.0,0.0
2008-01-17 00:00:00+07:00,0.03816101999282924,0.038542753618017164,0.03686345921186618,0.03785612258381238,0.9033924070434602,0.0,0.0
2008-01-18 00:00:00+07:00,0.037126443103888476,0.03785612258381238,0.03651456139913349,0.03785612258381238,0.8950509388191418,0.0,0.0
2008-01-21 00:00:00+07:00,0.03609186786971605,0.03716949324688995,0.036165665247866186,0.035796231128560306,0.8523490878761562,0.0,0.0
2008-01-22 00:00:00+07:00,0.034712409931991886,0.0344229470731945,0.03162997296542924,0.03373631635679587,0.9280571425519212,0.0,0.0
2008-01-23 00:00:00+07:00,0.0354021267438204,0.03613952305458996,0.035467846331113315,0.036139523054589964,0.9051263361667159,0.0,0.0
2008-01-24 00:00:00+07:00,0.03643672517792797,0.03785612258381238,0.03686345921186618,0.03785612258381238,0.9044389814294738,0.0,0.0
2008-01-25 00:00:00+07:00,0.03816100998996676,0.039916005295372314,0.03860793815551766,0.039916005295372314,0.9068439918621904,0.0,0.0
2008-01-28 00:00:00+07:00,0.03885072777095824,0.04025932074031461,0.03895683589491693,0.039916005295372314,0.8250727858962082,0.0,2.0
2008-01-29 00:00:00+07:00,0.04023014879697186,0.03991599082445992,0.0393057193366132,0.03957267548001008,0.821852530357928,0.0,0.0
2008-01-30 00:00:00+07:00,0.03988529318425056,0.03957267864262212,0.038607927163724645,0.0388860479094901,0.839746490144431,0.0,0.0
2008-01-31 00:00:00+07:00,0.039195572529962405,0.039229360237468064,0.03860792416271508,0.03922936023746807,0.8426101392737316,0.0,0.0
2008-02-01 00:00:00+07:00,0.039885290110507204,0.039572675582635566,0.03930571943871938,0.03922936023746807,0.8449182121809977,0.0,0.0
2008-02-04 00:00:00+07:00,0.03988530444244548,0.0406026361852569,0.04035242685251403,0.039916005295372314,0.8832017964115312,0.0,0.0
2008-02-05 00:00:00+07:00,0.039540431217868835,0.03991599082445992,0.04000351461115885,0.03957267548001008,0.8405230849778574,0.0,0.0
2008-02-06 00:00:00+07:00,0.03988529318425056,0.038886047909490094,0.03895682482347325,0.0388860479094901,0.7899981898263456,0.0,0.0
2008-02-11 00:00:00+07:00,0.03885072623351751,0.0392293728530628,0.03721234570913594,0.037512795683014195,0.8243467249553602,0.0,0.0
2008-02-12 00:00:00+07:00,0.037816162747297946,0.03751280877647235,0.036165665247866186,0.035796231128560306,0.8505680194854476,0.0,0.0
2008-02-13 00:00:00+07:00,0.036781562157979605,0.03648283863086068,0.035467846550416626,0.035452892569505935,0.8844413204836856,0.0,0.0
2008-02-14 00:00:00+07:00,0.03643671407691933,0.03819942655103363,0.036863447980846994,0.037512795683014195,0.8982415347972939,0.0,0.0
2008-02-15 00:00:00+07:00,0.03678158414090822,0.03785612258381238,0.03721235702459888,0.03785612258381238,0.8673049898794938,0.0,0.0
2008-02-18 00:00:00+07:00,0.038505854949417606,0.039572675582635566,0.03860792416271508,0.03922936023746807,0.9047393338394699,0.0,0.0
2008-02-19 00:00:00+07:00,0.039885290007420346,0.04025930616890977,0.04000351461115885,0.03957267548001008,0.8874551583066964,0.0,0.0
2008-02-20 00:00:00+07:00,0.04023016333294123,0.039916005295372314,0.040003529113114764,0.039916005295372314,0.8777832934483096,0.0,0.0
2008-02-21 00:00:00+07:00,0.04023015138164278,0.040602624122200164,0.04035241484521389,0.040602624122200164,0.9032330952981366,0.0,0.0
2008-02-22 00:00:00+07:00,0.04023016333294123,0.0406026361852569,0.04070132459191331,0.039916005295372314,0.8551267434259567,0.0,0.0
2008-02-25 00:00:00+07:00,0.04057500718263039,0.040945936450178126,0.040701309479899375,0.040945936450178126,0.8836292297213925,0.0,0.0
2008-02-26 00:00:00+07:00,0.04126472780414463,0.04094593948451878,0.04105021015607818,0.040602624122200164,0.8475572913870909,0.0,0.0
2008-02-27 00:00:00+07:00,0.04091986637607488,0.04094593685780947,0.04000351461115885,0.03957267548001008,0.8602192212555235,0.0,0.0
2008-02-28 00:00:00+07:00,0.03954043132023481,0.039229360237468064,0.03930571943871938,0.03922936023746807,0.849939622806124,0.0,0.0
2008-02-29 00:00:00+07:00,0.039195572428317324,0.03957267548001008,0.0393057193366132,0.03957267548001008,0.9020425600663773,0.0,0.0
2008-03-03 00:00:00+07:00,0.03885071674894924,0.03991599400918814,0.038607927163724645,0.0388860479094901,0.8980922681672444,0.0,0.0
2008-03-04 00:00:00+07:00,0.03954044555194974,0.039916005295372314,0.03895683589491693,0.039916005295372314,0.8609512609095045,0.0,0.0
2008-03-05 00:00:00+07:00,0.04057501909245968,0.040259317623350284,0.0396546282934528,0.040259317623350284,0.8787386089877692,0.0,0.0
2008-03-06 00:00:00+07:00,0.04057500769105202,0.040259306272970585,0.039654617076721535,0.03922936023746807,0.8267852845804647,0.0,0.0
2008-03-10 00:00:00+07:00,0.03816101390580923,0.03854274747041726,0.036863453276684555,0.03819943199722631,0.8633270199619297,0.0,0.0
2008-03-11 00:00:00+07:00,0.03747128798012282,0.03751279293989509,0.036863445274518236,0.03716947752590813,0.8755594504272233,0.0,0.0
2008-03-12 00:00:00+07:00,0.03885071674894924,0.038886047909490094,0.038607927163724645,0.0388860479094901,0.8533799715018543,0.0,0.0
2008-03-13 00:00:00+07:00,0.03816100569892532,0.03854273918185595,0.037212342982458846,0.03716947752590813,0.8858138845677969,0.0,0.0
2008-03-14 00:00:00+07:00,0.03747127975583671,0.037169469338430516,0.035816744197176315,0.035452892569505935,0.8582746367835199,0.0,0.0
2008-03-17 00:00:00+07:00,0.034712413955825625,0.034422951079019236,0.03093218135224435,0.03133311257356584,0.9135429689032297,0.0,0.0
2008-03-18 00:00:00+07:00,0.031953543277433646,0.03201974335255549,0.029885488303093666,0.03133311257356584,0.8752121904918906,0.0,0.0
2008-03-19 00:00:00+07:00,0.032988118505204805,0.03442294975644395,0.03162997547927078,0.03442294975644395,0.9074702313160704,0.0,0.0
2008-03-24 00:00:00+07:00,0.0333329747185407,0.03373631635679587,0.03267666591916682,0.03373631635679587,0.8327808880789666,0.0,0.0
2008-03-25 00:00:00+07:00,0.03436755112862909,0.0344229470731945,0.033723358872904396,0.03373631635679587,0.9014014107746622,0.0,0.0
2008-03-26 00:00:00+07:00,0.0336778335219035,0.03407963171499519,0.033723358872904396,0.03373631635679587,0.8667019084833597,0.0,0.0
2008-03-27 00:00:00+07:00,0.033677842421081974,0.033393009857946,0.03302557235773311,0.033393009857946,0.8874817755161277,0.0,0.0
2008-03-28 00:00:00+07:00,0.03333298823799963,0.035109591899784146,0.033723372550697794,0.035109591899784146,0.8774604668813601,0.0,0.0
2008-03-31 00:00:00+07:00,0.03471242388756239,0.035796222833262635,0.03477006583534974,0.035109591899784146,0.8954498170392259,0.0,0.0
2008-04-01 00:00:00+07:00,0.03540213085164336,0.03545289647126102,0.03302556671587818,0.0330496887862759,0.8892032613103517,0.0,0.0
2008-04-02 00:00:00+07:00,0.03402269268229886,0.03407963207325075,0.03302556392015957,0.03270637062916984,0.8608596455797319,0.0,0.0
2008-04-03 00:00:00+07:00,0.033332969313321456,0.033049680259369524,0.03162996776151218,0.03201973431495773,0.8874338536221213,0.0,0.0
2008-04-04 00:00:00+07:00,0.03264325124459305,0.03476625625529382,0.030583274416341597,0.03476625625529382,0.8958542200157723,0.0,0.0
2008-04-07 00:00:00+07:00,0.03402268404703526,0.03373630811561478,0.030583272367676027,0.030303155187683624,0.9218472985543158,0.0,0.0
2008-04-08 00:00:00+07:00,0.03022925894324777,0.029959860811356764,0.029187702545779643,0.029273229862005902,0.8754012199259443,0.0,0.0
2008-04-09 00:00:00+07:00,0.029194679913512534,0.02927322758334673,0.028141007023687003,0.02824328121981582,0.890465869946016,0.0,0.0
2008-04-10 00:00:00+07:00,0.02781522676910936,0.030646470480476737,0.027792091689466763,0.030303155187683624,0.8901571699451155,0.0,0.0
2008-04-11 00:00:00+07:00,0.03126381414573487,0.03133310106606296,0.030583272367676027,0.030303155187683624,0.8991505912537904,0.0,0.0
2008-04-14 00:00:00+07:00,0.02953952926344793,0.029616533446291733,0.029187690780045624,0.029616533446291733,0.8623157701757503,0.0,0.0
2008-04-15 00:00:00+07:00,0.03022925210053409,0.030989800245587867,0.03023438899197318,0.030989800245587867,0.8515481740170224,0.0,0.0
2008-04-16 00:00:00+07:00,0.031608681155008506,0.03236305538662783,0.03162997342016598,0.03236305538662783,0.8688553726219743,0.0,0.0
2008-04-17 00:00:00+07:00,0.0333329747185407,0.03373631635679587,0.03302556357041267,0.03373631635679587,0.8948280498176344,0.0,0.0
2008-04-18 00:00:00+07:00,0.0343675649751717,0.035452907366523394,0.034421168073799094,0.035109591899784146,0.8952333351890946,0.0,0.0
2008-04-21 00:00:00+07:00,0.03609183589590324,0.03613951458628971,0.03372335008218111,0.03407962285564575,0.8816828932076985,0.0,0.0
2008-04-22 00:00:00+07:00,0.03402269305718306,0.03373631708543689,0.03162997365890277,0.0316764249015438,0.8637787423985357,0.0,0.0
2008-04-23 00:00:00+07:00,0.031953543277433646,0.03201974335255549,0.031281079035294576,0.03133311257356584,0.8554644415149112,0.0,0.0
2008-04-24 00:00:00+07:00,0.032298399011324766,0.03201974026552598,0.03162997365890277,0.0316764249015438,0.8502961612191887,0.0,0.0
2008-04-25 00:00:00+07:00,0.031608687543976874,0.03133311566102774,0.03093218441080749,0.030989800245587867,0.8436222847458855,0.0,0.0
2008-04-28 00:00:00+07:00,0.03126382334140783,0.0309897949277868,0.029536588443663896,0.029616533446291733,0.8203108088335717,0.0,0.0
2008-04-29 00:00:00+07:00,0.030574114036229814,0.03133311880126678,0.030583289785418962,0.030646487917609905,0.8353479192801373,0.0,0.0
2008-04-30 00:00:00+07:00,0.030574104965466465,0.0316764249015438,0.030583280687534502,0.0316764249015438,0.8374662710936172,0.0,0.0
2008-05-05 00:00:00+07:00,0.03402269232526629,0.0344229470731945,0.03407225652415026,0.03373631635679587,0.8634217213100489,0.0,0.0
2008-05-06 00:00:00+07:00,0.03436755112862909,0.03510957778959314,0.03407225652415026,0.03373631635679587,0.8695585330458472,0.0,0.0
2008-05-07 00:00:00+07:00,0.0340226834961601,0.03407962285564575,0.03372335008218111,0.03407962285564575,0.8211127937365383,0.0,0.0
2008-05-08 00:00:00+07:00,0.0340226834961601,0.034766253432527074,0.03407224766253404,0.03407962285564575,0.8624818637595612,0.0,0.0
2008-05-09 00:00:00+07:00,0.03436755112862909,0.0344229470731945,0.03407225652415026,0.03373631635679587,0.8064817751503857,0.0,0.0
2008-05-12 00:00:00+07:00,0.03333296602957904,0.03407962285564575,0.03372335008218111,0.03407962285564575,0.8150426379996552,0.0,0.0
2008-05-13 00:00:00+07:00,0.03471241262730444,0.035109580514768354,0.03477005453221721,0.03442294975644395,0.8610508941160402,0.0,0.0
2008-05-14 00:00:00+07:00,0.03436756017019442,0.03407964071609421,0.03372336780427926,0.033393009857946,0.8533675525275277,0.0,0.0
2008-05-15 00:00:00+07:00,0.03471240096274114,0.0344229381440864,0.034421145242886975,0.03407962285564575,0.7857652772941671,0.0,0.0
2008-05-16 00:00:00+07:00,0.03471241904475064,0.03442295614516833,0.03372336780427926,0.033393009857946,0.8108260842968066,0.0,0.0
2008-05-21 00:00:00+07:00,0.03298811638369606,0.032706370748619186,0.03232776873036511,0.03236305538662783,0.8730309844118884,0.0,0.0
2008-05-22 00:00:00+07:00,0.03229839303400449,0.03201973431495773,0.03197886536865706,0.03201973431495773,0.8576101422398291,0.0,0.0
2008-05-23 00:00:00+07:00,0.03229840847306929,0.032363065126752105,0.03093218752165375,0.030646487917609905,0.8536921195714124,0.0,0.0
2008-05-26 00:00:00+07:00,0.029884387951750035,0.03064647942735812,0.030234383642119795,0.029959848688833744,0.8669151641922597,0.0,0.0
2008-05-27 00:00:00+07:00,0.029194670704668847,0.029959849079177148,0.029187691037546388,0.028929902961207704,0.8723215054702238,0.0,0.0
2008-05-28 00:00:00+07:00,0.029194670704668847,0.02927321833386419,0.028838793371608298,0.028929902961207704,0.8688157208297278,0.0,0.0
2008-05-29 00:00:00+07:00,0.029194670704668847,0.02927321833386419,0.028838793371608298,0.028929902961207704,0.8890188768420915,0.0,0.0
2008-05-30 00:00:00+07:00,0.029539520714354683,0.029273209565086916,0.02918768228391232,0.02858657897497356,0.8373983495224687,0.0,0.0
2008-06-02 00:00:00+07:00,0.029194670704668847,0.02927321833386419,0.029187691037546388,0.028929902961207704,0.8453920016108565,0.0,0.0
2008-06-03 00:00:00+07:00,0.028160091715445177,0.0285865850180146,0.028140995498002277,0.027899954319017622,0.8791482621129102,0.0,0.0
2008-06-04 00:00:00+07:00,0.028160091934336173,0.028243269888426625,0.02779209807298989,0.0272133238339336,0.8398921672053362,0.0,0.0
2008-06-05 00:00:00+07:00,0.027470382934319127,0.02789996325161668,0.02744320904118901,0.02755664782016775,0.8851088499036689,0.0,0.0
2008-06-06 00:00:00+07:00,0.028504950510068027,0.028243269668516112,0.028140995498002277,0.027899954319017622,0.8661067110911363,0.0,0.0
2008-06-09 00:00:00+07:00,0.026435797951181023,0.0272133238339336,0.02674540513968413,0.0272133238339336,0.8492363775538857,0.0,0.0
2008-06-10 00:00:00+07:00,0.027815236232121728,0.027556642265998535,0.025698715134122554,0.02687001150595563,0.8712860915587967,0.0,0.0
2008-06-11 00:00:00+07:00,0.027125524632067594,0.02721333296623428,0.026745414160266514,0.02652670209254171,0.8488321114224238,0.0,0.0
2008-06-12 00:00:00+07:00,0.025746089102614254,0.02652670209254171,0.026047618697923273,0.02652670209254171,0.8667164324408064,0.0,0.0
2008-06-13 00:00:00+07:00,0.027324919058031496,0.027420345878536603,0.026929845253793893,0.02706851954849037,0.8363238054055644,12.7,0.0
2008-06-16 00:00:00+07:00,0.02661809532496998,0.027772164286947225,0.02692983750714306,0.026364859265691938,0.8317207178457134,0.0,0.0
2008-06-17 00:00:00+07:00,0.025911280374909664,0.02636486025664371,0.025857197679037377,0.025661207726585644,0.862347669507525,0.0,0.0
2008-06-18 00:00:00+07:00,0.025911280374909664,0.025661207726585644,0.025499650733980608,0.025661207726585644,0.8422158853541526,0.0,0.0
2008-06-19 00:00:00+07:00,0.025557867044545376,0.025661202339058165,0.025142098478049258,0.02530937612790441,0.8546108745844038,0.0,0.0
2008-06-20 00:00:00+07:00,0.025557867044545376,0.025661202339058165,0.025499645368354733,0.02530937612790441,0.8456401345830848,0.0,0.0
2008-06-23 00:00:00+07:00,0.023790820886393376,0.02495754310294715,0.023711904345527387,0.023550238536446534,0.8739098472213942,0.0,0.0
2008-06-24 00:00:00+07:00,0.02343742804969857,0.02355025364203653,0.022996825567508834,0.023198427339713612,0.8916131330005769,0.0,0.0
2008-06-25 00:00:00+07:00,0.024144225433756463,0.023902061391435636,0.02335435429128054,0.023902061391435636,0.8766791464953787,0.0,0.0
2008-06-26 00:00:00+07:00,0.02485105209448506,0.02495755080905703,0.024427005576493906,0.02460572458879811,0.9045448555030869,0.0,0.0
2008-06-27 00:00:00+07:00,0.023790820886393376,0.024253890819696845,0.023711904345527387,0.023550238536446534,0.862782963924636,0.0,0.0
2008-06-30 00:00:00+07:00,0.025557867044545376,0.02530937612790441,0.0244270046974383,0.02530937612790441,0.8695048176900958,0.0,0.0
2008-07-01 00:00:00+07:00,0.0269715057276672,0.027420340507598007,0.026214746033179404,0.02671668794980913,0.8765389610027563,0.0,0.0
2008-07-02 00:00:00+07:00,0.0269715057276672,0.028475819344281318,0.02728738691062225,0.02671668794980913,0.8835489760603736,0.0,0.0
2008-07-03 00:00:00+07:00,0.02767831775006044,0.027420336574351382,0.025857195305242223,0.027420336574351382,0.8742297976102459,0.0,0.0
2008-07-04 00:00:00+07:00,0.027324919058031496,0.02812399853862907,0.027644939276056168,0.02706851954849037,0.8567387391358309,0.0,0.0
2008-07-07 00:00:00+07:00,0.027324919058031496,0.027420345878536603,0.026214751231531618,0.02706851954849037,0.7941104260875164,0.0,0.0
2008-07-08 00:00:00+07:00,0.026971510598240597,0.0291794770803733,0.026929844831249303,0.0291794770803733,0.8971881405927007,0.0,0.0
2008-07-09 00:00:00+07:00,0.030858987952998924,0.030586771414893757,0.029790210130585217,0.03058677141489375,0.8841228929685104,0.0,0.0
2008-07-10 00:00:00+07:00,0.029798759672574306,0.030586766846117684,0.029432658781962686,0.029531288277106223,0.8472531383612205,0.0,0.0
2008-07-11 00:00:00+07:00,0.030152170075271535,0.029883116961223415,0.029432661249067033,0.029883116961223415,0.8096596552380162,0.0,0.0
2008-07-14 00:00:00+07:00,0.030152170075271535,0.030234943173165746,0.029432661249067033,0.029883116961223415,0.7979803388709082,0.0,0.0
2008-07-15 00:00:00+07:00,0.02767831775006044,0.02917946778152611,0.028002476831716434,0.027420336574351382,0.8213679730963771,0.0,0.0
2008-07-16 00:00:00+07:00,0.028031722297423536,0.029179464267289852,0.027644926534062236,0.02777215942934049,0.8610274701050832,0.0,0.0
2008-07-17 00:00:00+07:00,0.028031722297423536,0.029179464267289852,0.028360020311286167,0.02777215942934049,0.8443007156414524,0.0,0.0
2008-07-18 00:00:00+07:00,0.028385135627787824,0.029179469807582632,0.028360025736922864,0.028123991028021718,0.8326907684532713,0.0,0.0
2008-07-21 00:00:00+07:00,0.030152170075271535,0.030234943173165746,0.029432661249067033,0.029883116961223415,0.8645542865920144,0.0,0.0
2008-07-22 00:00:00+07:00,0.030505586333302904,0.030234951474468696,0.029790216352483603,0.030234951474468696,0.7940319231851138,0.0,0.0
2008-07-23 00:00:00+07:00,0.031565797047725094,0.03164224329643394,0.031220391026390872,0.03129041712487196,0.8917887959265868,0.0,0.0
2008-07-24 00:00:00+07:00,0.031565805878720835,0.03410503589514808,0.03193549366095158,0.03340138340044702,0.9041348233393862,0.0,0.0
2008-07-25 00:00:00+07:00,0.03227261785311954,0.03269772692140167,0.03157794285344495,0.031994074493106345,0.851063565181958,0.0,0.0
2008-07-28 00:00:00+07:00,0.03262602825581677,0.03234590317722354,0.032650586022526726,0.03234590317722354,0.8133260269439898,0.0,0.0
2008-07-29 00:00:00+07:00,0.03297942987551278,0.03304954930009831,0.03193548601004448,0.03269772311764859,0.8418730177565459,0.0,0.0
2008-07-31 00:00:00+07:00,0.033332837350542946,0.03445685360335115,0.03336567303844093,0.03304954888720175,0.8632086523823391,0.0,0.0
2008-08-01 00:00:00+07:00,0.0319192103780894,0.03304955359534366,0.03229303709196468,0.031642248723553194,0.8283831255848311,0.0,0.0
2008-08-04 00:00:00+07:00,0.03297942987551278,0.03269772311764859,0.03193548601004448,0.03269772311764859,0.8182244865958002,0.0,0.0
2008-08-05 00:00:00+07:00,0.03297942987551278,0.03340137548254803,0.0326505797323139,0.03269772311764859,0.8380272016193041,0.0,0.0
2008-08-06 00:00:00+07:00,0.033332837350542946,0.034105027424313795,0.03336567303844093,0.03304954888720175,0.849960409142066,0.0,0.0
2008-08-07 00:00:00+07:00,0.033332837350542946,0.034105027424313795,0.03336567303844093,0.03304954888720175,0.8582709089840792,0.0,0.0
2008-08-08 00:00:00+07:00,0.03227261785311954,0.03304955313554933,0.032293036640141076,0.031994074493106345,0.8042035433733136,0.0,0.0
2008-08-11 00:00:00+07:00,0.03262602825581677,0.03304955564703096,0.032650586022526726,0.03234590317722354,0.8119607704503375,0.0,0.0
2008-08-12 00:00:00+07:00,0.03262602551112889,0.03269772665676208,0.030505301922387647,0.029883116961223415,0.818794632407502,0.0,0.0
2008-08-13 00:00:00+07:00,0.03015216675724886,0.03269772311764859,0.030505298565505625,0.03269772311764859,0.8237550460566032,0.0,0.0
2008-08-14 00:00:00+07:00,0.03227261785311954,0.03340137934969699,0.031935489746793014,0.031994074493106345,0.8169006002324173,0.0,0.0
2008-08-15 00:00:00+07:00,0.03191919945289276,0.033753194597179945,0.032293026038816536,0.033753194597179945,0.8712136038108226,0.0,0.0
2008-08-19 00:00:00+07:00,0.03262602825581677,0.034105034351742086,0.03300813293696833,0.03234590317722354,0.8457312210127782,0.0,0.0
2008-08-20 00:00:00+07:00,0.03262602825581677,0.03304955564703096,0.03300813293696833,0.03234590317722354,0.8298095196598269,0.0,0.0
2008-08-21 00:00:00+07:00,0.03227261785311954,0.03304955313554933,0.03265058353348914,0.031994074493106345,0.8249360795662183,0.0,0.0
2008-08-22 00:00:00+07:00,0.0319192103780894,0.03269772737739604,0.03229303709196468,0.031642248723553194,0.8001366130663289,0.0,0.0
2008-08-25 00:00:00+07:00,0.0336862536085743,0.03340138340044702,0.032650587515133195,0.03340138340044702,0.7881361945296804,0.0,0.0
2008-08-26 00:00:00+07:00,0.03227261785311954,0.03269772692140167,0.03265058353348914,0.031994074493106345,0.7789983817317201,0.0,0.0
2008-08-27 00:00:00+07:00,0.03227262644723901,0.03410504076868141,0.03265059222825947,0.03410504076868141,0.8633058251656635,0.0,0.0
2008-08-28 00:00:00+07:00,0.0350998776533608,0.035512333021370406,0.034795861336363115,0.03480868064953152,0.8807011621096972,0.0,0.0
2008-08-29 00:00:00+07:00,0.03545328220072387,0.036215981983595553,0.035510951707247954,0.03516050350452062,0.8561104873440054,0.0,0.0
2008-09-01 00:00:00+07:00,0.035806703323186695,0.03691964791157442,0.03622605879404492,0.036215995386000295,0.8802148910823215,0.0,0.0
2008-09-02 00:00:00+07:00,0.0382805537116334,0.037975121319201985,0.03694114741390428,0.037975121319201985,0.8883602359363663,0.0,0.0
2008-09-03 00:00:00+07:00,0.037220342997211206,0.03797513463346046,0.037656254448514684,0.03691965566879872,0.874692975145781,0.0,0.0
2008-09-04 00:00:00+07:00,0.036513519264149696,0.037623300437148545,0.03622605879404492,0.036215995386000295,0.7968475408996597,0.0,0.0
2008-09-05 00:00:00+07:00,0.036513519264149696,0.03727147417436148,0.03515341796570989,0.036215995386000295,0.8764733408403901,0.0,0.0
2008-09-08 00:00:00+07:00,0.036866917956178635,0.03832694337324219,0.036941143364140894,0.03656781241186131,0.8824922038756721,0.0,0.0
2008-09-09 00:00:00+07:00,0.037220324100451035,0.03691963685661262,0.03336567303844093,0.03304954888720175,0.857505416944962,0.0,0.0
2008-09-10 00:00:00+07:00,0.03297942987551278,0.03269772311764859,0.03193548601004448,0.03269772311764859,0.8745317794106136,0.0,0.0
2008-09-11 00:00:00+07:00,0.031212401283363212,0.03269773439574425,0.030505309262884157,0.03093860301357499,0.8538726791908601,0.0,0.0
2008-09-12 00:00:00+07:00,0.031212392151190708,0.030938593922274306,0.029075112759552737,0.02882763673799993,0.8406391942424678,0.0,0.0
2008-09-15 00:00:00+07:00,0.028031722297423536,0.028827638057802515,0.028002473422674198,0.02777215942934049,0.8957540041228296,0.0,0.0
2008-09-16 00:00:00+07:00,0.02626468070221211,0.030234940656447197,0.02621473696570668,0.029531288277106223,0.871515053385276,0.0,0.0
2008-09-17 00:00:00+07:00,0.030505586333302904,0.03093860404527908,0.030505310284012075,0.030234951474468696,0.8398884847737768,0.0,0.0
2008-09-18 00:00:00+07:00,0.02873854223891623,0.03410503589514808,0.028717571317134313,0.03340138340044702,0.8572063554862207,0.0,0.0
2008-09-19 00:00:00+07:00,0.03545328220072387,0.036215981983595553,0.03479585803123478,0.03516050350452062,0.8623704414252155,0.0,0.0
2008-09-22 00:00:00+07:00,0.036513519264149696,0.03727147417436148,0.03622605879404492,0.036215995386000295,0.882467031280783,0.0,0.0
2008-09-23 00:00:00+07:00,0.0350998776533608,0.036215985393209284,0.035510955065684816,0.03480868064953152,0.8778242061347323,0.0,0.0
2008-09-24 00:00:00+07:00,0.03333284016384801,0.03621598750756936,0.033723222742361156,0.03551233510320186,0.8114222652242513,0.0,0.0
2008-09-25 00:00:00+07:00,0.03616009422311711,0.03656780439116181,0.03622604165745004,0.035864152129062875,0.8064215371227527,0.0,0.0
2008-09-26 00:00:00+07:00,0.03545328220072387,0.03586415582390392,0.035510951707247954,0.03516050350452062,0.8323847852209301,0.0,0.0
2008-10-06 00:00:00+07:00,0.031565805878720835,0.03621599337925128,0.03157794673386077,0.03340138340044702,0.8713255830068434,0.0,0.0
2008-10-07 00:00:00+07:00,0.0336862536085743,0.035512340884550214,0.032650587515133195,0.03340138340044702,0.8229234389050128,0.0,0.0
2008-10-08 00:00:00+07:00,0.031212401283363212,0.03340138694861195,0.03157795013282522,0.03093860301357499,0.8166348974440857,0.0,0.0
2008-10-09 00:00:00+07:00,0.031212401283363212,0.03093860301357499,0.03157795013282522,0.03093860301357499,0.0,0.0,0.0
2008-10-10 00:00:00+07:00,0.031212401283363212,0.03093860301357499,0.03157795013282522,0.03093860301357499,0.0,0.0,0.0
2008-10-13 00:00:00+07:00,0.031565797047725094,0.03164224329643394,0.02764492252569149,0.03129041712487196,0.8917056054716518,0.0,0.0
2008-10-14 00:00:00+07:00,0.032272611398420484,0.03516050350452062,0.03265057700319525,0.03516050350452062,0.8827534928918742,0.0,0.0
2008-10-15 00:00:00+07:00,0.0336862536085743,0.03621599337925128,0.03372322829640563,0.03340138340044702,0.8631818105132831,0.0,0.0
2008-10-16 00:00:00+07:00,0.0294453668358795,0.0309386087102229,0.029790220887157656,0.0291794770803733,0.8891172628942439,0.0,0.0
2008-10-17 00:00:00+07:00,0.030152183362375937,0.02988313018886024,0.02728739226492503,0.02706851954849037,0.8872837802922794,0.0,0.0
2008-10-20 00:00:00+07:00,0.028385135627787824,0.029531296067436284,0.02764493185732844,0.028123991028021718,0.845950077489896,0.0,0.0
2008-10-21 00:00:00+07:00,0.030152170075271535,0.030938595597050415,0.02979020814017391,0.029883116961223415,0.8313486566775428,0.0,0.0
2008-10-22 00:00:00+07:00,0.0336862489684982,0.033401378781137976,0.028360020311286167,0.02777215942934049,0.8697863800682656,0.0,0.0
2008-10-23 00:00:00+07:00,0.02591127985504355,0.02847581728787537,0.024784556338950683,0.028123991028021718,0.8383917474273086,0.0,0.0
2008-10-24 00:00:00+07:00,0.027324907588820297,0.02706850813061061,0.025142099375611297,0.02460572458879811,0.8220336266715037,0.0,0.0
2008-10-27 00:00:00+07:00,0.021670381891546586,0.022846594681190907,0.021924178439936434,0.02143928974825574,0.8380712506517365,0.0,0.0
2008-10-28 00:00:00+07:00,0.021670388614337635,0.02179112275024559,0.019063809321185357,0.01897651227594775,0.8846382697861986,0.0,0.0
2008-10-29 00:00:00+07:00,0.021670381891546586,0.02179111598148953,0.02120908461444737,0.02143928974825574,0.8856121439944291,0.0,0.0
2008-10-30 00:00:00+07:00,0.020256751991425962,0.024253901733809008,0.020493992673838595,0.024253901733809008,0.8710399297641099,0.0,0.0
2008-10-31 00:00:00+07:00,0.026618098089988874,0.02988312484134102,0.026214746379326578,0.02847581971213891,0.8769449297216145,0.0,0.0
2008-11-03 00:00:00+07:00,0.030505586333302904,0.03199408290149466,0.02943266938671937,0.030234951474468696,0.8833066577347727,0.0,0.0
2008-11-04 00:00:00+07:00,0.0294453668358795,0.03129043503619281,0.02800248585221494,0.0291794770803733,0.8441580848361326,0.0,0.0
2008-11-05 00:00:00+07:00,0.030858987952998924,0.03199407633388364,0.030505303948988264,0.03058677141489375,0.878532831151584,0.0,0.0
2008-11-06 00:00:00+07:00,0.029798759672574306,0.02988311446677671,0.027644924439598238,0.029531288277106223,0.8305033451488162,0.0,0.0
2008-11-07 00:00:00+07:00,0.031212401283363212,0.03164225556644269,0.029075121436296075,0.03093860301357499,0.8323242133884029,0.0,0.0
2008-11-10 00:00:00+07:00,0.031565797047725094,0.032697721811119886,0.031220391026390872,0.03129041712487196,0.8056006340642552,0.0,0.0
2008-11-11 00:00:00+07:00,0.031565797047725094,0.03129041712487196,0.030505297326250996,0.03129041712487196,0.8221360270925854,0.0,0.0
2008-11-12 00:00:00+07:00,0.031212401283363212,0.031290429290008845,0.0312204031761782,0.03093860301357499,0.8182566694146113,0.0,0.0
2008-11-13 00:00:00+07:00,0.029091944722514005,0.03129042011965336,0.02871756588324593,0.02882763673799993,0.8344361349150428,0.0,0.0
2008-11-14 00:00:00+07:00,0.031565797047725094,0.03129041712487196,0.029790203626111126,0.03129041712487196,0.8101283330156324,0.0,0.0
2008-11-17 00:00:00+07:00,0.029091944722514005,0.030938593922274306,0.028360019006939127,0.02882763673799993,0.8357137514852635,0.0,0.0
2008-11-18 00:00:00+07:00,0.02767831775006044,0.027420336574351382,0.026214742226321263,0.027420336574351382,0.8594876447118995,0.0,0.0
2008-11-19 00:00:00+07:00,0.0294453668358795,0.0291794770803733,0.026572297824260762,0.0291794770803733,0.8581452326189819,0.0,0.0
2008-11-20 00:00:00+07:00,0.028738546030485052,0.02847581971213891,0.02728738726715384,0.02847581971213891,0.8577410340106951,0.0,0.0
2008-11-21 00:00:00+07:00,0.0269715057276672,0.02671668794980913,0.025499652114884173,0.02671668794980913,0.8903471396438509,0.0,0.0
2008-11-24 00:00:00+07:00,0.02767831775006044,0.027420336574351382,0.026572289147400303,0.027420336574351382,0.8320179925049919,0.0,0.0
2008-11-25 00:00:00+07:00,0.028031722297423536,0.028475811848315172,0.027644926534062236,0.02777215942934049,0.8291400131842221,0.0,0.0
2008-11-26 00:00:00+07:00,0.029091944722514005,0.02882763673799993,0.02800247213063232,0.02882763673799993,0.8424535336713264,0.0,0.0
2008-11-27 00:00:00+07:00,0.028738546030485052,0.02988312484134102,0.02800248119237202,0.02847581971213891,0.8478765542616976,0.0,0.0
2008-11-28 00:00:00+07:00,0.030152177990815838,0.02988312484134102,0.02800248119237202,0.02847581971213891,0.8522318724107799,0.0,0.0
2008-12-01 00:00:00+07:00,0.028738546030485052,0.02988312484134102,0.027644934229762923,0.02847581971213891,0.850144114342081,0.0,0.0
2008-12-02 00:00:00+07:00,0.028385135627787824,0.02847581728787537,0.026572291037936787,0.028123991028021718,0.8310270552228318,0.0,0.0
2008-12-03 00:00:00+07:00,0.028385135627787824,0.028827643547729,0.028717572676720083,0.028123991028021718,0.807250485349243,0.0,0.0
2008-12-04 00:00:00+07:00,0.0294453668358795,0.030586782384252983,0.02907512687318058,0.0291794770803733,0.8506163474025839,0.0,0.0
2008-12-05 00:00:00+07:00,0.030152170075271535,0.029883116961223415,0.029075114357960157,0.029883116961223415,0.8345415383459364,0.0,0.0
2008-12-09 00:00:00+07:00,0.03262602825581677,0.03269772941212725,0.030862851450318727,0.03234590317722354,0.8745273913250979,0.0,0.0
2008-12-10 00:00:00+07:00,0.0319192103780894,0.03304955359534366,0.03229303709196468,0.031642248723553194,0.852285573801634,0.0,0.0
2008-12-11 00:00:00+07:00,0.03262602825581677,0.033401381881934665,0.03193549219364353,0.03234590317722354,0.8727719995303358,0.0,0.0
2008-12-12 00:00:00+07:00,0.032272614951827844,0.03199407160479963,0.03014775251890846,0.029531288277106223,0.8151615351782655,0.0,0.0
2008-12-15 00:00:00+07:00,0.03050557504087278,0.03480868064953153,0.030862845825093774,0.03480868064953152,0.8756769164939803,0.0,0.0
2008-12-16 00:00:00+07:00,0.03439307441396876,0.03445686705533463,0.03372323312935714,0.03410504076868141,0.833632679636979,0.0,0.0
2008-12-17 00:00:00+07:00,0.03580669553108817,0.03551233510320186,0.034795863385930006,0.03551233510320186,0.8609066502278905,0.0,0.0
2008-12-18 00:00:00+07:00,0.03580669553108817,0.03586416130538561,0.035510957148309236,0.03551233510320186,0.7994113447600977,0.0,0.0
2008-12-19 00:00:00+07:00,0.03580669553108817,0.03621598750756936,0.035510957148309236,0.03551233510320186,0.8278764006600053,0.0,0.0
2008-12-22 00:00:00+07:00,0.03580669553108817,0.03621598750756936,0.035153410267119614,0.03551233510320186,0.8361206720965476,0.0,0.0
2008-12-23 00:00:00+07:00,0.03580669553108817,0.03586416130538561,0.03586850402949884,0.03551233510320186,0.7868370717338015,0.0,0.0
2008-12-24 00:00:00+07:00,0.0350998776533608,0.036215985393209284,0.035510955065684816,0.03480868064953152,0.7934637710137683,0.0,0.0
2008-12-30 00:00:00+07:00,0.036513519264149696,0.03727147417436148,0.03622605879404492,0.036215995386000295,0.8113714608707605,0.0,0.0
2008-12-31 00:00:00+07:00,0.036513519264149696,0.036215995386000295,0.036941152679601574,0.036215995386000295,0.0,0.0,0.0
2009-01-05 00:00:00+07:00,0.04004761158045367,0.039734270568916034,0.03694116452742051,0.039734270568916034,0.8487270671921587,0.0,0.0
2009-01-06 00:00:00+07:00,0.04004761158045367,0.04254888138864368,0.03980154079874375,0.039734270568916034,0.8541327150282306,0.0,0.0
2009-01-07 00:00:00+07:00,0.04110781715519367,0.0407897311026402,0.03551095980481238,0.037975121319201985,0.8410325411986667,0.0,0.0
2009-01-08 00:00:00+07:00,0.03474647603366478,0.03551233941675665,0.03479586763263261,0.03445686070910647,0.8321572350328059,0.0,0.0
2009-01-09 00:00:00+07:00,0.03297942987551278,0.03480868021234691,0.03300812659344861,0.03269772311764859,0.8372037423453422,0.0,0.0
2009-01-12 00:00:00+07:00,0.0319192103780894,0.033401379813291276,0.031935490194754876,0.031642248723553194,0.8618990858293406,0.0,0.0
2009-01-13 00:00:00+07:00,0.03227261785311954,0.03304955313554933,0.031220395960096892,0.031994074493106345,0.8757658911521292,0.0,0.0
2009-01-14 00:00:00+07:00,0.0319192103780894,0.03269772737739604,0.031935490194754876,0.031642248723553194,0.8471302900808103,0.0,0.0
2009-01-15 00:00:00+07:00,0.029798759672574306,0.030586766846117684,0.029432658781962686,0.029531288277106223,0.853708562930291,0.0,0.0
2009-01-16 00:00:00+07:00,0.03065777318401817,0.032880699448388,0.030654712377396084,0.03288069944838801,0.8394834934306824,7.0,0.0
2009-01-19 00:00:00+07:00,0.03244738786653484,0.03359334371293463,0.03137894396384398,0.032168062308331254,0.8487544927987555,0.0,0.0
2009-01-20 00:00:00+07:00,0.03280530687651999,0.03252437942107761,0.030654712658362015,0.03252437942107761,0.8313066415425754,0.0,0.0
2009-01-21 00:00:00+07:00,0.029941943085970545,0.031811753568332525,0.029930498632419925,0.029673830860850604,0.8917305174114356,0.0,0.0
2009-01-22 00:00:00+07:00,0.029941943085970545,0.030742792214591558,0.029568384425869444,0.029673830860850604,0.8502327454592862,0.0,0.0
2009-01-23 00:00:00+07:00,0.03029984745762034,0.030030133400776732,0.029568366715272295,0.030030133400776732,0.7984652019993519,0.0,0.0
2009-01-27 00:00:00+07:00,0.031015711826594256,0.030742793857345845,0.030292614464113698,0.030742793857345845,0.7811429399692501,0.0,0.0
2009-01-28 00:00:00+07:00,0.029941943085970545,0.03109911266583855,0.0302926128389704,0.029673830860850604,0.8103713089678592,0.0,0.0
2009-01-29 00:00:00+07:00,0.029941943085970545,0.03038647176334458,0.029568384425869444,0.029673830860850604,0.8512805293807129,0.0,0.0
2009-01-30 00:00:00+07:00,0.029941943085970545,0.03003015131209759,0.029568384425869444,0.029673830860850604,0.8015416984313283,0.0,0.0
2009-02-02 00:00:00+07:00,0.029941943085970545,0.03003015131209759,0.029568384425869444,0.029673830860850604,0.8229974917102914,0.0,0.0
2009-02-03 00:00:00+07:00,0.03029984745762034,0.030030133400776732,0.029930480757835772,0.030030133400776732,0.8020821972306386,0.0,0.0
2009-02-04 00:00:00+07:00,0.031015711826594256,0.030742793857345845,0.030292614464113698,0.030742793857345845,0.8166227840882762,0.0,0.0
2009-02-05 00:00:00+07:00,0.03029984745762034,0.030386453690660467,0.030292594800399236,0.030030133400776732,0.8079411628997164,0.0,0.0
2009-02-06 00:00:00+07:00,0.03029984745762034,0.031099094270427938,0.029930480757835772,0.030030133400776732,0.845400184863753,0.0,0.0
2009-02-09 00:00:00+07:00,0.029941943085970545,0.03038647176334458,0.029568384425869444,0.029673830860850604,0.8042785398758926,0.0,0.0
2009-02-10 00:00:00+07:00,0.028510246552360476,0.02931750316218768,0.028482034711244112,0.028248542007916877,0.8331290018128233,0.0,0.0
2009-02-11 00:00:00+07:00,0.02743648073940384,0.02789222271632167,0.026309350924822724,0.027179581925985692,0.8560179947670555,0.0,0.0
2009-02-12 00:00:00+07:00,0.028152330470042407,0.02860486869708795,0.0273956984018409,0.027892227809734577,0.8424570195015167,0.0,0.0
2009-02-13 00:00:00+07:00,0.028510246552360476,0.02896118277743074,0.0281199205722648,0.028248542007916877,0.8357419289760953,0.0,0.0
2009-02-16 00:00:00+07:00,0.02886817141767976,0.028604864949791323,0.02848203726136649,0.028604864949791323,0.7937561202176551,0.0,0.0
2009-02-17 00:00:00+07:00,0.02672063979176648,0.028248546942475805,0.026671468747285963,0.026466944785928932,0.8518271335305622,0.0,0.0
2009-02-18 00:00:00+07:00,0.027078561729418697,0.027179585240587938,0.025947239980241326,0.02682326481323933,0.857472563116435,0.0,0.0
2009-02-19 00:00:00+07:00,0.02743648073940384,0.02789222271632167,0.027395693373501655,0.027179581925985692,0.8386193358613913,0.0,0.0
2009-02-20 00:00:00+07:00,0.02564687105114277,0.027179583859114904,0.025947238644457814,0.0253979817894337,0.8544587724944045,0.0,0.0
2009-02-23 00:00:00+07:00,0.02636271785411427,0.026466945193967896,0.02630935496745958,0.026110624758618542,0.825603153002287,0.0,0.0
2009-02-24 00:00:00+07:00,0.02564687105114277,0.026466943031242418,0.025585124475824745,0.0253979817894337,0.810969862650879,0.0,0.0
2009-02-25 00:00:00+07:00,0.02636270801216965,0.026466935298092784,0.024498774655710816,0.02397269293649997,0.8750805411730254,0.0,0.0
2009-02-26 00:00:00+07:00,0.024931024248171268,0.024685338820248856,0.02377455154720152,0.024685338820248856,0.8942439759577582,0.0,0.0
2009-02-27 00:00:00+07:00,0.0242151745175327,0.02468533361124077,0.024136660564888553,0.02397269293649997,0.8652583544732919,0.0,0.0
2009-03-02 00:00:00+07:00,0.023499333569895347,0.024329016923815866,0.023774550066224153,0.02326005579644322,0.8333116298406605,0.0,0.0
2009-03-03 00:00:00+07:00,0.023141412730118282,0.02504165921187975,0.02341243740123648,0.024685338820248856,0.8446396011629727,0.0,0.0
2009-03-04 00:00:00+07:00,0.02493102458925869,0.02753590232115368,0.02486089432658414,0.027179581925985692,0.8831047359336984,0.0,0.0
2009-03-05 00:00:00+07:00,0.027794411460057265,0.02824855164839795,0.027757815953240162,0.02753591069698822,0.8794904705142799,0.0,0.0
2009-03-06 00:00:00+07:00,0.02743648073940384,0.02789222271632167,0.027033579223942023,0.027179581925985692,0.811065469805945,0.0,0.0
2009-03-10 00:00:00+07:00,0.02922609921066612,0.02896119080622981,0.02775781421488496,0.02896119080622981,0.8681364431057881,0.0,0.0
2009-03-11 00:00:00+07:00,0.03065778110594083,0.03038646508634331,0.029930492028607213,0.03038646508634331,0.87479954929675,0.0,0.0
2009-03-12 00:00:00+07:00,0.029941943085970545,0.03038647176334458,0.029568384425869444,0.029673830860850604,0.8263642346293223,0.0,0.0
2009-03-13 00:00:00+07:00,0.031015711826594256,0.031099114323130478,0.03065472868543821,0.030742793857345845,0.863724588679626,0.0,0.0
2009-03-16 00:00:00+07:00,0.031015711826594256,0.03145543478891511,0.03101684290676272,0.030742793857345845,0.8143641745309028,0.0,0.0
2009-03-17 00:00:00+07:00,0.031373624981245254,0.031099105140964103,0.030292605460065628,0.031099105140964103,0.8709471654442844,0.0,0.0
2009-03-18 00:00:00+07:00,0.03065778110594083,0.03145542626123602,0.030292606174572256,0.03038646508634331,0.8395855339821141,0.0,0.0
2009-03-19 00:00:00+07:00,0.03101569881474062,0.0325243826594821,0.03101682985901719,0.032168062308331254,0.8735885874368716,0.0,0.0
2009-03-20 00:00:00+07:00,0.03280530687651999,0.032880699744784345,0.032465283043044205,0.03252437942107761,0.8272122363539218,0.0,0.0
2009-03-23 00:00:00+07:00,0.034237000482462976,0.034305985721215855,0.033189515761240754,0.03394966535944729,0.8431129365875086,0.0,0.0
2009-03-24 00:00:00+07:00,0.03531076629541963,0.03537494579512006,0.03500008533595217,0.03501862544137848,0.8791601864246682,0.0,0.0
2009-03-25 00:00:00+07:00,0.03566868823307183,0.036087586170990574,0.03536219911693857,0.03537494546868888,0.8374002915089093,0.0,0.0
2009-03-27 00:00:00+07:00,0.0360266043153899,0.03680022057497801,0.03608642112281292,0.035731259666871185,0.8154450394691034,0.0,0.0
2009-03-30 00:00:00+07:00,0.03459491949244811,0.0360875841489624,0.03391374077115682,0.03430598247219364,0.8341289058633458,0.0,0.0
2009-03-31 00:00:00+07:00,0.034952850213101544,0.03608759285672889,0.03500009154115179,0.03466231124319617,0.8652091027264718,0.0,0.0
2009-04-01 00:00:00+07:00,0.0360266043153899,0.03644390027227574,0.03536219301163204,0.035731259666871185,0.825115740468422,0.0,0.0
2009-04-02 00:00:00+07:00,0.03745829499366583,0.03715654269067683,0.03644853696462033,0.03715654269067683,0.8823238823627744,0.0,0.0
2009-04-03 00:00:00+07:00,0.0360266043153899,0.038225501785787125,0.03644853517840335,0.035731259666871185,0.8655814834293385,0.0,0.0
2009-04-06 00:00:00+07:00,0.03674244526302725,0.037512857634445285,0.03608641768301857,0.036443896806927945,0.8478781063099287,0.0,0.0
2009-04-07 00:00:00+07:00,0.03638453210837625,0.03680022621549135,0.03608642667866452,0.03608758552330967,0.8523998370783109,0.0,0.0
2009-04-08 00:00:00+07:00,0.034237000482462976,0.036443907891827255,0.03427585810809218,0.03394966535944729,0.8530934970624742,0.0,0.0
2009-04-09 00:00:00+07:00,0.034237000482462976,0.03394966535944729,0.03463797222370933,0.03394966535944729,0.0,0.0,0.0
2009-04-13 00:00:00+07:00,0.03674244526302725,0.03644389680692793,0.03572430365472809,0.036443896806927945,0.8265997067135201,0.0,0.0
2009-04-14 00:00:00+07:00,0.03853206080662247,0.03893814339274124,0.036810650191955896,0.038225502772608014,0.9046191476980033,0.0,0.0
2009-04-15 00:00:00+07:00,0.03888999152727589,0.03929447228909097,0.03789700072491914,0.03858183154361055,0.8530448853728413,0.0,0.0
2009-04-16 00:00:00+07:00,0.040321693916220105,0.040363446693312585,0.039707584475013546,0.04000712622567237,0.8761133193957804,0.0,0.0
2009-04-17 00:00:00+07:00,0.04032168081337448,0.042145035424251846,0.04079391388834344,0.041432394676657776,0.8743532911941595,0.0,0.0
2009-04-20 00:00:00+07:00,0.04103752608085624,0.04143239537946045,0.040431800449759386,0.04071975462203698,0.8338971517429175,0.0,0.0
2009-04-22 00:00:00+07:00,0.03960583540258032,0.0407197530690211,0.040069684783429274,0.039294471598231344,0.8343014518241059,0.0,0.0
2009-04-23 00:00:00+07:00,0.03853206080662247,0.03893814339274124,0.03862122050732847,0.038225502772608014,0.8024527612718786,0.0,0.0
2009-04-24 00:00:00+07:00,0.03924792224792932,0.0400071216180895,0.03898335151452638,0.03893816031461308,0.806058469776187,0.0,0.0
2009-04-27 00:00:00+07:00,0.03674244526302725,0.03822549818612351,0.03681064573959954,0.036443896806927945,0.7921429910739034,0.0,0.0
2009-04-28 00:00:00+07:00,0.0381741447243044,0.04000711071054948,0.03717277027948877,0.03786918857442571,0.8196795962973464,0.0,0.0
2009-04-29 00:00:00+07:00,0.0381741447243044,0.03893814964248759,0.03862122671859175,0.03786918857442571,0.818774389341558,0.0,0.0
2009-04-30 00:00:00+07:00,0.03853206080662247,0.04036342463300769,0.03898333457040298,0.038225502772608014,0.8463975578993771,0.0,0.0
2009-05-01 00:00:00+07:00,0.040321693916220105,0.040363446693312585,0.039707584475013546,0.04000712622567237,0.8184026763675466,0.0,0.0
2009-05-04 00:00:00+07:00,0.04139543338017311,0.041432380350138735,0.04006967168408018,0.04107606007652715,0.8594003912191587,0.0,0.0
2009-05-05 00:00:00+07:00,0.04067961292620524,0.04178872511312547,0.03934546696412486,0.040363443338418716,0.858552142753442,0.0,0.0
2009-05-06 00:00:00+07:00,0.03924792224792932,0.04036344205258164,0.03970757989357278,0.03893816031461308,0.8505768100963746,0.0,0.0
2009-05-07 00:00:00+07:00,0.03853206080662247,0.040719744943074294,0.03898333457040298,0.038225502772608014,0.847871897807813,0.0,0.0
2009-05-08 00:00:00+07:00,0.03853206080662247,0.03893814339274124,0.03862122050732847,0.038225502772608014,0.8294333831644783,0.0,0.0
2009-05-11 00:00:00+07:00,0.038889987913436855,0.03929446863812723,0.03681065487803352,0.03608758552330967,0.8656674874279207,0.0,0.0
2009-05-12 00:00:00+07:00,0.03674244526302725,0.03680021708276705,0.03572430365472809,0.036443896806927945,0.8748571030534755,0.0,0.0
2009-05-13 00:00:00+07:00,0.03710037891134775,0.03786918958331326,0.03644854303897553,0.036800228492494515,0.8569731319936436,0.0,0.0
2009-05-14 00:00:00+07:00,0.03710037891134775,0.036800228492494515,0.03608642892149082,0.036800228492494515,0.8052117831297079,0.0,0.0
2009-05-15 00:00:00+07:00,0.03710037891134775,0.037512869219707014,0.03681065715646023,0.036800228492494515,0.822423165913654,0.0,0.0
2009-05-18 00:00:00+07:00,0.03853206080662247,0.039294463702807855,0.03644853612888137,0.038225502772608014,0.8390262235982096,0.0,0.0
2009-05-19 00:00:00+07:00,0.04067961292620524,0.040363443338418716,0.03970758116298194,0.040363443338418716,0.8418112103473048,0.0,0.0
2009-05-20 00:00:00+07:00,0.04103752608085624,0.041076075000748724,0.040431800449759386,0.04071975462203698,0.8569283935553499,0.0,0.0
2009-05-21 00:00:00+07:00,0.04103752608085624,0.04071975462203698,0.04151814284826681,0.04071975462203698,0.0,0.0,0.0
2009-05-22 00:00:00+07:00,0.040321693916220105,0.040363446693312585,0.039707584475013546,0.04000712622567237,0.8105785736300339,0.0,0.0
2009-05-25 00:00:00+07:00,0.040321693916220105,0.0407197671609528,0.040431812921434065,0.04000712622567237,0.768899157379736,0.0,0.0
2009-05-26 00:00:00+07:00,0.03888999152727589,0.040719753780051805,0.0389833431052207,0.03858183154361055,0.8084092502008433,0.0,0.0
2009-05-27 00:00:00+07:00,0.03996376905090082,0.04000712373350891,0.0397075819969899,0.03965080328379792,0.8123572992681073,0.0,0.0
2009-05-28 00:00:00+07:00,0.03996376905090082,0.03965080328379792,0.0397075819969899,0.03965080328379792,0.7897781966334828,0.0,0.0
2009-05-29 00:00:00+07:00,0.03888999152727589,0.040363433407311605,0.03825911485168633,0.03858183154361055,0.871435419311618,0.0,0.0
2009-06-01 00:00:00+07:00,0.03960583540258032,0.03965079196592878,0.039345456540144444,0.039294471598231344,0.8535383686691351,0.0,0.0
2009-06-02 00:00:00+07:00,0.04139543338017311,0.042145020897361905,0.040431785710106916,0.04107606007652715,0.8880642093373363,0.0,0.0
2009-06-03 00:00:00+07:00,0.04103752608085624,0.041788715758172196,0.040793914582595195,0.04071975462203698,0.8518128683359847,0.0,0.0
2009-06-04 00:00:00+07:00,0.04175336995616068,0.04178871505045482,0.041156028016184634,0.041432394676657776,0.8611058943861691,0.0,0.0
2009-06-05 00:00:00+07:00,0.043900895726739816,0.04428294965283784,0.041880248612794505,0.04357030901139207,0.9028027145249479,0.0,0.0
2009-06-08 00:00:00+07:00,0.04533258347734867,0.045708229746737605,0.04477716003468048,0.044995589120633665,0.8843432452454134,0.0,0.0
2009-06-09 00:00:00+07:00,0.04748012681393024,0.04713352094275223,0.045863511957159,0.04713352094275223,0.8871975204605825,0.0,0.0
2009-06-10 00:00:00+07:00,0.04733457491787431,0.04879983968352287,0.04568013672927472,0.04698862047669551,0.8782338080291541,13.0,0.0
2009-06-11 00:00:00+07:00,0.04697069517773449,0.04698861310566903,0.046784531114668154,0.04662636931155373,0.8364111597698277,0.0,0.0
2009-06-12 00:00:00+07:00,0.04660682714826295,0.04662637362662257,0.0460482676612914,0.04626412980466812,0.8666053131922822,0.0,0.0
2009-06-15 00:00:00+07:00,0.04660682714826295,0.04662637362662257,0.046784535443316205,0.04626412980466812,0.863746699815862,0.0,0.0
2009-06-16 00:00:00+07:00,0.04587907352331745,0.04553963330351263,0.045311991055658085,0.04553963330351263,0.822955190186491,0.0,0.0
2009-06-17 00:00:00+07:00,0.045515210939716125,0.04517739921812377,0.0431031973794649,0.0422794485959017,0.8695497474827917,0.0,0.0
2009-06-18 00:00:00+07:00,0.0418764783564574,0.042641683389875236,0.04126251909664831,0.04155495209474622,0.8578878505121033,0.0,0.0
2009-06-19 00:00:00+07:00,0.0418764783564574,0.04227943962483223,0.04163065292982389,0.04155495209474622,0.8172037048271673,0.0,0.0
2009-06-22 00:00:00+07:00,0.0436958477804858,0.04336617877481471,0.04236692830537231,0.04336617877481471,0.8110176906696575,0.0,0.0
2009-06-23 00:00:00+07:00,0.042604231981402896,0.042641692423679455,0.04163066179174331,0.0422794485959017,0.8336537242346674,0.0,0.0
2009-06-24 00:00:00+07:00,0.0436958477804858,0.04336617877481471,0.04347132996892453,0.04336617877481471,0.8434877958774167,0.0,0.0
2009-06-25 00:00:00+07:00,0.04624294740812314,0.04590187863952633,0.044207591085067666,0.04590187863952633,0.8760046000016914,0.0,0.0
2009-06-26 00:00:00+07:00,0.04224035809659722,0.044090666162826274,0.041630660291365765,0.041917203259888,0.9131239547097206,0.0,0.0
2009-06-29 00:00:00+07:00,0.0418764783564574,0.04300392715491825,0.04199878676299948,0.04155495209474622,0.8607643161663914,0.0,0.0
2009-06-30 00:00:00+07:00,0.0418764783564574,0.04227943962483223,0.04163065292982389,0.04155495209474622,0.8452608743730949,0.0,0.0
2009-07-01 00:00:00+07:00,0.04296811172154272,0.043003943639775166,0.04199880293821326,0.04264169976104349,0.8674665477754494,0.0,0.0
2009-07-02 00:00:00+07:00,0.0433319798689069,0.04517740248163665,0.04383946835811864,0.044452914782855804,0.9170351227684348,0.0,0.0
2009-07-03 00:00:00+07:00,0.04333197975101426,0.04445291466225315,0.04383946823884528,0.0430039392679291,0.8565831101219175,0.0,0.0
2009-07-06 00:00:00+07:00,0.04224035809659722,0.043366178528513516,0.042366928063638384,0.041917203259888,0.8219499230353945,0.0,0.0
2009-07-07 00:00:00+07:00,0.04296811172154272,0.043003943639775166,0.042735070835638905,0.04264169976104349,0.8624954890784869,0.0,0.0
2009-07-08 00:00:00+07:00,0.04296811172154272,0.04264169976104349,0.04347133873306455,0.04264169976104349,0.0,0.0,0.0
2009-07-09 00:00:00+07:00,0.04296811172154272,0.044090675275970194,0.04310320478435173,0.04264169976104349,0.8734145443068735,0.0,0.0
2009-07-10 00:00:00+07:00,0.04296809527677449,0.04300392715491825,0.042366920596175056,0.04155495209474622,0.8290588385355401,0.0,0.0
2009-07-13 00:00:00+07:00,0.0418764783564574,0.042641683389875236,0.04089438526347272,0.04155495209474622,0.8490581440807035,0.0,0.0
2009-07-14 00:00:00+07:00,0.0418764783564574,0.042641683389875236,0.04199878676299948,0.04155495209474622,0.8287957940505509,0.0,0.0
2009-07-15 00:00:00+07:00,0.04478746943490283,0.044452914782855804,0.04236693268254067,0.044452914782855804,0.8755568748722519,0.0,0.0
2009-07-16 00:00:00+07:00,0.04587907352331745,0.046264120830878816,0.045680124887451656,0.04553963330351263,0.8800903861307824,0.0,0.0
2009-07-17 00:00:00+07:00,0.04442359555009716,0.0455396448042248,0.04457573469531999,0.044090669446842104,0.8758009212134343,0.0,0.0
2009-07-20 00:00:00+07:00,0.04442359555009716,0.044090669446842104,0.0449438686040064,0.044090669446842104,0.0,0.0,0.0
2009-07-21 00:00:00+07:00,0.04442359555009716,0.045177400964879134,0.04383946687794717,0.044090669446842104,0.8855691963854547,0.0,0.0
2009-07-22 00:00:00+07:00,0.04296811172154272,0.044090675275970194,0.04310320478435173,0.04264169976104349,0.8617735834176019,0.0,0.0
2009-07-23 00:00:00+07:00,0.04442359555009716,0.044090669446842104,0.043471332969260756,0.044090669446842104,0.8466053505256036,0.0,0.0
2009-07-24 00:00:00+07:00,0.04442359555009716,0.04481515712553346,0.04457573469531999,0.044090669446842104,0.8719176983490644,0.0,0.0
2009-07-27 00:00:00+07:00,0.04442359555009716,0.04481515712553346,0.04420760078663358,0.044090669446842104,0.8438292192726292,0.0,0.0
2009-07-28 00:00:00+07:00,0.04442359555009716,0.044452913286187785,0.04457573469531999,0.044090669446842104,0.8864717508915576,0.0,0.0
2009-07-29 00:00:00+07:00,0.0436958477804858,0.04445291023134483,0.04383946385677527,0.04336617877481471,0.8243492923534623,0.0,0.0
2009-07-30 00:00:00+07:00,0.04478746943490283,0.044815158632246235,0.044575736195907614,0.044452914782855804,0.8813988678318608,0.0,0.0
2009-07-31 00:00:00+07:00,0.04551520549384591,0.04553963758850083,0.04531199532437273,0.045177393796627024,0.8912555190847203,0.0,0.0
2009-08-03 00:00:00+07:00,0.04660682714826295,0.04662637362662257,0.0460482676612914,0.04626412980466812,0.8497729985485923,0.0,0.0
2009-08-04 00:00:00+07:00,0.04769844294734585,0.04771310379733844,0.04715266805144376,0.04735085998358112,0.8685382101936322,0.0,0.0
2009-08-05 00:00:00+07:00,0.04915393263123442,0.048799835498507825,0.048257069957050994,0.048799835498507825,0.8819322550194804,0.0,0.0
2009-08-06 00:00:00+07:00,0.051337170084734374,0.05097330168546193,0.049729608722339586,0.05097330168546193,0.872305861759305,0.0,0.0
2009-08-07 00:00:00+07:00,0.050609434025791294,0.05097331044681809,0.05120215313701125,0.05024882267169071,0.8097369254505715,0.0,0.0
2009-08-10 00:00:00+07:00,0.05206492370967987,0.05169779818661741,0.051202153101958525,0.05169779818661741,0.8273448630522001,0.0,0.0
2009-08-11 00:00:00+07:00,0.054612029192651346,0.0545957477591888,0.052674687450885174,0.05423350388045712,0.8559044087201211,0.0,0.0
2009-08-12 00:00:00+07:00,0.053884279933822055,0.053509011725876916,0.05267468311067984,0.05314676787241603,0.8525587762585001,0.0,0.0
2009-08-13 00:00:00+07:00,0.05352040753823431,0.05459574328625958,0.053779084879773245,0.05314676787241603,0.7891283001539677,0.0,0.0
2009-08-14 00:00:00+07:00,0.053884281423039984,0.05350901320842973,0.05341095243742429,0.05350901320842973,0.8214390651247507,0.0,0.0
2009-08-18 00:00:00+07:00,0.051337170084734374,0.0513355455205624,0.05120214433982834,0.05097330168546193,0.8447160527428627,0.0,0.0
2009-08-19 00:00:00+07:00,0.051701032258871765,0.05242226668713976,0.051570268044586504,0.05133553536321945,0.8521299529229315,0.0,0.0
2009-08-20 00:00:00+07:00,0.05206492370967987,0.052060042073972065,0.052306554974386535,0.05169779818661741,0.8074646572196648,0.0,0.0
2009-08-21 00:00:00+07:00,0.05352040753823431,0.05314676787241603,0.05304281703371097,0.05314676787241603,0.7992227630411708,0.0,0.0
2009-08-24 00:00:00+07:00,0.053156545364096905,0.05459575375776828,0.053042827254624794,0.05278453419465851,0.7973076220417298,0.0,0.0
2009-08-25 00:00:00+07:00,0.05279268318995951,0.053509032434325886,0.05304283759508148,0.05242230051690099,0.8155195241980514,0.0,0.0
2009-08-26 00:00:00+07:00,0.053884281423039984,0.05350901320842973,0.05304281850573418,0.05350901320842973,0.823195271450943,0.0,0.0
2009-08-27 00:00:00+07:00,0.05352040753823431,0.053509011725876916,0.05304281703371097,0.05314676787241603,0.8260880096917915,0.0,0.0
2009-08-28 00:00:00+07:00,0.053884281423039984,0.05350901320842973,0.05341095243742429,0.05350901320842973,0.7927222729725237,0.0,0.0
2009-08-31 00:00:00+07:00,0.05242879173915141,0.053509013139851756,0.053042818437643274,0.05206003769350302,0.8098840875908477,0.0,0.0
2009-09-01 00:00:00+07:00,0.05424814359717739,0.05459573449375873,0.05341094232417273,0.05387124688618725,0.8395558724235245,0.0,0.0
2009-09-02 00:00:00+07:00,0.05279268318995951,0.053509032434325886,0.05230656950712073,0.05242230051690099,0.8297111908568257,0.0,0.0
2009-09-03 00:00:00+07:00,0.05279268318995951,0.053146788461850926,0.05230656950712073,0.05242230051690099,0.8260805883183083,0.0,0.0
2009-09-04 00:00:00+07:00,0.05279268318995951,0.05278454448937596,0.05304283759508148,0.05242230051690099,0.7524563572542172,0.0,0.0
2009-09-07 00:00:00+07:00,0.054612029192651346,0.0545957477591888,0.05377908929702366,0.05423350388045712,0.7928584263094973,0.0,0.0
2009-09-08 00:00:00+07:00,0.054612029192651346,0.0545957477591888,0.054515357194449304,0.05423350388045712,0.8001667692000236,0.0,0.0
2009-09-09 00:00:00+07:00,0.05570363913640011,0.05532022823024204,0.05525161781109236,0.05532022823024204,0.8363198308715913,0.0,0.0
2009-09-10 00:00:00+07:00,0.05606751887653992,0.056044723274115506,0.05635602693801342,0.05568247939538384,0.7996470958434928,0.0,0.0
2009-09-11 00:00:00+07:00,0.0549758855114546,0.055682463093584926,0.054883475036487384,0.054595731729086557,0.8016836642336581,0.0,0.0
2009-09-14 00:00:00+07:00,0.053156545364096905,0.05387126593252437,0.053410961237778956,0.05278453419465851,0.825239330329668,0.0,0.0
2009-09-15 00:00:00+07:00,0.053884281423039984,0.05459574479437366,0.05341095243742429,0.05350901320842973,0.8308062011756383,0.0,0.0
2009-09-16 00:00:00+07:00,0.05424814359717739,0.05459573449375873,0.054147210069269286,0.05387124688618725,0.8104888717451374,0.0,0.0
2009-09-17 00:00:00+07:00,0.054612036155751414,0.05785594999357,0.05525163213652405,0.057493706075452324,0.8596930159936547,0.0,0.0
2009-09-24 00:00:00+07:00,0.060433982072871525,0.06075388780777912,0.059669226675934176,0.06002940011103585,0.8594234322683696,0.0,0.0
2009-09-25 00:00:00+07:00,0.05715912296495454,0.05858041695135099,0.05746041552819056,0.05676919791604066,0.8354431899048372,0.0,0.0
2009-09-28 00:00:00+07:00,0.05533977696226271,0.057855945713329575,0.055987895951255334,0.05495799455248452,0.8099749563520355,0.0,0.0
2009-09-29 00:00:00+07:00,0.05679523736948058,0.056769184656375656,0.0563560007198317,0.05640694092177078,0.8131208251870637,0.0,0.0
2009-09-30 00:00:00+07:00,0.05788688830056833,0.05785594999357,0.057092302080220245,0.057493706075452324,0.8337252050873047,0.0,0.0
2009-10-01 00:00:00+07:00,0.060797832536340635,0.06075386586580587,0.05893293746100314,0.06039162213053719,0.8581676551423137,0.0,0.0
2009-10-02 00:00:00+07:00,0.0600701293484318,0.07017225041603925,0.06003738028181109,0.06365185930030093,0.8314943112786539,0.0,0.0
2009-10-05 00:00:00+07:00,0.06334496729598282,0.06292735697001736,0.0618780361687058,0.06292735697001736,0.8453543401863721,0.0,0.0
2009-10-06 00:00:00+07:00,0.06625595837442826,0.06799878326681286,0.06408685125311633,0.06582531965812694,0.8537523836318978,0.0,0.0
2009-10-07 00:00:00+07:00,0.06698369306613595,0.06799877285529812,0.061878037627130206,0.06184062679110435,0.870984103911286,0.0,0.0
2009-10-08 00:00:00+07:00,0.0589784865336488,0.06147836930073846,0.05930108674291741,0.058580418766981064,0.8924023618169136,0.0,0.0
2009-10-09 00:00:00+07:00,0.05970622259259188,0.05966714155210528,0.05930107812140685,0.05930489778075227,0.8966892971440908,0.0,0.0
2009-10-12 00:00:00+07:00,0.059342360418454476,0.059304907927753024,0.05893295437671468,0.058942664102994764,0.8232557566376235,0.0,0.0
2009-10-13 00:00:00+07:00,0.05970622259259188,0.06039162909481128,0.05966921196099503,0.05930489778075227,0.8640255064986342,0.0,0.0
2009-10-14 00:00:00+07:00,0.060433982072871525,0.06075388780777912,0.06077362842951156,0.06002940011103585,0.8790495711291386,0.0,0.0
2009-10-15 00:00:00+07:00,0.06007010818806584,0.061116130137353876,0.060037359097792925,0.05966715477502215,0.8695546285549932,0.0,0.0
2009-10-16 00:00:00+07:00,0.0589784865336488,0.05930490640042042,0.05930108674291741,0.058580418766981064,0.8579629625474202,0.0,0.0
2009-10-19 00:00:00+07:00,0.060433982072871525,0.06002940011103585,0.05930109275807503,0.06002940011103585,0.8381324672989815,0.0,0.0
2009-10-20 00:00:00+07:00,0.06007010818806584,0.060391642456188006,0.060037359097792925,0.05966715477502215,0.8372524701412215,0.0,0.0
2009-10-21 00:00:00+07:00,0.06007010818806584,0.060029398615605085,0.059669225187849145,0.05966715477502215,0.813759515256665,0.0,0.0
2009-10-22 00:00:00+07:00,0.06007010818806584,0.060029398615605085,0.059669225187849145,0.05966715477502215,0.8466308612867932,0.0,0.0
2009-10-23 00:00:00+07:00,0.06007010818806584,0.060029398615605085,0.060037359097792925,0.05966715477502215,0.8570510025104043,0.0,0.0
2009-10-26 00:00:00+07:00,0.06007010818806584,0.05966715477502215,0.060037359097792925,0.05966715477502215,0.8049520364447107,0.0,0.0
2009-10-27 00:00:00+07:00,0.0589784865336488,0.05930490640042042,0.0589329528572249,0.058580418766981064,0.8295828238921494,0.0,0.0
2009-10-28 00:00:00+07:00,0.05752300270509436,0.05858042446938897,0.05782855684115043,0.057131449081182444,0.8369044165255004,0.0,0.0
2009-10-29 00:00:00+07:00,0.05715912296495454,0.05676919791604066,0.052306541265900355,0.05676919791604066,0.8988291838608478,0.0,0.0
2009-10-30 00:00:00+07:00,0.05715912296495454,0.05785592933722685,0.05746041552819056,0.05676919791604066,0.8671274514938987,0.0,0.0
2009-11-02 00:00:00+07:00,0.05752300270509436,0.05749369292823408,0.05635602117507976,0.057131449081182444,0.8246563609598425,0.0,0.0
2009-11-03 00:00:00+07:00,0.05679523736948058,0.05785591586019031,0.05746040212655931,0.05640694092177078,0.8319394859387284,0.0,0.0
2009-11-04 00:00:00+07:00,0.05752300270509436,0.05749369292823408,0.057092289008115096,0.057131449081182444,0.806066062510951,0.0,0.0
2009-11-05 00:00:00+07:00,0.05752300270509436,0.05749369292823408,0.057092289008115096,0.057131449081182444,0.7775469407224518,0.0,0.0
2009-11-06 00:00:00+07:00,0.059342360418454476,0.058942664102994764,0.05856482048285287,0.058942664102994764,0.8151865276771811,0.0,0.0
2009-11-09 00:00:00+07:00,0.059342360418454476,0.0596671517525113,0.059669222164438304,0.058942664102994764,0.7956771295897682,0.0,0.0
2009-11-10 00:00:00+07:00,0.05970622259259188,0.060029385323458286,0.0600373458005832,0.05930489778075227,0.8291585476154021,0.0,0.0
2009-11-11 00:00:00+07:00,0.0589784865336488,0.05966715021714008,0.05966922062860992,0.058580418766981064,0.8198862415931322,0.0,0.0
2009-11-12 00:00:00+07:00,0.060433982072871525,0.06002940011103585,0.06003736059379329,0.06002940011103585,0.7958144093761782,0.0,0.0
2009-11-13 00:00:00+07:00,0.06028721812264859,0.06061386892906225,0.06062205203331268,0.059883293015464543,0.772839133244311,8.0,0.0
2009-11-16 00:00:00+07:00,0.059920281898087596,0.06024857489542578,0.06062204592233239,0.05951799904545987,0.8162121067636675,0.0,0.0
2009-11-17 00:00:00+07:00,0.060654142636541286,0.06061386325445666,0.06062204635654565,0.06024857532721304,0.8314281608947909,0.0,0.0
2009-11-18 00:00:00+07:00,0.059920281898087596,0.06024857489542578,0.06062204592233239,0.05951799904545987,0.7866476786304807,0.0,0.0
2009-11-19 00:00:00+07:00,0.059553351528860765,0.05988328675225244,0.059879590722043366,0.05915271090458329,0.789182804610623,0.0,0.0
2009-11-20 00:00:00+07:00,0.059553351528860765,0.05988328675225244,0.059879590722043366,0.05915271090458329,0.7629070918870278,0.0,0.0
2009-11-23 00:00:00+07:00,0.05881947907973881,0.05951798654103994,0.05913712351943402,0.058422122964573935,0.8139106124551752,0.0,0.0
2009-11-24 00:00:00+07:00,0.05881947907973881,0.05951798654103994,0.05950835094322329,0.058422122964573935,0.8079484559524456,0.0,0.0
2009-11-25 00:00:00+07:00,0.059553351528860765,0.05915271090458329,0.05950836323218442,0.05915271090458329,0.7994025903653893,0.0,0.0
2009-11-26 00:00:00+07:00,0.059186415304299786,0.05915270482608074,0.05913712966356126,0.05878741693457861,0.8080613530201247,0.0,0.0
2009-11-30 00:00:00+07:00,0.061021061295099835,0.060979139677469645,0.05802344287833562,0.06061385180983344,0.864341963935173,0.0,0.0
2009-12-01 00:00:00+07:00,0.06285571899656818,0.06244029834334445,0.06136449686267216,0.06244029834334445,0.8749067516124415,0.0,0.0
2009-12-02 00:00:00+07:00,0.06358957925946172,0.06317087415166589,0.06359186168186338,0.06244029834334445,0.8353925382122889,0.0,0.0
2009-12-03 00:00:00+07:00,0.06285573052799154,0.0631708857480257,0.06322064581925226,0.06207502186072405,0.7951191458482005,0.0,0.0
2009-12-04 00:00:00+07:00,0.06248878933351229,0.06353616253163741,0.06284940721359172,0.06317087462509763,0.8073540011764827,0.0,0.0
2009-12-07 00:00:00+07:00,0.06358957252149165,0.0631708674438522,0.06247817262666375,0.06134442809158661,0.7863476750973072,0.0,0.0
2009-12-08 00:00:00+07:00,0.06175493265990066,0.061344438670374625,0.06062204592233239,0.05951799904545987,0.8146809641696052,0.0,0.0
2009-12-09 00:00:00+07:00,0.059553351528860765,0.060248574676087026,0.05950836323218442,0.05915271090458329,0.8227829455430674,0.0,0.0
2009-12-10 00:00:00+07:00,0.06028721812264859,0.060979156885861106,0.060250824509953435,0.059883293015464543,0.8346343444240162,0.0,0.0
2009-12-11 00:00:00+07:00,0.061387997519660814,0.06134443367909281,0.06173572337526374,0.060979145779838116,0.8216544145823971,0.0,0.0
2009-12-14 00:00:00+07:00,0.061754922033553525,0.06207500383249285,0.061364490319835194,0.06134442809158661,0.802424044736026,0.0,0.0
2009-12-15 00:00:00+07:00,0.061021061295099835,0.06207500328037826,0.061735717205803634,0.06061385180983344,0.8129278319020893,0.0,0.0
2009-12-16 00:00:00+07:00,0.061387997519660814,0.0620750094776022,0.06173572337526374,0.060979145779838116,0.7877670816143539,0.0,0.0
2009-12-17 00:00:00+07:00,0.061754922033553525,0.06170971596203972,0.062106945191054225,0.06134442809158661,0.7905569112978975,0.0,0.0
2009-12-21 00:00:00+07:00,0.05845255456584611,0.060248567985662534,0.0591371291567027,0.05805684065282545,0.8198890660180026,0.0,0.0
2009-12-22 00:00:00+07:00,0.059186415304299786,0.05878741693457861,0.05913712966356126,0.05878741693457861,0.8062894952018805,0.0,0.0
2009-12-23 00:00:00+07:00,0.059920281898087596,0.05951799904545987,0.05950836344925439,0.05951799904545987,0.7524204934514795,0.0,0.0
2009-12-28 00:00:00+07:00,0.06028721205045022,0.05988328697044284,0.06025081843130639,0.05951799904545987,0.777637680588993,0.0,0.0
2009-12-29 00:00:00+07:00,0.059920281898087596,0.05988328697044284,0.06025081843130639,0.05951799904545987,0.7664042781921245,0.0,0.0
2009-12-30 00:00:00+07:00,0.061754922033553525,0.06134442809158661,0.06062203544861616,0.06134442809158661,0.8148511421435151,0.0,0.0
2010-01-04 00:00:00+07:00,0.06469037084270238,0.06426673904772737,0.06210695295163564,0.06426673904772737,0.8494109302521181,0.0,0.0
2010-01-05 00:00:00+07:00,0.06542422572582192,0.06499730950035246,0.06396308503647766,0.06499730950035246,0.8232268387032632,0.0,0.0
2010-01-06 00:00:00+07:00,0.06322265522112916,0.0649973199221269,0.06396309531620291,0.06280559231334912,0.8012648809288864,0.0,0.0
2010-01-07 00:00:00+07:00,0.06358957973502186,0.06317087462509763,0.062106952269025836,0.06317087462509763,0.8166772694885545,0.0,0.0
2010-01-08 00:00:00+07:00,0.061754922033553525,0.0631708674438522,0.06247817262666375,0.06134442809158661,0.8006636878572695,0.0,0.0
2010-01-11 00:00:00+07:00,0.06248880033800962,0.0631708857480257,0.06322064581925226,0.06207502186072405,0.8165227289572528,0.0,0.0
2010-01-12 00:00:00+07:00,0.06615808060894146,0.06572787995297752,0.0632206249992986,0.06572787995297752,0.831806159220613,0.0,0.0
2010-01-13 00:00:00+07:00,0.06395652181491698,0.06499732628824134,0.0643343291282597,0.06353617442423037,0.8276998921253045,0.0,0.0
2010-01-14 00:00:00+07:00,0.06322265522112916,0.0657278957917195,0.06396309531620291,0.06280559231334912,0.8022843129482776,0.0,0.0
2010-01-15 00:00:00+07:00,0.06322265522112916,0.06426674405253432,0.06396309531620291,0.06280559231334912,0.7977858830544131,0.0,0.0
2010-01-18 00:00:00+07:00,0.06395651056803753,0.06499731486776741,0.06396309033073455,0.06426673904772737,0.7644023427587178,0.0,0.0
2010-01-19 00:00:00+07:00,0.06358957973502186,0.06572788997087606,0.0643343171027235,0.06317087462509763,0.806198736135331,0.0,0.0
2010-01-20 00:00:00+07:00,0.06469037084270238,0.06499731486776741,0.0647055452823741,0.06426673904772737,0.828182513396866,0.0,0.0
2010-01-21 00:00:00+07:00,0.06212186411344864,0.06353616754884853,0.06247818468713584,0.06170972789071937,0.8390749628833928,0.0,0.0
2010-01-22 00:00:00+07:00,0.061387997519660814,0.06134443367909281,0.06099326844550493,0.060979145779838116,0.8395558724235245,0.0,0.0
2010-01-25 00:00:00+07:00,0.061021061295099835,0.06061385180983344,0.06062203490756324,0.06061385180983344,0.7835880262098833,0.0,0.0
2010-01-26 00:00:00+07:00,0.0613879913898579,0.06134442754510585,0.061364489773056835,0.06061385180983344,0.8551573027580857,0.0,0.0
2010-01-27 00:00:00+07:00,0.059920281898087596,0.06097915074539168,0.06062204592233239,0.05951799904545987,0.8160958550324628,0.0,0.0
2010-01-28 00:00:00+07:00,0.06212186411344864,0.06170972789071937,0.06062204719825136,0.06170972789071937,0.8103643842947652,0.0,0.0
2010-01-29 00:00:00+07:00,0.06395652181491698,0.06353617442423037,0.06136450886655752,0.06353617442423037,0.8369397309654167,0.0,0.0
2010-02-01 00:00:00+07:00,0.061754922033553525,0.06244029170294595,0.062106945191054225,0.06134442809158661,0.8165257640793536,0.0,0.0
2010-02-02 00:00:00+07:00,0.060654142636541286,0.06170972703618751,0.06099327384986908,0.06024857532721304,0.8311737137193363,0.0,0.0
2010-02-03 00:00:00+07:00,0.060654142636541286,0.06097915118170028,0.06099327384986908,0.06024857532721304,0.8067369243361596,0.0,0.0
2010-02-04 00:00:00+07:00,0.06028721812264859,0.060979156885861106,0.06062205203331268,0.059883293015464543,0.8121577891792721,0.0,0.0
2010-02-05 00:00:00+07:00,0.05735175760283144,0.0584221218115596,0.058023440101503065,0.0569609704010676,0.8782565038220357,0.0,0.0
2010-02-08 00:00:00+07:00,0.056984833088938744,0.05696097597255468,0.05616730852058324,0.056595688089319106,0.8522474238952568,0.0,0.0
2010-02-09 00:00:00+07:00,0.05808563590728755,0.05769156417020504,0.05653854819053698,0.05769156417020504,0.8547450666816594,0.0,0.0
2010-02-10 00:00:00+07:00,0.05735175760283144,0.0584221218115596,0.057280985266524115,0.0569609704010676,0.8661655234517003,0.0,0.0
2010-02-11 00:00:00+07:00,0.05845255456584611,0.05805684065282545,0.05765221933965871,0.05805684065282545,0.8215863732519141,0.0,0.0
2010-02-12 00:00:00+07:00,0.05845255456584611,0.058422128541631625,0.05876590170244171,0.05805684065282545,0.8088190433164774,0.0,0.0
2010-02-15 00:00:00+07:00,0.05735175760283144,0.058056833958936606,0.058023440101503065,0.0569609704010676,0.7435009122351168,0.0,0.0
2010-02-16 00:00:00+07:00,0.059186415304299786,0.05915270482608074,0.058394674749559713,0.05878741693457861,0.7972434826211086,0.0,0.0
2010-02-17 00:00:00+07:00,0.061021061295099835,0.060979139677469645,0.060250807474816426,0.06061385180983344,0.8621502280773573,0.0,0.0
2010-02-18 00:00:00+07:00,0.061387997519660814,0.06134443367909281,0.06099326844550493,0.060979145779838116,0.8228731218970298,0.0,0.0
2010-02-19 00:00:00+07:00,0.061754922033553525,0.06170971596203972,0.061364490319835194,0.06134442809158661,0.8371061341155844,0.0,0.0
2010-02-22 00:00:00+07:00,0.06395652181491698,0.06499732628824134,0.06247819146469584,0.06353617442423037,0.872305861759305,0.0,0.0
2010-02-23 00:00:00+07:00,0.06322265522112916,0.06353616818294172,0.063591867815204,0.06280559231334912,0.803938117691777,0.0,0.0
2010-02-24 00:00:00+07:00,0.06469037084270238,0.06426673904772737,0.06322063537909499,0.06426673904772737,0.825342491769976,0.0,0.0
2010-02-25 00:00:00+07:00,0.06212186411344864,0.06353616754884853,0.06247818468713584,0.06170972789071937,0.8219201856828787,0.0,0.0
2010-03-01 00:00:00+07:00,0.061021061295099835,0.062440291148014464,0.061735717205803634,0.06061385180983344,0.8331715371585602,0.0,0.0
2010-03-02 00:00:00+07:00,0.06248880033800962,0.06244030982315794,0.06247819076108048,0.06207502186072405,0.8369181530889326,0.0,0.0
2010-03-03 00:00:00+07:00,0.061387997519660814,0.06244029737685689,0.06210695084014316,0.060979145779838116,0.7909099702161393,0.0,0.0
2010-03-04 00:00:00+07:00,0.06322265522112916,0.06353616818294172,0.06210695781120834,0.06280559231334912,0.8510838578327447,0.0,0.0
2010-03-05 00:00:00+07:00,0.06395652181491698,0.06426675035623586,0.06359187406283416,0.06353617442423037,0.8002571210592078,0.0,0.0
2010-03-08 00:00:00+07:00,0.06469037084270238,0.06499731486776741,0.0647055452823741,0.06426673904772737,0.8618392551447607,0.0,0.0
2010-03-09 00:00:00+07:00,0.06689194720272927,0.06645846206385878,0.06470554093982814,0.06645846206385878,0.8435184729633213,0.0,0.0
2010-03-10 00:00:00+07:00,0.06615808060894146,0.06645845566879593,0.0661904443821917,0.06572787995297752,0.7974173710132634,0.0,0.0
2010-03-11 00:00:00+07:00,0.06689194720272927,0.06791961361847756,0.06693290566447045,0.06645846206385878,0.8600640137129553,0.0,0.0
2010-03-12 00:00:00+07:00,0.06542422572582192,0.0679196125700258,0.06619044973096433,0.06499730950035246,0.7960031017311306,0.0,0.0
2010-03-15 00:00:00+07:00,0.06689194720272927,0.06865018939578696,0.06619045075625636,0.06645846206385878,0.852719975617987,0.0,0.0
2010-03-17 00:00:00+07:00,0.06835966787200434,0.0752253716157687,0.06916027059731383,0.0752253716157687,0.8837770847297297,0.0,0.0
2010-03-18 00:00:00+07:00,0.0749644062472659,0.07522536787229198,0.07138763175307568,0.07011133764349653,0.8545759214514326,0.0,0.0
2010-03-19 00:00:00+07:00,0.07056124503966354,0.07303364063137963,0.06916026712092913,0.07011133764349653,0.8553680161180092,0.0,0.0
2010-03-22 00:00:00+07:00,0.07056124503966354,0.07230306488440885,0.0706451768756935,0.07011133764349653,0.7971654805469801,0.0,0.0
2010-03-23 00:00:00+07:00,0.07276284482102699,0.07303365989357297,0.07138765063553708,0.0723030839761403,0.7979306713003825,0.0,0.0
2010-03-24 00:00:00+07:00,0.07423056044260022,0.07376423071051857,0.07361501069490084,0.07376423071051855,0.8281943379747491,0.0,0.0
2010-03-25 00:00:00+07:00,0.07496442118105388,0.07449480699227173,0.07361501109976909,0.07449480699227173,0.8283760597911684,0.0,0.0
2010-03-26 00:00:00+07:00,0.07496442118105388,0.07595595874476893,0.07509992111729322,0.07449480699227173,0.8279881623559587,0.0,0.0
2010-03-29 00:00:00+07:00,0.07276284482102699,0.0744948117284383,0.07287256073676864,0.0723030839761403,0.8464583928729037,0.0,0.0
2010-03-30 00:00:00+07:00,0.07202897237190505,0.07449479927261562,0.07213009357816223,0.07157249603613097,0.7916133597000613,0.0,0.0
2010-03-31 00:00:00+07:00,0.07129511748878549,0.07376422901477223,0.07064518904169405,0.07084192558350588,0.8345993060005316,0.0,0.0
2010-04-01 00:00:00+07:00,0.07056124503966354,0.07303364063137963,0.07138763175307568,0.07011133764349653,0.8049947805685345,0.0,0.0
2010-04-05 00:00:00+07:00,0.07276284018767562,0.07522538286852032,0.07361501109976909,0.07449480699227173,0.8399160959426272,0.0,0.0
2010-04-06 00:00:00+07:00,0.07423056044260022,0.08106998943743404,0.07509992070519518,0.07376423071051855,0.8444713001617958,0.0,0.0
2010-04-07 00:00:00+07:00,0.07643213680262712,0.07887825706008478,0.07509991614834174,0.07595595372664998,0.8395688516712156,0.0,0.0
2010-04-08 00:00:00+07:00,0.07789984931517334,0.07741709736591595,0.07361499853989578,0.07303364277050922,0.8314082975129434,0.0,0.0
2010-04-09 00:00:00+07:00,0.07202897237190505,0.07376422346349445,0.07287254851870538,0.07157249603613097,0.794714394684045,0.0,0.0
2010-04-12 00:00:00+07:00,0.07202897507436694,0.07595595372664998,0.07287255125281743,0.07595595372664998,0.8108432239736205,0.0,0.0
2010-04-13 00:00:00+07:00,0.07643214142525932,0.07668653420128477,0.07509992070519518,0.07376423071051855,0.775005793683806,0.0,0.0
2010-04-14 00:00:00+07:00,0.07569827020883929,0.07595594739501085,0.0758423647889182,0.0752253716157687,0.7889151234946274,0.0,0.0
2010-04-15 00:00:00+07:00,0.07569827020883929,0.07595594739501085,0.07509990987873993,0.0752253716157687,0.8064102338461671,0.0,0.0
2010-04-16 00:00:00+07:00,0.07496442118105388,0.07522538286852032,0.07287255609100703,0.07449480699227173,0.7929238404610118,0.0,0.0
2010-04-19 00:00:00+07:00,0.07349668799347824,0.07376421853641033,0.07287254364327544,0.07303364277050922,0.7931145279043779,0.0,0.0
2010-04-20 00:00:00+07:00,0.07643213680262712,0.07595595372664998,0.07435746118316697,0.07595595372664998,0.8530865556294648,0.0,0.0
2010-04-21 00:00:00+07:00,0.07496442118105388,0.07668653462101754,0.07584237612605528,0.07449480699227173,0.8107883548734415,0.0,0.0
2010-04-22 00:00:00+07:00,0.07423056044260022,0.07449480658321012,0.07361501069490084,0.07376423071051855,0.8521894329578938,0.0,0.0
2010-04-23 00:00:00+07:00,0.07423056044260022,0.07376423071051857,0.07361501069490084,0.07376423071051855,0.7894110319175472,0.0,0.0
2010-04-26 00:00:00+07:00,0.07423056044260022,0.07449480658321012,0.07509992070519518,0.07376423071051855,0.7742022032509529,0.0,0.0
2010-04-27 00:00:00+07:00,0.07423056044260022,0.07449480658321012,0.07361501069490084,0.07376423071051855,0.8223856964803766,0.0,0.0
2010-04-28 00:00:00+07:00,0.07056124503966354,0.07230306488440885,0.0706451768756935,0.07011133764349653,0.890974236508921,0.0,0.0
2010-04-29 00:00:00+07:00,0.07056124503966354,0.07230306488440885,0.0706451768756935,0.07011133764349653,0.8638493794412185,0.0,0.0
2010-04-30 00:00:00+07:00,0.07056124503966354,0.07230306488440885,0.07138763175307568,0.07011133764349653,0.898525515912429,0.0,0.0
2010-05-03 00:00:00+07:00,0.07129511748878549,0.07084192558350588,0.07064518904169405,0.07084192558350588,0.8466053505256036,0.0,0.0
2010-05-04 00:00:00+07:00,0.07129511748878549,0.07157250144132246,0.07064518904169405,0.07084192558350588,0.843150729788066,0.0,0.0
2010-05-05 00:00:00+07:00,0.06689194720272927,0.06938076517309635,0.06693290566447045,0.06645846206385878,0.8847759242148585,0.0,0.0
2010-05-06 00:00:00+07:00,0.06542422572582192,0.06718903680260746,0.06396308503647766,0.06499730950035246,0.8856135287444723,0.0,0.0
2010-05-07 00:00:00+07:00,0.06285571899656818,0.06353616205582663,0.06210695180240257,0.06244029834334445,0.8850282943648161,0.0,0.0
2010-05-10 00:00:00+07:00,0.063956506275761,0.06718903784116817,0.06470554093982814,0.06645846206385878,0.8861100772834304,0.0,0.0
2010-05-11 00:00:00+07:00,0.06762580094889073,0.06791960710043274,0.0661904443821917,0.06572787995297752,0.8798082477460771,0.0,0.0
2010-05-12 00:00:00+07:00,0.06615808060894146,0.06645845566879593,0.0661904443821917,0.06572787995297752,0.8276137815369768,0.0,0.0
2010-05-14 00:00:00+07:00,0.06762581965185123,0.06791962589701275,0.06693291778949796,0.06718905000386813,0.8562248726438852,0.0,0.0
2010-05-17 00:00:00+07:00,0.06909352941809031,0.06865019090911828,0.06544799729974075,0.06865019090911828,0.8356170138024217,0.0,0.0
2010-05-18 00:00:00+07:00,0.07056124503966354,0.07157248913743808,0.06916026712092913,0.07011133764349653,0.881815250655862,0.0,0.0
2010-05-19 00:00:00+07:00,0.06762581965185123,0.07011135357644666,0.06767537281543078,0.06718905000386813,0.8526457527889725,0.0,0.0
2010-05-20 00:00:00+07:00,0.06689194720272927,0.06791961361847756,0.06544799584804224,0.06645846206385878,0.8615204040738796,0.0,0.0
2010-05-21 00:00:00+07:00,0.06542422572582192,0.06572788526777079,0.06433431248555878,0.06499730950035246,0.8597303689832094,0.0,0.0
2010-05-24 00:00:00+07:00,0.06615808060894146,0.06865018281625113,0.0661904443821917,0.06572787995297752,0.8513151503978393,0.0,0.0
2010-05-25 00:00:00+07:00,0.06395652181491698,0.06426675035623586,0.06396310159554693,0.06353617442423037,0.8601488447661099,0.0,0.0
2010-05-26 00:00:00+07:00,0.06762581965185123,0.06718905000386813,0.0647055527116995,0.06718905000386813,0.8506646254105826,0.0,0.0
2010-05-27 00:00:00+07:00,0.06835969210097319,0.06791963794387748,0.06544801940289052,0.06791963794387748,0.8571847388727868,0.0,0.0
2010-05-31 00:00:00+07:00,0.07202897237190505,0.07230307184525214,0.0691602738159897,0.07157249603613097,0.887665022366624,0.0,0.0
2010-06-01 00:00:00+07:00,0.0693533423045572,0.07186847342438152,0.07016558254597251,0.06890884098071973,0.8401144163991943,14.0,0.0
2010-06-02 00:00:00+07:00,0.0715830359791251,0.07186846349054632,0.07016557281771751,0.07112855546993846,0.8171138787542603,0.0,0.0
2010-06-03 00:00:00+07:00,0.07306951209128337,0.07334828681636543,0.07317333566212941,0.07260837873071649,0.8422053729932679,0.0,0.0
2010-06-04 00:00:00+07:00,0.07455596478210508,0.07408817867498216,0.07392525842260864,0.07408817867498216,0.8599202864017335,0.0,0.0
2010-06-07 00:00:00+07:00,0.0723262769628713,0.0726083780948116,0.06941364025337544,0.07186847001489152,0.8317514070786796,0.0,0.0
2010-06-08 00:00:00+07:00,0.07381275307502957,0.07334829327566952,0.07317334210924131,0.07334829327566952,0.7831686440109127,0.0,0.0
2010-06-09 00:00:00+07:00,0.07381275307502957,0.07334829327566952,0.07242140309114292,0.07334829327566952,0.771291575677557,0.0,0.0
2010-06-10 00:00:00+07:00,0.0715830359791251,0.07408818755236987,0.07091751171110712,0.07112855546993846,0.797790414481504,0.0,0.0
2010-06-11 00:00:00+07:00,0.0715830359791251,0.07334827953176201,0.07242138949788637,0.07112855546993846,0.7944133857533533,0.0,0.0
2010-06-14 00:00:00+07:00,0.0715830359791251,0.07186846349054632,0.07242138949788637,0.07112855546993846,0.7386558076835903,0.0,0.0
2010-06-15 00:00:00+07:00,0.0723262769628713,0.07408819425465177,0.0724213960680405,0.07186847001489152,0.8274795156620204,0.0,0.0
2010-06-16 00:00:00+07:00,0.07455596478210508,0.07482808661702903,0.0746771972361599,0.07408817867498216,0.8142687175114474,0.0,0.0
2010-06-17 00:00:00+07:00,0.07381275307502957,0.07556801770563348,0.0739252811273397,0.07334829327566952,0.876913248843279,0.0,0.0
2010-06-18 00:00:00+07:00,0.07529921747651956,0.07630792108265644,0.07392527649232594,0.07482810487819139,0.8765128922228671,0.0,0.0
2010-06-21 00:00:00+07:00,0.07678566431200713,0.07778771481694355,0.07618107135989456,0.07630789899332896,0.8607136300922092,0.0,0.0
2010-06-22 00:00:00+07:00,0.07752890529575333,0.07852762947528372,0.07768495560891954,0.077047813538282,0.8475260267353774,0.0,0.0
2010-06-23 00:00:00+07:00,0.07678566431200713,0.07704780690513627,0.07618107135989456,0.07630789899332896,0.7908784614749393,0.0,0.0
2010-06-24 00:00:00+07:00,0.07455596478210508,0.07704781044316975,0.07542913604971117,0.07408817867498216,0.7908574438429091,0.0,0.0
2010-06-25 00:00:00+07:00,0.07604245846026578,0.07630792758140062,0.07618109991189477,0.07556801942314445,0.778801545791897,0.0,0.0
2010-06-28 00:00:00+07:00,0.07678566431200713,0.07778771481694355,0.07768494892553451,0.07630789899332896,0.7936621732951158,0.0,0.0
2010-06-29 00:00:00+07:00,0.07678566431200713,0.07778771481694355,0.07618107135989456,0.07630789899332896,0.8042430302138893,0.0,0.0
2010-06-30 00:00:00+07:00,0.07455598033072346,0.07926755070721758,0.07542915178042874,0.07852764262818815,0.8263593163264905,0.0,0.0
2010-07-01 00:00:00+07:00,0.07529921747651956,0.07852764538935406,0.07542915444500897,0.07482810487819139,0.8243364539527196,0.0,0.0
2010-07-02 00:00:00+07:00,0.07381275307502957,0.07556801770563348,0.0739252811273397,0.07334829327566952,0.8091116012712366,0.0,0.0
2010-07-05 00:00:00+07:00,0.07381275307502957,0.07408820141899086,0.0739252811273397,0.07334829327566952,0.768629372877785,0.0,0.0
2010-07-06 00:00:00+07:00,0.07529921747651956,0.07630792108265644,0.07317333751598444,0.07482810487819139,0.8056734241538378,0.0,0.0
2010-07-07 00:00:00+07:00,0.07678566431200713,0.07630789899332896,0.07618107135989456,0.07630789899332896,0.7964761878000645,0.0,0.0
2010-07-08 00:00:00+07:00,0.07604245846026578,0.07778774389791301,0.0769330389451709,0.07556801942314445,0.829014713198791,0.0,0.0
2010-07-09 00:00:00+07:00,0.07752890529575333,0.07852762947528372,0.07768495560891954,0.077047813538282,0.8157299220535059,0.0,0.0
2010-07-12 00:00:00+07:00,0.07827215799016782,0.0792675559875558,0.0776849738260353,0.07778773974149125,0.8069050105748409,0.0,0.0
2010-07-13 00:00:00+07:00,0.07827215799016782,0.0792675559875558,0.07918885182099422,0.07778773974149125,0.78762086952057,0.0,0.0
2010-07-14 00:00:00+07:00,0.07901538726324576,0.07926755070721758,0.07918884654423454,0.07852764262818815,0.8155381268517459,0.0,0.0
2010-07-15 00:00:00+07:00,0.07827215799016782,0.07852764786452354,0.07918885182099422,0.07778773974149125,0.7579093919784363,0.0,0.0
2010-07-16 00:00:00+07:00,0.08050186923073815,0.08000747171809425,0.07918885936051535,0.08000747171809425,0.8316131465965065,0.0,0.0
2010-07-19 00:00:00+07:00,0.07901538726324576,0.07926755070721758,0.07918884654423454,0.07852764262818815,0.7962519516911606,0.0,0.0
2010-07-20 00:00:00+07:00,0.07901538726324576,0.07852764262818815,0.07768496863871222,0.07852764262818815,0.8170088630568453,0.0,0.0
2010-07-21 00:00:00+07:00,0.07901538726324576,0.07926755070721758,0.07918884654423454,0.07852764262818815,0.8232031652626252,0.0,0.0
2010-07-22 00:00:00+07:00,0.07901538726324576,0.07926755070721758,0.07918884654423454,0.07852764262818815,0.8032537765762205,0.0,0.0
2010-07-23 00:00:00+07:00,0.07975861068098954,0.08000744767294088,0.08069271324908771,0.07926753968575692,0.8055277304594909,0.0,0.0
2010-07-26 00:00:00+07:00,0.07901538726324576,0.0807473668652765,0.07994078549699571,0.07852764262818815,0.7825889169445185,0.0,0.0
2010-07-27 00:00:00+07:00,0.07975861068098954,0.08074735566012481,0.08069271324908771,0.07926753968575692,0.8297638110583428,0.0,0.0
2010-07-28 00:00:00+07:00,0.07975861068098954,0.0814872636473088,0.08069271324908771,0.07926753968575692,0.8109322491354908,0.0,0.0
2010-07-29 00:00:00+07:00,0.08273155704997194,0.08222718037818488,0.08144466077939355,0.08222718037818488,0.8309602398682466,0.0,0.0
2010-07-30 00:00:00+07:00,0.07901538726324576,0.08370699918139435,0.07994078549699571,0.07852764262818815,0.8302460631725933,0.0,0.0
2010-08-02 00:00:00+07:00,0.07901538726324576,0.08000745878624704,0.07918884654423454,0.07852764262818815,0.8302256910034743,0.0,0.0
2010-08-03 00:00:00+07:00,0.07604245846026578,0.07926756021442541,0.07542916087861866,0.07556801942314445,0.8658379652779369,0.0,0.0
2010-08-04 00:00:00+07:00,0.07604245846026578,0.07778774389791301,0.07542916087861866,0.07556801942314445,0.8263716111134992,0.0,0.0
2010-08-05 00:00:00+07:00,0.07901538726324576,0.08000745878624704,0.07843690759147337,0.07852764262818815,0.8242258979194437,0.0,0.0
2010-08-06 00:00:00+07:00,0.07975861068098954,0.08000744767294088,0.07918883553024321,0.07926753968575692,0.7925299754770135,0.0,0.0
2010-08-09 00:00:00+07:00,0.08198832192155987,0.08148727166235992,0.07918884334450589,0.08148727166235992,0.8033584764357676,0.0,0.0
2010-08-10 00:00:00+07:00,0.07975861068098954,0.08074735566012481,0.07994077438966546,0.07926753968575692,0.8070427634966504,0.0,0.0
2010-08-11 00:00:00+07:00,0.07901538726324576,0.08000745878624704,0.07843690759147337,0.07852764262818815,0.8000330726748729,0.0,0.0
2010-08-12 00:00:00+07:00,0.07827215799016782,0.07852764786452354,0.0776849738260353,0.07778773974149125,0.7709629524448062,0.0,0.0
2010-08-13 00:00:00+07:00,0.07975861068098954,0.08000744767294088,0.07918883553024321,0.07926753968575692,0.7944961135057487,0.0,0.0
2010-08-16 00:00:00+07:00,0.07827215799016782,0.08074737223362036,0.07918885182099422,0.07778773974149125,0.8102256749934729,0.0,0.0
2010-08-18 00:00:00+07:00,0.07975861068098954,0.07926753968575692,0.07918883553024321,0.07926753968575692,0.8328986397735453,0.0,0.0
2010-08-19 00:00:00+07:00,0.07901538726324576,0.0807473668652765,0.07994078549699571,0.07852764262818815,0.8339995992875537,0.0,0.0
2010-08-20 00:00:00+07:00,0.07975861068098954,0.08074735566012481,0.07994077438966546,0.07926753968575692,0.8057384561968172,0.0,0.0
2010-08-23 00:00:00+07:00,0.08050186923073815,0.0807473799039985,0.08069273748326278,0.08000747171809425,0.7663687954839244,0.0,0.0
2010-08-24 00:00:00+07:00,0.08050186923073815,0.08148728808990272,0.08144467654463648,0.08000747171809425,0.8139779664395596,0.0,0.0
2010-08-25 00:00:00+07:00,0.08050186923073815,0.0807473799039985,0.07994079842188909,0.08000747171809425,0.7878063684009616,0.0,0.0
2010-08-26 00:00:00+07:00,0.07901538726324576,0.08000745878624704,0.07994078549699571,0.07852764262818815,0.7898426921146823,0.0,0.0
2010-08-27 00:00:00+07:00,0.07827215799016782,0.0792675559875558,0.0776849738260353,0.07778773974149125,0.8418783117340899,0.0,0.0
2010-08-30 00:00:00+07:00,0.07678566431200713,0.07852762272875086,0.07693301014271453,0.07630789899332896,0.8116047050938964,0.0,0.0
2010-08-31 00:00:00+07:00,0.07678566431200713,0.07778771481694355,0.07693301014271453,0.07630789899332896,0.8147598272877645,0.0,0.0
2010-09-01 00:00:00+07:00,0.08050186923073815,0.0807473799039985,0.07843692029914165,0.08000747171809425,0.8217359336711847,0.0,0.0
2010-09-02 00:00:00+07:00,0.07827215799016782,0.08074737223362036,0.07843691282351478,0.07778773974149125,0.8417705495101709,0.0,0.0
2010-09-03 00:00:00+07:00,0.07975861068098954,0.07926753968575692,0.07918883553024321,0.07926753968575692,0.8185569474713582,0.0,0.0
2010-09-06 00:00:00+07:00,0.08050186923073815,0.08000747171809425,0.07994079842188909,0.08000747171809425,0.8312955786491635,0.0,0.0
2010-09-07 00:00:00+07:00,0.08050186923073815,0.08000747171809425,0.07994079842188909,0.08000747171809425,0.8020821972306386,0.0,0.0
2010-09-15 00:00:00+07:00,0.08124508634273747,0.08962625901693966,0.08219659791713367,0.08666662684400661,0.8770938752469962,0.0,0.0
2010-09-16 00:00:00+07:00,0.08496125072453985,0.0866666188117435,0.08520434567096313,0.08444689486740362,0.8307077079093474,0.0,0.0
2010-09-17 00:00:00+07:00,0.08719096196511018,0.08666662684400661,0.0867082314154312,0.08666662684400661,0.8207731447871258,0.0,0.0
2010-09-20 00:00:00+07:00,0.08644773269203225,0.08814644820692896,0.08445241974417143,0.08592672395730971,0.8190771187698375,0.0,0.0
2010-09-21 00:00:00+07:00,0.08570446243161535,0.08740650368178732,0.08370044573162753,0.08518678026671622,0.8358584837016543,0.0,0.0
2010-09-22 00:00:00+07:00,0.08347478046771571,0.08666661728423652,0.0844524053247329,0.08296707743575366,0.82799053736388,0.0,0.0
2010-09-23 00:00:00+07:00,0.08570446243161535,0.08592668807173989,0.08445238440592762,0.08518678026671622,0.7929489753975529,0.0,0.0
2010-09-24 00:00:00+07:00,0.08719096196511018,0.0888863509737064,0.08746017033181411,0.08666662684400661,0.8498682851193945,0.0,0.0
2010-09-27 00:00:00+07:00,0.09016388491275601,0.09110606008553773,0.08971597226778857,0.08962624421992221,0.8380540190164862,0.0,0.0
2010-09-28 00:00:00+07:00,0.09090712589650222,0.09184597472844849,0.09046791769205847,0.09036615876487525,0.8304290142912151,0.0,0.0
2010-09-29 00:00:00+07:00,0.09165034345891186,0.09110604999331595,0.09121983977061976,0.09110604999331595,0.8328344483475378,0.0,0.0
2010-09-30 00:00:00+07:00,0.09016388491275601,0.09258587595115325,0.09121984987611237,0.08962624421992221,0.8304583102544738,0.0,0.0
2010-10-01 00:00:00+07:00,0.09462333081523325,0.09406573148964054,0.0927237666504457,0.09406573148964054,0.8440116459609012,0.0,0.0
2010-10-04 00:00:00+07:00,0.09239360786399463,0.09406571208757916,0.09272374749626584,0.09184598785478137,0.8428768979705292,0.0,0.0
2010-10-05 00:00:00+07:00,0.09165034345891186,0.09258586571051647,0.09121983977061976,0.09110604999331595,0.8512314390080964,0.0,0.0
2010-10-06 00:00:00+07:00,0.09313680200506771,0.09258585576670972,0.0927237072690791,0.09258585576670972,0.8320615503637093,0.0,0.0
2010-10-07 00:00:00+07:00,0.0938800546994822,0.09332578196991895,0.09272372558125383,0.09332578196991895,0.8216816034096553,0.0,0.0
2010-10-08 00:00:00+07:00,0.09239360786399463,0.09258589593238065,0.09197180854495812,0.09184598785478137,0.8044871069790794,0.0,0.0
2010-10-11 00:00:00+07:00,0.09090712589650222,0.0925858827102351,0.09197179539993276,0.09036615876487525,0.7867396014170057,0.0,0.0
2010-10-12 00:00:00+07:00,0.09090712589650222,0.09184597472844849,0.09197179539993276,0.09036615876487525,0.7995380996000999,0.0,0.0
2010-10-13 00:00:00+07:00,0.09165034345891186,0.09110604999331595,0.09046790104187197,0.09110604999331595,0.8503624345576752,0.0,0.0
2010-10-14 00:00:00+07:00,0.09165034345891186,0.09258586571051647,0.09197177849936754,0.09110604999331595,0.839425881364831,0.0,0.0
2010-10-15 00:00:00+07:00,0.08942066735034637,0.091106077166695,0.08971598911612899,0.08888635299148151,0.8353012266358668,0.0,0.0
2010-10-18 00:00:00+07:00,0.08867743807726845,0.08962626629995285,0.08896405540031085,0.08814645010478464,0.7939089978779172,0.0,0.0
2010-10-19 00:00:00+07:00,0.09090712589650222,0.09036615876487525,0.08971597883812131,0.09036615876487525,0.7988300091743256,0.0,0.0
2010-10-20 00:00:00+07:00,0.09165034345891186,0.09110604999331595,0.08971596231312422,0.09110604999331595,0.8038028454353437,0.0,0.0
2010-10-21 00:00:00+07:00,0.09165034345891186,0.09258586571051647,0.0927237172281153,0.09110604999331595,0.8118870927865163,0.0,0.0
2010-10-22 00:00:00+07:00,0.09239360786399463,0.09258589593238065,0.09272374749626584,0.09184598785478137,0.8474242719704631,0.0,0.0
2010-10-25 00:00:00+07:00,0.09313680200506771,0.09332576355325337,0.09347564592459867,0.09258585576670972,0.8375321576876691,0.0,0.0
2010-10-26 00:00:00+07:00,0.0953665366669746,0.09554551907284736,0.09422761634235623,0.09480561105982507,0.8822205132659848,0.0,0.0
2010-10-27 00:00:00+07:00,0.09462333081523325,0.09554554792201136,0.09422764483474022,0.09406573148964054,0.8294448955807299,0.0,0.0
2010-10-28 00:00:00+07:00,0.09239360786399463,0.09332580400997989,0.09347568644757355,0.09184598785478137,0.7973213547617873,0.0,0.0
2010-10-29 00:00:00+07:00,0.09462333081523325,0.09406573148964054,0.09347570574259294,0.09406573148964054,0.8066057714807036,0.0,0.0
2010-11-01 00:00:00+07:00,0.0953665366669746,0.09480561105982507,0.09422761634235623,0.09480561105982507,0.8168192382600242,0.0,0.0
2010-11-02 00:00:00+07:00,0.0953665366669746,0.09554551907284736,0.09422761634235623,0.09480561105982507,0.8398203074163919,0.0,0.0
2010-11-03 00:00:00+07:00,0.09685298350246217,0.09628540517496265,0.0957314723136838,0.09628540517496265,0.8316768411063903,0.0,0.0
2010-11-04 00:00:00+07:00,0.09685298350246217,0.09628540517496265,0.09497953358371762,0.09628540517496265,0.8393812296621994,0.0,0.0
2010-11-05 00:00:00+07:00,0.09610980107205737,0.09628545714451306,0.09648346311955773,0.09554554892129047,0.7830507880643729,0.0,0.0
2010-11-08 00:00:00+07:00,0.09685298350246217,0.09628540517496265,0.09422759485375143,0.09628540517496265,0.8192148591232491,0.0,0.0
2010-11-09 00:00:00+07:00,0.09462333081523325,0.09702536435438222,0.09497958392688746,0.09406573148964054,0.855715795662379,0.0,0.0
2010-11-10 00:00:00+07:00,0.0953665366669746,0.09480561105982507,0.09422761634235623,0.09480561105982507,0.8241176599620651,0.0,0.0
2010-11-11 00:00:00+07:00,0.0938800546994822,0.09554550572703197,0.09347566437142177,0.09332578196991895,0.8381114331170325,0.0,0.0
2010-11-12 00:00:00+07:00,0.09313680200506771,0.09332576355325337,0.09347564592459867,0.09258585576670972,0.8085246429602416,0.0,0.0
2010-11-15 00:00:00+07:00,0.09165034345891186,0.0933257735691167,0.09197177849936754,0.09110604999331595,0.8061457118608464,0.0,0.0
2010-11-16 00:00:00+07:00,0.0953665366669746,0.09480561105982507,0.0927237385709948,0.09480561105982507,0.8218091795090824,0.0,0.0
2010-11-18 00:00:00+07:00,0.09239360786399463,0.09480562016517843,0.09197180854495812,0.09184598785478137,0.8644041272861467,0.0,0.0
2010-11-19 00:00:00+07:00,0.0938800546994822,0.09332578196991895,0.09272372558125383,0.09332578196991895,0.8450799717496513,0.0,0.0
2010-11-22 00:00:00+07:00,0.09227225020860581,0.0932140938183787,0.09259634237223024,0.09172517334599178,0.845051951511955,8.5,0.0
2010-11-23 00:00:00+07:00,0.08928105276310856,0.09172520514123592,0.08957011298528982,0.08874736326130786,0.859735186550533,0.0,0.0
2010-11-24 00:00:00+07:00,0.08928105276310856,0.09023628420127189,0.08881354761989387,0.08874736326130786,0.8467264028461485,0.0,0.0
2010-11-25 00:00:00+07:00,0.08928105276310856,0.09023628420127189,0.08957011298528982,0.08874736326130786,0.8134785294563841,0.0,0.0
2010-11-26 00:00:00+07:00,0.08703762247464784,0.08949181526282787,0.0873004086064829,0.08651397363759042,0.8341851051911219,0.0,0.0
2010-11-29 00:00:00+07:00,0.08703762247464784,0.08651397363759042,0.08503071270441888,0.08651397363759042,0.8149359993814245,0.0,0.0
2010-11-30 00:00:00+07:00,0.08105518074098021,0.08651399117314928,0.08200446821719432,0.08055830683519785,0.8698805048598536,0.0,0.0
2010-12-01 00:00:00+07:00,0.08628979676426989,0.08651395514832477,0.08351756418709139,0.08576949488534302,0.863220949756844,0.0,0.0
2010-12-02 00:00:00+07:00,0.08778545989569408,0.08949184595942658,0.08881356969992005,0.08725846404809401,0.8515969330845343,0.0,0.0
2010-12-03 00:00:00+07:00,0.08703762247464784,0.08874735485651852,0.0873004086064829,0.08651397363759042,0.8019828820454707,0.0,0.0
2010-12-06 00:00:00+07:00,0.08853325047406718,0.0887473683339842,0.08730042188804285,0.08800290782557282,0.823848558609842,0.0,0.0
2010-12-08 00:00:00+07:00,0.0907766690518596,0.0902362857910341,0.09032667994218384,0.0902362857910341,0.8598314337860674,0.0,0.0
2010-12-09 00:00:00+07:00,0.08928105276310856,0.09098074467125389,0.08957011298528982,0.08874736326130786,0.8336263644098817,0.0,0.0
2010-12-10 00:00:00+07:00,0.08853325047406718,0.09023628935080699,0.08730042188804285,0.08800290782557282,0.8380750790415997,0.0,0.0
2010-12-13 00:00:00+07:00,0.08628979676426989,0.08874733593726994,0.08578725965218097,0.08576949488534302,0.8439694808379172,0.0,0.0
2010-12-14 00:00:00+07:00,0.08778545989569408,0.08800292468520485,0.08730043862943539,0.08725846404809401,0.8317294882539715,0.0,0.0
2010-12-15 00:00:00+07:00,0.08778545989569408,0.08800292468520485,0.08578730755895074,0.08725846404809401,0.8436375817417171,0.0,0.0
2010-12-16 00:00:00+07:00,0.08628979676426989,0.08725841541130647,0.08503069449715112,0.08576949488534302,0.8413298582344927,0.0,0.0
2010-12-17 00:00:00+07:00,0.0907766690518596,0.0902362857910341,0.08654385305492,0.0902362857910341,0.8650707062584406,0.0,0.0
2010-12-20 00:00:00+07:00,0.08928105276310856,0.09023628420127189,0.08805698225449789,0.08874736326130786,0.8154450394691034,0.0,0.0
2010-12-21 00:00:00+07:00,0.09002884919681581,0.0902362732562173,0.08957010211129196,0.0894918128679148,0.8192062622307964,0.0,0.0
2010-12-22 00:00:00+07:00,0.08703762247464784,0.09023627566913725,0.0873004086064829,0.08651397363759042,0.8215236876415798,0.0,0.0
2010-12-23 00:00:00+07:00,0.08554201204123094,0.08800289869174222,0.08503071681749157,0.08502505693699228,0.8261300419020681,0.0,0.0
2010-12-27 00:00:00+07:00,0.08703762247464784,0.08800289445020915,0.0873004086064829,0.08651397363759042,0.8153175195342287,0.0,0.0
2010-12-28 00:00:00+07:00,0.08703762247464784,0.08874735485651852,0.08805697390717092,0.08651397363759042,0.7954251925546506,0.0,0.0
2010-12-29 00:00:00+07:00,0.08778545989569408,0.08874738532231571,0.08805700416467772,0.08725846404809401,0.8142496026952822,0.0,0.0
2010-12-30 00:00:00+07:00,0.08628979676426989,0.09023625646323338,0.08730038996224071,0.08576949488534302,0.8368671112082947,0.0,0.0
2011-01-03 00:00:00+07:00,0.08703762247464784,0.08949181526282787,0.08805697390717092,0.08651397363759042,0.8059139730141793,0.0,0.0
2011-01-04 00:00:00+07:00,0.08778545989569408,0.08949184595942658,0.08881356969992005,0.08725846404809401,0.8377408306775557,0.0,0.0
2011-01-05 00:00:00+07:00,0.08928105276310856,0.08949182373128986,0.08805698225449789,0.08874736326130786,0.8579028825770331,0.0,0.0
2011-01-06 00:00:00+07:00,0.08853325047406718,0.08949182884239562,0.08805698729249303,0.08800290782557282,0.8343864509477095,0.0,0.0
2011-01-07 00:00:00+07:00,0.08628979676426989,0.08725841541130647,0.08578725965218097,0.08576949488534302,0.8648337319453788,0.0,0.0
2011-01-10 00:00:00+07:00,0.07881175630785364,0.08502506775545882,0.0797347696975889,0.07832492304060851,0.8951063541362507,0.0,0.0
2011-01-11 00:00:00+07:00,0.07582053544101983,0.08130277444051609,0.07595195135493232,0.07534708963941222,0.8870392986413,0.0,0.0
2011-01-12 00:00:00+07:00,0.07731612830843432,0.07832490967381478,0.0774650601983237,0.0768359888526261,0.8649459058898457,0.0,0.0
2011-01-13 00:00:00+07:00,0.07881175630785364,0.08130276513609752,0.07822163885726396,0.07832492304060851,0.8734980582147484,0.0,0.0
2011-01-14 00:00:00+07:00,0.08105518074098021,0.08055830683519785,0.07746507558419714,0.08055830683519785,0.8481581817166768,0.0,0.0
2011-01-17 00:00:00+07:00,0.07955956445222917,0.07981384483557069,0.07822163959131913,0.07906938430547161,0.8442739007163966,0.0,0.0
2011-01-18 00:00:00+07:00,0.07731612830843432,0.07906937008440912,0.0774650601983237,0.0768359888526261,0.8596447744446906,0.0,0.0
2011-01-19 00:00:00+07:00,0.0765683377300612,0.07758046618560749,0.0759519461978325,0.07609154507514723,0.8500819724261018,0.0,0.0
2011-01-20 00:00:00+07:00,0.07582053544101983,0.07609155023955019,0.07519538585726407,0.07534708963941222,0.8274987201270733,0.0,0.0
2011-01-21 00:00:00+07:00,0.07208148300847392,0.0731136925822195,0.07141254342280283,0.07162477165684045,0.8940154612854152,0.0,0.0
2011-01-24 00:00:00+07:00,0.07133366900876426,0.07236922536542642,0.07065597145049021,0.07088030456284924,0.8767712551352629,0.0,0.0
2011-01-25 00:00:00+07:00,0.07432492500760292,0.07534709421944144,0.07216912827611759,0.07385817293881408,0.8830221123774664,0.0,0.0
2011-01-26 00:00:00+07:00,0.07806394230814397,0.07758045594661728,0.0729256746957214,0.07758045594661728,0.8726131741582982,0.0,0.0
2011-01-27 00:00:00+07:00,0.07881175630785364,0.07981384408835301,0.0774650734371015,0.07832492304060851,0.8645423350467817,0.0,0.0
2011-01-28 00:00:00+07:00,0.07731612830843432,0.07758044926322044,0.07595192958823838,0.0768359888526261,0.8555804165760013,0.0,0.0
2011-01-31 00:00:00+07:00,0.07507270973064188,0.07534707132666468,0.07443880223883408,0.07460261088716483,0.866283973584919,0.0,0.0
2011-02-01 00:00:00+07:00,0.07507270973064188,0.07609153176616451,0.07519536757325224,0.07460261088716483,0.8713049011709689,0.0,0.0
2011-02-02 00:00:00+07:00,0.07806394230814397,0.07758045594661728,0.07746506687428859,0.07758045594661728,0.8354411648904968,0.0,0.0
2011-02-04 00:00:00+07:00,0.08030736088593642,0.07981383391207855,0.0774650635262671,0.07981383391207855,0.8312202814644711,0.0,0.0
2011-02-07 00:00:00+07:00,0.08105518074098021,0.08055830683519785,0.07973477190069574,0.08055830683519785,0.8461163705034742,0.0,0.0
2011-02-08 00:00:00+07:00,0.08030736088593642,0.08055829435114853,0.07973475952821099,0.07981383391207855,0.8265507477433663,0.0,0.0
2011-02-09 00:00:00+07:00,0.07881175630785364,0.07981384408835301,0.07822163885726396,0.07832492304060851,0.8301305033196955,0.0,0.0
2011-02-10 00:00:00+07:00,0.07582053544101983,0.07683601083968819,0.0744388203595958,0.07534708963941222,0.8819382473566161,0.0,0.0
2011-02-11 00:00:00+07:00,0.07955956445222917,0.07981384483557069,0.07595194331184753,0.07906938430547161,0.8521285358088223,0.0,0.0
2011-02-14 00:00:00+07:00,0.08180296546401918,0.0813027447835486,0.08049131494288105,0.0813027447835486,0.8303703672302137,0.0,0.0
2011-02-16 00:00:00+07:00,0.08105518074098021,0.0813027673774418,0.0804913373395286,0.08055830683519785,0.8476228791746662,0.0,0.0
2011-02-17 00:00:00+07:00,0.08030736088593642,0.08130275479021848,0.08049132486219229,0.07981383391207855,0.8378178812015494,0.0,0.0
2011-02-18 00:00:00+07:00,0.08255076775306056,0.08279166053632106,0.08200444052412162,0.08204720021928363,0.8672885984105503,0.0,0.0
2011-02-21 00:00:00+07:00,0.0840463957524799,0.08353613440726604,0.08351758449795547,0.08353613440726604,0.8175612930176617,0.0,0.0
2011-02-22 00:00:00+07:00,0.0840463957524799,0.08502505525820339,0.08351758449795547,0.08353613440726604,0.8601452634684575,0.0,0.0
2011-02-23 00:00:00+07:00,0.08628979676426989,0.08651395514832477,0.08427412934212125,0.08576949488534302,0.8533758322103085,0.0,0.0
2011-02-24 00:00:00+07:00,0.0840463957524799,0.08502505525820339,0.08351758449795547,0.08353613440726604,0.8505577616830649,0.0,0.0
2011-02-25 00:00:00+07:00,0.08180296546401918,0.08353612585469289,0.08200444544413252,0.0813027447835486,0.8138977721150344,0.0,0.0
2011-02-28 00:00:00+07:00,0.08479421560752369,0.08428060733038534,0.08276103147545656,0.08428060733038534,0.8578891033688137,0.0,0.0
2011-03-01 00:00:00+07:00,0.08703762247464784,0.0872584340438998,0.08578727800510688,0.08651397363759042,0.8460421768099827,0.0,0.0
2011-03-02 00:00:00+07:00,0.08778545989569408,0.08800292468520485,0.08654387309419306,0.08725846404809401,0.8480608871693882,0.0,0.0
2011-03-03 00:00:00+07:00,0.09002884919681581,0.09098073364451978,0.08881353682890361,0.0894918128679148,0.8725537041287603,0.0,0.0
2011-03-04 00:00:00+07:00,0.09227225020860581,0.09246963358218521,0.09183977724442421,0.09172517334599178,0.8515797298083915,0.0,0.0
2011-03-07 00:00:00+07:00,0.09376788991869342,0.09395857961229231,0.0933529329127493,0.09321411919223038,0.8395873872047904,0.0,0.0
2011-03-08 00:00:00+07:00,0.09302010519565446,0.09470306299614675,0.0933529555831554,0.09246968124387964,0.8320811381670818,0.0,0.0
2011-03-09 00:00:00+07:00,0.09302010519565446,0.09470306299614675,0.09410952106451374,0.09246968124387964,0.8560036485448672,0.0,0.0
2011-03-10 00:00:00+07:00,0.09376788991869342,0.09321411919223038,0.0933529329127493,0.09321411919223038,0.7898265765843157,0.0,0.0
2011-03-11 00:00:00+07:00,0.09227225020860581,0.09172517334599178,0.09032664698881215,0.09172517334599178,0.8519937137018946,0.0,0.0
2011-03-14 00:00:00+07:00,0.09227225020860581,0.09172517334599178,0.0910832121166182,0.09172517334599178,0.8110484114339284,0.0,0.0
2011-03-15 00:00:00+07:00,0.09002884919681581,0.0902362732562173,0.08957010211129196,0.0894918128679148,0.8502563520717582,0.0,0.0
2011-03-16 00:00:00+07:00,0.0907766690518596,0.0902362857910341,0.08957011456473109,0.0902362857910341,0.8452920504120638,0.0,0.0
2011-03-17 00:00:00+07:00,0.08853325047406718,0.08949182884239562,0.08881355269694324,0.08800290782557282,0.8238511535124721,0.0,0.0
2011-03-18 00:00:00+07:00,0.08853325047406718,0.08949182884239562,0.08957011810139345,0.08800290782557282,0.8259815239278423,0.0,0.0
2011-03-21 00:00:00+07:00,0.0907766690518596,0.0902362857910341,0.08957011456473109,0.0902362857910341,0.781214050144683,0.0,0.0
2011-03-22 00:00:00+07:00,0.09152447719623513,0.0909807470558972,0.09108324610359679,0.0909807470558972,0.8146430625651285,0.0,0.0
2011-03-23 00:00:00+07:00,0.09152444309752458,0.0932140938183787,0.09183977724442421,0.09172517334599178,0.8743532911941595,0.0,0.0
2011-03-24 00:00:00+07:00,0.09302010519565446,0.09321414182796867,0.09108325913908029,0.09246968124387964,0.8483567742952373,0.0,0.0
2011-03-25 00:00:00+07:00,0.09376788991869342,0.09395857961229231,0.09410949822741352,0.09321411919223038,0.8531670129546828,0.0,0.0
2011-03-28 00:00:00+07:00,0.09451569806306895,0.09395858045709349,0.09335293375275731,0.09395858045709349,0.7636841975932053,0.0,0.0
2011-03-29 00:00:00+07:00,0.09451569806306895,0.09470304088323317,0.09410949907359804,0.09395858045709349,0.812423613866122,0.0,0.0
2011-03-30 00:00:00+07:00,0.09302010519565446,0.0939586024120577,0.0933529555831554,0.09246968124387964,0.8095399858525135,0.0,0.0
2011-03-31 00:00:00+07:00,0.09451569806306895,0.09470304088323317,0.09410949907359804,0.09395858045709349,0.8430699526488896,0.0,0.0
2011-04-01 00:00:00+07:00,0.09675915762820037,0.09619199922645139,0.09562266701087853,0.09619199922645139,0.8670142141535838,0.0,0.0
2011-04-04 00:00:00+07:00,0.09526354133944931,0.09693645874257606,0.09486610027031638,0.09470307669672515,0.808079536717854,0.0,0.0
2011-04-05 00:00:00+07:00,0.09526354133944931,0.09470307669672515,0.09486610027031638,0.09470307669672515,0.7980660042161443,0.0,0.0
2011-04-06 00:00:00+07:00,0.09451569806306895,0.09470304088323317,0.09335293375275731,0.09395858045709349,0.8378140316899705,0.0,0.0
2011-04-07 00:00:00+07:00,0.09601131435181999,0.09544750298681973,0.0956226313958212,0.09544750298681973,0.8403975807748784,0.0,0.0
2011-04-08 00:00:00+07:00,0.09526354133944931,0.09693645874257606,0.09637923143193809,0.09470307669672515,0.8442554565291609,0.0,0.0
2011-04-11 00:00:00+07:00,0.09675915762820037,0.09768092060677208,0.0963792326000329,0.09619199922645139,0.8486431668977842,0.0,0.0
2011-04-12 00:00:00+07:00,0.09601131435181999,0.09619196342485617,0.0956226313958212,0.09544750298681973,0.7949894290370783,0.0,0.0
2011-04-13 00:00:00+07:00,0.09750691892990276,0.09693641385828977,0.09637918677477442,0.09693641385828977,0.8138142238270637,0.0,0.0
2011-04-14 00:00:00+07:00,0.09750691892990276,0.09768087422636396,0.09713575203660557,0.09693641385828977,0.8138110074475468,0.0,0.0
2011-04-15 00:00:00+07:00,0.09975035507369762,0.09916980931113531,0.09789233148086271,0.09916980931113531,0.8321746112234957,0.0,0.0
2011-04-18 00:00:00+07:00,0.10124595965178039,0.10140318058097647,0.10016201754841482,0.10065872018260535,0.834135153570475,0.0,0.0
2011-04-19 00:00:00+07:00,0.1019937677961559,0.10140318144746849,0.10016201840535621,0.10140318144746849,0.8107746275299321,0.0,0.0
2011-04-20 00:00:00+07:00,0.10348938408490696,0.1028921039771947,0.10167515070541962,0.1028921039771947,0.8318039703657146,0.0,0.0
2011-04-21 00:00:00+07:00,0.10274157594053143,0.10512548435202895,0.10318828046831871,0.1021476427123316,0.8068415823394265,0.0,0.0
2011-04-25 00:00:00+07:00,0.10274157594053143,0.10438102394210458,0.10394484577268044,0.1021476427123316,0.7070481174716365,0.0,0.0
2011-04-26 00:00:00+07:00,0.10348938408490696,0.1036365643927809,0.10167515070541962,0.1028921039771947,0.7983534116462834,0.0,0.0
2011-04-27 00:00:00+07:00,0.10274157594053143,0.10363656353218026,0.10318828046831871,0.1021476427123316,0.7731778917286808,0.0,0.0
2011-04-28 00:00:00+07:00,0.10423719222928249,0.10363656524205783,0.10394484748749633,0.10363656524205783,0.7980614994252416,0.0,0.0
2011-04-29 00:00:00+07:00,0.10124595965178039,0.10363656177608976,0.10167514813365616,0.10065872018260535,0.8183764287475478,0.0,0.0
2011-05-02 00:00:00+07:00,0.10274157594053143,0.1021476427123316,0.10243171516395694,0.1021476427123316,0.7601111926515253,0.0,0.0
2011-05-03 00:00:00+07:00,0.09900254692932209,0.10214765035049944,0.10016202675449035,0.0984253480462722,0.8039063241224019,0.0,0.0
2011-05-04 00:00:00+07:00,0.10049813979673658,0.09991424725948606,0.09789230937509152,0.09991424725948606,0.8418694881050927,0.0,0.0
2011-05-05 00:00:00+07:00,0.09750691892990276,0.09842533459443814,0.0986488825602678,0.09693641385828977,0.8277786877338811,0.0,0.0
2011-05-06 00:00:00+07:00,0.09975035507369762,0.09916980931113531,0.09713576611915535,0.09916980931113531,0.8179102741565316,0.0,0.0
2011-05-09 00:00:00+07:00,0.09825473878494657,0.09916980769193304,0.09940546058128853,0.09768088678140907,0.7806094095750307,0.0,0.0
2011-05-10 00:00:00+07:00,0.09975035507369762,0.09991426977748777,0.09940546220427741,0.09916980931113531,0.7449403171578785,0.0,0.0
2011-05-11 00:00:00+07:00,0.10049813979673658,0.09991424725948606,0.09940543978715737,0.09991424725948606,0.8084453410448453,0.0,0.0
2011-05-12 00:00:00+07:00,0.09825473878494657,0.09916980769193304,0.09940546058128853,0.09768088678140907,0.789046424132383,0.0,0.0
2011-05-13 00:00:00+07:00,0.09975035507369762,0.09991426977748777,0.0986488968425701,0.09916980931113531,0.8344402728631338,0.0,0.0
2011-05-16 00:00:00+07:00,0.09675915762820037,0.09768092060677208,0.0971357981891873,0.09619199922645139,0.838541701025208,0.0,0.0
2011-05-18 00:00:00+07:00,0.09750691892990276,0.09916979496251235,0.09789231729843667,0.09693641385828977,0.8580616763572971,0.0,0.0
2011-05-19 00:00:00+07:00,0.09900254692932209,0.10065872942880855,0.0994054613983795,0.0984253480462722,0.8242258979194437,0.0,0.0
2011-05-20 00:00:00+07:00,0.09975035507369762,0.10065873024384017,0.09940546220427741,0.09916980931113531,0.829308868081716,0.0,0.0
2011-05-23 00:00:00+07:00,0.09750691892990276,0.09842533459443814,0.09713575203660557,0.09693641385828977,0.8356512979637204,0.0,0.0
2011-05-24 00:00:00+07:00,0.09601131435181999,0.09693642386289258,0.09637919672875216,0.09544750298681973,0.8414332959290555,0.0,0.0
2011-05-25 00:00:00+07:00,0.09675915762820037,0.09619199922645139,0.0963792326000329,0.09619199922645139,0.8164711017094403,0.0,0.0
2011-05-26 00:00:00+07:00,0.09900254692932209,0.0984253480462722,0.09713576533004697,0.0984253480462722,0.8238148117617123,0.0,0.0
2011-05-27 00:00:00+07:00,0.09750691892990276,0.09768087422636396,0.09789231729843667,0.09693641385828977,0.8110108610906838,0.0,0.0
2011-05-30 00:00:00+07:00,0.09675915762820037,0.09768092060677208,0.0971357981891873,0.09619199922645139,0.8124567359222283,0.0,0.0
2011-05-31 00:00:00+07:00,0.09675915762820037,0.09768092060677208,0.0971357981891873,0.09619199922645139,0.836297964892488,0.0,0.0
2011-06-01 00:00:00+07:00,0.09675915762820037,0.09842538129693243,0.0978923637783417,0.09619199922645139,0.8355948165277484,0.0,0.0
2011-06-03 00:00:00+07:00,0.09750691892990276,0.09768087422636396,0.09713575203660557,0.09693641385828977,0.8232057962370076,0.0,0.0
2011-06-06 00:00:00+07:00,0.09750691892990276,0.09768087422636396,0.09789231729843667,0.09693641385828977,0.7479433574144735,0.0,0.0
2011-06-07 00:00:00+07:00,0.0978090307501981,0.09723717355121206,0.09742644129048057,0.09723717355121206,0.7908942185001736,14.0,0.0
2011-06-08 00:00:00+07:00,0.09629861217674075,0.09723715689656037,0.09742642460341167,0.09573351498567478,0.8214745706379493,0.0,0.0
2011-06-09 00:00:00+07:00,0.09629861217674075,0.09723715689656037,0.09742642460341167,0.09573351498567478,0.7945981049041296,0.0,0.0
2011-06-10 00:00:00+07:00,0.09629861217674075,0.09723715689656037,0.09742642460341167,0.09573351498567478,0.8031730783553466,0.0,0.0
2011-06-13 00:00:00+07:00,0.09629861217674075,0.09723715689656037,0.09742642460341167,0.09573351498567478,0.7852526211666175,0.0,0.0
2011-06-14 00:00:00+07:00,0.09629861217674075,0.09723715689656037,0.09742642460341167,0.09573351498567478,0.7867223796569799,0.0,0.0
2011-06-15 00:00:00+07:00,0.09856420490492195,0.09874078874477532,0.09742641466118597,0.09798896785921218,0.8348501781237179,0.0,0.0
2011-06-16 00:00:00+07:00,0.0978090307501981,0.09874081569667023,0.09819048694170959,0.09723717355121206,0.8505284412676711,0.0,0.0
2011-06-17 00:00:00+07:00,0.0993194259023189,0.09949262982507417,0.0997185712842693,0.098740808800237,0.857823910256432,0.0,0.0
2011-06-20 00:00:00+07:00,0.1000746234783793,0.10024444742613617,0.10048261345504567,0.09949262642474949,0.8255781524838254,0.0,0.0
2011-06-21 00:00:00+07:00,0.0993194259023189,0.10099627187474858,0.10048261688682772,0.098740808800237,0.8301236967771636,0.0,0.0
2011-06-22 00:00:00+07:00,0.10082983276510799,0.10024445570751811,0.09971857611942371,0.10024445570751811,0.8503447708518942,0.0,0.0
2011-06-23 00:00:00+07:00,0.10234022791722877,0.10174809095654305,0.10124666055477602,0.10174809095654305,0.8303093865394758,0.0,0.0
2011-06-24 00:00:00+07:00,0.10309542549328918,0.1032517295700312,0.10277474833714184,0.10249990858105554,0.8462676185206935,0.0,0.0
2011-06-27 00:00:00+07:00,0.10309542549328918,0.1032517295700312,0.10277474833714184,0.10249990858105554,0.8129311096211472,0.0,0.0
2011-06-28 00:00:00+07:00,0.10309542549328918,0.10400355055900684,0.10277474833714184,0.10249990858105554,0.8031730783553466,0.0,0.0
2011-06-30 00:00:00+07:00,0.10611622750819905,0.10625901171457519,0.10430283768832471,0.10550719073736156,0.8744131562876001,0.0,0.0
2011-07-01 00:00:00+07:00,0.10838182023638024,0.10926628543637615,0.10735900987988896,0.10776264361089899,0.8427939155702786,0.0,0.0
2011-07-04 00:00:00+07:00,0.10838182023638024,0.10776264361089899,0.10965114634580016,0.10776264361089899,0.0,0.0,0.0
2011-07-05 00:00:00+07:00,0.10913701781244063,0.10926628212720593,0.10888709755803991,0.10851446123541145,0.8383879448839036,0.0,0.0
2011-07-06 00:00:00+07:00,0.10838182023638024,0.10776264361089899,0.1058309189026148,0.10776264361089899,0.8275275120403615,0.0,0.0
2011-07-07 00:00:00+07:00,0.10838182023638024,0.11001810634911469,0.108123055368526,0.10776264361089899,0.8286274151928619,0.0,0.0
2011-07-08 00:00:00+07:00,0.1121578198273505,0.11377720604081132,0.11041518709455492,0.1115217433917175,0.8683432684207043,0.0,0.0
2011-07-11 00:00:00+07:00,0.1121578198273505,0.1115217433917175,0.11117923255300162,0.1115217433917175,0.8098630927695557,0.0,0.0
2011-07-12 00:00:00+07:00,0.11064742467522971,0.11227357091474935,0.11194328463445273,0.11001810814269256,0.8294863168205489,0.0,0.0
2011-07-13 00:00:00+07:00,0.11064742467522971,0.11152174999073042,0.11117923913435188,0.11001810814269256,0.8155753099661487,0.0,0.0
2011-07-14 00:00:00+07:00,0.11140263396195839,0.11152175840172232,0.11041520196963872,0.1107699374254612,0.8233082889145382,0.0,0.0
2011-07-15 00:00:00+07:00,0.11593385455032561,0.11528087814730456,0.11270735318918644,0.11528087814730456,0.8393160360506201,0.0,0.0
2011-07-18 00:00:00+07:00,0.1136682149794713,0.11603266201294021,0.11499945322223093,0.11302537864074244,0.7879128378356802,0.0,0.0
2011-07-19 00:00:00+07:00,0.11140263396195839,0.11302540035424455,0.11041520196963872,0.1107699374254612,0.8345931200222856,0.0,0.0
2011-07-20 00:00:00+07:00,0.11140263396195839,0.11227357937798343,0.1111792475228312,0.1107699374254612,0.8094200093441664,0.0,0.0
2011-07-21 00:00:00+07:00,0.1129130174034109,0.11302538187914696,0.11117922932326492,0.11227356101622996,0.807743819168074,0.0,0.0
2011-07-22 00:00:00+07:00,0.11517864526359693,0.11452904886453591,0.11499948187241124,0.11452904886453591,0.8255831536572301,0.0,0.0
2011-07-25 00:00:00+07:00,0.1136682149794713,0.11377719948379189,0.11347136238660131,0.11302537864074244,0.8234210338098874,0.0,0.0
2011-07-26 00:00:00+07:00,0.11593385455032561,0.11528087814730456,0.11423544447757106,0.11528087814730456,0.8222355177013854,0.0,0.0
2011-07-27 00:00:00+07:00,0.11668904041571772,0.11828814703972632,0.11576352069654887,0.11603268411356082,0.8411832271067918,0.0,0.0
2011-07-28 00:00:00+07:00,0.11442341255553169,0.11452901708867913,0.11423540457343452,0.1137771962652549,0.8119808442220705,0.0,0.0
2011-07-29 00:00:00+07:00,0.11593385455032561,0.11528087814730456,0.11347139883337874,0.11528087814730456,0.8287584289024543,0.0,0.0
2011-08-01 00:00:00+07:00,0.11970979558795448,0.11903991963684216,0.11652751880903749,0.11903991963684216,0.8385833747711988,0.0,0.0
2011-08-02 00:00:00+07:00,0.12273063273486919,0.12204723676791676,0.12034777905517198,0.12204723676791676,0.8173798608473014,0.0,0.0
2011-08-03 00:00:00+07:00,0.12197544686947707,0.12355089372541872,0.12263993052622539,0.12129543080166047,0.8221306431851418,0.0,0.0
2011-08-04 00:00:00+07:00,0.12046501658535143,0.12204722300846324,0.11881967470264991,0.119791760577867,0.8138785049895769,0.0,0.0
2011-08-05 00:00:00+07:00,0.11593385455032561,0.11753634134471938,0.11270735318918644,0.11528087814730456,0.8965251155592717,0.0,0.0
2011-08-08 00:00:00+07:00,0.1121578198273505,0.11227356427474877,0.1058309143438745,0.1115217433917175,0.9050574142211674,0.0,0.0
2011-08-09 00:00:00+07:00,0.10913701781244063,0.11076992391079482,0.10124664288451589,0.10851446123541145,0.9252015425923952,0.0,0.0
2011-08-10 00:00:00+07:00,0.11140263396195839,0.11227357937798343,0.11041520196963872,0.1107699374254612,0.8800935027992756,0.0,0.0
2011-08-11 00:00:00+07:00,0.10913701781244063,0.11001810301900034,0.10888709755803991,0.10851446123541145,0.8593166201938421,0.0,0.0
2011-08-12 00:00:00+07:00,0.11064742467522971,0.11076992906671149,0.11041519363425102,0.11001810814269256,0.8508251929688341,0.0,0.0
2011-08-15 00:00:00+07:00,0.1136682149794713,0.11302537864074244,0.11194327155097172,0.11302537864074244,0.8298003815141801,0.0,0.0
2011-08-16 00:00:00+07:00,0.1136682149794713,0.11452902032684134,0.11347136238660131,0.11302537864074244,0.847215373262749,0.0,0.0
2011-08-18 00:00:00+07:00,0.11442341255553169,0.11452901708867913,0.11194326837982312,0.1137771962652549,0.8557485956222113,0.0,0.0
2011-08-19 00:00:00+07:00,0.11140263396195839,0.1107699374254612,0.10888711086325376,0.1107699374254612,0.8802979691265587,0.0,0.0
2011-08-22 00:00:00+07:00,0.10762662266031983,0.11076993065615118,0.10812305868865923,0.1070108259863865,0.850374206654755,0.0,0.0
2011-08-23 00:00:00+07:00,0.11064742467522971,0.11001810814269256,0.10888710263404935,0.11001810814269256,0.8382603806124377,0.0,0.0
2011-08-24 00:00:00+07:00,0.10989221538850102,0.11076992060215482,0.10965113974701492,0.1092662788599239,0.8462499445449245,0.0,0.0
2011-08-25 00:00:00+07:00,0.11140263396195839,0.11152175840172232,0.1111792475228312,0.1107699374254612,0.8323090581593972,0.0,0.0
2011-08-26 00:00:00+07:00,0.11140263396195839,0.11152175840172232,0.10965115641644624,0.1107699374254612,0.8532583997186072,0.0,0.0
2011-09-05 00:00:00+07:00,0.1136682149794713,0.11528084116989079,0.11347136238660131,0.11302537864074244,0.8753589919966711,0.0,0.0
2011-09-06 00:00:00+07:00,0.11442341255553169,0.11528083791210333,0.11347135917556404,0.1137771962652549,0.8426292440296415,0.0,0.0
2011-09-07 00:00:00+07:00,0.11668904041571772,0.11603268411356082,0.11576352069654887,0.11603268411356082,0.8252871651561839,0.0,0.0
2011-09-08 00:00:00+07:00,0.11744422628110986,0.11753631096586556,0.11576350580653975,0.11678449007981712,0.8337462080836674,0.0,0.0
2011-09-09 00:00:00+07:00,0.11668904041571772,0.11828814703972632,0.11729161180116023,0.11603268411356082,0.8279620293021729,0.0,0.0
2011-09-12 00:00:00+07:00,0.1121578198273505,0.11528084780687384,0.11347136892834182,0.1115217433917175,0.8130685667110831,0.0,0.0
2011-09-13 00:00:00+07:00,0.1129130174034109,0.1137772027420639,0.11194327476127028,0.11227356101622996,0.7989052849612719,0.0,0.0
2011-09-14 00:00:00+07:00,0.10762662266031983,0.11302539345800997,0.10888710419885561,0.1070108259863865,0.8669378816851254,0.0,0.0
2011-09-15 00:00:00+07:00,0.10989221538850102,0.1092662788599239,0.10506686706899196,0.1092662788599239,0.8738172653886409,0.0,0.0
2011-09-16 00:00:00+07:00,0.10989221538850102,0.11152174147327029,0.10888709430067776,0.1092662788599239,0.8460518609286569,0.0,0.0
2011-09-19 00:00:00+07:00,0.10913701781244063,0.11001810301900034,0.10888709755803991,0.10851446123541145,0.7739312405235117,0.0,0.0
2011-09-20 00:00:00+07:00,0.11064742467522971,0.11001810814269256,0.10735901163384765,0.11001810814269256,0.8480948860572427,0.0,0.0
2011-09-21 00:00:00+07:00,0.10762662266031983,0.11076993065615118,0.10888710419885561,0.1070108259863865,0.8344526845102346,0.0,0.0
2011-09-22 00:00:00+07:00,0.0978090307501981,0.10400356320577384,0.09819048694170959,0.09723717355121206,0.8642184829085515,0.0,0.0
2011-09-23 00:00:00+07:00,0.10385058793734472,0.10325169123079944,0.09666234770286493,0.10325169123079944,0.8489445058586915,0.0,0.0
2011-09-26 00:00:00+07:00,0.10158499520916353,0.10325170074774329,0.09895449277781923,0.10099623835726204,0.8555409119381493,0.0,0.0
2011-09-27 00:00:00+07:00,0.10385058793734472,0.1055071534309418,0.10430280076649424,0.10325169123079944,0.8755749007779187,0.0,0.0
2011-09-28 00:00:00+07:00,0.1046057972240734,0.10475534130356737,0.10430280933981663,0.10400352051356809,0.8376114858614935,0.0,0.0
2011-09-29 00:00:00+07:00,0.10611622750819905,0.10550719073736156,0.10506688324248516,0.10550719073736156,0.8436290840286664,0.0,0.0
2011-09-30 00:00:00+07:00,0.10687141337359116,0.10776263846309755,0.10430282292858323,0.10625899670361785,0.8581962905023786,0.0,0.0
2011-10-03 00:00:00+07:00,0.10158499520916353,0.10325170074774329,0.10048258351950094,0.10099623835726204,0.8275658736947029,0.0,0.0
2011-10-04 00:00:00+07:00,0.0993194259023189,0.10024445084991138,0.09819048007915251,0.098740808800237,0.8443057417280078,0.0,0.0
2011-10-05 00:00:00+07:00,0.10082983276510799,0.10099627676562659,0.10048262175579438,0.10024445570751811,0.8115439708793528,0.0,0.0
2011-10-06 00:00:00+07:00,0.10385058793734472,0.10400351196418026,0.10353875546013128,0.10325169123079944,0.860056837832536,0.0,0.0
2011-10-07 00:00:00+07:00,0.10309542549328918,0.1070108345149095,0.10430283946936938,0.10249990858105554,0.8386798394490176,0.0,0.0
2011-10-10 00:00:00+07:00,0.10385058793734472,0.10400351196418026,0.10201066484740544,0.10325169123079944,0.8170538986739792,0.0,0.0
2011-10-11 00:00:00+07:00,0.10762662266031983,0.10926628878824529,0.10659496766826648,0.1070108259863865,0.8523265149791491,0.0,0.0
2011-10-12 00:00:00+07:00,0.11064742467522971,0.11152174999073042,0.10888710263404935,0.11001810814269256,0.8335694889426924,0.0,0.0
2011-10-13 00:00:00+07:00,0.11140263396195839,0.11302540035424455,0.11194329307602371,0.1107699374254612,0.8270065248520958,0.0,0.0
2011-10-14 00:00:00+07:00,0.11064742467522971,0.11152174999073042,0.11194328463445273,0.11001810814269256,0.8164802165441897,0.0,0.0
2011-10-17 00:00:00+07:00,0.1121578198273505,0.11227356427474877,0.11194327801144836,0.1115217433917175,0.7875080866743059,0.0,0.0
2011-10-18 00:00:00+07:00,0.10762662266031983,0.11001810972219825,0.10735901317846286,0.1070108259863865,0.838815686892533,0.0,0.0
2011-10-19 00:00:00+07:00,0.10913701781244063,0.10926628212720593,0.10965114302539232,0.10851446123541145,0.8227112107874973,0.0,0.0
2011-10-20 00:00:00+07:00,0.10611622750819905,0.10776265366900234,0.10506688324248516,0.10550719073736156,0.870821925924967,0.0,0.0
2011-10-21 00:00:00+07:00,0.10611622750819905,0.10776265366900234,0.1058309287966456,0.10550719073736156,0.8555145569544597,0.0,0.0
2011-10-24 00:00:00+07:00,0.11064742467522971,0.11076992906671149,0.10965114813415018,0.11001810814269256,0.8181629850782747,0.0,0.0
2011-10-25 00:00:00+07:00,0.11140263396195839,0.11227357937798343,0.11041520196963872,0.1107699374254612,0.8379120953515549,0.0,0.0
2011-10-26 00:00:00+07:00,0.11140263396195839,0.1107699374254612,0.11194329307602371,0.1107699374254612,0.7796173975310939,0.0,0.0
2011-10-27 00:00:00+07:00,0.11064742467522971,0.11227357091474935,0.11117923913435188,0.11001810814269256,0.8583118984377012,0.0,0.0
2011-10-28 00:00:00+07:00,0.11140263396195839,0.11152175840172232,0.1111792475228312,0.1107699374254612,0.851685715965617,0.0,0.0
2011-10-31 00:00:00+07:00,0.1129130174034109,0.11227356101622996,0.11041518388525956,0.11227356101622996,0.8253600819697947,0.0,0.0
2011-11-01 00:00:00+07:00,0.10989221538850102,0.11152174147327029,0.1104151851933521,0.1092662788599239,0.8190454960308593,0.0,0.0
2011-11-02 00:00:00+07:00,0.11064742467522971,0.11076992906671149,0.10812305713394847,0.11001810814269256,0.8461936646721023,0.0,0.0
2011-11-03 00:00:00+07:00,0.10838182023638024,0.10926628543637615,0.108123055368526,0.10776264361089899,0.8248523395815359,0.0,0.0
2011-11-04 00:00:00+07:00,0.11140263396195839,0.11152175840172232,0.1111792475228312,0.1107699374254612,0.8518171483514408,0.0,0.0
2011-11-07 00:00:00+07:00,0.11064742467522971,0.11076992906671149,0.11194328463445273,0.11001810814269256,0.7840219323448657,0.0,0.0
2011-11-08 00:00:00+07:00,0.11442341255553169,0.1137771962652549,0.11194326837982312,0.1137771962652549,0.8393048508684607,0.0,0.0
2011-11-09 00:00:00+07:00,0.11593385455032561,0.11678452027891445,0.11576353576595567,0.11528087814730456,0.8616176761274822,0.0,0.0
2011-11-10 00:00:00+07:00,0.1136682149794713,0.11377719948379189,0.11194327155097172,0.11302537864074244,0.8640694347756105,0.0,0.0
2011-11-11 00:00:00+07:00,0.1136682149794713,0.11452902032684134,0.11270731696878651,0.11302537864074244,0.8368120806326974,0.0,0.0
2011-11-14 00:00:00+07:00,0.11517864526359693,0.11452904886453591,0.11499948187241124,0.11452904886453591,0.8133065226805579,0.0,0.0
2011-11-15 00:00:00+07:00,0.1136682149794713,0.11377719948379189,0.11347136238660131,0.11302537864074244,0.8364785492469091,0.0,0.0
2011-11-16 00:00:00+07:00,0.1121578198273505,0.11377720604081132,0.11270732346989508,0.1115217433917175,0.835402672942215,0.0,0.0
2011-11-17 00:00:00+07:00,0.1121578198273505,0.11302538515778005,0.11194327801144836,0.1115217433917175,0.8451343160786974,0.0,0.0
2011-11-18 00:00:00+07:00,0.10913701781244063,0.11001810301900034,0.10965114302539232,0.10851446123541145,0.8754838417859809,0.0,0.0
2011-11-21 00:00:00+07:00,0.10762662266031983,0.10851446785429239,0.10812305868865923,0.1070108259863865,0.8546001225574881,0.0,0.0
2011-11-22 00:00:00+07:00,0.10838182023638024,0.10851446452363753,0.1088871008571631,0.10776264361089899,0.8561013764848727,0.0,0.0
2011-11-23 00:00:00+07:00,0.10687141337359116,0.10701081758335773,0.10735900474899036,0.10625899670361785,0.8248624978754355,0.0,0.0
2011-11-24 00:00:00+07:00,0.10611622750819905,0.10701083269178874,0.1073590199049665,0.10550719073736156,0.8229393172414119,0.0,0.0
2011-11-25 00:00:00+07:00,0.10309542549328918,0.10550719253695817,0.10430283946936938,0.10249990858105554,0.8363913208336259,0.0,0.0
2011-11-28 00:00:00+07:00,0.1046057972240734,0.10475534130356737,0.10430280933981663,0.10400352051356809,0.8452395314134759,0.0,0.0
2011-11-29 00:00:00+07:00,0.10687141337359116,0.10851445934283738,0.10583091383878679,0.10625899670361785,0.857172018547044,0.0,0.0
2011-11-30 00:00:00+07:00,0.10989221538850102,0.11001809973103935,0.10812304885434061,0.1092662788599239,0.8615852745932118,0.0,0.0
2011-12-01 00:00:00+07:00,0.10989221538850102,0.1092662788599239,0.11117923063968925,0.1092662788599239,0.0,0.0,0.0
2011-12-02 00:00:00+07:00,0.11140263396195839,0.1107699374254612,0.1111792475228312,0.1107699374254612,0.7964622045104164,0.0,0.0
2011-12-05 00:00:00+07:00,0.1121578198273505,0.1115217433917175,0.11194327801144836,0.1115217433917175,0.808797564580549,0.0,0.0
2011-12-06 00:00:00+07:00,0.10989221538850102,0.11076992060215482,0.11117923063968925,0.1092662788599239,0.7924030312092335,0.0,0.0
2011-12-07 00:00:00+07:00,0.11283100759344392,0.11219191824820396,0.11184761364379757,0.11219191824820396,0.7972618171512089,8.7,0.0
2011-12-08 00:00:00+07:00,0.11131227444550754,0.11219194963017656,0.11184764494177434,0.11067998232077914,0.8252720647086713,0.0,0.0
2011-12-09 00:00:00+07:00,0.11055289616087108,0.11143597005925518,0.11031109715499218,0.10992400269881053,0.8106543410177379,0.0,0.0
2011-12-12 00:00:00+07:00,0.11207167615148057,0.11219196903448245,0.11261594033323022,0.11143598525926007,0.799655804574445,0.0,0.0
2011-12-13 00:00:00+07:00,0.10979350616556632,0.11067997868221507,0.11031108948060879,0.10916801141858576,0.832598322786529,0.0,0.0
2011-12-14 00:00:00+07:00,0.11055289616087108,0.11143597005925518,0.11107937309753432,0.10992400269881053,0.8096209721841324,0.0,0.0
2011-12-15 00:00:00+07:00,0.10903413959159813,0.10916802718712457,0.1087745534126397,0.10841204345487332,0.835643233363959,0.0,0.0
2011-12-16 00:00:00+07:00,0.11207167615148057,0.11521590413537189,0.11107938825505646,0.11143598525926007,0.8693570264961258,0.0,0.0
2011-12-19 00:00:00+07:00,0.11207167615148057,0.11143598525926007,0.11338421637231708,0.11143598525926007,0.0,0.0,0.0
2011-12-20 00:00:00+07:00,0.11055289616087108,0.11219195373947752,0.11184764904007646,0.10992400269881053,0.789302491197353,0.0,0.0
2011-12-21 00:00:00+07:00,0.11131227444550754,0.11219194963017656,0.11184764494177434,0.11067998232077914,0.8436001802446712,0.0,0.0
2011-12-22 00:00:00+07:00,0.11131227444550754,0.11219194963017656,0.11261592085837785,0.11067998232077914,0.7780818498836405,0.0,0.0
2011-12-23 00:00:00+07:00,0.11283100759344392,0.11219191824820396,0.11261588936231264,0.11219191824820396,0.7863823893071028,0.0,0.0
2011-12-27 00:00:00+07:00,0.11207167615148057,0.11219196903448245,0.11184766429414335,0.11143598525926007,0.789035496486898,0.0,0.0
2011-12-28 00:00:00+07:00,0.11131227444550754,0.11219194963017656,0.11107936902517082,0.11067998232077914,0.802374775311776,0.0,0.0
2011-12-29 00:00:00+07:00,0.11283100759344392,0.11219191824820396,0.11107933792528249,0.11219191824820396,0.7821224370024656,0.0,0.0
2011-12-30 00:00:00+07:00,0.11207167615148057,0.11219196903448245,0.11261594033323022,0.11143598525926007,0.7948834670832551,0.0,0.0
2012-01-02 00:00:00+07:00,0.11207167615148057,0.11143598525926007,0.11261594033323022,0.11143598525926007,0.7422987845338277,0.0,0.0
2012-01-03 00:00:00+07:00,0.11359042101008522,0.11294793284494109,0.11261592041956975,0.11294793284494109,0.8012522592842951,0.0,0.0
2012-01-04 00:00:00+07:00,0.11359042101008522,0.11370391649692416,0.11338419633341347,0.11294793284494109,0.85475980432331,0.0,0.0
2012-01-05 00:00:00+07:00,0.11283100759344392,0.11370388516776325,0.11415244079934275,0.11219191824820396,0.8350221304723032,0.0,0.0
2012-01-06 00:00:00+07:00,0.11207167615148057,0.11219196903448245,0.11261594033323022,0.11143598525926007,0.8002571210592078,0.0,0.0
2012-01-09 00:00:00+07:00,0.11434978758405341,0.11370390080865353,0.11184762905142491,0.11370390080865353,0.8253525441231708,0.0,0.0
2012-01-10 00:00:00+07:00,0.11434978758405341,0.11445988436438953,0.11492073231555167,0.11370390080865353,0.8286180430058977,0.0,0.0
2012-01-11 00:00:00+07:00,0.11359042101008522,0.11521588380089032,0.11415247224725718,0.11294793284494109,0.8464711901543189,0.0,0.0
2012-01-12 00:00:00+07:00,0.11434978758405341,0.11445988436438953,0.11415245649951998,0.11370390080865353,0.8396448006988092,0.0,0.0
2012-01-13 00:00:00+07:00,0.11207167615148057,0.1137039365849272,0.11338421637231708,0.11143598525926007,0.12961427892298025,0.0,0.0
2012-01-16 00:00:00+07:00,0.11131227444550754,0.11294793328487529,0.11184764494177434,0.11067998232077914,0.7764655537221573,0.0,0.0
2012-01-17 00:00:00+07:00,0.11131227444550754,0.11143596597547784,0.11184764494177434,0.11067998232077914,0.8526289312461491,0.0,0.0
2012-01-18 00:00:00+07:00,0.11131227444550754,0.11143596597547784,0.11184764494177434,0.11067998232077914,0.8323242133884029,0.0,0.0
2012-01-19 00:00:00+07:00,0.11207167615148057,0.11294795280970482,0.11261594033323022,0.11143598525926007,0.8535521170057951,0.0,0.0
2012-01-20 00:00:00+07:00,0.11207167615148057,0.11219196903448245,0.11261594033323022,0.11143598525926007,0.8250373818830022,0.0,0.0
2012-01-24 00:00:00+07:00,0.11359042101008522,0.11294793284494109,0.11261592041956975,0.11294793284494109,0.8161019807571825,0.0,0.0
2012-01-25 00:00:00+07:00,0.11283100759344392,0.1129479017079836,0.1133841650808277,0.11219191824820396,0.7993237269524133,0.0,0.0
2012-01-26 00:00:00+07:00,0.11434978758405341,0.11370390080865353,0.11338418068348828,0.11370390080865353,0.82252738696824,0.0,0.0
2012-01-27 00:00:00+07:00,0.11359042101008522,0.11370391649692416,0.11415247224725718,0.11294793284494109,0.809476507235107,0.0,0.0
2012-01-30 00:00:00+07:00,0.11131227444550754,0.11294793328487529,0.11107936902517082,0.11067998232077914,0.8082682290745641,0.0,0.0
2012-01-31 00:00:00+07:00,0.11207167615148057,0.11143598525926007,0.11107938825505646,0.11143598525926007,0.8497118533651601,0.0,0.0
2012-02-01 00:00:00+07:00,0.11207167615148057,0.11219196903448245,0.11261594033323022,0.11143598525926007,0.8012143738912834,0.0,0.0
2012-02-02 00:00:00+07:00,0.11359042101008522,0.11521588380089032,0.11261592041956975,0.11294793284494109,0.8715805326826157,0.0,0.0
2012-02-03 00:00:00+07:00,0.11283100759344392,0.11370388516776325,0.11415244079934275,0.11219191824820396,0.8295736413212224,0.0,0.0
2012-02-06 00:00:00+07:00,0.11283100759344392,0.1129479017079836,0.1133841650808277,0.11219191824820396,0.8292395494622042,0.0,0.0
2012-02-07 00:00:00+07:00,0.11055289616087108,0.11219195373947752,0.11107937309753432,0.10992400269881053,0.8359947650234884,0.0,0.0
2012-02-08 00:00:00+07:00,0.11055289616087108,0.10992400269881053,0.11031109715499218,0.10992400269881053,0.8569207198079842,0.0,0.0
2012-02-09 00:00:00+07:00,0.11055289616087108,0.11067998637903287,0.11107937309753432,0.10992400269881053,0.836226331913961,0.0,0.0
2012-02-10 00:00:00+07:00,0.1052371896150744,0.10992397142997773,0.10493313559003174,0.10463208705374943,0.8874950784398523,0.0,0.0
2012-02-13 00:00:00+07:00,0.10599660303171571,0.10538810165048657,0.10570144253573281,0.10538810165048657,0.8692805006216364,0.0,0.0
2012-02-14 00:00:00+07:00,0.10295906647183328,0.10538809440346247,0.10339660756479124,0.10236415984609981,0.875204405783869,0.0,0.0
2012-02-15 00:00:00+07:00,0.10144029819189207,0.10387612340199481,0.10109177622981809,0.10085218894390646,0.9056371047549784,0.0,0.0
2012-02-16 00:00:00+07:00,0.10219966476586026,0.10160815690761887,0.10109176064912469,0.10160815690761887,0.8917457011058957,0.0,0.0
2012-02-17 00:00:00+07:00,0.10371843304580147,0.10312012780981225,0.10262831605403079,0.10312012780981225,0.8717810761195773,0.0,0.0
2012-02-20 00:00:00+07:00,0.10371843304580147,0.10387611134394734,0.10339659184811036,0.10312012780981225,0.8842820216640879,0.0,0.0
2012-02-21 00:00:00+07:00,0.1052371896150744,0.10463208705374943,0.10416485984861151,0.10463208705374943,0.8922902558414402,0.0,0.0
2012-02-22 00:00:00+07:00,0.1052371896150744,0.10463208705374943,0.10493313559003174,0.10463208705374943,0.8445830130068347,0.0,0.0
2012-02-23 00:00:00+07:00,0.1044778347517745,0.10463211441179057,0.1041648870991181,0.10387613074829319,0.8420930938086615,0.0,0.0
2012-02-24 00:00:00+07:00,0.10371843304580147,0.10312012780981225,0.10262831605403079,0.10312012780981225,0.8537236309300378,0.0,0.0
2012-02-27 00:00:00+07:00,0.10295906647183328,0.10387612712478114,0.10186005576279979,0.10236415984609981,0.8366919678280499,0.0,0.0
2012-02-28 00:00:00+07:00,0.10371843304580147,0.10387611134394734,0.10339659184811036,0.10312012780981225,0.8228837194529376,0.0,0.0
2012-02-29 00:00:00+07:00,0.10599660303171571,0.10614408533750502,0.10570144253573281,0.10538810165048657,0.8601810641049755,0.0,0.0
2012-03-01 00:00:00+07:00,0.10675598131635218,0.10690006493290466,0.10570143848558831,0.10614408127245517,0.8018044129592694,0.0,0.0
2012-03-02 00:00:00+07:00,0.1082747495962934,0.10765605217464855,0.10723799389956756,0.10765605217464855,0.8365359518406955,0.0,0.0
2012-03-05 00:00:00+07:00,0.10751535960098865,0.10690006089442378,0.1072379862796381,0.10690006089442378,0.7935084849984019,0.0,0.0
2012-03-06 00:00:00+07:00,0.10751535960098865,0.10690006089442378,0.1064697103838406,0.10690006089442378,0.8238615316828599,0.0,0.0
2012-03-07 00:00:00+07:00,0.1044778347517745,0.10690006540228283,0.10570143895020866,0.10387613074829319,0.8353316836494826,0.0,0.0
2012-03-08 00:00:00+07:00,0.1052371896150744,0.10538807053606777,0.10493313559003174,0.10463208705374943,0.8108843335773139,0.0,0.0
2012-03-09 00:00:00+07:00,0.1044778347517745,0.10690006540228283,0.10570143895020866,0.10387613074829319,0.11209793368325793,0.0,0.0
2012-03-12 00:00:00+07:00,0.10751535960098865,0.10690006089442378,0.1072379862796381,0.10690006089442378,0.8336305746560696,0.0,0.0
2012-03-13 00:00:00+07:00,0.10675598131635218,0.10765604859335418,0.10800626625293172,0.10614408127245517,0.8044517554494297,0.0,0.0
2012-03-14 00:00:00+07:00,0.10979350616556632,0.10916801141858576,0.10877453769391404,0.10916801141858576,0.8455570261723859,0.0,0.0
2012-03-15 00:00:00+07:00,0.10903413959159813,0.10992401091937579,0.1095428294080567,0.10841204345487332,0.8281730515806294,0.0,0.0
2012-03-16 00:00:00+07:00,0.11055289616087108,0.11067998637903287,0.11031109715499218,0.10992400269881053,0.8421475127152522,0.0,0.0
2012-03-19 00:00:00+07:00,0.11131227444550754,0.11143596597547784,0.11184764494177434,0.11067998232077914,0.8126747548935829,0.0,0.0
2012-03-20 00:00:00+07:00,0.11207167615148057,0.11143598525926007,0.11184766429414335,0.11143598525926007,0.8200976013357125,0.0,0.0
2012-03-21 00:00:00+07:00,0.11055289616087108,0.11067998637903287,0.11107937309753432,0.10992400269881053,0.8125625690751134,0.0,0.0
2012-03-22 00:00:00+07:00,0.11131227444550754,0.11067998232077914,0.11107936902517082,0.11067998232077914,0.7813043978446526,0.0,0.0
2012-03-26 00:00:00+07:00,0.11207167615148057,0.11294795280970482,0.11261594033323022,0.11143598525926007,0.835659361172494,0.0,0.0
2012-03-27 00:00:00+07:00,0.11359042101008522,0.11294793284494109,0.11338419633341347,0.11294793284494109,0.837663652949703,0.0,0.0
2012-03-28 00:00:00+07:00,0.11359042101008522,0.11370391649692416,0.11415247224725718,0.11294793284494109,0.8148920185601298,0.0,0.0
2012-03-29 00:00:00+07:00,0.11283100759344392,0.11219191824820396,0.1133841650808277,0.11219191824820396,0.8167951037896115,0.0,0.0
2012-03-30 00:00:00+07:00,0.11207167615148057,0.11294795280970482,0.11338421637231708,0.11143598525926007,0.8511287602369195,0.0,0.0
2012-04-02 00:00:00+07:00,0.11283100759344392,0.1129479017079836,0.1133841650808277,0.11219191824820396,0.8263863605909444,0.0,0.0
2012-04-03 00:00:00+07:00,0.11283100759344392,0.11219191824820396,0.11415244079934275,0.11219191824820396,0.0,0.0,0.0
2012-04-04 00:00:00+07:00,0.1082747495962934,0.11294793795953093,0.1095428217373534,0.10765605217464855,0.834176783626679,0.0,0.0
2012-04-05 00:00:00+07:00,0.11131227444550754,0.11219194963017656,0.10954281719196376,0.11067998232077914,0.830604515317459,0.0,0.0
2012-04-09 00:00:00+07:00,0.11131227444550754,0.11143596597547784,0.11184764494177434,0.11067998232077914,0.77033946838,0.0,0.0
2012-04-10 00:00:00+07:00,0.11055289616087108,0.11067998637903287,0.11107937309753432,0.10992400269881053,0.7858823387476387,0.0,0.0
2012-04-11 00:00:00+07:00,0.11055289616087108,0.11067998637903287,0.11107937309753432,0.10992400269881053,0.8197476353170808,0.0,0.0
2012-04-12 00:00:00+07:00,0.11207167615148057,0.11143598525926007,0.11107938825505646,0.11143598525926007,0.8384942993576241,0.0,0.0
2012-04-13 00:00:00+07:00,0.11131227444550754,0.11219194963017656,0.11261592085837785,0.11067998232077914,0.7896111702951072,0.0,0.0
2012-04-16 00:00:00+07:00,0.10979350616556632,0.11143596231402975,0.11107936537395616,0.10916801141858576,0.7919996064632321,0.0,0.0
2012-04-17 00:00:00+07:00,0.11055289616087108,0.11143597005925518,0.11107937309753432,0.10992400269881053,0.834045523216565,0.0,0.0
2012-04-18 00:00:00+07:00,0.11055289616087108,0.11067998637903287,0.11184764904007646,0.10992400269881053,0.7739689682846905,0.0,0.0
2012-04-19 00:00:00+07:00,0.11131227444550754,0.11067998232077914,0.11107936902517082,0.11067998232077914,0.7668982288416403,0.0,0.0
2012-04-20 00:00:00+07:00,0.11207167615148057,0.11143598525926007,0.11184766429414335,0.11143598525926007,0.810107447623789,0.0,0.0
2012-04-23 00:00:00+07:00,0.11207167615148057,0.11143598525926007,0.11261594033323022,0.11143598525926007,0.7956534198629015,0.0,0.0
2012-04-24 00:00:00+07:00,0.11207167615148057,0.11143598525926007,0.11184766429414335,0.11143598525926007,0.8081884906233837,0.0,0.0
2012-04-25 00:00:00+07:00,0.11131227444550754,0.11143596597547784,0.11107936902517082,0.11067998232077914,0.8505797399327236,0.0,0.0
2012-04-26 00:00:00+07:00,0.11207167615148057,0.11521590413537189,0.11261594033323022,0.11143598525926007,0.873211875263843,0.0,0.0
2012-04-27 00:00:00+07:00,0.10979350616556632,0.11219194594584445,0.11107936537395616,0.10916801141858576,0.8202239600077448,0.0,0.0
2012-04-30 00:00:00+07:00,0.11207167615148057,0.11143598525926007,0.11107938825505646,0.11143598525926007,0.8021689252754629,0.0,0.0
2012-05-01 00:00:00+07:00,0.11207167615148057,0.11143598525926007,0.11261594033323022,0.11143598525926007,0.7585955621913331,0.0,0.0
2012-05-02 00:00:00+07:00,0.11207167615148057,0.11143598525926007,0.11261594033323022,0.11143598525926007,0.8503800915918227,0.0,0.0
2012-05-03 00:00:00+07:00,0.11283100759344392,0.1129479017079836,0.1133841650808277,0.11219191824820396,0.8276472878383959,0.0,0.0
2012-05-04 00:00:00+07:00,0.11283100759344392,0.11219191824820396,0.11261588936231264,0.11219191824820396,0.7989804397317275,0.0,0.0
2012-05-07 00:00:00+07:00,0.11207167615148057,0.11219196903448245,0.11184766429414335,0.11143598525926007,0.8287186956818946,0.0,0.0
2012-05-08 00:00:00+07:00,0.11207167615148057,0.11219196903448245,0.11261594033323022,0.11143598525926007,0.8085390470484521,0.0,0.0
2012-05-09 00:00:00+07:00,0.11207167615148057,0.11219196903448245,0.11261594033323022,0.11143598525926007,0.8035471485380157,0.0,0.0
2012-05-10 00:00:00+07:00,0.11207167615148057,0.11219196903448245,0.11261594033323022,0.11143598525926007,0.8317229106020394,0.0,0.0
2012-05-11 00:00:00+07:00,0.11207167615148057,0.11219196903448245,0.11261594033323022,0.11143598525926007,0.7990951491284116,0.0,0.0
2012-05-14 00:00:00+07:00,0.1082747495962934,0.11143597059242166,0.1095428217373534,0.10765605217464855,0.7943744043315336,0.0,0.0
2012-05-15 00:00:00+07:00,0.10903413959159813,0.10916802718712457,0.1087745534126397,0.10841204345487332,0.8400116885975779,0.0,0.0
2012-05-16 00:00:00+07:00,0.1052371896150744,0.10765602098302277,0.10416485984861151,0.10463208705374943,0.8651115167969802,0.0,0.0
2012-05-21 00:00:00+07:00,0.10144029819189207,0.10387612340199481,0.1018600521055917,0.10085218894390646,0.9007999026230634,0.0,0.0
2012-05-22 00:00:00+07:00,0.10371843304580147,0.10387611134394734,0.10262831605403079,0.10312012780981225,0.8812789998968173,0.0,0.0
2012-05-23 00:00:00+07:00,0.10371843304580147,0.10387611134394734,0.10262831605403079,0.10312012780981225,0.8623715797299722,0.0,0.0
2012-05-24 00:00:00+07:00,0.10371843304580147,0.10387611134394734,0.10339659184811036,0.10312012780981225,0.8353722621586458,0.0,0.0
2012-05-25 00:00:00+07:00,0.1006809199072556,0.10236416024810865,0.1010917802593077,0.10009620932193786,0.8829202773878561,0.0,0.0
2012-05-28 00:00:00+07:00,0.1006809199072556,0.10085219296399478,0.0987869525480392,0.10009620932193786,0.8351466053960602,0.0,0.0
2012-05-29 00:00:00+07:00,0.1006809199072556,0.10085219296399478,0.1010917802593077,0.10009620932193786,0.8159639574265364,0.0,0.0
2012-05-30 00:00:00+07:00,0.10144029819189207,0.10236415617295061,0.10109177622981809,0.10085218894390646,0.8361625658770522,0.0,0.0
2012-05-31 00:00:00+07:00,0.09688402848407326,0.10085221392588398,0.09801869707155703,0.09631631121209486,0.8767695820515332,0.0,0.0
2012-06-01 00:00:00+07:00,0.09840279676401448,0.09858426592337699,0.09801870040897082,0.09782828211428823,0.818490062151966,0.0,0.0
2012-06-04 00:00:00+07:00,0.09536523678279549,0.09556030058592324,0.09417729033121315,0.09480431699338912,0.848684373131168,0.0,0.0
2012-06-05 00:00:00+07:00,0.09764338334737317,0.09858423469902441,0.09725039349101766,0.0970722675175511,0.839871910241208,0.0,0.0
2012-06-06 00:00:00+07:00,0.09992152991195086,0.10009620163072719,0.09878694494739099,0.09934021804171309,0.8725216504417791,0.0,0.0
2012-06-07 00:00:00+07:00,0.09992152991195086,0.1023641523977695,0.10032349664709274,0.09934021804171309,0.8555843652043276,0.0,0.0
2012-06-08 00:00:00+07:00,0.09764338334737317,0.09934021828976106,0.09725039349101766,0.0970722675175511,0.8285946043147975,0.0,0.0
2012-06-11 00:00:00+07:00,0.10101817544306015,0.10043195544165523,0.09987331959654382,0.10043195544165523,0.8388213386447739,14.0,0.0
2012-06-12 00:00:00+07:00,0.10025116180270492,0.10043193962555941,0.09987330385813867,0.09966837463665751,0.843075112808801,0.0,0.0
2012-06-13 00:00:00+07:00,0.10025116180270492,0.10119550461446136,0.10142526490409215,0.09966837463665751,0.8338049663226959,0.0,0.0
2012-06-14 00:00:00+07:00,0.10025116180270492,0.10119550461446136,0.10064928438111541,0.09966837463665751,0.8262657701237025,0.0,0.0
2012-06-15 00:00:00+07:00,0.0994842067156911,0.10119554798700953,0.10064932754694521,0.0989048521229407,0.8345022981721275,0.0,0.0
2012-06-18 00:00:00+07:00,0.10255216759176576,0.1034862122255561,0.10297723853955913,0.10195908207688215,0.8411491858710565,0.0,0.0
2012-06-19 00:00:00+07:00,0.10485314995949004,0.1042497662005944,0.10220124702850122,0.1042497662005944,0.8203303975488125,0.0,0.0
2012-06-20 00:00:00+07:00,0.10562016359984526,0.10501334700559212,0.10452920437169552,0.10501334700559212,0.8094623891623849,0.0,0.0
2012-06-21 00:00:00+07:00,0.10331915781078442,0.10501333463356516,0.10297723093524892,0.10272263956536751,0.8315163406219184,0.0,0.0
2012-06-22 00:00:00+07:00,0.10178517737274709,0.10195908971504994,0.10142528492282066,0.10119552458839678,0.8172844009850673,0.0,0.0
2012-06-25 00:00:00+07:00,0.10178517737274709,0.10195908971504994,0.10220126558578853,0.10119552458839678,0.8022637288839626,0.0,0.0
2012-06-26 00:00:00+07:00,0.10178516223650916,0.10348620458810004,0.10220125037789149,0.10272263956536751,0.8266706062686214,0.0,0.0
2012-06-27 00:00:00+07:00,0.1033191544311956,0.10501333120043946,0.10375320809669683,0.1042497662005944,0.8531059890451265,0.0,0.0
2012-06-28 00:00:00+07:00,0.10485316110868792,0.10501334237423005,0.10375321914936012,0.10195908207688215,0.8275898337528356,0.0,0.0
2012-06-29 00:00:00+07:00,0.10255216759176576,0.10501334237423005,0.10375321914936012,0.10195908207688215,0.8422281467881965,0.0,0.0
2012-07-02 00:00:00+07:00,0.10331915781078442,0.10272263956536751,0.10297723093524892,0.10272263956536751,0.8360467677748611,0.0,0.0
2012-07-03 00:00:00+07:00,0.10562016359984526,0.10501334700559212,0.10452920437169552,0.10501334700559212,0.8318521015149781,0.0,0.0
2012-07-04 00:00:00+07:00,0.10485314995949004,0.10501333120043946,0.10452918863079465,0.1042497662005944,0.847823753939271,0.0,0.0
2012-07-05 00:00:00+07:00,0.10408617145113964,0.10501335062910416,0.10452920798047713,0.10348622037036523,0.8150269710977678,0.0,0.0
2012-07-06 00:00:00+07:00,0.10408617145113964,0.10424978549973471,0.10452920798047713,0.10348622037036523,0.7949461099907981,0.0,0.0
2012-07-09 00:00:00+07:00,0.10255216759176576,0.1034862122255561,0.10297723853955913,0.10195908207688215,0.8196767591880618,0.0,0.0
2012-07-10 00:00:00+07:00,0.10331915781078442,0.10348620458810004,0.1037532114926064,0.10272263956536751,0.8006253222682038,0.0,0.0
2012-07-11 00:00:00+07:00,0.10331915781078442,0.10348620458810004,0.1037532114926064,0.10272263956536751,0.8304695730459747,0.0,0.0
2012-07-12 00:00:00+07:00,0.10485314995949004,0.1042497662005944,0.10375320809669683,0.1042497662005944,0.8761769048858816,0.0,0.0
2012-07-13 00:00:00+07:00,0.10485314995949004,0.10501333120043946,0.10530516916489244,0.1042497662005944,0.8348645316681323,0.0,0.0
2012-07-16 00:00:00+07:00,0.10715416745921916,0.10730405045746594,0.10608117370641279,0.1065404852990752,0.8736583813168464,0.0,0.0
2012-07-17 00:00:00+07:00,0.10945516153761171,0.10883118108104367,0.10840911609782729,0.10883118108104367,0.8454247260311512,0.0,0.0
2012-07-18 00:00:00+07:00,0.10945516153761171,0.11112187656215389,0.1099610774922932,0.10883118108104367,0.8489020100072807,0.0,0.0
2012-07-19 00:00:00+07:00,0.11022216346729866,0.11035831541370894,0.10996108149154457,0.1095947502277852,0.8405140017849809,0.0,0.0
2012-07-20 00:00:00+07:00,0.11098914197564905,0.1103582960580144,0.10996106219699511,0.1103582960580144,0.8342412370392017,0.0,0.0
2012-07-23 00:00:00+07:00,0.10945516153761171,0.10959474624141372,0.1099610774922932,0.10883118108104367,0.8285711538661393,0.0,0.0
2012-07-24 00:00:00+07:00,0.10792115767823782,0.10883117300408188,0.10840910804840462,0.10730404278756056,0.8192463675433219,0.0,0.0
2012-07-25 00:00:00+07:00,0.10638715381886393,0.10730403460361915,0.10763311919583554,0.10577690449407748,0.7678965164419719,0.0,0.0
2012-07-26 00:00:00+07:00,0.10868815960792477,0.10806761193430212,0.10685715075739739,0.10806761193430212,0.8168252699312991,0.0,0.0
2012-07-27 00:00:00+07:00,0.11329015947537817,0.1126490151564952,0.11073706633490164,0.1126490151564952,0.8714438575788233,0.0,0.0
2012-07-30 00:00:00+07:00,0.11252314583502294,0.11264899946550891,0.11228901218733789,0.11188543435149748,0.8553084765614636,0.0,0.0
2012-07-31 00:00:00+07:00,0.11329015947537817,0.11341258036857527,0.11306500858425296,0.1126490151564952,0.880003034945322,0.0,0.0
2012-08-01 00:00:00+07:00,0.11252314583502294,0.11264899946550891,0.11306499283745841,0.11188543435149748,0.8398682262135753,0.0,0.0
2012-08-02 00:00:00+07:00,0.11098914197564905,0.11264899124593158,0.11228900399073362,0.1103582960580144,0.8461952736090926,0.0,0.0
2012-08-03 00:00:00+07:00,0.10868815960792477,0.11112187247224029,0.10996107344110351,0.10806761193430212,0.848278361755899,0.0,0.0
2012-08-06 00:00:00+07:00,0.10868815960792477,0.11112187247224029,0.10918509277017698,0.10806761193430212,0.867503280466404,0.0,0.0
2012-08-07 00:00:00+07:00,0.11022216346729866,0.11035831541370894,0.10918510076834245,0.1095947502277852,0.8357218039301292,0.0,0.0
2012-08-08 00:00:00+07:00,0.11098914197564905,0.11112186112065345,0.11151302339282079,0.1103582960580144,0.8409336140239451,0.0,0.0
2012-08-09 00:00:00+07:00,0.11329015947537817,0.11341258036857527,0.1122890278344692,0.1126490151564952,0.8461405386623712,0.0,0.0
2012-08-10 00:00:00+07:00,0.11252314583502294,0.11341256457952029,0.11384097348757892,0.11188543435149748,0.8234707648354279,0.0,0.0
2012-08-13 00:00:00+07:00,0.11175616732667255,0.11341258422945028,0.11306501243479412,0.11112188852126828,0.8321246372569306,0.0,0.0
2012-08-14 00:00:00+07:00,0.11175616732667255,0.11188545375732897,0.11228903166063985,0.11112188852126828,0.8044321041532532,0.0,0.0
2012-08-15 00:00:00+07:00,0.11252314583502294,0.11188543435149748,0.11306499283745841,0.11188543435149748,0.8217386485274979,0.0,0.0
2012-08-16 00:00:00+07:00,0.11405712627306028,0.1134125493284682,0.11306497762722671,0.1134125493284682,0.8344754306415619,0.0,0.0
2012-08-23 00:00:00+07:00,0.11175616732667255,0.11341258422945028,0.11306501243479412,0.11112188852126828,0.8474931763318648,0.0,0.0
2012-08-24 00:00:00+07:00,0.11022216346729866,0.1118854457855564,0.11073706221474669,0.1095947502277852,0.8435150653921646,0.0,0.0
2012-08-27 00:00:00+07:00,0.11175616732667255,0.11112188852126828,0.11073707011233128,0.11112188852126828,0.7006295346927713,0.0,0.0
2012-08-28 00:00:00+07:00,0.11175616732667255,0.11188545375732897,0.11228903166063985,0.11112188852126828,0.7850983160701203,0.0,0.0
2012-08-29 00:00:00+07:00,0.10945516153761171,0.11112187656215389,0.11073705818952616,0.10883118108104367,0.8483198906597453,0.0,0.0
2012-08-30 00:00:00+07:00,0.11022216346729866,0.11035831541370894,0.10996108149154457,0.1095947502277852,0.8124368655047999,0.0,0.0
2012-08-31 00:00:00+07:00,0.10945516153761171,0.11035831140178382,0.1099610774922932,0.10883118108104367,0.85839129084121,0.0,0.0
2012-09-03 00:00:00+07:00,0.11252314583502294,0.11264899946550891,0.1107370508870969,0.11188543435149748,0.8501884509053118,0.0,0.0
2012-09-04 00:00:00+07:00,0.11175616732667255,0.11341258422945028,0.11306501243479412,0.11112188852126828,0.8530129130026203,0.0,0.0
2012-09-05 00:00:00+07:00,0.11098914197564905,0.11264899124593158,0.11228900399073362,0.1103582960580144,0.8416749457159315,0.0,0.0
2012-09-06 00:00:00+07:00,0.11252314583502294,0.11264899946550891,0.11306499283745841,0.11188543435149748,0.8104543251370209,0.0,0.0
2012-09-07 00:00:00+07:00,0.11405712627306028,0.1134125493284682,0.11461693873493316,0.1134125493284682,0.85289456414794,0.0,0.0
2012-09-10 00:00:00+07:00,0.11252314583502294,0.11417612969353172,0.11384097348757892,0.11188543435149748,0.8103262802470336,0.0,0.0
2012-09-11 00:00:00+07:00,0.11405712627306028,0.1134125493284682,0.11306497762722671,0.1134125493284682,0.8185889023056085,0.0,0.0
2012-09-12 00:00:00+07:00,0.11329015947537817,0.11341258036857527,0.11384098933403675,0.1126490151564952,0.8261053216495917,0.0,0.0
2012-09-13 00:00:00+07:00,0.11175616732667255,0.11341258422945028,0.11306501243479412,0.11112188852126828,0.831133761555075,0.0,0.0
2012-09-14 00:00:00+07:00,0.11405712627306028,0.11493967936703697,0.11461693873493316,0.1134125493284682,0.8605565081176898,0.0,0.0
2012-09-17 00:00:00+07:00,0.11329015947537817,0.11417614558065534,0.11384098933403675,0.1126490151564952,0.8311803690950937,0.0,0.0
2012-09-18 00:00:00+07:00,0.11175616732667255,0.11264901899338967,0.11151305088648558,0.11112188852126828,0.8330949456488576,0.0,0.0
2012-09-19 00:00:00+07:00,0.11098914197564905,0.11264899124593158,0.11228900399073362,0.1103582960580144,0.8150958662266836,0.0,0.0
2012-09-20 00:00:00+07:00,0.11329015947537817,0.1126490151564952,0.1122890278344692,0.1126490151564952,0.8169036109210775,0.0,0.0
2012-09-21 00:00:00+07:00,0.11252314583502294,0.11264899946550891,0.11228901218733789,0.11188543435149748,0.8405466930231181,0.0,0.0
2012-09-24 00:00:00+07:00,0.11175616732667255,0.11188545375732897,0.11228903166063985,0.11112188852126828,0.8230423951779423,0.0,0.0
2012-09-25 00:00:00+07:00,0.11098914197564905,0.1118854261832925,0.11228900399073362,0.1103582960580144,0.7786584902632443,0.0,0.0
2012-09-26 00:00:00+07:00,0.11022216346729866,0.11112188059963268,0.11151304293794881,0.1095947502277852,0.8047494425510408,0.0,0.0
2012-09-27 00:00:00+07:00,0.11175616732667255,0.11188545375732897,0.11151305088648558,0.11112188852126828,0.8204561293922756,0.0,0.0
2012-09-28 00:00:00+07:00,0.11175616732667255,0.11188545375732897,0.11228903166063985,0.11112188852126828,0.8383955496614381,0.0,0.0
2012-10-01 00:00:00+07:00,0.11098914197564905,0.1118854261832925,0.11151302339282079,0.1103582960580144,0.8306718406641154,0.0,0.0
2012-10-02 00:00:00+07:00,0.11175616732667255,0.11188545375732897,0.11228903166063985,0.11112188852126828,0.7720442576921523,0.0,0.0
2012-10-03 00:00:00+07:00,0.11098914197564905,0.1118854261832925,0.11228900399073362,0.1103582960580144,0.8037350622385165,0.0,0.0
2012-10-04 00:00:00+07:00,0.11175616732667255,0.11188545375732897,0.11228903166063985,0.11112188852126828,0.8252468864518282,0.0,0.0
2012-10-05 00:00:00+07:00,0.11098914197564905,0.1118854261832925,0.11228900399073362,0.1103582960580144,0.8472515654244014,0.0,0.0
2012-10-08 00:00:00+07:00,0.11175616732667255,0.11188545375732897,0.11228903166063985,0.11112188852126828,0.8099784477794961,0.0,0.0
2012-10-09 00:00:00+07:00,0.11252314583502294,0.11188543435149748,0.11228901218733789,0.11188543435149748,0.8415062778463808,0.0,0.0
2012-10-10 00:00:00+07:00,0.11252314583502294,0.11264899946550891,0.11306499283745841,0.11188543435149748,0.8287817856196145,0.0,0.0
2012-10-11 00:00:00+07:00,0.11329015947537817,0.1126490151564952,0.11306500858425296,0.1126490151564952,0.8030841491205484,0.0,0.0
2012-10-12 00:00:00+07:00,0.11559111842176588,0.11493967596369509,0.11461693533990978,0.11493967596369509,0.873190205282655,0.0,0.0
2012-10-15 00:00:00+07:00,0.11405712627306028,0.11417611434775257,0.11539291928878638,0.1134125493284682,0.8150301048982116,0.0,0.0
2012-10-16 00:00:00+07:00,0.11559111842176588,0.11493967596369509,0.11461693533990978,0.11493967596369509,0.8406500647153996,0.0,0.0
2012-10-17 00:00:00+07:00,0.11559111842176588,0.11570324096210008,0.11616889640517843,0.11493967596369509,0.8459549293487554,0.0,0.0
2012-10-18 00:00:00+07:00,0.1163581320621211,0.11570325676869281,0.11616891227288802,0.11570325676869281,0.8108980287489332,0.0,0.0
2012-10-19 00:00:00+07:00,0.11559111842176588,0.11570324096210008,0.11694487693781276,0.11493967596369509,0.8148196744066653,0.0,0.0
2012-10-22 00:00:00+07:00,0.11482415162408378,0.11570327216910528,0.11461696628081691,0.11417614179172209,0.7904563029023174,0.0,0.0
2012-10-23 00:00:00+07:00,0.1163581320621211,0.11646682186347945,0.11616891227288802,0.11570325676869281,0.8283312849471716,0.0,0.0
2012-10-24 00:00:00+07:00,0.1163581320621211,0.11570325676869281,0.11616891227288802,0.11570325676869281,0.8089833865904097,0.0,0.0
2012-10-25 00:00:00+07:00,0.11559111842176588,0.11570324096210008,0.11616889640517843,0.11493967596369509,0.8356654076665272,0.0,0.0
2012-10-29 00:00:00+07:00,0.11482415162408378,0.11493970698041373,0.1153929470068319,0.11417614179172209,0.8175345685774172,0.0,0.0
2012-10-30 00:00:00+07:00,0.1163581320621211,0.11646682186347945,0.1153929316423049,0.11570325676869281,0.8608325964906788,0.0,0.0
2012-10-31 00:00:00+07:00,0.1163581320621211,0.11646682186347945,0.11616891227288802,0.11570325676869281,0.8189591433158194,0.0,0.0
2012-11-01 00:00:00+07:00,0.11789212421082672,0.11723038340391972,0.11694488935661089,0.11723038340391972,0.8366643573581297,0.0,0.0
2012-11-02 00:00:00+07:00,0.11865911442984538,0.11799394089240509,0.11772086239568565,0.11799394089240509,0.8225353943567018,0.0,0.0
2012-11-05 00:00:00+07:00,0.11712513399180806,0.11799395615412225,0.11849685828247701,0.11646682591543436,0.8191661224825498,0.0,0.0
2012-11-06 00:00:00+07:00,0.12096013192957451,0.12028465999088589,0.11927284735186892,0.12028465999088589,0.8413512779226766,0.0,0.0
2012-11-07 00:00:00+07:00,0.12096013192957451,0.12104822516010474,0.12082480876432013,0.12028465999088589,0.8259616858336063,0.0,0.0
2012-11-08 00:00:00+07:00,0.12019312999988756,0.12028465598982754,0.12082480474604142,0.11952109084414433,0.8239625982852956,0.0,0.0
2012-11-09 00:00:00+07:00,0.12172709872725661,0.12104819416285889,0.12082477781571409,0.12104819416285889,0.8405030996234036,0.0,0.0
2012-11-12 00:00:00+07:00,0.12402812793765401,0.12410249011325056,0.12237677439840798,0.12333892491959589,0.8355645305211932,0.0,0.0
2012-11-13 00:00:00+07:00,0.12863008096243428,0.12792028150876422,0.1262566438947603,0.12792028150876422,0.8138206559222956,0.0,0.0
2012-11-14 00:00:00+07:00,0.1293970946027895,0.13326525284713478,0.1293605819211336,0.12868386231376194,0.8501529850192928,0.0,0.0
2012-11-19 00:00:00+07:00,0.12249410065694356,0.12868384841874733,0.12392870413015987,0.12181176330960045,0.8344981657108183,0.0,0.0
2012-11-20 00:00:00+07:00,0.12632909859471,0.12562959738505197,0.12470469363109747,0.12562959738505197,0.8053353338268313,0.0,0.0
2012-11-21 00:00:00+07:00,0.12632909859471,0.12639316244811055,0.12625665482777584,0.12562959738505197,0.7909204684122888,0.0,0.0
2012-11-22 00:00:00+07:00,0.12709611223506523,0.12715674334154614,0.12703265124426574,0.1263931781900497,0.8009271320188065,0.0,0.0
2012-11-23 00:00:00+07:00,0.1293970946027895,0.12868386231376194,0.1285846012965374,0.12868386231376194,0.7929389230445743,0.0,0.0
2012-11-26 00:00:00+07:00,0.13016408482180816,0.13097454989651724,0.13013655490661633,0.1294474198022473,0.7787539092397804,0.0,0.0
2012-11-27 00:00:00+07:00,0.12786311416475218,0.13402883390113748,0.12936059736911848,0.12715674733679122,0.8426031901535488,0.0,0.0
2012-11-28 00:00:00+07:00,0.12786311416475218,0.12792031251060748,0.12703265523642515,0.12715674733679122,0.8163128282108184,0.0,0.0
2012-11-29 00:00:00+07:00,0.12863008096243428,0.12944741151193181,0.1278086049664899,0.12792028150876422,0.825889702089191,0.0,0.0
2012-11-30 00:00:00+07:00,0.12556210837569134,0.1294474305331422,0.1270326431238505,0.12486603989656661,0.840848910054052,0.0,0.0
2012-12-03 00:00:00+07:00,0.13630008854863546,0.13555596131792347,0.12625667178217032,0.13555596131792347,0.8230450352156843,0.0,0.0
2012-12-04 00:00:00+07:00,0.12541253972041524,0.1308537605080669,0.1268813227805188,0.12471714064864028,0.8515883322378062,8.7,0.0
2012-12-05 00:00:00+07:00,0.12618306656125458,0.12931960636534445,0.12688132358832463,0.1254842189304919,0.8387496992466783,0.0,0.0
2012-12-06 00:00:00+07:00,0.12618306656125458,0.12855252887837393,0.1276608737224384,0.1254842189304919,0.8368454997786179,0.0,0.0
2012-12-07 00:00:00+07:00,0.12618306656125458,0.12855252887837393,0.1276608737224384,0.1254842189304919,0.8372602618773249,0.0,0.0
2012-12-10 00:00:00+07:00,0.13157674273646153,0.13315498760620545,0.12921996796670032,0.130853755245197,0.8503609628370824,0.0,0.0
2012-12-11 00:00:00+07:00,0.13311778470747188,0.13392205494985443,0.13311770841342105,0.13238790015064406,0.8364052089729301,0.0,0.0
2012-12-12 00:00:00+07:00,0.13619991549216573,0.13545623659456285,0.13389728501900744,0.13545623659456285,0.8299327101125334,0.0,0.0
2012-12-13 00:00:00+07:00,0.13619991549216573,0.13622331413620772,0.13623593558803881,0.13545623659456285,0.8266877038564536,0.0,0.0
2012-12-14 00:00:00+07:00,0.13311778470747188,0.13622328714867005,0.13311770841342105,0.13238790015064406,0.8078096930181856,0.0,0.0
2012-12-17 00:00:00+07:00,0.1323472929986374,0.13315501201334223,0.13155864240473583,0.13162085684356098,0.8263297956382242,0.0,0.0
2012-12-18 00:00:00+07:00,0.13157674273646153,0.13392206505987492,0.13155861826751408,0.130853755245197,0.8284513732540327,0.0,0.0
2012-12-19 00:00:00+07:00,0.13003570076545118,0.13238792037546418,0.13077907827560753,0.12931961033974995,0.833687375898345,0.0,0.0
2012-12-20 00:00:00+07:00,0.1323472929986374,0.13162085684356098,0.12921999170385765,0.13162085684356098,0.8404358133869293,0.0,0.0
2012-12-21 00:00:00+07:00,0.1277241319536015,0.1346891627664271,0.12766088703459447,0.12701838715245128,0.8482306348821856,0.0,0.0
2012-12-26 00:00:00+07:00,0.1323472929986374,0.13162085684356098,0.12921999170385765,0.13162085684356098,0.12961427892298025,0.0,0.0
2012-12-27 00:00:00+07:00,0.1323472929986374,0.13315501201334223,0.13233819263836188,0.13162085684356098,0.7971011456754018,0.0,0.0
2012-12-28 00:00:00+07:00,0.13080621589562222,0.1354562191071786,0.132338167526137,0.1300866769633454,0.12961427892298025,0.0,0.0
2013-01-02 00:00:00+07:00,0.13080621589562222,0.1323879093107025,0.13077906733484337,0.1300866769633454,0.7790457699432283,0.0,0.0
2013-01-03 00:00:00+07:00,0.13157674273646153,0.13238791015253598,0.13155861826751408,0.130853755245197,0.8206176865546827,0.0,0.0
2013-01-04 00:00:00+07:00,0.13003570076545118,0.13162084286653564,0.13077907827560753,0.12931961033974995,0.12961427892298025,0.0,0.0
2013-01-07 00:00:00+07:00,0.1323472929986374,0.13238793442845162,0.13155864240473583,0.13162085684356098,0.8489414717215007,0.0,0.0
2013-01-08 00:00:00+07:00,0.13157674273646153,0.13238791015253598,0.13233816836778534,0.130853755245197,0.8356250829262099,0.0,0.0
2013-01-09 00:00:00+07:00,0.13080621589562222,0.1316208318615834,0.13077906733484337,0.1300866769633454,0.8317470241358222,0.0,0.0
2013-01-10 00:00:00+07:00,0.1277241319536015,0.13008669739804163,0.1292199874540965,0.12701838715245128,0.8459937261022206,0.0,0.0
2013-01-11 00:00:00+07:00,0.1269535934020939,0.1285525296867276,0.12844042466435798,0.1262512972123435,0.838191694579781,0.0,0.0
2013-01-14 00:00:00+07:00,0.13080621589562222,0.1300866769633454,0.12921996714354975,0.1300866769633454,0.8348809303242815,0.0,0.0
2013-01-15 00:00:00+07:00,0.13157674273646153,0.130853755245197,0.13155861826751408,0.130853755245197,0.8360207736301228,0.0,0.0
2013-01-16 00:00:00+07:00,0.13157674273646153,0.130853755245197,0.13155861826751408,0.130853755245197,0.8385379106600541,0.0,0.0
2013-01-17 00:00:00+07:00,0.13157674273646153,0.13162083269886649,0.13155861826751408,0.130853755245197,0.8353803736354452,0.0,0.0
2013-01-18 00:00:00+07:00,0.13697044233300504,0.13622331487641448,0.13233818536022232,0.13622331487641448,0.8435984794654277,0.0,0.0
2013-01-21 00:00:00+07:00,0.13388833496964775,0.13622331186783224,0.13545638314163427,0.13315500174900802,0.8209612231286784,0.0,0.0
2013-01-22 00:00:00+07:00,0.13388833496964775,0.13315500174900802,0.13233818243145756,0.13315500174900802,0.8359186567934417,0.0,0.0
2013-01-23 00:00:00+07:00,0.13388833496964775,0.13315500174900802,0.13311773260900175,0.13315500174900802,0.821340601195447,0.0,0.0
2013-01-25 00:00:00+07:00,0.13465887352115535,0.13468916928518768,0.13467684544139466,0.1339220916891158,0.8335673811144568,0.0,0.0
2013-01-28 00:00:00+07:00,0.13388833496964775,0.13392207927871408,0.13389728278654592,0.13315500174900802,0.8300419408727132,0.0,0.0
2013-01-29 00:00:00+07:00,0.13619991549216573,0.13622331413620772,0.1354563853983617,0.13545623659456285,0.8227058927204541,0.0,0.0
2013-01-30 00:00:00+07:00,0.13619991549216573,0.13699039167785262,0.13623593558803881,0.13545623659456285,0.8417935360678314,0.0,0.0
2013-01-31 00:00:00+07:00,0.13928201114485472,0.14005869305687407,0.13857457745561255,0.13852453806371312,0.8687442627395735,0.0,0.0
2013-02-01 00:00:00+07:00,0.14236411850821198,0.14466116124121983,0.14091323101459555,0.14159285119111958,0.8542858799538358,0.0,0.0
2013-02-04 00:00:00+07:00,0.14544622587156927,0.14542824184636105,0.14559053507132372,0.14466116431852602,0.8585138359822104,0.0,0.0
2013-02-05 00:00:00+07:00,0.1431346570597196,0.14696240658297116,0.14481099444466936,0.14235994113122738,0.8576655642603735,0.0,0.0
2013-02-06 00:00:00+07:00,0.1431346570597196,0.14389409628180863,0.14325189399692945,0.14235994113122738,0.8396910505973338,0.0,0.0
2013-02-07 00:00:00+07:00,0.14544622587156927,0.14466116431852602,0.14481098489568095,0.14466116431852602,0.8398166193197768,0.0,0.0
2013-02-08 00:00:00+07:00,0.14390517218989063,0.14542824031559376,0.14481098337082854,0.14312700775482282,0.8180338617946713,0.0,0.0
2013-02-11 00:00:00+07:00,0.14698726784257962,0.14619530922397309,0.14559052495931493,0.14619530922397309,0.7599180379045097,0.0,0.0
2013-02-12 00:00:00+07:00,0.14544622587156927,0.14619531937419616,0.14559053507132372,0.14466116431852602,0.7977768188822966,0.0,0.0
2013-02-13 00:00:00+07:00,0.14236411850821198,0.14466116124121983,0.14325188149484702,0.14159285119111958,0.833201288889681,0.0,0.0
2013-02-14 00:00:00+07:00,0.1446757224520665,0.14389410935318678,0.1455905578860379,0.14389410935318678,0.8475009999505687,0.0,0.0
2013-02-15 00:00:00+07:00,0.14544622587156927,0.14542824184636105,0.14559053507132372,0.14466116431852602,0.8180867280707891,0.0,0.0
2013-02-18 00:00:00+07:00,0.14775778297275066,0.1477294532721954,0.1471496143404608,0.14696237584756852,0.8358283680860057,0.0,0.0
2013-02-19 00:00:00+07:00,0.14852832152425827,0.14772946578767632,0.1479291769440679,0.14772946578767632,0.8099330388706703,0.0,0.0
2013-02-20 00:00:00+07:00,0.14929884836509758,0.14926362155907086,0.14948827801093217,0.14849654406952792,0.8373925230790662,0.0,0.0
2013-02-21 00:00:00+07:00,0.15006937520593688,0.15003069984475004,0.1487087286638365,0.14926362235137952,0.8196966153382079,0.0,0.0
2013-02-22 00:00:00+07:00,0.15315149427996244,0.15233194713704215,0.15182694399396834,0.15233194713704215,0.12961427892298025,0.0,0.0
2013-02-25 00:00:00+07:00,0.16470936176054737,0.16383808639004782,0.1557246719832389,0.16383808639004782,0.8300782944830596,0.0,0.0
2013-02-26 00:00:00+07:00,0.15700410506282247,0.15923562511878983,0.15338602502168444,0.15616731522978788,0.8309713823944503,0.0,0.0
2013-02-27 00:00:00+07:00,0.15469252454030452,0.15693439022762365,0.1549451228148741,0.15386608038423302,0.8443509522068282,0.0,0.0
2013-02-28 00:00:00+07:00,0.16008621242617976,0.15923562835719432,0.15728377881876102,0.15923562835719432,0.8404103284534369,0.0,0.0
2013-03-01 00:00:00+07:00,0.15546306309181213,0.15770148040098864,0.1565042356529163,0.15463317032434082,0.8290588385355401,0.0,0.0
2013-03-04 00:00:00+07:00,0.15546306309181213,0.15463317032434082,0.15728378581974492,0.15463317032434082,0.0,0.0,0.0
2013-03-05 00:00:00+07:00,0.15238095572845484,0.15693439972937612,0.15416558205206657,0.15156485719693438,0.8315757680481225,0.0,0.0
2013-03-06 00:00:00+07:00,0.15546306309181213,0.15616732536266473,0.15494513531925902,0.15463317032434082,0.8249487543672459,0.0,0.0
2013-03-07 00:00:00+07:00,0.15623360164331973,0.15770149299525002,0.15572469793286395,0.15540026026444861,0.8201678427592615,0.0,0.0
2013-03-08 00:00:00+07:00,0.15700410506282247,0.15770147017428884,0.1572837756174564,0.15616731522978788,0.8294126536681207,0.0,0.0
2013-03-11 00:00:00+07:00,0.15623360164331973,0.15770149299525002,0.1572837983839436,0.15540026026444861,0.8152676611446354,0.0,0.0
2013-03-13 00:00:00+07:00,0.15546306309181213,0.15616732536266473,0.15572468548608764,0.15463317032434082,0.8517043103665296,0.0,0.0
2013-03-14 00:00:00+07:00,0.15546305055644888,0.15540023530592836,0.15572467292244027,0.15386608038423302,0.8485346361114925,0.0,0.0
2013-03-15 00:00:00+07:00,0.15546307551056732,0.15616733784138243,0.15650424815840375,0.15540026026444861,0.844446253207815,0.0,0.0
2013-03-18 00:00:00+07:00,0.15469252454030452,0.1546331578450807,0.15572467292244027,0.15386608038423302,0.8501012156571875,0.0,0.0
2013-03-19 00:00:00+07:00,0.15546306309181213,0.15693440288182667,0.15728378581974492,0.15463317032434082,0.8409372150460265,0.0,0.0
2013-03-20 00:00:00+07:00,0.15700409507115137,0.15770146013523492,0.15650421553001093,0.15770146013523492,0.8457555890577627,0.0,0.0
2013-03-21 00:00:00+07:00,0.15854518004157692,0.15770149299525002,0.1572837983839436,0.15540026026444861,0.8330928163146202,0.0,0.0
2013-03-22 00:00:00+07:00,0.15546307336626636,0.1569344132536865,0.15572469578372466,0.15309902541889378,0.8506836303391236,0.0,0.0
2013-03-25 00:00:00+07:00,0.152380939183107,0.15770146013523492,0.15416556531294623,0.15770146013523492,0.7990069361244213,0.0,0.0
2013-03-26 00:00:00+07:00,0.157774628604882,0.15770146768847132,0.1565042230300064,0.15386608038423302,0.826255912256963,0.0,0.0
2013-03-27 00:00:00+07:00,0.15546305617187178,0.16153686081810584,0.15728377881876102,0.15923562835719432,0.8562845537567473,0.0,0.0
2013-03-28 00:00:00+07:00,0.1616272707304906,0.16537225461200722,0.15962243537176424,0.16537225461200722,0.8139587323442149,0.0,0.0
2013-04-01 00:00:00+07:00,0.16008621242617976,0.1623039383050764,0.16118152948932982,0.15923562835719432,0.7688655193383539,0.0,0.0
2013-04-02 00:00:00+07:00,0.16316835301392169,0.16230397456028683,0.1627406661088199,0.16000274161381448,0.7850626347553397,0.0,0.0
2013-04-03 00:00:00+07:00,0.1631683432108736,0.16307104240636955,0.16196110606946792,0.16230396480111314,0.12961427892298025,0.0,0.0
2013-04-04 00:00:00+07:00,0.16316832621151642,0.16230394787783803,0.15962243864550368,0.15693440516989565,0.8260756400813766,0.0,0.0
2013-04-05 00:00:00+07:00,0.15931572198909205,0.16000274161381448,0.1596224649144235,0.16000274161381448,0.8087187246772837,0.0,0.0
2013-04-08 00:00:00+07:00,0.1600862195401371,0.1600027129584745,0.1565042356529163,0.15463317032434082,0.8606310001481656,0.0,0.0
2013-04-09 00:00:00+07:00,0.15700412561173097,0.1569344132536865,0.15494514556832228,0.15309902541889378,0.843328976108349,0.0,0.0
2013-04-10 00:00:00+07:00,0.1554630726379493,0.15540025739132388,0.15338604441788672,0.15233194713704215,0.8484013032304186,0.0,0.0
2013-04-11 00:00:00+07:00,0.15469252698002708,0.15616731522978788,0.15572467537914766,0.15616731522978788,0.8557551528534836,0.0,0.0
2013-04-12 00:00:00+07:00,0.15777462105249213,0.1584685375614347,0.15806331567472073,0.15770146013523492,0.8350527698034902,0.0,0.0
2013-04-15 00:00:00+07:00,0.15700412561173097,0.15616733568672797,0.15572469578372466,0.15309902541889378,0.843241651775575,0.0,0.0
2013-04-16 00:00:00+07:00,0.15469252698002708,0.15693439270203838,0.15572467537914766,0.15616731522978788,0.8370122380888884,0.0,0.0
2013-04-17 00:00:00+07:00,0.15777463429902577,0.15923562835719432,0.15884287908698852,0.15923562835719432,0.8534006624637327,0.0,0.0
2013-04-18 00:00:00+07:00,0.15854516034141042,0.15923562835719432,0.16040197935521602,0.15923562835719432,0.8271131238104482,0.0,0.0
2013-04-19 00:00:00+07:00,0.1608567384685644,0.16000270584416484,0.16040197935521602,0.15923562835719432,0.8061911649201806,0.0,0.0
2013-04-22 00:00:00+07:00,0.1600861989965143,0.16000269241383427,0.15806331567472073,0.15770146013523492,0.8219201856828787,0.0,0.0
2013-04-23 00:00:00+07:00,0.15854514703383282,0.15770146013523492,0.16040196589178543,0.15770146013523492,0.0,0.0,0.0
2013-04-24 00:00:00+07:00,0.15700414337419424,0.16000274161381448,0.15806336431722526,0.16000274161381448,0.8430991860267302,0.0,0.0
2013-04-25 00:00:00+07:00,0.15931569951154054,0.16076979657915372,0.16040199257606227,0.16076979657915372,0.8219823422241259,0.0,0.0
2013-04-26 00:00:00+07:00,0.16162728457258652,0.1607698033029852,0.15806334860948343,0.15540026026444861,0.8185685699384937,0.0,0.0
2013-04-29 00:00:00+07:00,0.15854516034141042,0.15923562835719432,0.15962242922110229,0.15923562835719432,0.8308933288809666,0.0,0.0
2013-04-30 00:00:00+07:00,0.15931570617432933,0.15846857057218383,0.1572837983839436,0.15540026026444861,0.8978632088463678,0.0,0.0
2013-05-01 00:00:00+07:00,0.15546307551056732,0.15540026026444861,0.15650424815840375,0.15540026026444861,0.8397317126925555,0.0,0.0
2013-05-02 00:00:00+07:00,0.15546305055644888,0.15693439022762365,0.1565042230300064,0.15386608038423302,0.8619393134102568,0.0,0.0
2013-05-03 00:00:00+07:00,0.15623360164331973,0.15616733784138243,0.15650424815840375,0.15540026026444861,0.8041363391038058,0.0,0.0
2013-05-06 00:00:00+07:00,0.15700414211986868,0.1592356626931543,0.15884291334680864,0.15846858505011124,0.8216571341768172,0.0,0.0
2013-05-07 00:00:00+07:00,0.16008624691650414,0.1592356626931543,0.15962246363953264,0.15846858505011124,0.8193664774561539,0.0,0.0
2013-05-08 00:00:00+07:00,0.16008621242617976,0.16000270584416484,0.16040197935521602,0.15923562835719432,0.794999050042964,0.0,0.0
2013-05-10 00:00:00+07:00,0.16008624819405798,0.16000274161381448,0.16040201521302255,0.16000274161381448,0.8194378252130758,0.0,0.0
2013-05-13 00:00:00+07:00,0.16008624819405798,0.16000274161381448,0.1596224649144235,0.16000274161381448,0.8204756573220057,0.0,0.0
2013-05-14 00:00:00+07:00,0.16162726451094908,0.16076978333113534,0.16040197935521602,0.15923562835719432,0.8172515415856639,0.0,0.0
2013-05-15 00:00:00+07:00,0.1608567384685644,0.16000270584416484,0.16040197935521602,0.15923562835719432,0.7990642935077392,0.0,0.0
2013-05-16 00:00:00+07:00,0.15931567301517355,0.1592356149876345,0.15962241581943054,0.15770146013523492,0.8317272958061588,0.0,0.0
2013-05-17 00:00:00+07:00,0.1570041082566411,0.15923562835719432,0.15884287908698852,0.15923562835719432,0.8103816940546448,0.0,0.0
2013-05-20 00:00:00+07:00,0.16085672497785503,0.16153684726623382,0.16040196589178543,0.15770146013523492,0.8445180186010942,0.0,0.0
2013-05-21 00:00:00+07:00,0.16008621242617976,0.16000270584416484,0.16040197935521602,0.15923562835719432,0.8315119355836607,0.0,0.0
2013-05-22 00:00:00+07:00,0.16008624691650414,0.16000274033619738,0.16118156422498073,0.15846858505011124,0.8024650629607484,0.0,0.0
2013-05-23 00:00:00+07:00,0.1600861989965143,0.16000269241383427,0.15884286574707562,0.15770146013523492,0.8427350471204768,0.0,0.0
2013-05-24 00:00:00+07:00,0.15931572071734526,0.16000274033619738,0.16118156422498073,0.15846858505011124,0.8191775944993461,0.0,0.0
2013-05-27 00:00:00+07:00,0.1600862195401371,0.1600027129584745,0.15728378581974492,0.15463317032434082,0.8436052822111727,0.0,0.0
2013-05-28 00:00:00+07:00,0.15469251712712917,0.1592356149876345,0.15650421553001093,0.15770146013523492,0.8079557478675905,0.0,0.0
2013-05-29 00:00:00+07:00,0.15887092600826205,0.16111420870462603,0.15994689892174718,0.16034210179294756,0.8497685272216123,14.2,0.0
2013-05-30 00:00:00+07:00,0.15887093007249484,0.15879789203427888,0.1591622416586291,0.15725367817363123,0.8256281401579187,0.0,0.0
2013-05-31 00:00:00+07:00,0.15809535248501405,0.15725367868051193,0.15288495130428037,0.15030471628647735,0.8753106847522363,0.0,0.0
2013-06-03 00:00:00+07:00,0.15111512164143637,0.15030468845898143,0.1466076332501698,0.14412783407307617,0.8934609031585482,0.0,0.0
2013-06-04 00:00:00+07:00,0.1441349201965184,0.14798836830092393,0.14503831103888698,0.14644415470212743,0.860160780443883,0.0,0.0
2013-06-05 00:00:00+07:00,0.14723725944017743,0.14644418196272646,0.14739232213728623,0.14567207502837476,0.8517657622854956,0.0,0.0
2013-06-07 00:00:00+07:00,0.14568607938778588,0.14567205116538165,0.141115008091393,0.13872308982470855,0.8729829307841135,0.0,0.0
2013-06-10 00:00:00+07:00,0.1410325872704304,0.14026727933563862,0.13797633937921588,0.1364067458791449,0.8634261731212047,0.0,0.0
2013-06-11 00:00:00+07:00,0.13560353363156008,0.13717884382800186,0.13405302525650273,0.13331831060157237,0.8755173652503174,0.0,0.0
2013-06-12 00:00:00+07:00,0.13250125726571063,0.1371788798754104,0.1301297542447018,0.13563466620539222,0.9117371095067274,0.0,0.0
2013-06-13 00:00:00+07:00,0.13327684290761105,0.141039422112016,0.13248374562656223,0.13409046022486212,0.8925607695525587,0.0,0.0
2013-06-14 00:00:00+07:00,0.13870590822445858,0.1433557623697639,0.14033037788069302,0.1418115484187934,0.8830228442001805,0.0,0.0
2013-06-17 00:00:00+07:00,0.14258376403786774,0.14412783407307617,0.144253649584867,0.14412783407307617,0.8300464866203295,0.0,0.0
2013-06-18 00:00:00+07:00,0.14723725944017743,0.1487605027657816,0.14660766077719187,0.14567207502837476,0.8502253659475552,0.0,0.0
2013-06-19 00:00:00+07:00,0.14646165385767165,0.1464441544677906,0.14503831080663457,0.14412783407307617,0.8385398058810465,0.0,0.0
2013-06-20 00:00:00+07:00,0.14025700941388977,0.14026727933563862,0.13876100049230522,0.1364067458791449,0.8618484648510351,0.0,0.0
2013-06-21 00:00:00+07:00,0.1340524287995775,0.13563468191869402,0.13405307608448125,0.13254625424433206,0.8832039834232538,0.0,0.0
2013-06-24 00:00:00+07:00,0.13405242491793573,0.13640678488946364,0.13326841087698518,0.1310020366055458,0.8414279513126768,0.0,0.0
2013-06-25 00:00:00+07:00,0.13405242498443687,0.13409046426291735,0.13091442697353528,0.1286857159764945,0.8590093922226348,0.0,0.0
2013-06-26 00:00:00+07:00,0.1325012610451293,0.13640677692626563,0.1332684030840348,0.13486256321512716,0.8549563081917556,0.0,0.0
2013-06-27 00:00:00+07:00,0.13715469798772736,0.14103938602693736,0.13876100049230522,0.1364067458791449,0.86416264553257,0.0,0.0
2013-06-28 00:00:00+07:00,0.13948145975217718,0.14489994872159737,0.14033035109495054,0.14489994872159737,0.8643855959881072,0.0,0.0
2013-07-01 00:00:00+07:00,0.14491047823453526,0.14489992116571912,0.14268430771610469,0.14335570776629875,0.80463998877596,0.0,0.0
2013-07-02 00:00:00+07:00,0.14568607589371085,0.14567204766955247,0.14503831080663457,0.14412783407307617,0.8204198415811008,0.0,0.0
2013-07-03 00:00:00+07:00,0.14413489869659274,0.14412781279213235,0.13876100049230522,0.1364067458791449,0.8521342040075307,0.0,0.0
2013-07-04 00:00:00+07:00,0.1379303033959192,0.14103941417707722,0.1387610282199233,0.1379509868344435,0.8270622773552907,0.0,0.0
2013-07-05 00:00:00+07:00,0.14103263130332577,0.140267323171461,0.13719172120729412,0.13717889550243464,0.833463980934303,0.0,0.0
2013-07-08 00:00:00+07:00,0.1379303152372974,0.13717889178716616,0.13326841087698518,0.1310020366055458,0.8299463779233062,0.0,0.0
2013-07-09 00:00:00+07:00,0.1348279558212392,0.13563463053743005,0.13326836419017438,0.13331831060157237,0.8317535983960204,0.0,0.0
2013-07-10 00:00:00+07:00,0.13327680870502437,0.1387230659530411,0.13326837270067976,0.1364067458791449,0.8205119018496689,0.0,0.0
2013-07-11 00:00:00+07:00,0.13948148636646332,0.14258365539427864,0.14033037788069302,0.1418115484187934,0.8500019541070435,0.0,0.0
2013-07-12 00:00:00+07:00,0.1441349201965184,0.14644415470212743,0.1442536498159404,0.14644415470212743,0.8502371726072385,0.0,0.0
2013-07-15 00:00:00+07:00,0.1487884037560956,0.1479883839991699,0.14660764904726167,0.1479883839991699,0.8110279331677065,0.0,0.0
2013-07-16 00:00:00+07:00,0.14878838798727492,0.14798836830092393,0.14582297226183352,0.14644415470212743,0.7996078864652532,0.0,0.0
2013-07-17 00:00:00+07:00,0.14801282571367136,0.1487604908755203,0.14817697164956162,0.1479883839991699,0.8153548784611869,0.0,0.0
2013-07-18 00:00:00+07:00,0.1487884037560956,0.1479883839991699,0.14739231034841166,0.1479883839991699,0.8342100610003496,0.0,0.0
2013-07-19 00:00:00+07:00,0.14801282571367136,0.1479883839991699,0.14817697164956162,0.1479883839991699,0.7958946967068148,0.0,0.0
2013-07-22 00:00:00+07:00,0.1495639737962298,0.14876048290904523,0.1473923024498657,0.14489994872159737,0.7794701159733618,0.0,0.0
2013-07-23 00:00:00+07:00,0.14801282956037953,0.14953260163795612,0.14896163682329966,0.14953260163795612,0.8447973530052659,0.0,0.0
2013-07-24 00:00:00+07:00,0.15111513399857926,0.15107680761848621,0.15053095167968614,0.15107680761848621,0.8155536234104179,0.0,0.0
2013-07-25 00:00:00+07:00,0.15111513788336825,0.15107681150457156,0.15053095555301155,0.1479883839991699,0.7851399098788846,0.0,0.0
2013-07-26 00:00:00+07:00,0.14878841529704404,0.15107682321914787,0.15053096722912293,0.15030471628647735,0.7973167776366527,0.0,0.0
2013-07-29 00:00:00+07:00,0.14878838798727492,0.1495325818997204,0.1489616171536197,0.14644415470212743,0.7855891336531848,0.0,0.0
2013-07-30 00:00:00+07:00,0.1503395637445001,0.15030470853317107,0.15053095946394202,0.14953260163795612,0.8050801517462172,0.0,0.0
2013-07-31 00:00:00+07:00,0.1518907120222364,0.15184891447615353,0.15288493552617538,0.15107680761848621,0.8343159748145563,0.0,0.0
2013-08-01 00:00:00+07:00,0.1518906965013985,0.1533931125172588,0.1521002586923872,0.15184889895049505,0.8299258747083377,0.0,0.0
2013-08-02 00:00:00+07:00,0.15344183370471665,0.15648152059657788,0.15366956237215446,0.15570941390182025,0.8158532446024339,0.0,0.0
2013-08-12 00:00:00+07:00,0.1534418759899942,0.15416524300924567,0.14739231418265727,0.14953260163795612,0.8333412925754821,0.0,0.0
2013-08-13 00:00:00+07:00,0.14878836654462627,0.15570941390182025,0.15053091790573644,0.15570941390182025,0.7957055653981034,0.0,0.0
2013-08-14 00:00:00+07:00,0.15421741982736475,0.15879784917939274,0.15523889292514714,0.15879784917939274,0.8063951585581132,0.0,0.0
2013-08-15 00:00:00+07:00,0.15964648843398607,0.159569979227657,0.15916222196711524,0.15648155186685384,0.8105268435506399,0.0,0.0
2013-08-16 00:00:00+07:00,0.15499303211274126,0.1564815636948904,0.15210028210458446,0.14953260163795612,0.8298369233839925,0.0,0.0
2013-08-19 00:00:00+07:00,0.15111514638901152,0.1503047130957967,0.13954570523545792,0.13717889550243464,0.8684093397613349,0.0,0.0
2013-08-20 00:00:00+07:00,0.13793027584426795,0.14026727933563862,0.1340530338137691,0.1364067458791449,0.8849068487327542,0.0,0.0
2013-08-21 00:00:00+07:00,0.1379302995734743,0.14026730345596922,0.1371917018941801,0.13872308982470855,0.8452411735255895,0.0,0.0
2013-08-22 00:00:00+07:00,0.13482799510977808,0.1387230974929733,0.13562238692412737,0.13486256321512716,0.8476696713199718,0.0,0.0
2013-08-23 00:00:00+07:00,0.13793030719597646,0.13795099063740407,0.13719170948418907,0.13486256321512716,0.829686003720671,0.0,0.0
2013-08-26 00:00:00+07:00,0.1332768468540634,0.134090464196356,0.13326841087698518,0.1310020366055458,0.8603905440624685,0.0,0.0
2013-08-27 00:00:00+07:00,0.13017453466327786,0.13022992977261533,0.12934510432710938,0.1286857159764945,0.8438122918477855,0.0,0.0
2013-08-28 00:00:00+07:00,0.12552106248336886,0.13409046022486212,0.12385247131391257,0.13177413959581083,0.877033189391906,0.0,0.0
2013-08-29 00:00:00+07:00,0.13017454244858248,0.13254625838948983,0.12934511207231766,0.12945783062501573,0.8545234427019422,0.0,0.0
2013-08-30 00:00:00+07:00,0.12862334778107187,0.13100200536657206,0.1293450733879888,0.13022989864051224,0.8517686185492459,0.0,0.0
2013-09-02 00:00:00+07:00,0.13172567085765685,0.13177412361483046,0.12385245622680234,0.1279135896697171,0.8494274488805267,0.0,0.0
2013-09-03 00:00:00+07:00,0.13095010878033841,0.13022992584310997,0.1285604391208124,0.12714149833770827,0.8470971603116599,0.0,0.0
2013-09-04 00:00:00+07:00,0.1278477844890726,0.12714148627039046,0.12385245953537911,0.12250884542134949,0.8557013563862267,0.0,0.0
2013-09-05 00:00:00+07:00,0.12552102299390605,0.1255972450463479,0.12306777120885952,0.12328092509510219,0.8510403627898064,0.0,0.0
2013-09-06 00:00:00+07:00,0.12552104318738133,0.12636937203093088,0.12463711342967394,0.12636937203093088,0.8267706604505073,0.0,0.0
2013-09-09 00:00:00+07:00,0.12784779291583176,0.13486256321512716,0.12699111284378786,0.13486256321512716,0.8413369992210861,0.0,0.0
2013-09-10 00:00:00+07:00,0.1371547519404491,0.1418115484187934,0.1379763936750028,0.1418115484187934,0.8809221338005909,0.0,0.0
2013-09-11 00:00:00+07:00,0.1425837446395657,0.14335570776629875,0.13954566322955445,0.14335570776629875,0.846455193005096,0.0,0.0
2013-09-12 00:00:00+07:00,0.14025703014598537,0.14412783407307617,0.14189966591956418,0.14412783407307617,0.852420966330103,0.0,0.0
2013-09-13 00:00:00+07:00,0.1433593420018285,0.1448999408713143,0.144253649584867,0.14412783407307617,0.8530573903503784,0.0,0.0
2013-09-16 00:00:00+07:00,0.1464616813394912,0.14644418196272646,0.14660766077719187,0.14567207502837476,0.8417900004099375,0.0,0.0
2013-09-17 00:00:00+07:00,0.14646165409189668,0.14644415470212743,0.14660763348478006,0.14644415470212743,0.8372388314773179,0.0,0.0
2013-09-18 00:00:00+07:00,0.1456860761267706,0.14644415470212743,0.14503831103888698,0.14644415470212743,0.8226739716073712,0.0,0.0
2013-09-19 00:00:00+07:00,0.15499303958929342,0.18350531380464172,0.15680825759062617,0.15725367817363123,0.8783601159304624,0.0,0.0
2013-09-20 00:00:00+07:00,0.15731977421225576,0.15879789237045613,0.1544542738501621,0.15262103691552864,0.8373439411232667,0.0,0.0
2013-09-23 00:00:00+07:00,0.14646169173064755,0.1549373692028361,0.14817699401023396,0.1549373692028361,0.8374992259980897,0.0,0.0
2013-09-24 00:00:00+07:00,0.15576858624658707,0.15648153965078632,0.1521002586923872,0.15184889895049505,0.8479835248879831,0.0,0.0
2013-09-25 00:00:00+07:00,0.15033954060332305,0.15184889895049505,0.1521002586923872,0.15184889895049505,0.8458172646494924,0.0,0.0
2013-09-26 00:00:00+07:00,0.15266630579203155,0.1533931440171594,0.15288495130428037,0.15030471628647735,0.8184347367915166,0.0,0.0
2013-09-27 00:00:00+07:00,0.1526662979286207,0.15339313611403074,0.15210028210458446,0.14953260163795612,0.798554442205077,0.0,0.0
2013-09-30 00:00:00+07:00,0.15111512980300712,0.15107680342151397,0.1473923024498657,0.14489994872159737,0.8487407820066564,0.0,0.0
2013-10-01 00:00:00+07:00,0.14180819376234316,0.14798837607155566,0.14346899614157949,0.14489994872159737,0.8122875675487734,0.0,0.0
2013-10-02 00:00:00+07:00,0.14568609537625896,0.14953260163795612,0.14739231418265727,0.14953260163795612,0.7928533906583541,0.0,0.0
2013-10-03 00:00:00+07:00,0.15033954060332305,0.15184889895049505,0.1505309362790477,0.15184889895049505,0.8287233719316155,0.0,0.0
2013-10-04 00:00:00+07:00,0.15033955597492213,0.15184891447615353,0.15053095167968614,0.15107680761848621,0.8160100104970814,0.0,0.0
2013-10-07 00:00:00+07:00,0.15266630579203155,0.15184893015181838,0.15210028994589456,0.15030471628647735,0.7692091671621498,0.0,0.0
2013-10-08 00:00:00+07:00,0.14956396265428537,0.1533931125172588,0.1513155974857175,0.15184889895049505,0.8582858183986087,0.0,0.0
2013-10-09 00:00:00+07:00,0.15033955597492213,0.15339312819148818,0.1521002742440123,0.15107680761848621,0.8161907136814162,0.0,0.0
2013-10-10 00:00:00+07:00,0.1511151073914395,0.15570942138070157,0.15288490860742346,0.15416520792129018,0.8554631219617721,0.0,0.0
2013-10-11 00:00:00+07:00,0.15654414514477688,0.15648152059657788,0.15602354572196797,0.15570941390182025,0.8075014844374858,0.0,0.0
2013-10-16 00:00:00+07:00,0.1565441445897689,0.1572536267336478,0.15445422294037028,0.15339309327276895,0.8338406049694509,0.0,0.0
2013-10-17 00:00:00+07:00,0.15421741101750422,0.1549373066571205,0.15523888405435093,0.15339309327276895,0.8402041184204374,0.0,0.0
2013-10-18 00:00:00+07:00,0.15421741897192037,0.15416520792129018,0.15445423091166507,0.15416520792129018,0.8225247175339329,0.0,0.0
2013-10-21 00:00:00+07:00,0.15344183370471665,0.15725362729133557,0.15523888460536345,0.15570941390182025,0.842465732939998,0.0,0.0
2013-10-22 00:00:00+07:00,0.15421741101750422,0.1541651999649447,0.15445422294037028,0.15339309327276895,0.8004201723277936,0.0,0.0
2013-10-23 00:00:00+07:00,0.15421746181949852,0.15570946464299237,0.15523893520773027,0.15262103691552864,0.8419664565461087,0.0,0.0
2013-10-24 00:00:00+07:00,0.15344183370471665,0.15570941390182025,0.15523888460536345,0.15570941390182025,0.8419875865936959,0.0,0.0
2013-10-25 00:00:00+07:00,0.15421744239120155,0.1572536587070546,0.15602357690946506,0.15648155186685384,0.8228466174920238,0.0,0.0
2013-10-28 00:00:00+07:00,0.15731975441564985,0.1572536587070546,0.15837756070270273,0.15648155186685384,0.7944912512178028,0.0,0.0
2013-10-29 00:00:00+07:00,0.15421741897192037,0.15570942138070157,0.15602355321590666,0.15416520792129018,0.8327637358246924,0.0,0.0
2013-10-30 00:00:00+07:00,0.1518906779846865,0.15570941390182025,0.15366956237215446,0.15570941390182025,0.8220659878853341,0.0,0.0
2013-10-31 00:00:00+07:00,0.15266627445043623,0.1557094328674045,0.15445424231239652,0.15184889895049505,0.8355867421776182,0.0,0.0
2013-11-01 00:00:00+07:00,0.149563977951265,0.15262102133382086,0.1513156129618492,0.15107680761848621,0.8277882296981747,0.0,0.0
2013-11-04 00:00:00+07:00,0.15033957149503901,0.15184893015181838,0.15210028994589456,0.15030471628647735,0.8146082924124708,0.0,0.0
2013-11-06 00:00:00+07:00,0.1511151185523608,0.1541652193006407,0.152884919899057,0.15184889895049505,0.8468185744497871,0.0,0.0
2013-11-07 00:00:00+07:00,0.15266626318167995,0.15493731465099586,0.15445423091166507,0.15416520792129018,0.8429718012337845,0.0,0.0
2013-11-08 00:00:00+07:00,0.15266630579203155,0.1533931440171594,0.15288495130428037,0.15030471628647735,0.8320484872669905,0.0,0.0
2013-11-11 00:00:00+07:00,0.15189071196511117,0.15107680756161668,0.1505309516230033,0.14876048698943492,0.8310092471302524,0.0,0.0
2013-11-12 00:00:00+07:00,0.14956399374223622,0.14953260970013327,0.14739232213728623,0.14567207502837476,0.8485177989174529,0.0,0.0
2013-11-13 00:00:00+07:00,0.14568607589371085,0.1487604748625051,0.144253649584867,0.14412783407307617,0.8550762102863892,0.0,0.0
2013-11-14 00:00:00+07:00,0.1449105251381187,0.1479883958314299,0.14660766077719187,0.14567207502837476,0.8295552707665351,0.0,0.0
2013-11-15 00:00:00+07:00,0.14723724767124713,0.1487604908755203,0.14817697164956162,0.1479883839991699,0.8141826392221684,0.0,0.0
2013-11-18 00:00:00+07:00,0.1495639856831266,0.15030470853317107,0.15131562078426325,0.14953260163795612,0.8273111392110138,0.0,0.0
2013-11-19 00:00:00+07:00,0.15033955984094405,0.15030470462822118,0.14896163295071158,0.1479883839991699,0.8273400468498165,0.0,0.0
2013-11-20 00:00:00+07:00,0.14878841564154996,0.1487605027657816,0.14111503125653146,0.14567207502837476,0.8635428817956778,0.0,0.0
2013-11-21 00:00:00+07:00,0.14413493942492134,0.1448999604390325,0.14346900775184065,0.14258363975080227,0.830189451878829,0.0,0.0
2013-11-22 00:00:00+07:00,0.1456860837792865,0.14567205555908694,0.14503831866489397,0.14489994872159737,0.8041402949716124,0.0,0.0
2013-11-25 00:00:00+07:00,0.14878840767888102,0.14876049479989228,0.14896163688053002,0.14721628100890485,0.8097930418566853,0.0,0.0
2013-11-26 00:00:00+07:00,0.14568608754126283,0.14567205932295194,0.1418996772910889,0.13949520447322974,0.8677616330117055,0.0,0.0
2013-11-27 00:00:00+07:00,0.14103260381407287,0.14181150935762576,0.14189966159578238,0.1402672958052386,0.8299076420761072,0.0,0.0
2013-11-28 00:00:00+07:00,0.14180820137427755,0.14258363586471687,0.14033035863806193,0.141039422112016,0.8120276495290117,0.0,0.0
2013-11-29 00:00:00+07:00,0.14173024818834448,0.14251319138533308,0.14102523943872894,0.14018613102571598,0.8048936859468481,9.0,0.0
2013-12-02 00:00:00+07:00,0.1409510947546715,0.14251321222522106,0.14260185913435858,0.14251321222522106,0.8269943959392843,0.0,0.0
2013-12-03 00:00:00+07:00,0.14328861721560077,0.14328889911808607,0.14260185913435858,0.14251321222522106,0.816619755258825,0.0,0.0
2013-12-04 00:00:00+07:00,0.14328859628202276,0.14251319138533308,0.14260183827977932,0.14018613102571598,0.8228890173301303,0.0,0.0
2013-12-05 00:00:00+07:00,0.14095108370623968,0.1401861405476425,0.13944865007387672,0.1386347668758916,0.8281351851534804,0.0,0.0
2013-12-06 00:00:00+07:00,0.13861355448874654,0.13863475994229713,0.13629544536623794,0.13785907314272325,0.8581065908224257,0.0,0.0
2013-12-09 00:00:00+07:00,0.1401719003425384,0.14018613127376398,0.13866034142270403,0.13630769733464268,0.841660765547885,0.0,0.0
2013-12-10 00:00:00+07:00,0.13549687567916982,0.14251321222522106,0.13708376243429854,0.14251321222522106,0.8309290266584586,0.0,0.0
2013-12-11 00:00:00+07:00,0.14095109001332481,0.14328889430013325,0.14260185433748315,0.14328889430013325,0.7952245755478018,0.0,0.0
2013-12-12 00:00:00+07:00,0.14328859628202276,0.14251319138533308,0.14181353885925413,0.14018613102571598,0.8234681487315457,0.0,0.0
2013-12-13 00:00:00+07:00,0.13939272854867912,0.13941044674187103,0.13944864310132593,0.13785907314272325,0.8393290820482844,0.0,0.0
2013-12-16 00:00:00+07:00,0.13939273112977238,0.13863476251183846,0.1370837473429727,0.1355320152597305,0.8158193633194893,0.0,0.0
2013-12-17 00:00:00+07:00,0.13627603230894875,0.14018613354144493,0.13787204423378194,0.13785907314272325,0.8229260856689653,0.0,0.0
2013-12-18 00:00:00+07:00,0.1386135828050185,0.140186162176083,0.13944867159844831,0.13708341438432342,0.834365733700072,0.0,0.0
2013-12-19 00:00:00+07:00,0.14017190960984235,0.1401861405476425,0.14023694954454055,0.1386347668758916,0.8117864357433601,0.0,0.0
2013-12-20 00:00:00+07:00,0.13939276513827067,0.13863479636812884,0.13629548122147941,0.13398067442641848,0.8353600923038704,0.0,0.0
2013-12-23 00:00:00+07:00,0.13627603230894875,0.13785907314272325,0.1370837448000099,0.13785907314272325,0.8243492923534623,0.0,0.0
2013-12-24 00:00:00+07:00,0.1386135828050185,0.13863478828020318,0.1386603720138979,0.13708341438432342,0.7749688937952331,0.0,0.0
2013-12-27 00:00:00+07:00,0.13939272629440827,0.1394104444859397,0.13866034142270403,0.13630769733464268,0.7950230938985751,0.0,0.0
2013-12-30 00:00:00+07:00,0.13939276570501166,0.14018617091881133,0.1402369799297764,0.13941048392557231,0.804396710989833,0.0,0.0
2014-01-02 00:00:00+07:00,0.14173026890831458,0.14328889911808607,0.14260185913435858,0.14251321222522106,0.8094023397412256,0.0,0.0
2014-01-03 00:00:00+07:00,0.14173025072847692,0.14173750714059272,0.13787204423378194,0.13785907314272325,0.8457247207216414,0.0,0.0
2014-01-06 00:00:00+07:00,0.13705520890943387,0.1378590756988115,0.1370837473429727,0.1355320152597305,0.8358263596883272,0.0,0.0
2014-01-07 00:00:00+07:00,0.13627603830234553,0.13708339237353573,0.13747790056427214,0.13591986212631468,0.8135749654584542,0.0,0.0
2014-01-08 00:00:00+07:00,0.13705520540585364,0.13708338537933218,0.13629544440747907,0.13514416839314633,0.8339306286944592,0.0,0.0
2014-01-09 00:00:00+07:00,0.13549685605375766,0.1366955407285548,0.13668959286812576,0.13630769733464268,0.8598674754733563,0.0,0.0
2014-01-10 00:00:00+07:00,0.1370552041500179,0.13708338412246693,0.13747789228995708,0.13630769733464268,0.8696914813981925,0.0,0.0
2014-01-13 00:00:00+07:00,0.13783439814009912,0.14328889911808607,0.13944866102003858,0.14251321222522106,0.8926050276991859,0.0,0.0
2014-01-15 00:00:00+07:00,0.14406780018226936,0.1487187164534747,0.14536091637799864,0.14484028176646999,0.8744122764737503,0.0,0.0
2014-01-16 00:00:00+07:00,0.1471845038362372,0.14677950595670802,0.14654337257596242,0.14561597549963834,0.8247923606749136,0.0,0.0
2014-01-17 00:00:00+07:00,0.14640529222421952,0.14600378168008607,0.14654333513685464,0.14406456471678927,0.8071467397965972,0.0,0.0
2014-01-20 00:00:00+07:00,0.14640531732689344,0.14561596327775145,0.14417846164074924,0.14290105909180525,0.8174691777796425,0.0,0.0
2014-01-21 00:00:00+07:00,0.14289902533601617,0.14445242460274585,0.1445726030967975,0.14328889430013325,0.8024174784788741,0.0,0.0
2014-01-22 00:00:00+07:00,0.14367818306457286,0.14406456471678927,0.143784287169357,0.14406456471678927,0.8611416683248406,0.0,0.0
2014-01-23 00:00:00+07:00,0.14640532179661414,0.1494944023900622,0.14654336475640195,0.14871871545754328,0.8833761443147272,0.0,0.0
2014-01-24 00:00:00+07:00,0.14913242805816615,0.14949439896467365,0.14772581072202978,0.1483308685909591,0.8562874061626226,0.0,0.0
2014-01-27 00:00:00+07:00,0.14562613967653007,0.14484027290381607,0.14260185913435858,0.14251321222522106,0.8642305175254079,0.0,0.0
2014-01-28 00:00:00+07:00,0.14328863267368291,0.14639166247101812,0.14417847375084814,0.14561597549963834,0.849230949960046,0.0,0.0
2014-01-29 00:00:00+07:00,0.1471845038362372,0.15104578429929683,0.1481199717927053,0.14561597549963834,0.8784825352015095,0.0,0.0
2014-01-30 00:00:00+07:00,0.14406778517272734,0.14484026667240532,0.1453609012312123,0.14445242324162963,0.851853085019311,0.0,0.0
2014-02-03 00:00:00+07:00,0.14484696898464003,0.14561596327775145,0.14536091096015177,0.14290105909180525,0.8335353304185178,0.0,0.0
2014-02-04 00:00:00+07:00,0.14406778652963095,0.14406458116854165,0.14339015384120887,0.14328889430013325,0.8528114016597232,0.0,0.0
2014-02-05 00:00:00+07:00,0.1448469743806486,0.14484028176646999,0.14536091637799864,0.14484028176646999,0.8213734455538914,0.0,0.0
2014-02-06 00:00:00+07:00,0.14445740245355349,0.14794304504088726,0.14575508147584246,0.14794304504088726,0.8399683284629071,0.0,0.0
2014-02-07 00:00:00+07:00,0.15030117617387728,0.15027007272615303,0.15087899572363747,0.14949438587419928,0.8633417391128312,0.0,0.0
2014-02-10 00:00:00+07:00,0.15108035795598215,0.15143361069491118,0.14772580529016824,0.14639164591629436,0.8386669889870287,0.0,0.0
2014-02-11 00:00:00+07:00,0.1479636866919535,0.15027010608252084,0.14930242990786483,0.14794304504088726,0.8454175286238877,0.0,0.0
2014-02-12 00:00:00+07:00,0.15030118305247367,0.15104576649272533,0.15087900263187257,0.15027007960736766,0.8666491693412366,0.0,0.0
2014-02-13 00:00:00+07:00,0.15185952439897313,0.15182144643006049,0.15127314546713921,0.14949438587419928,0.8358026540772315,0.0,0.0
2014-02-14 00:00:00+07:00,0.15263871583353686,0.15182146367455016,0.153243911583151,0.1514336202071202,0.8494748699521633,0.0,0.0
2014-02-17 00:00:00+07:00,0.15380747907435208,0.15414852643136914,0.15482051268614216,0.15298499601520074,0.8600348249283019,0.0,0.0
2014-02-18 00:00:00+07:00,0.15380746877121607,0.1529849857581773,0.15442635254664308,0.1518214554154482,0.8267209041612456,0.0,0.0
2014-02-19 00:00:00+07:00,0.152638698511521,0.15259713328201424,0.1504848459801357,0.14949438587419928,0.849733934510217,0.0,0.0
2014-02-20 00:00:00+07:00,0.14991159799151052,0.1518214554154482,0.15127315442302336,0.1518214554154482,0.8518687630029963,0.0,0.0
2014-02-21 00:00:00+07:00,0.15419706275080883,0.1537606795404223,0.15482050924467214,0.15259714914861655,0.8409652935024375,0.0,0.0
2014-02-24 00:00:00+07:00,0.15380746877121607,0.15337282920575362,0.15324390325028567,0.1518214554154482,0.815346164048241,0.0,0.0
2014-02-25 00:00:00+07:00,0.15263871583353686,0.1525971506094101,0.153243911583151,0.1514336202071202,0.8363845736769742,0.0,0.0
2014-02-26 00:00:00+07:00,0.15263871386277483,0.15182146171260846,0.15087901091867087,0.14988224439903963,0.8488321114224238,0.0,0.0
2014-02-27 00:00:00+07:00,0.1506907701255247,0.15065792305004647,0.15087900263187257,0.15027007960736766,0.8421050362841139,0.0,0.0
2014-02-28 00:00:00+07:00,0.15108037039813094,0.15065793622242032,0.15048486603106254,0.14910656232412745,0.8696903134115932,0.0,0.0
2014-03-03 00:00:00+07:00,0.14952201711736673,0.15065793132446717,0.15048486113783485,0.14988224439903963,0.8543578160833659,0.0,0.0
2014-03-04 00:00:00+07:00,0.1503011951513087,0.153760682959313,0.15206146415383023,0.15298499601520074,0.8596476703419148,0.0,0.0
2014-03-05 00:00:00+07:00,0.1545866401187634,0.1545363567393764,0.15560879901521374,0.15414851329844093,0.8484559084078431,0.0,0.0
2014-03-06 00:00:00+07:00,0.15575539304349403,0.155699878771188,0.15679123994463404,0.15453634850676892,0.8592869608524502,0.0,0.0
2014-03-07 00:00:00+07:00,0.15575541992542996,0.15608774914363563,0.1567912670131138,0.15492421868986547,0.8562165631437116,0.0,0.0
2014-03-10 00:00:00+07:00,0.15575542985161547,0.15492422857162547,0.15482052787441586,0.1533728545400411,0.842637230976614,0.0,0.0
2014-03-11 00:00:00+07:00,0.15380746877121607,0.15414851610090635,0.15363805301573816,0.1518214554154482,0.8510806695709127,0.0,0.0
2014-03-12 00:00:00+07:00,0.15224914879085003,0.15182148368812742,0.1532439317754727,0.15104579665704837,0.8454865126938402,0.0,0.0
2014-03-13 00:00:00+07:00,0.1534178900293637,0.1525971506094101,0.153243911583151,0.1514336202071202,0.8197833162005291,0.0,0.0
2014-03-14 00:00:00+07:00,0.15146995632870797,0.16306892614891205,0.15206146402297996,0.16229323920542787,0.8932238122835978,0.0,0.0
2014-03-17 00:00:00+07:00,0.16315759952830036,0.16229326920281306,0.15994448941374612,0.16035405150553167,0.8761019496760726,0.0,0.0
2014-03-18 00:00:00+07:00,0.16198879373858768,0.1611296945036963,0.1591561461203444,0.15802694698951422,0.8667004558394051,0.0,0.0
2014-03-19 00:00:00+07:00,0.1588721187423138,0.1595783424096145,0.15718541869410602,0.156475594497946,0.8419597633728346,0.0,0.0
2014-03-20 00:00:00+07:00,0.15575540765309895,0.15492420647246033,0.15363805646534176,0.1522093022820324,0.8700312912056043,0.0,0.0
2014-03-21 00:00:00+07:00,0.15302831968461705,0.15337285434244355,0.15127317923856584,0.15065794979046418,0.8724624307134361,0.0,0.0
2014-03-24 00:00:00+07:00,0.1514699525832468,0.15104577478718093,0.15206146026117887,0.14988224439903963,0.8446924658103647,0.0,0.0
2014-03-25 00:00:00+07:00,0.15146994427162674,0.15065792305004647,0.1520614519132985,0.15027007960736766,0.8089905188610668,0.0,0.0
2014-03-26 00:00:00+07:00,0.15224912873562343,0.1522093071419801,0.1536380613687799,0.1514336202071202,0.8467909420453391,0.0,0.0
2014-03-27 00:00:00+07:00,0.15341791022956786,0.1549242318124437,0.15363808160999343,0.15104579665704837,0.8631565203224992,0.0,0.0
2014-03-28 00:00:00+07:00,0.15419707146482736,0.15569990565904557,0.1552146678008418,0.15492421868986547,0.8720862983525901,0.0,0.0
2014-04-01 00:00:00+07:00,0.1573137919743473,0.1626811127422693,0.1591561896960934,0.16035405150553167,0.8953641313938359,0.0,0.0
2014-04-02 00:00:00+07:00,0.16120963343337605,0.1607418648679989,0.16152105853067592,0.15957833445585096,0.8656971804427822,0.0,0.0
2014-04-03 00:00:00+07:00,0.16120966367698267,0.16035405150553167,0.16230938856670418,0.16035405150553167,0.8301445670345873,0.0,0.0
2014-04-04 00:00:00+07:00,0.16237842350336207,0.16151758044702805,0.1603386376070767,0.15880267569745113,0.840236661479861,0.0,0.0
2014-04-07 00:00:00+07:00,0.16043045923094765,0.16268108222157884,0.16152105853067592,0.15957833445585096,0.8735961087093518,0.0,0.0
2014-04-08 00:00:00+07:00,0.1600409021661921,0.16074189504498795,0.16152108884905145,0.16035405150553167,0.8701744648351173,0.0,0.0
2014-04-09 00:00:00+07:00,0.16120966367698267,0.16035405150553167,0.16309768828435686,0.16035405150553167,0.0,0.0,0.0
2014-04-10 00:00:00+07:00,0.15302830430787773,0.15957833445585096,0.1548205121182142,0.15957833445585096,0.8955307539780021,0.0,0.0
2014-04-11 00:00:00+07:00,0.15887210319513712,0.16306891786688663,0.15955030191912326,0.16268107441375587,0.8802482953323243,0.0,0.0
2014-04-14 00:00:00+07:00,0.16276798273521514,0.1650081439550048,0.16388595816786702,0.1650081439550048,0.8480698529129268,0.0,0.0
2014-04-15 00:00:00+07:00,0.16237838694708676,0.16462029167940984,0.1638859494011926,0.16268107441375587,0.8234712880386368,0.0,0.0
2014-04-16 00:00:00+07:00,0.16276799059437475,0.16384462144928785,0.1642801158921023,0.16190540399709988,0.8567356573102627,0.0,0.0
2014-04-17 00:00:00+07:00,0.16354717339658528,0.16423247353834877,0.1654625739795489,0.16423247353834877,0.8407886227463324,0.0,0.0
2014-04-21 00:00:00+07:00,0.16510549510447972,0.1646202902551698,0.16625084659004857,0.16384460335525225,0.7978519983218122,0.0,0.0
2014-04-22 00:00:00+07:00,0.16120964211027683,0.16229324748753746,0.1623093668470492,0.16190540399709988,0.8668674214930417,0.0,0.0
2014-04-23 00:00:00+07:00,0.16043046786822787,0.16229324748753746,0.1623093668470492,0.16190540399709988,0.841565292027782,0.0,0.0
2014-04-24 00:00:00+07:00,0.16276797201699644,0.1619053855028662,0.16309764784021133,0.16112969860567533,0.8200807276779827,0.0,0.0
2014-04-25 00:00:00+07:00,0.161988797859008,0.1619053855028662,0.16388594737318757,0.16112969860567533,0.8219455987777519,0.0,0.0
2014-04-28 00:00:00+07:00,0.16237840088299102,0.1646203058046168,0.1575795666192498,0.15492421868986547,0.8345274982786088,0.0,0.0
2014-04-29 00:00:00+07:00,0.16043044954303115,0.1619053855028662,0.16230934830723512,0.16112969860567533,0.8537071928712721,0.0,0.0
2014-04-30 00:00:00+07:00,0.16316556778249117,0.16269170775024108,0.16428278802169569,0.16230120179439855,0.8567633864291695,15.0,0.0
2014-05-02 00:00:00+07:00,0.1647346505618998,0.16815882842505747,0.1646796801543624,0.16191073182017396,0.8340501131291745,0.0,0.0
2014-05-05 00:00:00+07:00,0.16277334236977886,0.16230123785797917,0.1646796801543624,0.16191073182017396,0.7739568987135036,0.0,0.0
2014-05-06 00:00:00+07:00,0.16316556778249117,0.1642537315736113,0.16467964358768492,0.16230120179439855,0.7764312198202555,0.0,0.0
2014-05-07 00:00:00+07:00,0.16316556778249117,0.16386322561776878,0.16428278802169569,0.16230120179439855,0.812486525721254,0.0,0.0
2014-05-08 00:00:00+07:00,0.16591143215893453,0.16542528284964397,0.16428282121557058,0.16308224666715337,0.8052952156554686,0.0,0.0
2014-05-09 00:00:00+07:00,0.16238108255697847,0.1654252880193684,0.1642828263520826,0.1654252880193684,0.8106742956184052,0.0,0.0
2014-05-12 00:00:00+07:00,0.16630369898290143,0.1654252880193684,0.16587024896608868,0.1654252880193684,0.837050993054819,0.0,0.0
2014-05-13 00:00:00+07:00,0.16630369898290143,0.16659680614523237,0.1666639602730917,0.1654252880193684,0.8191041248978621,0.0,0.0
2014-05-14 00:00:00+07:00,0.16787272733595895,0.1701113420660586,0.16825136461953555,0.16776830605507106,0.8630549981672332,0.0,0.0
2014-05-16 00:00:00+07:00,0.16512689611993941,0.16972083606422736,0.16706079778135843,0.16776830605507106,0.8652118879048334,0.0,0.0
2014-05-19 00:00:00+07:00,0.16865725054053599,0.1705018480678898,0.169045075844987,0.16776830605507106,0.8695009087101018,0.0,0.0
2014-05-20 00:00:00+07:00,0.1655191427614623,0.16815879686254717,0.16547336036416135,0.16464424314661358,0.8620006225853079,0.0,0.0
2014-05-21 00:00:00+07:00,0.16591141501684772,0.1665967837228131,0.16587022663381143,0.1650347597538629,0.8402870767506484,0.0,0.0
2014-05-22 00:00:00+07:00,0.16983402046401913,0.16893980924379431,0.16666392753927903,0.16893980924379431,0.8503226818299988,0.0,0.0
2014-05-23 00:00:00+07:00,0.16904949937458486,0.16893981129359756,0.16904506306916445,0.16815879934580802,0.8243929165620145,0.0,0.0
2014-05-26 00:00:00+07:00,0.16787275287243825,0.16854934370589728,0.16904510156622263,0.16698731947359713,0.7932025834351828,0.0,0.0
2014-05-28 00:00:00+07:00,0.16748045719571628,0.16854930946475957,0.16904506722619259,0.16659677954983546,0.8191707116271001,0.0,0.0
2014-05-30 00:00:00+07:00,0.1596352111693686,0.16737777649119828,0.16150479642093876,0.1587866455952041,0.8851750116891391,0.0,0.0
2014-06-02 00:00:00+07:00,0.1655191427614623,0.16464424314661358,0.16467964920658426,0.16464424314661358,0.8408817285258853,0.0,0.0
2014-06-03 00:00:00+07:00,0.16708819665099914,0.1685493105125378,0.1654733679138253,0.1662062746008423,0.8513581025086765,0.0,0.0
2014-06-04 00:00:00+07:00,0.16395012400393028,0.16542528284964397,0.16547338814089355,0.16308224666715337,0.8121970934817746,0.0,0.0
2014-06-05 00:00:00+07:00,0.16434238563493114,0.16347275269756847,0.16507653249911924,0.16308224666715337,0.7970238267778951,0.0,0.0
2014-06-06 00:00:00+07:00,0.16395012400393028,0.16386325872798357,0.16507653249911924,0.16308224666715337,0.8081304134758807,0.0,0.0
2014-06-09 00:00:00+07:00,0.1643423845486474,0.1638632576441205,0.1646796757682624,0.16347275161614652,0.8607763313149009,0.0,0.0
2014-06-10 00:00:00+07:00,0.16708819665099914,0.1662062746008423,0.1654733679138253,0.1662062746008423,0.8240334735987466,0.0,0.0
2014-06-11 00:00:00+07:00,0.16708819665099914,0.1662062746008423,0.16626707910564123,0.1662062746008423,0.8194726034227675,0.0,0.0
2014-06-12 00:00:00+07:00,0.16630369898290143,0.16620630010327775,0.16547339331258715,0.1654252880193684,0.8110340775895356,0.0,0.0
2014-06-13 00:00:00+07:00,0.1643423845486474,0.1658157877839903,0.16587024268614292,0.16347275161614652,0.818562759066119,0.0,0.0
2014-06-16 00:00:00+07:00,0.1635578283272083,0.16425373055762943,0.16428278700543564,0.1626917067433917,0.8297884992537288,0.0,0.0
2014-06-17 00:00:00+07:00,0.1643423845486474,0.16347275161614652,0.16348910885038187,0.16347275161614652,0.8466697384145059,0.0,0.0
2014-06-18 00:00:00+07:00,0.1635578283272083,0.16308221269695108,0.1650764981327736,0.1626917067433917,0.8481751489083551,0.0,0.0
2014-06-19 00:00:00+07:00,0.16395012400393028,0.16347275269756847,0.16467967685734491,0.16308224666715337,0.8196160037444734,0.0,0.0
2014-06-20 00:00:00+07:00,0.16159654902495912,0.16464426550051764,0.1622985377890649,0.16073920531493835,0.8423572220280575,0.0,0.0
2014-06-23 00:00:00+07:00,0.16316556778249117,0.16308221370608364,0.16428278802169569,0.16230120179439855,0.8103747709197973,0.0,0.0
2014-06-24 00:00:00+07:00,0.16238110524639826,0.16308227456179375,0.16428284930723178,0.16152025018769317,0.8032432936817389,0.0,0.0
2014-06-25 00:00:00+07:00,0.158458464667222,0.16230123818559075,0.16031426833609005,0.15761516572299325,0.7884072524151917,0.0,0.0
2014-06-26 00:00:00+07:00,0.16316556778249117,0.16230120179439855,0.16309222132372803,0.16230120179439855,0.8394638018081062,0.0,0.0
2014-06-27 00:00:00+07:00,0.16041979081214425,0.1615202441835566,0.16229856474557036,0.1595677137844713,0.8579814716417083,0.0,0.0
2014-06-30 00:00:00+07:00,0.16316556778249117,0.16230120179439855,0.16110794349378194,0.16230120179439855,0.8293845390006864,0.0,0.0
2014-07-01 00:00:00+07:00,0.16316556778249117,0.16230120179439855,0.16309222132372803,0.16230120179439855,0.8318442288989697,0.0,0.0
2014-07-02 00:00:00+07:00,0.1643423845486474,0.16347275161614652,0.16428282012896891,0.16347275161614652,0.8070494546473681,0.0,0.0
2014-07-03 00:00:00+07:00,0.16277334236977886,0.1634727559713948,0.1646796801543624,0.16191073182017396,0.7966130031464701,0.0,0.0
2014-07-04 00:00:00+07:00,0.16473463338269628,0.1654252689040294,0.16467966296968808,0.16386324490688348,0.833869096338029,0.0,0.0
2014-07-07 00:00:00+07:00,0.16748045719571628,0.16698728553282027,0.16785450044547406,0.16659677954983546,0.8457003365767573,0.0,0.0
2014-07-08 00:00:00+07:00,0.16787275287243825,0.16933035582204736,0.16864824589633864,0.16698731947359713,0.8433166578515384,0.0,0.0
2014-07-09 00:00:00+07:00,0.16787275287243825,0.16698731947359713,0.16983881290599065,0.16698731947359713,0.0,0.0,0.0
2014-07-10 00:00:00+07:00,0.17061857668545824,0.17284490244583656,0.1718230833999804,0.1697208541165491,0.9137108951395201,0.0,0.0
2014-07-11 00:00:00+07:00,0.16787275287243825,0.1701113679381974,0.16706082321680263,0.16698731947359713,0.8518265630063487,0.0,0.0
2014-07-14 00:00:00+07:00,0.16787275287243825,0.1689398497639723,0.16864824589633864,0.16698731947359713,0.8316689389179839,0.0,0.0
2014-07-15 00:00:00+07:00,0.169441759919302,0.16972082220974274,0.16983877320540447,0.16854930429480117,0.8453284508335703,0.0,0.0
2014-07-16 00:00:00+07:00,0.17336434194513686,0.17479736586621855,0.17301358421225704,0.1724543304682202,0.8857111885704662,0.0,0.0
2014-07-17 00:00:00+07:00,0.17336434194513686,0.17479736586621855,0.17182301768555808,0.1724543304682202,0.8466496665577711,0.0,0.0
2014-07-18 00:00:00+07:00,0.17336434194513686,0.17401635406688576,0.17301358421225704,0.1724543304682202,0.8638712111758414,0.0,0.0
2014-07-21 00:00:00+07:00,0.17336434194513686,0.1736258481672193,0.1749978617567553,0.1724543304682202,0.8387161040503675,0.0,0.0
2014-07-22 00:00:00+07:00,0.17375663762185883,0.17401638830955124,0.1742041850201161,0.17284487039198188,0.8583920345074141,0.0,0.0
2014-07-23 00:00:00+07:00,0.17297211653242456,0.17362588440169724,0.17380733150409852,0.1720638604939956,0.8136976496672192,0.0,0.0
2014-07-24 00:00:00+07:00,0.17336434194513686,0.1736258481672193,0.17420415073895598,0.1724543304682202,0.8451507715925071,0.0,0.0
2014-07-25 00:00:00+07:00,0.17257985598770742,0.17245436750328408,0.1730136213649096,0.17167335554500246,0.8449882666601372,0.0,0.0
2014-08-04 00:00:00+07:00,0.1745411704219614,0.17362589194822434,0.16428280456845284,0.17362589194822434,0.8697585915952967,0.0,0.0
2014-08-05 00:00:00+07:00,0.17493341925601028,0.1740163852389613,0.17618845982758244,0.1740163852389613,0.8175042623982738,0.0,0.0
2014-08-06 00:00:00+07:00,0.17493341925601028,0.1740163852389613,0.1742041819460743,0.1740163852389613,0.8168915670028984,0.0,0.0
2014-08-07 00:00:00+07:00,0.17257985598770742,0.17362588544070642,0.17380733254424216,0.17167335554500246,0.8188986013670974,0.0,0.0
2014-08-08 00:00:00+07:00,0.17297211653242456,0.17284487244784638,0.17460104267892837,0.1720638604939956,0.8014931642357671,0.0,0.0
2014-08-11 00:00:00+07:00,0.17414889816657597,0.17518790519265548,0.1753947507332118,0.17323537534097502,0.8012396342310588,0.0,0.0
2014-08-12 00:00:00+07:00,0.17414889816657597,0.17479739922231943,0.17579160631393026,0.17323537534097502,0.7989998718879799,0.0,0.0
2014-08-13 00:00:00+07:00,0.17493341925601028,0.17440689120495131,0.17499789309867753,0.1740163852389613,0.8301096267813588,0.0,0.0
2014-08-14 00:00:00+07:00,0.17493341925601028,0.17479739717094123,0.17618845982758244,0.1740163852389613,0.8131886739880311,0.0,0.0
2014-08-15 00:00:00+07:00,0.17571798718811768,0.1747974417699723,0.17658536044001588,0.1747974417699723,0.8039095044525403,0.0,0.0
2014-08-18 00:00:00+07:00,0.17532575006473708,0.17479746624983505,0.17658538515979794,0.17440696013749152,0.806810209532895,0.0,0.0
2014-08-19 00:00:00+07:00,0.17375663762185883,0.17557841219964376,0.17579160735188024,0.17284487039198188,0.8181477436248835,0.0,0.0
2014-08-20 00:00:00+07:00,0.17532575006473708,0.17440696013749152,0.1757916737097281,0.17440696013749152,0.8111172890660608,0.0,0.0
2014-08-21 00:00:00+07:00,0.17571798718811768,0.1747974417699723,0.17618850476768838,0.1747974417699723,0.8055569055458759,0.0,0.0
2014-08-22 00:00:00+07:00,0.17571798718811768,0.17557845389093116,0.17618850476768838,0.1747974417699723,0.8115439708793528,0.0,0.0
2014-08-25 00:00:00+07:00,0.17532575006473708,0.17518797236217862,0.1769822408848328,0.17440696013749152,0.8099889204975986,0.0,0.0
2014-08-26 00:00:00+07:00,0.17571798718811768,0.17518794783045175,0.17618850476768838,0.1747974417699723,0.8356907944048344,0.0,0.0
2014-08-27 00:00:00+07:00,0.17650247314554712,0.17557841669319005,0.17579161185105205,0.17557841669319005,0.8345233680444313,0.0,0.0
2014-08-28 00:00:00+07:00,0.17650247314554712,0.17557841669319005,0.17658532303620245,0.17557841669319005,0.8408059587980038,0.0,0.0
2014-08-29 00:00:00+07:00,0.16630369898290143,0.1755784451101895,0.16825138288709776,0.1654252880193684,0.8532462251337284,0.0,0.0
2014-09-01 00:00:00+07:00,0.17414889816657597,0.1736258813113111,0.1749978951524934,0.17323537534097502,0.8317079978303796,0.0,0.0
2014-09-02 00:00:00+07:00,0.17414889816657597,0.17479739922231943,0.1761884618946487,0.17323537534097502,0.8234843662161411,0.0,0.0
2014-09-03 00:00:00+07:00,0.17414889816657597,0.17479739922231943,0.1761884618946487,0.17323537534097502,0.8039428848627694,0.0,0.0
2014-09-04 00:00:00+07:00,0.17571798718811768,0.1747974417699723,0.17658536044001588,0.1747974417699723,0.8155300666106665,0.0,0.0
2014-09-05 00:00:00+07:00,0.18042512543539166,0.17948351281614616,0.1769822144548271,0.17948351281614616,0.84174790554332,0.0,0.0
2014-09-08 00:00:00+07:00,0.1831709141164068,0.18377903636425338,0.18174443985074418,0.1822170124843296,0.8650653337974881,0.0,0.0
2014-09-09 00:00:00+07:00,0.1870935546955831,0.18690310898785328,0.18571302036977397,0.18612209694902954,0.8598854859022004,0.0,0.0
2014-09-10 00:00:00+07:00,0.18434774259323142,0.1865126224297694,0.18333190573362207,0.18338857396433375,0.8482478837622844,0.0,0.0
2014-09-11 00:00:00+07:00,0.18199416761426024,0.18456008704346277,0.18412561198911323,0.18104553261211873,0.8265272292126995,0.0,0.0
2014-09-12 00:00:00+07:00,0.17964056921395252,0.18143600986670666,0.18134759358931396,0.1787024679433913,0.8649827351275289,0.0,0.0
2014-09-15 00:00:00+07:00,0.1792483203799036,0.17948349269898892,0.1793633283612926,0.1783119746526544,0.8212677138281255,0.0,0.0
2014-09-16 00:00:00+07:00,0.17807151532441567,0.1790929663559563,0.1801570191701526,0.1771404364891626,0.8359366936280386,0.0,0.0
2014-09-17 00:00:00+07:00,0.18277867699302625,0.18260754289114745,0.18134760854932983,0.18182653085184883,0.8374767416399699,0.0,0.0
2014-09-18 00:00:00+07:00,0.18748579181896366,0.18690308455234264,0.18491928491756132,0.18651257858151032,0.8428316216692417,0.0,0.0
2014-09-19 00:00:00+07:00,0.1882703363297345,0.1892461418612106,0.18888786217694092,0.18729361179600895,0.8688355509299047,0.0,0.0
2014-09-22 00:00:00+07:00,0.19140842068747163,0.19041765138795408,0.18968156494334731,0.19041765138795408,0.833336208871754,0.0,0.0
2014-09-23 00:00:00+07:00,0.1890548574191688,0.19002715173816828,0.19087213813910317,0.18807462169399525,0.8158520129859171,0.0,0.0
2014-09-24 00:00:00+07:00,0.18630901018481225,0.18885561752731173,0.1884909882639288,0.1853410637345309,0.8185150826479776,0.0,0.0
2014-09-25 00:00:00+07:00,0.19258522574295964,0.19237020162262164,0.188887873634032,0.19158918955144585,0.8569040890328208,0.0,0.0
2014-09-26 00:00:00+07:00,0.19140842068747163,0.19119866338078326,0.19087213176501022,0.19041765138795408,0.8497923693584349,0.0,0.0
2014-09-29 00:00:00+07:00,0.19572333352203333,0.19471325245990334,0.19365015594736734,0.19471325245990334,0.8345844582773335,0.0,0.0
2014-09-30 00:00:00+07:00,0.19572333352203333,0.1954942645870017,0.19245958892102585,0.19471325245990334,0.8697723907339614,0.0,0.0
2014-10-01 00:00:00+07:00,0.19493874216858936,0.20252330315086625,0.19722178820483566,0.19393217261238,0.8338887787578916,0.0,0.0
2014-10-02 00:00:00+07:00,0.1851322285506608,0.19197966855141718,0.18650671344805392,0.1841695488875515,0.8805674589725525,0.0,0.0
2014-10-03 00:00:00+07:00,0.1808173859801088,0.18651262069545843,0.18214133702784943,0.1798740177651393,0.8443797301746181,0.0,0.0
2014-10-06 00:00:00+07:00,0.18356322150379709,0.1837790822544125,0.18174448526228282,0.18260756406634746,0.8138463754569911,0.0,0.0
2014-10-07 00:00:00+07:00,0.18630901018481225,0.18651258166545778,0.18452243238926924,0.1853410637345309,0.8405183619378165,0.0,0.0
2014-10-08 00:00:00+07:00,0.18670130586153422,0.18729362783776946,0.18452246612905587,0.18573160365829258,0.8440605099056563,0.0,0.0
2014-10-09 00:00:00+07:00,0.19062394644071048,0.19158921858278968,0.1896816136867408,0.18963668812299253,0.8510789304273513,0.0,0.0
2014-10-10 00:00:00+07:00,0.19140842068747163,0.19276068736644164,0.19047527615778925,0.19041765138795408,0.848827853349628,0.0,0.0
2014-10-13 00:00:00+07:00,0.1882703363297345,0.19041765990033158,0.1904752846734091,0.18729361179600895,0.8329307024632427,0.0,0.0
2014-10-14 00:00:00+07:00,0.18866259687445164,0.18963664679966863,0.1888878611062988,0.1876841167450021,0.8226553408873174,0.0,0.0
2014-10-15 00:00:00+07:00,0.18944709454254938,0.19119864505176115,0.19087211346411365,0.188465103326476,0.8211985576528261,0.0,0.0
2014-10-16 00:00:00+07:00,0.1882703363297345,0.1896366478742509,0.1904752846734091,0.18729361179600895,0.8255651469284883,0.0,0.0
2014-10-17 00:00:00+07:00,0.18787809920635393,0.19119869684014512,0.1888878868061521,0.1869031301635282,0.8494532663154291,0.0,0.0
2014-10-20 00:00:00+07:00,0.18866259687445164,0.19080816483246857,0.1908721392161776,0.1876841167450021,0.8265904084538709,0.0,0.0
2014-10-21 00:00:00+07:00,0.19062394644071048,0.19080820639887083,0.19087218079969892,0.18963668812299253,0.8300891950557748,0.0,0.0
2014-10-22 00:00:00+07:00,0.19493874216858936,0.19471318447951508,0.19325323277131523,0.19393217261238,0.8444739710449987,0.0,0.0
2014-10-23 00:00:00+07:00,0.19886144130110703,0.19822782145902879,0.1976187270880101,0.19783731536836083,0.8558743340429669,0.0,0.0
2014-10-24 00:00:00+07:00,0.19964593896920477,0.2025233623762166,0.1984124129172057,0.19861830194983474,0.8341359865350085,0.0,0.0
2014-10-27 00:00:00+07:00,0.19729239912223845,0.20057086266505572,0.199603010243998,0.19627529557238826,0.8190822913638945,0.0,0.0
2014-10-28 00:00:00+07:00,0.19964593896920477,0.19978982007774937,0.20039669118818648,0.19861830194983474,0.7971029850437998,0.0,0.0
2014-10-29 00:00:00+07:00,0.20043036637329278,0.19978972444599233,0.2007934507435685,0.1993992185817716,0.8274713513747968,0.0,0.0
2014-10-30 00:00:00+07:00,0.1945465050452088,0.19666573882230254,0.19642810176686024,0.1935416909798992,0.8410627172622179,0.0,0.0
2014-10-31 00:00:00+07:00,0.19533104955597963,0.19705626634151474,0.1940469894488719,0.19432272419439783,0.8545912502732455,0.0,0.0
2014-11-03 00:00:00+07:00,0.19572333352203333,0.19588477065055082,0.19603129000005035,0.19471325245990334,0.8241032092811991,0.0,0.0
2014-11-04 00:00:00+07:00,0.19493874216858936,0.19432267854594754,0.1956343660314274,0.19393217261238,0.8260612872316927,0.0,0.0
2014-11-05 00:00:00+07:00,0.19611559406675047,0.19549426347031865,0.19722185590019797,0.1951037574088965,0.8127030886970439,0.0,0.0
2014-11-06 00:00:00+07:00,0.1941542679218282,0.19510373948348525,0.19603127087205385,0.19315120934741842,0.8296841713994871,0.0,0.0
2014-11-07 00:00:00+07:00,0.18983937850860308,0.19354170364792558,0.1904752803820731,0.18885563159198152,0.8462312992927161,0.0,0.0
2014-11-10 00:00:00+07:00,0.18748579181896366,0.18885561440650428,0.18888784072978876,0.18651257858151032,0.8287037285386286,0.0,0.0
2014-11-11 00:00:00+07:00,0.19180070465352533,0.19237020381275607,0.19047529839193625,0.1908081796534596,0.8402085075702284,0.0,0.0
2014-11-12 00:00:00+07:00,0.19258522574295964,0.19276070765820955,0.1916658631632506,0.19158918955144585,0.8246211505367169,0.0,0.0
2014-11-13 00:00:00+07:00,0.19258522574295964,0.19276070765820955,0.19245957445731302,0.19158918955144585,0.8125612476383595,0.0,0.0
2014-11-14 00:00:00+07:00,0.1933697468323939,0.19354171754358546,0.1940469948539997,0.19237019944943215,0.8357185831186255,0.0,0.0
2014-11-17 00:00:00+07:00,0.19336970098830492,0.1943226835260623,0.1952375154909932,0.19197964786741428,0.8179726973247585,0.0,0.0
2014-11-18 00:00:00+07:00,0.19611559406675047,0.19588476953174083,0.19642814455362687,0.1951037574088965,0.8436015408235162,0.0,0.0
2014-11-19 00:00:00+07:00,0.2000381995139219,0.1997898189800082,0.19960297878293579,0.19900880689882788,0.8789819590692007,0.0,0.0
2014-11-20 00:00:00+07:00,0.19846908707104363,0.19900874082071174,0.20039662356339108,0.19744671715331824,0.8453156647257676,0.0,0.0
2014-11-21 00:00:00+07:00,0.19964593896920477,0.19978982007774937,0.19920612422559808,0.19861830194983474,0.8307645907026537,0.0,0.0
2014-11-24 00:00:00+07:00,0.19886144130110703,0.20174237627504027,0.20039671700905826,0.19783731536836083,0.8490832587143669,0.0,0.0
2014-11-25 00:00:00+07:00,0.19846908707104363,0.19861823490386335,0.2007934790897521,0.19744671715331824,0.8528086084050528,0.0,0.0
2014-11-26 00:00:00+07:00,0.1980768967903362,0.19861830635749303,0.20039669563389717,0.19705628215386217,0.8048718830765347,0.0,0.0
2014-11-27 00:00:00+07:00,0.19611559406675047,0.19861831196169596,0.19761871157348357,0.1951037574088965,0.8485107561104352,0.0,0.0
2014-11-28 00:00:00+07:00,0.19611559406675047,0.196275275593163,0.19722185590019797,0.1951037574088965,0.8190011882285491,0.0,0.0
2014-12-01 00:00:00+07:00,0.1976846418434528,0.1966657827776492,0.197618712701839,0.19471325245990334,0.8422547605480571,0.0,0.0
2014-12-02 00:00:00+07:00,0.19572328157812224,0.1982277544305425,0.19801551582502888,0.19666573057184433,0.8549418992525185,0.0,0.0
2014-12-03 00:00:00+07:00,0.19807682555412007,0.19900874082071174,0.19841234593158605,0.19744671715331824,0.8348263825430596,0.0,0.0
2014-12-04 00:00:00+07:00,0.20003813313873792,0.19978975265440846,0.2007934790897521,0.19744671715331824,0.8313247790222317,0.0,0.0
2014-12-05 00:00:00+07:00,0.20004417248106704,0.20097467956116943,0.20198865231834945,0.1997987237045354,0.8421275079649002,10.0,0.0
2014-12-08 00:00:00+07:00,0.19965038902315127,0.2005826581781764,0.2011918982139872,0.198622732087183,0.8152058876778767,0.0,0.0
2014-12-09 00:00:00+07:00,0.2000440773855746,0.2005825988939367,0.19999676244655773,0.19823068824837414,0.8162169952367593,0.0,0.0
2014-12-10 00:00:00+07:00,0.19768164042774258,0.20019066156716592,0.19999681018743573,0.19901470597645476,0.8093075166654943,0.0,0.0
2014-12-11 00:00:00+07:00,0.20004413649193015,0.20019067295997772,0.2011918982139872,0.198622732087183,0.8327289832228278,0.0,0.0
2014-12-12 00:00:00+07:00,0.19846908795486767,0.19940664357115537,0.20079347998392713,0.19823068824837414,0.829016571947859,0.0,0.0
2014-12-15 00:00:00+07:00,0.19531917556650186,0.1958788442873964,0.19561488259593046,0.1950948738176876,0.8585598003423944,0.0,0.0
2014-12-16 00:00:00+07:00,0.19453167806329544,0.1974467826572946,0.19481816226278617,0.19195898943746395,0.844971423518741,0.0,0.0
2014-12-17 00:00:00+07:00,0.19531917302453766,0.19509487127736716,0.19521652115585508,0.19195898943746395,0.8300841992754562,0.0,0.0
2014-12-18 00:00:00+07:00,0.1953191628892165,0.19509486114859997,0.19641158764019775,0.19391890551684754,0.8308115675721158,0.0,0.0
2014-12-19 00:00:00+07:00,0.1976816503585283,0.1982307455441683,0.19920010247743136,0.19705478989707118,0.8526468740099754,0.0,0.0
2014-12-22 00:00:00+07:00,0.1992566388724724,0.19823074419908743,0.1988017422499858,0.19548684770695937,0.8097348197743851,0.0,0.0
2014-12-23 00:00:00+07:00,0.19846908618049852,0.19744671626675883,0.19959840189292294,0.19666274605826234,0.7884736659327458,0.0,0.0
2014-12-24 00:00:00+07:00,0.19925660529310302,0.19862269592009282,0.20039514397352073,0.1974467404698306,0.7838341970371341,0.0,0.0
2014-12-29 00:00:00+07:00,0.19768159147186617,0.1982306864752553,0.19959840189292294,0.19666274605826234,0.7950327079793155,0.0,0.0
2014-12-30 00:00:00+07:00,0.19650038396351,0.19744675099557046,0.1988017193216353,0.1962707954855029,0.8083637360301988,0.0,0.0
2015-01-02 00:00:00+07:00,0.19965041186891624,0.19862275483069977,0.19999684446640897,0.19783878430863946,0.8037550086772548,0.0,0.0
2015-01-05 00:00:00+07:00,0.1976816156916574,0.1974467404698306,0.19959842634978214,0.1974467404698306,0.7971370003115853,0.0,0.0
2015-01-06 00:00:00+07:00,0.19531917618986522,0.19744678585693484,0.19760667771666732,0.19587884491274352,0.8274857579785587,0.0,0.0
2015-01-07 00:00:00+07:00,0.1961066365431238,0.19744675099557046,0.19840336048950674,0.1962707954855029,0.818692170287625,0.0,0.0
2015-01-08 00:00:00+07:00,0.19728790019486714,0.19666280199093655,0.19720830538689707,0.19391890551684754,0.8327268371536599,0.0,0.0
2015-01-09 00:00:00+07:00,0.1957129096681921,0.19548684567747573,0.1964115869553527,0.19313493442179164,0.865149073958048,0.0,0.0
2015-01-12 00:00:00+07:00,0.1941379091992254,0.19431087940611932,0.19441978194505907,0.19431087940611932,0.8516619615891485,0.0,0.0
2015-01-13 00:00:00+07:00,0.19610664639552786,0.19509484978374414,0.19720829390362643,0.19431087940611932,0.8134091538261888,0.0,0.0
2015-01-14 00:00:00+07:00,0.1957129096681921,0.19470287525891436,0.1964115869553527,0.19313493442179164,0.8044289591791336,0.0,0.0
2015-01-15 00:00:00+07:00,0.19453160907515624,0.1950948020676476,0.19680988693203025,0.1935268616780387,0.8009237421765076,0.0,0.0
2015-01-16 00:00:00+07:00,0.19571285111747438,0.19470281697024538,0.19680988693203025,0.1935268616780387,0.8251959849725211,0.0,0.0
2015-01-19 00:00:00+07:00,0.19492540407774636,0.19470286459493172,0.19720829390362643,0.19431087940611932,0.7984062100053736,0.0,0.0
2015-01-20 00:00:00+07:00,0.1949253694395503,0.19509481510124954,0.19641154129235766,0.19470282997887875,0.8137472775220339,0.0,0.0
2015-01-21 00:00:00+07:00,0.1961066591627226,0.1974467737727651,0.19800502449804863,0.19548684770695937,0.8465913136707324,0.0,0.0
2015-01-22 00:00:00+07:00,0.1961066260902117,0.197838725619918,0.19840334991417433,0.1974467404698306,0.8361976479604399,0.0,0.0
2015-01-23 00:00:00+07:00,0.1988628947422479,0.20058265884054224,0.2011918988783321,0.1994067031822389,0.8700540893997412,0.0,0.0
2015-01-26 00:00:00+07:00,0.2004378229520794,0.2005825971007448,0.19800496683178384,0.19666274605826234,0.8625608353865553,0.0,0.0
2015-01-27 00:00:00+07:00,0.1976816156916574,0.197838725619918,0.19959842634978214,0.1974467404698306,0.8287243071254305,0.0,0.0
2015-01-28 00:00:00+07:00,0.19807539914803565,0.19940670252358036,0.1999968215707231,0.198622732087183,0.8270501629007441,0.0,0.0
2015-01-29 00:00:00+07:00,0.19925664221226813,0.1994067031822389,0.2007935399959882,0.1994067031822389,0.8201363876507043,0.0,0.0
2015-01-30 00:00:00+07:00,0.2016190572974142,0.20097457450758605,0.20278526425090324,0.20019060432775773,0.8583168644150114,0.0,0.0
2015-02-02 00:00:00+07:00,0.20083166755392234,0.20019070899008004,0.20159029336882034,0.1997987237045354,0.8168993959026609,0.0,0.0
2015-02-03 00:00:00+07:00,0.2012253702457518,0.2021505903566784,0.20318368388193983,0.2021505903566784,0.8424493503319704,0.0,0.0
2015-02-04 00:00:00+07:00,0.20358788315280113,0.20999032344953703,0.20517550662170808,0.20842238243363803,0.8756181346139004,0.0,0.0
2015-02-05 00:00:00+07:00,0.20949409333011682,0.20881436530061803,0.20358206862193054,0.2052864980534144,0.8529452819890674,0.0,0.0
2015-02-06 00:00:00+07:00,0.20752535582806142,0.2068544390521716,0.20796401666592795,0.2052864980534144,0.8323852175947027,0.0,0.0
2015-02-09 00:00:00+07:00,0.20319406575770346,0.20842231079449863,0.20557379483024393,0.20685437029398915,0.8435263094344947,0.0,0.0
2015-02-10 00:00:00+07:00,0.20910034643350064,0.20842238065310437,0.2079640172668883,0.2060704691484703,0.8292376995579299,0.0,0.0
2015-02-11 00:00:00+07:00,0.20752534690713462,0.20881435632290982,0.20876072551584435,0.20881435632290982,0.8253138306987926,0.0,0.0
2015-02-12 00:00:00+07:00,0.20988784322825388,0.20920635294158751,0.21115089038339516,0.20842238243363803,0.8360391709812744,0.0,0.0
2015-02-13 00:00:00+07:00,0.21106907552434426,0.2139101656353105,0.2131426746513576,0.21038229851302162,0.8565514063702298,0.0,0.0
2015-02-16 00:00:00+07:00,0.2118565819355371,0.21273422141625067,0.21354104508137553,0.20999032462374984,0.8056289973651901,0.0,0.0
2015-02-17 00:00:00+07:00,0.2110690761472462,0.21195024008191207,0.21354103418054035,0.21116626960807752,0.8267730981232172,0.0,0.0
2015-02-18 00:00:00+07:00,0.2142190560478989,0.21861398910950472,0.21354103418054035,0.21116626960807752,0.8354974276381821,0.0,0.0
2015-02-20 00:00:00+07:00,0.2157940337616233,0.21508610977411677,0.21433773981728205,0.2107742724022934,0.7966334445095645,0.0,0.0
2015-02-23 00:00:00+07:00,0.21225031798375205,0.2135181803995006,0.2131426746513576,0.21038229851302162,0.8339256086797584,0.0,0.0
2015-02-24 00:00:00+07:00,0.21185655909973397,0.2111662576179137,0.2123459454249434,0.2107742724022934,0.8253243920852875,0.0,0.0
2015-02-25 00:00:00+07:00,0.21106906482942664,0.21273419914774114,0.21354102273017103,0.2115582434973493,0.8178017186401139,0.0,0.0
2015-02-26 00:00:00+07:00,0.2106753286596646,0.21273421055574646,0.2131426752804294,0.21116626960807752,0.8398354255712353,0.0,0.0
2015-02-27 00:00:00+07:00,0.21106906482942664,0.21234221393094385,0.21354102273017103,0.2115582434973493,0.8568618458592594,0.0,0.0
2015-03-02 00:00:00+07:00,0.21343153963705877,0.2146941151743764,0.21513444817089256,0.2135181595767329,0.8637670328286978,0.0,0.0
2015-03-03 00:00:00+07:00,0.21658148666536658,0.21900591943375178,0.21871964503364813,0.21626202343466003,0.8612161678926245,0.0,0.0
2015-03-04 00:00:00+07:00,0.2189439596603554,0.21900590806327583,0.219516351245632,0.2166539973239318,0.8382767740195498,0.0,0.0
2015-03-05 00:00:00+07:00,0.21894399607099474,0.22018190005560423,0.22110982315746225,0.21782998894128422,0.8397963295857954,0.0,0.0
2015-03-06 00:00:00+07:00,0.2189439975147758,0.22057388669599048,0.22150818346623352,0.21939793113139602,0.8533879730930689,0.0,0.0
2015-03-09 00:00:00+07:00,0.21736901623707963,0.21743801367329693,0.21513445025412425,0.21587007286190063,0.8482090648283332,0.0,0.0
2015-03-10 00:00:00+07:00,0.21736897016684645,0.2182219378168278,0.21752455732278664,0.2166539973239318,0.8343702922823594,0.0,0.0
2015-03-11 00:00:00+07:00,0.2150065301344295,0.21587007147352685,0.21712624318534274,0.2143021306717888,0.8542347000893887,0.0,0.0
2015-03-12 00:00:00+07:00,0.2146127933669772,0.21430214134484024,0.2159311773478535,0.2131261856874611,0.8352658716228296,0.0,0.0
2015-03-13 00:00:00+07:00,0.21421904456839624,0.21430214001493023,0.2143377404894987,0.2115582434973493,0.8506494159029362,0.0,0.0
2015-03-16 00:00:00+07:00,0.21146274331206047,0.21508604030352943,0.21393931181717593,0.21234214464286813,0.8375329322716762,0.0,0.0
2015-03-17 00:00:00+07:00,0.2154002869705098,0.21469412523172757,0.2151344582488264,0.2115582434973493,0.829412192908227,0.0,0.0
2015-03-18 00:00:00+07:00,0.21264404473764,0.2139101447759474,0.21513444817089256,0.2135181595767329,0.8308790421338627,0.0,0.0
2015-03-19 00:00:00+07:00,0.21579403643818038,0.21547809766363168,0.216329536893854,0.213910156782517,0.8361334437027254,0.0,0.0
2015-03-20 00:00:00+07:00,0.21382531164771792,0.21743803653738508,0.21632954960487585,0.21508612508335706,0.8631260644174789,0.0,0.0
2015-03-23 00:00:00+07:00,0.21736902894231785,0.2186139820619729,0.21991476949402725,0.21704604116274065,0.8230740657950641,0.0,0.0
2015-03-24 00:00:00+07:00,0.21973146824883566,0.22057386245433075,0.2215081591241887,0.21861393671982776,0.8409973111547313,0.0,0.0
2015-03-25 00:00:00+07:00,0.2197314577993163,0.22174980734928768,0.22150814858861836,0.21978988170415545,0.8144194504226022,0.0,0.0
2015-03-26 00:00:00+07:00,0.218944008124316,0.221357867798337,0.2211098353309222,0.21822198614706834,0.8457637089175625,0.0,0.0
2015-03-27 00:00:00+07:00,0.21855027136857183,0.21822199683716487,0.2195164106062224,0.21704604116274065,0.8444599472054787,0.0,0.0
2015-03-30 00:00:00+07:00,0.21815650119868632,0.22018190005560423,0.220711464309381,0.21782998894128422,0.8296475098858567,0.0,0.0
2015-03-31 00:00:00+07:00,0.2236690050942871,0.22292583603391614,0.22429673385755683,0.22292583603391614,0.8538688563690419,0.0,0.0
2015-04-01 00:00:00+07:00,0.22485024760438546,0.2244937770444405,0.22589016952187804,0.22292583603391614,0.8206882620370971,0.0,0.0
2015-04-02 00:00:00+07:00,0.22563768326451336,0.22449371796344703,0.22509339245264773,0.2225337921951073,0.8210538773832877,0.0,0.0
2015-04-06 00:00:00+07:00,0.22366898629636614,0.2327254478140146,0.22589015053592848,0.22841361038279515,0.8452805669217208,0.0,0.0
2015-04-07 00:00:00+07:00,0.23430015784393574,0.23507734891783552,0.2338573180429464,0.23037352646217873,0.8363488372022764,0.0,0.0
2015-04-08 00:00:00+07:00,0.22800020650970373,0.22802162318642896,0.22788194298136555,0.2260616970976274,0.8545831830988445,0.0,0.0
2015-04-09 00:00:00+07:00,0.22800018375086753,0.22880557077710373,0.22867863790819565,0.22684564487617098,0.8435937169543337,0.0,0.0
2015-04-10 00:00:00+07:00,0.2299689796681059,0.2291976145547639,0.2286786963828412,0.22645371761992392,0.8346186834334502,0.0,0.0
2015-04-13 00:00:00+07:00,0.2272127115730266,0.22684566753314805,0.2290770196232932,0.2260616970976274,0.8201768260470851,0.0,0.0
2015-04-14 00:00:00+07:00,0.22681892785811075,0.22762960158361303,0.2282802653742809,0.22488570548027503,0.8507727042730577,0.0,0.0
2015-04-15 00:00:00+07:00,0.22524398238028648,0.22488574958405091,0.22389836228100155,0.22174986773307612,0.8648993432365318,0.0,0.0
2015-04-16 00:00:00+07:00,0.22366897108077125,0.2244937428971644,0.2242966997363291,0.22410175770173146,0.8580474444425525,0.0,0.0
2015-04-17 00:00:00+07:00,0.22679767937580675,0.22564852241261618,0.2270478667010971,0.22328103978319735,0.8731627422117928,19.6,0.0
2015-04-20 00:00:00+07:00,0.2236268346815871,0.2256485124784323,0.22504287529525077,0.2224918691058853,0.8349026496869644,0.0,0.0
2015-04-21 00:00:00+07:00,0.2240232049242173,0.22722685029241263,0.22624588020445519,0.22564852849862108,0.8620343427863236,0.0,0.0
2015-04-22 00:00:00+07:00,0.2275904128244838,0.2264377079147268,0.22825088041577676,0.2252539664764774,0.8509544136686685,0.0,0.0
2015-04-23 00:00:00+07:00,0.2275903942220169,0.22722685029241263,0.22905285437214615,0.22564852849862108,0.8247521622561658,0.0,0.0
2015-04-24 00:00:00+07:00,0.22679768548917253,0.22722685029241263,0.228651858062476,0.22564852849862108,0.8301613472222216,0.0,0.0
2015-04-27 00:00:00+07:00,0.22521229554726263,0.22485939509488867,0.21541900623132934,0.2146003022318392,0.8968563881894844,0.0,0.0
2015-04-28 00:00:00+07:00,0.2141143426875461,0.21460027285801225,0.21341399522701196,0.21223279019990313,0.8788280325354719,0.0,0.0
2015-04-29 00:00:00+07:00,0.21252893449243151,0.21144363852123083,0.20218610753313715,0.20355202933203265,0.9107674856391603,0.0,0.0
2015-04-30 00:00:00+07:00,0.20143098396824377,0.20670864434120315,0.1973741242513528,0.20315742067686426,0.8939771508824691,0.0,0.0
2015-05-04 00:00:00+07:00,0.20420544389311962,0.2090761059617034,0.20619602159092498,0.20710320411388733,0.8550056385069552,0.0,0.0
2015-05-05 00:00:00+07:00,0.208565365829097,0.21025987205039925,0.20980501258686401,0.2090761308071674,0.8562866282510078,0.0,0.0
2015-05-06 00:00:00+07:00,0.20856540656292957,0.2078924301891904,0.20820106817293496,0.20670868872476839,0.8801305752146044,0.0,0.0
2015-05-07 00:00:00+07:00,0.20618728012516907,0.2078924301891904,0.20820106817293496,0.20670868872476839,0.8332645545981616,0.0,0.0
2015-05-08 00:00:00+07:00,0.20856537439570774,0.209470719827378,0.20980502120652936,0.2078923981077117,0.8346120877622415,0.0,0.0
2015-05-11 00:00:00+07:00,0.20935811537551632,0.20868159116547177,0.20900306087295162,0.20670868872476839,0.8427901086776294,0.0,0.0
2015-05-12 00:00:00+07:00,0.2065835696162168,0.20868152559214018,0.20860199896794182,0.20710320411388733,0.8326989292855402,0.0,0.0
2015-05-13 00:00:00+07:00,0.20697992390339967,0.20828694522257693,0.2094039914269474,0.20710320411388733,0.8437445207882505,0.0,0.0
2015-05-15 00:00:00+07:00,0.2081690175460394,0.2078923956079747,0.20539405953609174,0.20394659135417628,0.8622788309049699,0.0,0.0
2015-05-18 00:00:00+07:00,0.20618721379320862,0.20552488110387224,0.20739900873418987,0.2051303007371196,0.822574877412035,0.0,0.0
2015-05-19 00:00:00+07:00,0.20658357804778557,0.2090761144941496,0.20780001499229614,0.20591947141443165,0.8306646639116366,0.0,0.0
2015-05-20 00:00:00+07:00,0.2089617483245967,0.21183822225410498,0.2102060371999133,0.20947073946233577,0.8360607586375282,0.0,0.0
2015-05-21 00:00:00+07:00,0.21173620796073872,0.21736232717680443,0.21341398659679395,0.2134165228993588,0.840019033788672,0.0,0.0
2015-05-22 00:00:00+07:00,0.21649243442140215,0.21933520329501552,0.21662193119170994,0.21696772099772585,0.8402041184204374,0.0,0.0
2015-05-25 00:00:00+07:00,0.21807784163272698,0.217362291417075,0.21902789861244557,0.21617855032041383,0.8176265551832048,0.0,0.0
2015-05-26 00:00:00+07:00,0.2156997258202799,0.21933520329501552,0.2174239236777854,0.21696772099772585,0.8687724620326827,0.0,0.0
2015-05-27 00:00:00+07:00,0.2180778787430891,0.21775690885562593,0.2190279358957918,0.21538942627612653,0.8503456541957124,0.0,0.0
2015-05-28 00:00:00+07:00,0.21411426893432484,0.21538935953981905,0.2158198986995347,0.21381103828847775,0.8145829887755378,0.0,0.0
2015-05-29 00:00:00+07:00,0.21609610576262228,0.21617858589357078,0.2162209606172052,0.2134165228993588,0.8661382269140856,0.0,0.0
2015-06-01 00:00:00+07:00,0.21252891665199025,0.2134165228993588,0.21421597917405427,0.2134165228993588,0.7950365530580669,0.0,0.0
2015-06-03 00:00:00+07:00,0.21252888234296316,0.21183816697191454,0.20659701628089686,0.2051303007371196,0.8828689094706792,0.0,0.0
2015-06-04 00:00:00+07:00,0.20460182481066866,0.20749781148557797,0.20699804099218092,0.20552490939228799,0.8359302813285533,0.0,0.0
2015-06-05 00:00:00+07:00,0.20380909792921,0.20670863218436114,0.20619603001167708,0.20591947141443165,0.8270908550272553,0.0,0.0
2015-06-08 00:00:00+07:00,0.20460183827298078,0.20513034247496495,0.2053940693936861,0.20473576203148833,0.8545681206475975,0.0,0.0
2015-06-09 00:00:00+07:00,0.20301641352640204,0.20394659380854605,0.19978011393559192,0.20039536993929688,0.8740967657270764,0.0,0.0
2015-06-10 00:00:00+07:00,0.2014310244341226,0.20513036390605743,0.19978014202780364,0.20078997859446526,0.851985469849803,0.0,0.0
2015-06-11 00:00:00+07:00,0.20301639991589543,0.203157419323284,0.20138408558593573,0.20118451730009657,0.8404288974214416,0.0,0.0
2015-06-12 00:00:00+07:00,0.1994491913015762,0.2003953366802717,0.20098306945302327,0.1996061759454725,0.8491790544807897,0.0,0.0
2015-06-15 00:00:00+07:00,0.20143099613517185,0.20078995036921346,0.20258708797145442,0.20039536993929688,0.8236524869150768,0.0,0.0
2015-06-16 00:00:00+07:00,0.2010346283038213,0.203157419323284,0.20138408558593573,0.20118451730009657,0.8426910204989028,0.0,0.0
2015-06-17 00:00:00+07:00,0.20460179818030247,0.20868152559214018,0.20619602159092498,0.20710320411388733,0.8439475399348347,0.0,0.0
2015-06-18 00:00:00+07:00,0.20777265950265553,0.206708650648262,0.20699804099218092,0.20552490939228799,0.8041426683316278,0.0,0.0
2015-06-19 00:00:00+07:00,0.20658363453146253,0.20868159116547177,0.20900306087295162,0.20670868872476839,0.845058875721169,0.0,0.0
2015-06-22 00:00:00+07:00,0.2077726324777654,0.20828694522257693,0.2094039914269474,0.20710320411388733,0.8145044603487802,0.0,0.0
2015-06-23 00:00:00+07:00,0.2081689297316388,0.20749772760197766,0.20980493016539445,0.20631398680355056,0.8196461074314086,0.0,0.0
2015-06-24 00:00:00+07:00,0.20697995082965878,0.20789239190423595,0.2090030223891602,0.20552490939228799,0.8363214207257302,0.0,0.0
2015-06-25 00:00:00+07:00,0.2065835901924298,0.20670864434120315,0.2045920570699436,0.20315742067686426,0.8519188972468464,0.0,0.0
2015-06-26 00:00:00+07:00,0.2038090781722554,0.20749777284705667,0.20379003277532673,0.20434113005980759,0.8410027052295573,0.0,0.0
2015-06-29 00:00:00+07:00,0.20301642943282244,0.20434119025095243,0.20419108913744324,0.20355202933203265,0.8289095736452373,0.0,0.0
2015-06-30 00:00:00+07:00,0.20658361883017584,0.2074978339266317,0.2069980633834717,0.20355202933203265,0.8438901073012267,0.0,0.0
2015-07-01 00:00:00+07:00,0.20618726445269214,0.20591951208879208,0.2069980633834717,0.20355202933203265,0.8133617636390578,0.0,0.0
2015-07-02 00:00:00+07:00,0.2042054423714103,0.20710320257088283,0.2045920351476642,0.2051303007371196,0.8328053191728679,0.0,0.0
2015-07-03 00:00:00+07:00,0.20460182481066866,0.20591948981094596,0.20699804099218092,0.20552490939228799,0.7921184420674646,0.0,0.0
2015-07-06 00:00:00+07:00,0.20579085950884896,0.20591946147062487,0.20699801250754338,0.2051303007371196,0.8238127342366779,0.0,0.0
2015-07-07 00:00:00+07:00,0.20499814105860095,0.20552487119383497,0.20218604803075768,0.19881700526816048,0.8409775275537211,0.0,0.0
2015-07-08 00:00:00+07:00,0.20301644203812688,0.20276288100882534,0.20058213471711162,0.20078997859446526,0.8476712302518181,0.0,0.0
2015-07-09 00:00:00+07:00,0.19905283701656667,0.1996061759454725,0.19978008077111126,0.1996061759454725,0.8361633634895715,0.0,0.0
2015-07-10 00:00:00+07:00,0.20063828743955672,0.20197369165896314,0.20298808426229187,0.20039536993929688,0.8215062297298068,0.0,0.0
2015-07-13 00:00:00+07:00,0.20143101192288762,0.20434119025095243,0.20379009281658203,0.20355202933203265,0.8314947519672675,0.0,0.0
2015-07-14 00:00:00+07:00,0.20539450522448927,0.20591946147062487,0.20699801250754338,0.2051303007371196,0.8203986141138583,0.0,0.0
2015-07-15 00:00:00+07:00,0.20420549256527357,0.20355202933203265,0.20539407810002686,0.20355202933203265,0.8383708296099456,0.0,0.0
2015-07-22 00:00:00+07:00,0.20579084950190876,0.2047357104082137,0.20338903656732504,0.20434113005980759,0.8562004592827885,0.0,0.0
2015-07-23 00:00:00+07:00,0.20618724343184547,0.20986529529500522,0.20739903855457995,0.20749781276905568,0.8148221926052518,0.0,0.0
2015-07-24 00:00:00+07:00,0.20896169533931402,0.20789236485301374,0.20860199896794182,0.20710320411388733,0.7835659176888274,0.0,0.0
2015-07-27 00:00:00+07:00,0.2046017900872451,0.20394655308562532,0.202186051290009,0.20276281202169588,0.840286711618094,0.0,0.0
2015-07-28 00:00:00+07:00,0.19984556622727595,0.1992116161653012,0.19737412381511232,0.19566039250844947,0.8668370143692654,0.0,0.0
2015-07-29 00:00:00+07:00,0.19667477264458433,0.1980279162440046,0.19336420151993855,0.19329295042605046,0.851825707206973,0.0,0.0
2015-07-30 00:00:00+07:00,0.19469299082131528,0.19763332580503867,0.19577016973429942,0.19250377974873842,0.8256441249313041,0.0,0.0
2015-07-31 00:00:00+07:00,0.19588204257738825,0.19802789475101013,0.19657215094892275,0.1972387338630735,0.8680272402573966,0.0,0.0
2015-08-03 00:00:00+07:00,0.19548564845148095,0.1996061759454725,0.19777509963459128,0.1996061759454725,0.8381939857408506,0.0,0.0
2015-08-04 00:00:00+07:00,0.20143099613517185,0.20197369165896314,0.20098310280810439,0.20039536993929688,0.8235099888357531,0.0,0.0
2015-08-05 00:00:00+07:00,0.20143102724964815,0.20907617165361242,0.2025871192728185,0.20670868872476839,0.8470526347992888,0.0,0.0
2015-08-06 00:00:00+07:00,0.2077726473435531,0.20986528171613195,0.21020599892584282,0.20828696012985537,0.8420146895025655,0.0,0.0
2015-08-07 00:00:00+07:00,0.2077726607872152,0.20828697361103882,0.20820103111811472,0.20749781276905568,0.8003807489014082,0.0,0.0
2015-08-10 00:00:00+07:00,0.20697994850016935,0.2090761308071674,0.20820102748654634,0.2090761308071674,0.797501337748962,0.0,0.0
2015-08-11 00:00:00+07:00,0.21015074642714618,0.20986525493749347,0.20459202519133016,0.20434113005980759,0.8311217692446985,0.0,0.0
2015-08-12 00:00:00+07:00,0.19984557255699664,0.19960620289687844,0.19857711891036983,0.1980278812238732,0.8797164401938372,0.0,0.0
2015-08-13 00:00:00+07:00,0.1942965758740533,0.19921158561672958,0.19657210111641532,0.19881700526816048,0.862219484573056,0.0,0.0
2015-08-14 00:00:00+07:00,0.2006382541566048,0.20000075631287212,0.20178506190763132,0.1996061759454725,0.8076668488401506,0.0,0.0
2015-08-18 00:00:00+07:00,0.20063831765144208,0.20078998061612818,0.1977751622973941,0.19526585380281816,0.8621580045458407,0.0,0.0
2015-08-19 00:00:00+07:00,0.194296592929408,0.19487121889362408,0.19336414843761515,0.19092541507760202,0.8518813016053504,0.0,0.0
2015-08-20 00:00:00+07:00,0.19191850071546482,0.19092544850901688,0.1869482413409838,0.18421758090301157,0.8723511221583391,0.0,0.0
2015-08-21 00:00:00+07:00,0.18240599937296395,0.1830338430002921,0.18053230379826812,0.17790429709230862,0.8655253362587092,0.0,0.0
2015-08-24 00:00:00+07:00,0.1713080694326302,0.17750970886488124,0.1668984217290039,0.16882893922752595,0.8867878604497914,0.0,0.0
2015-08-25 00:00:00+07:00,0.17289346906938682,0.17948259261619656,0.17331434467580933,0.17395846702226087,0.8896838544794745,0.0,0.0
2015-08-26 00:00:00+07:00,0.17844241561018956,0.17829883751962336,0.17531931229700856,0.17750967677888407,0.8629750597501706,0.0,0.0
2015-08-27 00:00:00+07:00,0.18319869851337817,0.1917146029647208,0.1853442498706383,0.18934712035600268,0.867053775450357,0.0,0.0
2015-08-28 00:00:00+07:00,0.19429664622678017,0.19408211139570947,0.1949681869065118,0.19329295042605046,0.8649657240562741,0.0,0.0
2015-08-31 00:00:00+07:00,0.19429658594861166,0.1940820511538254,0.19456713016897703,0.1940820511538254,0.8603499117101339,0.0,0.0
2015-09-01 00:00:00+07:00,0.19429661535531664,0.1932929196927548,0.19095819305776565,0.18895253501734666,0.8300592123626043,0.0,0.0
2015-09-02 00:00:00+07:00,0.18399141340783054,0.18697964403489614,0.18614624872374885,0.18421758090301157,0.8642302987418425,0.0,0.0
2015-09-03 00:00:00+07:00,0.18755861948910987,0.18697966078621941,0.18694825809120982,0.18461217789992376,0.822897492685017,0.0,0.0
2015-09-04 00:00:00+07:00,0.1851804715807151,0.1842175760017855,0.18574524747478932,0.18382299556435558,0.8291298161139602,0.0,0.0
2015-09-07 00:00:00+07:00,0.1839913789784948,0.18303380528553106,0.18173525528155834,0.17869342113659592,0.8128819196884627,0.0,0.0
2015-09-08 00:00:00+07:00,0.17804609826172133,0.17987719631952753,0.17892831550502244,0.17672055273459678,0.8418437135727125,0.0,0.0
2015-09-09 00:00:00+07:00,0.17923512744053716,0.18027174264529963,0.18133425904431902,0.17869342113659592,0.8317470241358222,0.0,0.0
2015-09-10 00:00:00+07:00,0.1784424188508776,0.18027174264529963,0.1793292778581226,0.17869342113659592,0.8396359154798773,0.0,0.0
2015-09-11 00:00:00+07:00,0.18082054461985644,0.17987716226812372,0.18133425904431902,0.17869342113659592,0.8238433683724303,0.0,0.0
2015-09-14 00:00:00+07:00,0.18082056760415052,0.18185008727377736,0.18173527838970102,0.18145550684893186,0.8131645467556032,0.0,0.0
2015-09-15 00:00:00+07:00,0.18082057314382832,0.18145551240977373,0.18013129876978817,0.1790880297917643,0.81631587699082,0.0,0.0
2015-09-16 00:00:00+07:00,0.17923512418617538,0.17869341788999293,0.17973027083055412,0.17750967677888407,0.8422645617994778,0.0,0.0
2015-09-17 00:00:00+07:00,0.18002781435963913,0.18342836359267475,0.18173523340307066,0.18342836359267484,0.8354294180772085,0.0,0.0
2015-09-18 00:00:00+07:00,0.18240599594630372,0.18421758090301157,0.18374027087204392,0.18421758090301157,0.8608751623390591,0.0,0.0
2015-09-21 00:00:00+07:00,0.18240598805296349,0.18342841206899674,0.1833392666271413,0.1826392512066437,0.8260518812506168,0.0,0.0
2015-09-22 00:00:00+07:00,0.1816132860801316,0.18303383841637788,0.18374026972333787,0.18224467752624388,0.8363702823651417,0.0,0.0
2015-09-23 00:00:00+07:00,0.1796315187657328,0.17987719936460997,0.18053230379826812,0.17790429709230862,0.856591612349715,0.0,0.0
2015-09-25 00:00:00+07:00,0.1796315157260779,0.17948261587141118,0.17852731919568923,0.17672055273459678,0.8452890977839566,0.0,0.0
2015-09-28 00:00:00+07:00,0.17685701773539697,0.17593137448830795,0.17411634261103967,0.1715909899650933,0.8282108873606596,0.0,0.0
2015-09-29 00:00:00+07:00,0.1709117272612835,0.1794826238251282,0.17171038956444845,0.17829888243096464,0.843147982221656,0.0,0.0
2015-09-30 00:00:00+07:00,0.1808205784847768,0.18697964403489614,0.18133429302033907,0.18421758090301157,0.8568795158303563,0.0,0.0
2015-10-01 00:00:00+07:00,0.18557684749325917,0.18776882174831797,0.18293829466319364,0.17987721212733251,0.828611950076631,0.0,0.0
2015-10-02 00:00:00+07:00,0.1808205818831176,0.18540132572705367,0.18093330011404837,0.17790429709230862,0.8220611351311413,0.0,0.0
2015-10-05 00:00:00+07:00,0.1855768379287692,0.19250377761216556,0.18574525948463796,0.18855797299520302,0.8659142141502204,0.0,0.0
2015-10-06 00:00:00+07:00,0.1903330300192911,0.19684410022592763,0.19256213580351889,0.19487119851462506,0.8773447591228256,0.0,0.0
2015-10-07 00:00:00+07:00,0.19667473163446197,0.19881703575898435,0.19817611634882046,0.19566039250844947,0.8703868721776167,0.0,0.0
2015-10-08 00:00:00+07:00,0.19826016874892297,0.20118453830275654,0.19937912508474676,0.1972387338630735,0.8510742923948528,0.0,0.0
2015-10-09 00:00:00+07:00,0.20182730692984607,0.2023682284052823,0.20218604803075768,0.19881700526816048,0.8795303898591811,0.0,0.0
2015-10-12 00:00:00+07:00,0.20063825568884172,0.2051303026547393,0.2029880521397252,0.2015790793222402,0.8816002808726542,0.0,0.0
2015-10-13 00:00:00+07:00,0.20301636633152842,0.20197364467531423,0.1977750864263489,0.19487119851462506,0.8541758688419627,0.0,0.0
2015-10-15 00:00:00+07:00,0.196674773603331,0.1980279172094732,0.1977751622973941,0.19526585380281816,0.866538098151588,0.0,0.0
2015-10-16 00:00:00+07:00,0.1966747627409246,0.19566042347569243,0.1949681770795499,0.19250377974873842,0.8511383145375024,0.0,0.0
2015-10-19 00:00:00+07:00,0.1935038983594199,0.20000077833849184,0.19577014008090118,0.19763329588521716,0.8481168176706669,0.0,0.0
2015-10-20 00:00:00+07:00,0.20103459839765736,0.2003953266624369,0.20138405561442302,0.19881700526816048,0.8486275906411855,0.0,0.0
2015-10-21 00:00:00+07:00,0.2014310244341226,0.2035520419745694,0.2037901054743436,0.20078997859446526,0.8273116211515028,0.0,0.0
2015-10-22 00:00:00+07:00,0.20380914201884212,0.20355203316011677,0.20459208930540718,0.20197371129392094,0.8197957697787893,0.0,0.0
2015-10-23 00:00:00+07:00,0.2089617161420541,0.20789238556264938,0.20579504587304204,0.20315742067686426,0.8328438686075814,0.0,0.0
2015-10-26 00:00:00+07:00,0.2069799323504391,0.20710321256932587,0.2082010112374509,0.20591947141443165,0.8461121800850827,0.0,0.0
2015-10-27 00:00:00+07:00,0.20539451513982454,0.20670863218436114,0.20619603001167708,0.20591947141443165,0.8204717523885869,0.0,0.0
2015-10-28 00:00:00+07:00,0.20341277518869508,0.20710324469234806,0.20579506569830414,0.20473576203148833,0.8305321447298601,0.0,0.0
2015-10-29 00:00:00+07:00,0.20658359627052417,0.20710323084365337,0.19897811518935232,0.1980278812238732,0.8464449519560048,0.0,0.0
2015-10-30 00:00:00+07:00,0.20063825451972628,0.19960617630696884,0.1973741037649572,0.1940820511538254,0.8422281467881965,0.0,0.0
2015-11-02 00:00:00+07:00,0.19350389929810674,0.19408207314709147,0.19376515967401745,0.19210917109357006,0.8537080149115017,0.0,0.0
2015-11-03 00:00:00+07:00,0.1950893205239184,0.19921162247862714,0.19737413007342205,0.1980278812238732,0.8382451257685775,0.0,0.0
2015-11-04 00:00:00+07:00,0.20063821930809847,0.20552484578206343,0.2029880153329053,0.20236820336652753,0.851833123614465,0.0,0.0
2015-11-05 00:00:00+07:00,0.20460178670411674,0.20710319249865056,0.20419102898332842,0.20434113005980759,0.8360383712469734,0.0,0.0
2015-11-06 00:00:00+07:00,0.20856532936342348,0.20749777284705667,0.20619601002333696,0.20434113005980759,0.803033140629512,0.0,0.0
2015-11-09 00:00:00+07:00,0.20460181950633444,0.20355200201840384,0.19937910650602297,0.19763329588521716,0.8151090073988421,0.0,0.0
2015-11-10 00:00:00+07:00,0.19667474024191642,0.1996062053053362,0.1977751287399879,0.19447665980899378,0.8432035889915903,0.0,0.0
2015-11-11 00:00:00+07:00,0.19588206479370882,0.19763333672280817,0.1977751622973941,0.19526585380281816,0.8220071817190188,0.0,0.0
2015-11-12 00:00:00+07:00,0.19627841919851985,0.20039540012946322,0.19857715499441142,0.19526585380281816,0.7999232420694945,0.0,0.0
2015-11-13 00:00:00+07:00,0.19595996327191567,0.19693012394692627,0.19825496943981902,0.19534508331181497,0.8172473578229368,11.0,0.0
2015-11-16 00:00:00+07:00,0.19516382938317056,0.19494877255124438,0.1942278856916614,0.19494877255124438,0.8138932771626398,0.0,0.0
2015-11-17 00:00:00+07:00,0.19914425799977473,0.20128894698476446,0.20147655734939549,0.19851512638264496,0.8494742699859323,0.0,0.0
2015-11-18 00:00:00+07:00,0.19954233842628186,0.20168524635784163,0.20067118993512684,0.1977226447605779,0.8118515520530253,0.0,0.0
2015-11-19 00:00:00+07:00,0.19914425294534785,0.20010016164689443,0.1990603327458798,0.19574130080633614,0.8537682584977756,0.0,0.0
2015-11-20 00:00:00+07:00,0.19675601266683299,0.19970391069759202,0.19825493531395985,0.19891139051019083,0.8298140880628837,0.0,0.0
2015-11-23 00:00:00+07:00,0.2015325123084382,0.20168521205432086,0.20268467213117805,0.20128895195895374,0.8308741300559778,0.0,0.0
2015-11-24 00:00:00+07:00,0.2015325171569133,0.20564781795315926,0.2038927868391657,0.20406277753526256,0.8585758525060724,0.0,0.0
2015-11-25 00:00:00+07:00,0.20511491873175586,0.20644036575483604,0.20711444073503896,0.20445906497932081,0.8300792029612057,0.0,0.0
2015-11-26 00:00:00+07:00,0.20710513086691418,0.20802541040643316,0.20791985142117866,0.20485532910686668,0.8534852621320981,0.0,0.0
2015-11-27 00:00:00+07:00,0.20710509330138363,0.20604407219680135,0.2014765614410225,0.19891139051019083,0.792954000763572,0.0,0.0
2015-11-30 00:00:00+07:00,0.1991442778345713,0.19851514616635238,0.18979818182174862,0.18662734245534268,0.9205226722376388,0.0,0.0
2015-12-01 00:00:00+07:00,0.19277559012416898,0.20168520394431583,0.19503330219193263,0.200496423703862,0.8784312162773004,0.0,0.0
2015-12-02 00:00:00+07:00,0.20193055387297948,0.20366651253115606,0.20147656232844882,0.20128895195895374,0.8442708830745855,0.0,0.0
2015-12-03 00:00:00+07:00,0.20073642917935558,0.20208147214968789,0.20187926559602523,0.20128895195895374,0.8165827877297966,0.0,0.0
2015-12-04 00:00:00+07:00,0.202328590440969,0.20128894698476446,0.20147655734939549,0.19851512638264496,0.8247653959319375,0.0,0.0
2015-12-07 00:00:00+07:00,0.20073646380552987,0.2020815070126079,0.20268470709653227,0.20010020620934083,0.8279781860048744,0.0,0.0
2015-12-08 00:00:00+07:00,0.19874622365474082,0.20208147448561256,0.1998657515698127,0.19693009318897378,0.8312446555924407,0.0,0.0
2015-12-09 00:00:00+07:00,0.19795014051687015,0.19693009318897378,0.20026845484183464,0.19693009318897378,0.0,0.0,0.0
2015-12-10 00:00:00+07:00,0.19595996136720178,0.20445906497932081,0.19825496751279786,0.20445906497932081,0.8483457122598179,0.0,0.0
2015-12-11 00:00:00+07:00,0.20471685218162433,0.20366651985508566,0.20026845973354776,0.1997039187652826,0.8370455145046458,0.0,0.0
2015-12-14 00:00:00+07:00,0.19755210377374094,0.1997039187652826,0.19906034988931484,0.1997039187652826,0.8264163368516448,0.0,0.0
2015-12-15 00:00:00+07:00,0.1983482175091572,0.199703949557318,0.20067119395207234,0.19811890888812378,0.8261315247016126,0.0,0.0
2015-12-16 00:00:00+07:00,0.2035227250253601,0.20525155784868507,0.20429549011599724,0.20406277753526256,0.8445313581556692,0.0,0.0
2015-12-17 00:00:00+07:00,0.21028942851524646,0.20921415564519721,0.20912792619075213,0.2060440748564796,0.8675369267634331,0.0,0.0
2015-12-18 00:00:00+07:00,0.20471688010674155,0.20445906797652844,0.20349011376438086,0.20010020620934083,0.8566716635414313,0.0,0.0
2015-12-21 00:00:00+07:00,0.19994037259095698,0.20247775911903945,0.20228199571511943,0.19930767795424906,0.8114804530112549,0.0,0.0
2015-12-22 00:00:00+07:00,0.2007364363994669,0.2012889592012038,0.20268467942201374,0.1997039187652826,0.8384889873765752,0.0,0.0
2015-12-23 00:00:00+07:00,0.19994037259095698,0.20128897868224307,0.2018792923964945,0.19930767795424906,0.8242665512251549,0.0,0.0
2015-12-28 00:00:00+07:00,0.19914431295481375,0.2028740432907955,0.20147661294804586,0.20168526271952436,0.8413159301724105,0.0,0.0
2015-12-29 00:00:00+07:00,0.2007364211093113,0.2028739841847697,0.203087367234197,0.200496423703862,0.8349861547009104,0.0,0.0
2015-12-30 00:00:00+07:00,0.2015325123084382,0.20762911348482657,0.2038927819339072,0.20128895195895374,0.8463385684784197,0.0,0.0
2016-01-04 00:00:00+07:00,0.20033842217540876,0.20327028749456816,0.2022820037626079,0.20010020620934083,0.849210440027815,0.0,0.0
2016-01-05 00:00:00+07:00,0.20073639494151227,0.20525151792425675,0.2030873407599312,0.2024776977085667,0.8595258879382491,0.0,0.0
2016-01-06 00:00:00+07:00,0.20272664429054563,0.20445904007304633,0.20308738270342475,0.1997039187652826,0.8635839383821787,0.0,0.0
2016-01-07 00:00:00+07:00,0.19914428474814222,0.19891141319895092,0.1998657711721542,0.19653385237794027,0.8790683703119904,0.0,0.0
2016-01-08 00:00:00+07:00,0.19675603511096754,0.1981188929252807,0.19906036455271678,0.19653385237794027,0.8718759176071768,0.0,0.0
2016-01-11 00:00:00+07:00,0.1967560419731012,0.19613759908571485,0.1958387449102471,0.19257125773550618,0.8482795927724425,0.0,0.0
2016-01-12 00:00:00+07:00,0.19595996768838014,0.20010020972461656,0.19825497390800734,0.19811890888812378,0.8541386883712943,0.0,0.0
2016-01-13 00:00:00+07:00,0.20113449743595357,0.20128897868224307,0.20228199571511943,0.19930767795424906,0.8486688106004279,0.0,0.0
2016-01-14 00:00:00+07:00,0.1975520989479348,0.19891139368768096,0.1994630482977908,0.19693009318897378,0.8693544776508642,0.0,0.0
2016-01-15 00:00:00+07:00,0.19914428474814222,0.19891141319895092,0.1998657711721542,0.19653385237794027,0.8433330814727537,0.0,0.0
2016-01-18 00:00:00+07:00,0.19516388791184908,0.19811891243726534,0.197046867417109,0.19613761156690673,0.8514703410202586,0.0,0.0
2016-01-19 00:00:00+07:00,0.198348213538712,0.1981189049203043,0.19906037660319803,0.1977226447605779,0.8329443758541242,0.0,0.0
2016-01-20 00:00:00+07:00,0.1975520989479348,0.19772261338845665,0.1994630482977908,0.19693009318897378,0.8481094053186405,0.0,0.0
2016-01-21 00:00:00+07:00,0.19834816985434103,0.1973263411119937,0.1990603327458798,0.19574130080633614,0.848882570458699,0.0,0.0
2016-01-22 00:00:00+07:00,0.19834820153575064,0.1981188929252807,0.19906036455271678,0.19653385237794027,0.8454629845456924,0.0,0.0
2016-01-25 00:00:00+07:00,0.20073642422037188,0.20010016672671324,0.20026844757517237,0.19851512638264496,0.8347253216106857,0.0,0.0
2016-01-26 00:00:00+07:00,0.19834820153575064,0.19891141319895092,0.19946306786243548,0.19653385237794027,0.8349775654803997,0.0,0.0
2016-01-27 00:00:00+07:00,0.19914430078274956,0.199703949557318,0.20107389729274983,0.19811890888812378,0.8705411981366933,0.0,0.0
2016-01-28 00:00:00+07:00,0.19914426204403698,0.20089269097869378,0.2014765614410225,0.19891139051019083,0.8722290396248753,0.0,0.0
2016-01-29 00:00:00+07:00,0.20073646732993425,0.20010020972461656,0.19946308393003984,0.19811890888812378,0.8874858998273595,0.0,0.0
2016-02-01 00:00:00+07:00,0.19914429728504524,0.20010020620934083,0.1994630804251377,0.20010020620934083,0.855885320080982,0.0,0.0
2016-02-02 00:00:00+07:00,0.20113450896673044,0.20010020972461656,0.20107389729274983,0.19811890888812378,0.859536532383702,0.0,0.0
2016-02-03 00:00:00+07:00,0.19755212630994512,0.1981189009372824,0.1994630759270185,0.197326380633032,0.8411645970801104,0.0,0.0
2016-02-04 00:00:00+07:00,0.19755209579256772,0.20049643088499314,0.19986574837749124,0.19891139051019083,0.8523569858158024,0.0,0.0
2016-02-05 00:00:00+07:00,0.19914423697378236,0.20564778624008287,0.20147653607715513,0.20327022596365843,0.9067213456634937,0.0,0.0
2016-02-09 00:00:00+07:00,0.20392076169568593,0.203270252435789,0.2030873753987544,0.20128895195895374,0.8327778868887266,0.0,0.0
2016-02-10 00:00:00+07:00,0.20153257839744534,0.202874058878471,0.2038928487969223,0.20089275778094495,0.8437929871039216,0.0,0.0
2016-02-11 00:00:00+07:00,0.20073646034712558,0.2052515847636197,0.2030874069315488,0.20208150353055787,0.8829894614292487,0.0,0.0
2016-02-12 00:00:00+07:00,0.20352278684363298,0.2052516201955022,0.2038928487969223,0.20089275778094495,0.8700739804343927,0.0,0.0
2016-02-15 00:00:00+07:00,0.2039207933356949,0.2036665441470888,0.20510092356803683,0.20208150353055787,0.8406047543927482,0.0,0.0
2016-02-16 00:00:00+07:00,0.20272667640285588,0.20485533263044411,0.2051009315988765,0.20287403178564964,0.8613896948903424,0.0,0.0
2016-02-17 00:00:00+07:00,0.2039208013182478,0.20406281229252632,0.2055036349412413,0.20287403178564964,0.8485585039204219,0.0,0.0
2016-02-18 00:00:00+07:00,0.20551296787210369,0.2056478529683619,0.20630904162597097,0.20287403178564964,0.8789988712539222,0.0,0.0
2016-02-19 00:00:00+07:00,0.2023286257686003,0.20128898215428395,0.19865766927650366,0.197326380633032,0.8793749385286539,0.0,0.0
2016-02-22 00:00:00+07:00,0.19795016451596265,0.2004964583910455,0.19986577580336998,0.19930767795424906,0.833746628047361,0.0,0.0
2016-02-23 00:00:00+07:00,0.20073646732993425,0.20089273005921365,0.20026849061139482,0.19811890888812378,0.8574900037928803,0.0,0.0
2016-02-24 00:00:00+07:00,0.19795014051687015,0.19891139368768096,0.19785223520970313,0.19693009318897378,0.8534307170115085,0.0,0.0
2016-02-25 00:00:00+07:00,0.1991442967970919,0.19970394555920978,0.20026848660214464,0.1977226447605779,0.8470674813492733,0.0,0.0
2016-02-26 00:00:00+07:00,0.19994037709998333,0.20445906445535422,0.20228200027695367,0.20208150353055787,0.8772589075776943,0.0,0.0
2016-02-29 00:00:00+07:00,0.20551293289380682,0.2048552977442109,0.20590630322332373,0.20406277753526256,0.8764782234595796,0.0,0.0
2016-03-01 00:00:00+07:00,0.20511492623363975,0.20525159279940305,0.2055036349412413,0.20287403178564964,0.8504671021540995,0.0,0.0
2016-03-02 00:00:00+07:00,0.20591097040380363,0.20525155379570204,0.2051008926191709,0.2036665134077167,0.871968527635198,0.0,0.0
2016-03-03 00:00:00+07:00,0.20431883944346282,0.20525158926931245,0.2067117414139411,0.20485532910686668,0.8676956549854928,0.0,0.0
2016-03-04 00:00:00+07:00,0.20710511538296647,0.20762913471599642,0.2083225391780245,0.2056478340454461,0.8622231388312993,0.0,0.0
2016-03-07 00:00:00+07:00,0.20710511538296647,0.2068366144477763,0.20791983587107513,0.2056478340454461,0.8636960498579519,0.0,0.0
2016-03-08 00:00:00+07:00,0.20551296787210369,0.2056478529683619,0.20308741488705226,0.20287403178564964,0.8656460543215792,0.0,0.0
2016-03-10 00:00:00+07:00,0.20272667640285588,0.20366655212356752,0.20228200820232262,0.20287403178564964,0.8651988175532928,0.0,0.0
2016-03-11 00:00:00+07:00,0.2039208013182478,0.20287403178564964,0.20630904162597097,0.20287403178564964,0.0,0.0,0.0
2016-03-14 00:00:00+07:00,0.2039208013182478,0.20287403178564964,0.20630904162597097,0.20287403178564964,0.0,0.0,0.0
2016-03-15 00:00:00+07:00,0.20670707377950798,0.2060440941795562,0.20791983587107513,0.2056478340454461,0.8445126817132877,0.0,0.0
2016-03-16 00:00:00+07:00,0.20710509597301902,0.20644033495506928,0.2083225196490493,0.2060440748564796,0.8458192109750305,0.0,0.0
2016-03-17 00:00:00+07:00,0.20829919416595727,0.21000664911289196,0.20993330600964427,0.2080253488611843,0.87170879310885,0.0,0.0
2016-03-18 00:00:00+07:00,0.20790124190948578,0.21119551991754196,0.20872528599084153,0.20762917799968786,0.8700324507041465,0.0,0.0
2016-03-21 00:00:00+07:00,0.2086973137131887,0.21079924802626812,0.21033608788510422,0.20881794706581314,0.8250641902435053,0.0,0.0
2016-03-22 00:00:00+07:00,0.20949332994020425,0.2084216200776332,0.20912791076924972,0.206836579795059,0.8262721766225434,0.0,0.0
2016-03-23 00:00:00+07:00,0.20790121010357665,0.206836625909939,0.20671173740675522,0.20445906497932081,0.8306835005375485,0.0,0.0
2016-03-24 00:00:00+07:00,0.20392081287511743,0.20366656367164293,0.20389283313311796,0.20168526271952436,0.846563546568388,0.0,0.0
2016-03-28 00:00:00+07:00,0.20272666389594907,0.2016852388278419,0.2006711824406198,0.19930767795424906,0.8371252813932698,0.0,0.0
2016-03-29 00:00:00+07:00,0.20033842168466176,0.20010020571893616,0.20107389326810904,0.1977226447605779,0.8555975248904947,0.0,0.0
2016-03-30 00:00:00+07:00,0.19954229955492403,0.2036665075008669,0.2018792606074699,0.19851512638264496,0.875884886419144,0.0,0.0
2016-03-31 00:00:00+07:00,0.20193055387297948,0.20168521205432086,0.20268467213117805,0.20128895195895374,0.8647152258453045,0.0,0.0
2016-04-01 00:00:00+07:00,0.20232859543752077,0.20168521205432086,0.2030873753987544,0.20128895195895374,0.8469374930668071,0.0,0.0
2016-04-04 00:00:00+07:00,0.20431885453514273,0.20327030348121922,0.2046982398614753,0.20168526271952436,0.8283883064881876,0.0,0.0
2016-04-05 00:00:00+07:00,0.2027266878950415,0.20366656367164293,0.2046982398614753,0.20168526271952436,0.8528208974773918,0.0,0.0
2016-04-06 00:00:00+07:00,0.2023286257686003,0.2032702829149099,0.20067118590279076,0.197326380633032,0.8558293166464535,0.0,0.0
2016-04-07 00:00:00+07:00,0.20073646732993425,0.2004964698919151,0.20147660063342732,0.19811890888812378,0.8617509802282298,0.0,0.0
2016-04-08 00:00:00+07:00,0.1991442967970919,0.19970394555920978,0.20107389326810904,0.1977226447605779,0.8447797775824383,0.0,0.0
2016-04-11 00:00:00+07:00,0.19874625516790193,0.1977226447605779,0.20107389326810904,0.1977226447605779,0.0,0.0,0.0
2016-04-12 00:00:00+07:00,0.19755212630994512,0.1985151610894076,0.1994630759270185,0.197326380633032,0.8346359926441811,0.0,0.0
2016-04-13 00:00:00+07:00,0.19834820955305432,0.197326380633032,0.20067118590279076,0.197326380633032,0.0,0.0,0.0
2016-04-14 00:00:00+07:00,0.19834820955305432,0.197326380633032,0.20067118590279076,0.197326380633032,0.0,0.0,0.0
2016-04-15 00:00:00+07:00,0.20003349182527322,0.19900412027984365,0.2023762055245311,0.19900412027984365,0.0,21.0,0.0
2016-04-18 00:00:00+07:00,0.20003349182527322,0.19900412027984365,0.2023762055245311,0.19900412027984365,0.0,0.0,0.0
2016-04-19 00:00:00+07:00,0.20003349182527322,0.19900412027984365,0.2023762055245311,0.19900412027984365,0.0,0.0,0.0
2016-04-20 00:00:00+07:00,0.19963228343604578,0.20060207918682813,0.20156432857742165,0.1998031305253713,0.8440035532067414,0.0,0.0
2016-04-21 00:00:00+07:00,0.20083609418653228,0.20020260485609973,0.20156432857742165,0.1998031305253713,0.8392309614709782,0.0,0.0
2016-04-22 00:00:00+07:00,0.20083607830463548,0.2006020633156656,0.20237625210338492,0.2002025890151104,0.8174352574445658,0.0,0.0
2016-04-25 00:00:00+07:00,0.20083609418653228,0.20020260485609973,0.2003464192786197,0.1998031305253713,0.8388507167470078,0.0,0.0
2016-04-26 00:00:00+07:00,0.20003350828350971,0.19900413666441993,0.19791055571454638,0.19740623968786253,0.8733092660641306,0.0,0.0
2016-04-27 00:00:00+07:00,0.1984284112986547,0.19900412027984365,0.2003463572926717,0.19900412027984365,0.8404106926217515,0.0,0.0
2016-04-28 00:00:00+07:00,0.20123734173634703,0.201001530832716,0.2015643058299426,0.1986046851066169,0.8436929489950099,0.0,0.0
2016-04-29 00:00:00+07:00,0.19963222169361858,0.20020254291809747,0.2015642662317874,0.19900412027984365,0.8380321831564159,0.0,0.0
2016-05-02 00:00:00+07:00,0.20083609418653228,0.20020260485609973,0.20115835881115432,0.1998031305253713,0.7982512252442666,0.0,0.0
2016-05-03 00:00:00+07:00,0.2012373022202371,0.2010014913436,0.2019702358781592,0.19900412027984365,0.8519891655494827,0.0,0.0
2016-05-04 00:00:00+07:00,0.20003355368620795,0.1998031305253713,0.20197029834368896,0.1998031305253713,0.8480284106031344,0.0,0.0
2016-05-09 00:00:00+07:00,0.20083607830463548,0.20140101191677573,0.20237625210338492,0.2002025890151104,0.8569583091399755,0.0,0.0
2016-05-10 00:00:00+07:00,0.20003352960162252,0.20299890073508026,0.20237624374330185,0.20100152931110096,0.8826194879078838,0.0,0.0
2016-05-11 00:00:00+07:00,0.20163862628378168,0.20299891671030879,0.20318819917332756,0.20060207082136186,0.8569756871831087,0.0,0.0
2016-05-12 00:00:00+07:00,0.2008360858154082,0.20140101945101083,0.20318819917332756,0.20060207082136186,0.8219655951171096,0.0,0.0
2016-05-13 00:00:00+07:00,0.19923100487866122,0.20140101945101083,0.2015643201729084,0.20060207082136186,0.8481155823602768,0.0,0.0
2016-05-16 00:00:00+07:00,0.20083607152942362,0.19980310796966647,0.20075236638489827,0.1986046851066169,0.8530307090200328,0.0,0.0
2016-05-17 00:00:00+07:00,0.19963225334176002,0.19900415184681428,0.19994041935780962,0.19820520330036545,0.8408770415831001,0.0,0.0
2016-05-18 00:00:00+07:00,0.1976259098740363,0.19900415939430008,0.19994042693985395,0.1986046851066169,0.8422568609892167,0.0,0.0
2016-05-19 00:00:00+07:00,0.19923102250081604,0.19860471682426187,0.20075239843266593,0.1978057681271387,0.8638103215186665,0.0,0.0
2016-05-20 00:00:00+07:00,0.1984284502878831,0.1986046851066169,0.20075236638489827,0.1986046851066169,0.8431122491555201,0.0,0.0
2016-05-23 00:00:00+07:00,0.1992310131858836,0.1998031305253713,0.2003464192786197,0.1998031305253713,0.8075029569229303,0.0,0.0
2016-05-24 00:00:00+07:00,0.200033563036967,0.199403665521385,0.20115836821705638,0.1978057681271387,0.8438982197164571,0.0,0.0
2016-05-25 00:00:00+07:00,0.19923098314936039,0.19860467757358988,0.19953444964998132,0.19820520330036545,0.8530715586156764,0.0,0.0
2016-05-26 00:00:00+07:00,0.20043480132250016,0.19940363368198324,0.19994042693985395,0.1986046851066169,0.8206454848954231,0.0,0.0
2016-05-27 00:00:00+07:00,0.19923098314936039,0.19860467757358988,0.19994041935780962,0.19820520330036545,0.8511788262335935,0.0,0.0
2016-05-30 00:00:00+07:00,0.19963219752022546,0.20299883783405875,0.2011582722227962,0.20140094116781534,0.8608243610517626,0.0,0.0
2016-05-31 00:00:00+07:00,0.20404622545815593,0.20299889457905815,0.20156429818912272,0.19820520330036545,0.8833216395169485,0.0,0.0
2016-06-01 00:00:00+07:00,0.20083607000966872,0.20100152931110096,0.20237624374330185,0.20100152931110096,0.8520990500917573,0.0,0.0
2016-06-02 00:00:00+07:00,0.2008360858154082,0.20140101945101083,0.20278222942322274,0.20060207082136186,0.8555577713336119,0.0,0.0
2016-06-03 00:00:00+07:00,0.20003353786492906,0.2006020633156656,0.20197028236778153,0.2002025890151104,0.8321937175764701,0.0,0.0
2016-06-06 00:00:00+07:00,0.2012373485244887,0.20140101191677573,0.20278222183898825,0.2002025890151104,0.8638184888673457,0.0,0.0
2016-06-07 00:00:00+07:00,0.20163863468685664,0.20060207918682813,0.20278223787622357,0.1998031305253713,0.8549845794970329,0.0,0.0
2016-06-08 00:00:00+07:00,0.20043482393637013,0.20020260485609973,0.20156432857742165,0.1998031305253713,0.8559942559058357,0.0,0.0
2016-06-09 00:00:00+07:00,0.19963225334176002,0.19900415184681428,0.20075235877346617,0.19820520330036545,0.8427468267423827,0.0,0.0
2016-06-10 00:00:00+07:00,0.19882969016846375,0.1982051805701484,0.19994039643569103,0.19700675788161107,0.8494802693017727,0.0,0.0
2016-06-13 00:00:00+07:00,0.1968233406107852,0.197406233299777,0.1975045796445824,0.19460991367712704,0.848185017895928,0.0,0.0
2016-06-14 00:00:00+07:00,0.19441576541298894,0.19580838241239376,0.19628671679862417,0.19580838241239376,0.8498938603074624,0.0,0.0
2016-06-15 00:00:00+07:00,0.196823339426008,0.19740623211112354,0.1983165177820688,0.19700675788161107,0.8127406210095024,0.0,0.0
2016-06-16 00:00:00+07:00,0.19842844276456115,0.19860467757358988,0.20034638906563787,0.19820520330036545,0.8284170265363594,0.0,0.0
2016-06-17 00:00:00+07:00,0.19923102345584653,0.19860471777684643,0.19912852025017097,0.19660734602489668,0.8378020961892141,0.0,0.0
2016-06-20 00:00:00+07:00,0.19762594333496636,0.1974062956838532,0.19709867227576625,0.19540892392265466,0.8251076579167652,0.0,0.0
2016-06-21 00:00:00+07:00,0.19642213251965576,0.19660734697937385,0.19709867227576625,0.19540892392265466,0.8560633520230352,0.0,0.0
2016-06-22 00:00:00+07:00,0.19642213156646182,0.19940366647762636,0.19872255046392243,0.19660734602489668,0.8373874729073244,0.0,0.0
2016-06-23 00:00:00+07:00,0.19762588730440675,0.19860466242028058,0.19912846474935736,0.19740623968786253,0.8052457921352706,0.0,0.0
2016-06-24 00:00:00+07:00,0.19722461076158143,0.197406233299777,0.19547473131589455,0.19460991367712704,0.8545656994437782,0.0,0.0
2016-06-27 00:00:00+07:00,0.19361323321748614,0.1954089164540843,0.19588075542493946,0.1950094421164032,0.8230935853192035,0.0,0.0
2016-06-28 00:00:00+07:00,0.19642209925326604,0.20020258225734963,0.19872251777228747,0.1986046851066169,0.8703793918548276,0.0,0.0
2016-06-29 00:00:00+07:00,0.2016386246108291,0.2029989150258459,0.2040001369809916,0.2029989150258459,0.8935765467737617,0.0,0.0
2016-06-30 00:00:00+07:00,0.20565133449155118,0.20539576846069418,0.20602999330330216,0.20339839683209737,0.8903428847545145,0.0,0.0
2016-07-01 00:00:00+07:00,0.2052500575358489,0.20579523605592756,0.20481207731943865,0.20180049292360389,0.8722000834393544,0.0,0.0
2016-07-11 00:00:00+07:00,0.2048487765326934,0.20779259669893266,0.2056240060013269,0.20619469952632052,0.8928529796676066,0.0,0.0
2016-07-12 00:00:00+07:00,0.2088614606390034,0.2121867956236866,0.21049562457642973,0.2101894243227857,0.8913020106275105,0.0,0.0
2016-07-13 00:00:00+07:00,0.21207166065470665,0.21138788558156207,0.21374342102475902,0.21098841125180098,0.8763749062967041,0.0,0.0
2016-07-14 00:00:00+07:00,0.21367668620822777,0.21338520183672413,0.21496127453069971,0.21178730491476683,0.879590283791932,0.0,0.0
2016-07-15 00:00:00+07:00,0.21247294397656707,0.21458369342208278,0.21496134354638358,0.21418421906878796,0.8925722258142896,0.0,0.0
2016-07-18 00:00:00+07:00,0.21367666986363035,0.2141841339091962,0.21496125808390404,0.21338518550674795,0.8680863059441524,0.0,0.0
2016-07-19 00:00:00+07:00,0.21528176332936966,0.2193773117525276,0.21780305866402194,0.21897783752821898,0.8925179030097979,0.0,0.0
2016-07-20 00:00:00+07:00,0.22089956745575148,0.22177417931188936,0.22308068656031085,0.22137470504921536,0.8775803289059748,0.0,0.0
2016-07-21 00:00:00+07:00,0.22370844222406225,0.22496995681316828,0.22592245777120099,0.22297258564119649,0.8942086177304607,0.0,0.0
2016-07-22 00:00:00+07:00,0.2233072112399092,0.22377157337284562,0.22186280003226774,0.22257315046796974,0.8662303413267116,0.0,0.0
2016-07-25 00:00:00+07:00,0.22370847390947546,0.22337209152777707,0.22389264115481847,0.22217366866171828,0.8661999363629207,0.0,0.0
2016-07-26 00:00:00+07:00,0.22370849916965285,0.22257316809752786,0.22105087807422058,0.2197768477737466,0.8762354964841689,0.0,0.0
2016-07-27 00:00:00+07:00,0.22210336161048214,0.22457048257877393,0.22429857909773349,0.22297258564119649,0.8954202996165513,0.0,0.0
2016-07-28 00:00:00+07:00,0.223307180929673,0.22217364599176434,0.22267470926340066,0.2209752232429639,0.8585780746789868,0.0,0.0
2016-07-29 00:00:00+07:00,0.223307188546562,0.2241710248879329,0.2251105350458422,0.22137470504921536,0.867945473494841,0.0,0.0
2016-08-01 00:00:00+07:00,0.22130087158865033,0.229763699775261,0.22389266030324212,0.22816580248944077,0.8982290612378727,0.0,0.0
2016-08-02 00:00:00+07:00,0.229326267232236,0.23016316488767335,0.23120010667682372,0.23016316488767335,0.8827807186523903,0.0,0.0
2016-08-03 00:00:00+07:00,0.23133258735250672,0.23096208252888897,0.23282395442863651,0.22976365976490953,0.8678198193620792,0.0,0.0
2016-08-04 00:00:00+07:00,0.23133261835938462,0.2313615878059933,0.23363592512429493,0.23016316488767335,0.8740677031034949,0.0,0.0
2016-08-05 00:00:00+07:00,0.23213511881456342,0.23415786760293802,0.23404185453587834,0.23176102216314212,0.887551175120672,0.0,0.0
2016-08-08 00:00:00+07:00,0.23374019945053032,0.23495681608287008,0.23363588486184922,0.23176102216314212,0.8502218233681099,0.0,0.0
2016-08-09 00:00:00+07:00,0.23293769926110347,0.23176106211209996,0.2332299553830497,0.23016316488767335,0.8595708683888256,0.0,0.0
2016-08-10 00:00:00+07:00,0.23133260324126434,0.23016314983721553,0.23160606127584304,0.22936420127517043,0.8409163252556934,0.0,0.0
2016-08-11 00:00:00+07:00,0.23293768404219578,0.23176104696130578,0.23241800070734955,0.22936420127517043,0.8646829522835645,0.0,0.0
2016-08-12 00:00:00+07:00,0.23173388858481433,0.23375843364263324,0.2332299553830497,0.23016316488767335,0.8739345640327334,0.0,0.0
2016-08-15 00:00:00+07:00,0.23374027845676731,0.23375847240497938,0.23404193367600343,0.23096215181668864,0.8629876433960609,0.0,0.0
2016-08-16 00:00:00+07:00,0.23454277094397782,0.23335895015894179,0.2356657645650696,0.23216052728590594,0.8374142714303389,0.0,0.0
2016-08-18 00:00:00+07:00,0.23333898284850843,0.2349568700170352,0.23607175709023143,0.23335897270466033,0.8902135517315536,0.0,0.0
2016-08-19 00:00:00+07:00,0.23775298581467613,0.23735374619148955,0.23810163620784627,0.23495689992966617,0.8857803675325711,0.0,0.0
2016-08-22 00:00:00+07:00,0.23775298581467613,0.23655479743754845,0.23850760602110765,0.23495689992966617,0.8657929179245717,0.0,0.0
2016-08-23 00:00:00+07:00,0.2393579168305291,0.2381525454469362,0.2356656693197015,0.23455727822434055,0.8487404772767099,0.0,0.0
2016-08-24 00:00:00+07:00,0.23614790462822724,0.2357558486836073,0.23850760602110765,0.23495689992966617,0.8661921746870227,0.0,0.0
2016-08-25 00:00:00+07:00,0.23695038304838067,0.23575578678879722,0.233635906897429,0.23415788968413853,0.8455896353176154,0.0,0.0
2016-08-26 00:00:00+07:00,0.23534533408608657,0.23415792136084773,0.23647772685382124,0.23335897270466033,0.8275855218485574,0.0,0.0
2016-08-29 00:00:00+07:00,0.23494405802239968,0.23375844124261352,0.23322996296709944,0.23056264669392482,0.8193481949106667,0.0,0.0
2016-08-30 00:00:00+07:00,0.23173388858481433,0.23056263919378,0.2332299553830497,0.23016316488767335,0.8449625041041405,0.0,0.0
2016-08-31 00:00:00+07:00,0.2289250349843868,0.23295952366546774,0.23160611484042756,0.23096215181668864,0.8857117413031133,0.0,0.0
2016-09-01 00:00:00+07:00,0.2289249970068063,0.2313615878059933,0.23160607641806888,0.23016316488767335,0.8342241967142465,0.0,0.0
2016-09-02 00:00:00+07:00,0.23213515881024407,0.23495685656095314,0.23363592512429493,0.23016316488767335,0.8398925354325387,0.0,0.0
2016-09-05 00:00:00+07:00,0.2357465908391115,0.2345573822548465,0.23363592512429493,0.23016316488767335,0.8473420804246712,0.0,0.0
2016-09-06 00:00:00+07:00,0.23213516635664286,0.23176106964968307,0.23322996296709944,0.23056264669392482,0.8450463454484693,0.0,0.0
2016-09-07 00:00:00+07:00,0.23614787458111786,0.2349568700170352,0.2356657873266417,0.23335897270466033,0.87589068332547,0.0,0.0
2016-09-08 00:00:00+07:00,0.23614786700746423,0.23495686247727812,0.2364777192665891,0.23295949089840887,0.8554103092707206,0.0,0.0
2016-09-09 00:00:00+07:00,0.2341415487461323,0.23295952366546774,0.23363596387007413,0.23096215181668864,0.8545013571076573,0.0,0.0
2016-09-13 00:00:00+07:00,0.23213516635664286,0.23176106964968307,0.23160608395138932,0.23056264669392482,0.865096485480046,0.0,0.0
2016-09-14 00:00:00+07:00,0.23053004700500349,0.2301631340195694,0.23079410598382732,0.22976365976490953,0.8576977795903447,0.0,0.0
2016-09-15 00:00:00+07:00,0.23454273976851367,0.23495681608287008,0.23363588486184922,0.23176102216314212,0.8830266494936293,0.0,0.0
2016-09-16 00:00:00+07:00,0.23293765913254685,0.2337583933629721,0.23404185453587834,0.23176102216314212,0.8805515678670828,0.0,0.0
2016-09-19 00:00:00+07:00,0.23534530226696815,0.23455736396030322,0.23566575545151086,0.23415788968413853,0.8449192042505905,0.0,0.0
2016-09-20 00:00:00+07:00,0.23454273976851367,0.23455734184290405,0.23566573323199475,0.23176102216314212,0.8475191457050694,0.0,0.0
2016-09-21 00:00:00+07:00,0.2329377051263412,0.23375843952995656,0.23525981001338037,0.23295949089840887,0.8579301784678521,0.0,0.0
2016-09-22 00:00:00+07:00,0.23695041330414007,0.2397505601613506,0.2393195134091074,0.23575581690914438,0.8667579046154023,0.0,0.0
2016-09-23 00:00:00+07:00,0.23895670841525873,0.2397505038492365,0.24013139652810084,0.23775313267435225,0.8661262534040819,0.0,0.0
2016-09-26 00:00:00+07:00,0.23895676452728817,0.2377531885352475,0.23810160412709747,0.23575581690914438,0.8341059904575363,0.0,0.0
2016-09-27 00:00:00+07:00,0.23293771841780503,0.24614215733958347,0.23404191411824588,0.24614215733958347,0.8702372302316816,0.0,0.0
2016-09-28 00:00:00+07:00,0.24056186826902515,0.24094900594385035,0.24053744546216752,0.23695426232789876,0.8630897601469968,0.0,0.0
2016-09-29 00:00:00+07:00,0.2393579842755244,0.24454420049630518,0.24216125064601027,0.24174788078732976,0.8741114673669743,0.0,0.0
2016-09-30 00:00:00+07:00,0.24698213347843795,0.24614211352830231,0.24216126645262018,0.24134842229759065,0.8790518019359593,0.0,0.0
2016-10-03 00:00:00+07:00,0.24658087628568293,0.24933792082235676,0.24946873426821506,0.24574265221681965,0.8499500171294049,0.0,0.0
2016-10-04 00:00:00+07:00,0.25059357070432103,0.24933791318779217,0.24865678720444692,0.24534317041056822,0.8514519408650285,0.0,0.0
2016-10-05 00:00:00+07:00,0.24337068527635675,0.24614209683470964,0.2462209467903174,0.24294630288957178,0.839811086629242,0.0,0.0
2016-10-06 00:00:00+07:00,0.24738340294810696,0.24694106134902075,0.24622096277449848,0.24254684439983268,0.8359342891188026,0.0,0.0
2016-10-07 00:00:00+07:00,0.24738338689817901,0.24614209683470964,0.2462209467903174,0.24294630288957178,0.8248437032958409,0.0,0.0
2016-10-10 00:00:00+07:00,0.2425681614062224,0.2449436907206244,0.24459708467520927,0.24134842229759065,0.7962547612912426,0.0,0.0
2016-10-11 00:00:00+07:00,0.2461795764116323,0.24494367410528292,0.2458149771130604,0.24294630288957178,0.8458960260891466,0.0,0.0
2016-10-12 00:00:00+07:00,0.2441732352094747,0.24374526097187624,0.24013141109125963,0.2397505183890972,0.8500810840857135,0.0,0.0
2016-10-13 00:00:00+07:00,0.2409630515060086,0.24094891887263112,0.23972541921456064,0.23735365086810079,0.8354674832373853,0.0,0.0
2016-10-14 00:00:00+07:00,0.23895671349235226,0.24694104532099412,0.24013140163146263,0.24294630288957178,0.8644200365395457,0.0,0.0
2016-10-17 00:00:00+07:00,0.2441732557980419,0.2449437044052866,0.24703291669581098,0.24454423011457763,0.8675218399038342,0.0,0.0
2016-10-18 00:00:00+07:00,0.2473834159358706,0.24734054860737223,0.2494687334943371,0.24694107431906168,0.8832640133812457,0.0,0.0
2016-10-19 00:00:00+07:00,0.2469821464944355,0.24853897224334856,0.24743888564635155,0.24574265221681965,0.8224905353053453,0.0,0.0
2016-10-20 00:00:00+07:00,0.24497575063439286,0.24534313303012775,0.2462209314181473,0.24214733927706886,0.8171150775712561,0.0,0.0
2016-10-21 00:00:00+07:00,0.24497576592508558,0.2437452513758562,0.24662691646757431,0.24294630288957178,0.8311768196792675,0.0,0.0
2016-10-24 00:00:00+07:00,0.2453770213372234,0.24414471093496906,0.24297317475497635,0.24094891717482683,0.8406678143869766,0.0,0.0
2016-10-25 00:00:00+07:00,0.24136436061600391,0.24134843207548298,0.2417553065433282,0.23815263779711607,0.8637150776747441,0.0,0.0
2016-10-26 00:00:00+07:00,0.24096309041198072,0.2397505349362995,0.2417553065433282,0.23815263779711607,0.838529191653734,0.0,0.0
2016-10-27 00:00:00+07:00,0.23935804052261286,0.23935109158878876,0.2417553377817883,0.2385521429198799,0.8505120137989013,0.0,0.0
2016-10-28 00:00:00+07:00,0.2397592632582292,0.2397505183890972,0.24094335047653717,0.2397505183890972,0.8458496928338595,0.0,0.0
2016-10-31 00:00:00+07:00,0.23935804052261286,0.23975056592324315,0.24094339824168035,0.2385521429198799,0.8413894520264201,0.0,0.0
2016-11-01 00:00:00+07:00,0.23935797093931338,0.24054944464990555,0.24134929784059414,0.23735365086810079,0.8493177159334973,0.0,0.0
2016-11-02 00:00:00+07:00,0.23855543826127862,0.23855208114430593,0.2393194571901832,0.23775313267435225,0.861809771886236,0.0,0.0
2016-11-03 00:00:00+07:00,0.23935805742552205,0.23815268541268422,0.23891356627162366,0.23695426232789876,0.8434212597174944,0.0,0.0
2016-11-04 00:00:00+07:00,0.23695038837174953,0.23815263779711607,0.23891351850621284,0.23815263779711607,0.8389285923177926,0.0,0.0
2016-11-07 00:00:00+07:00,0.23534532401535213,0.23855212876342594,0.2356657772381793,0.23655475720513494,0.8658049771045978,0.0,0.0
2016-11-08 00:00:00+07:00,0.23775292877979576,0.2397505349362995,0.24053739738456445,0.23815263779711607,0.8640889695952537,0.0,0.0
2016-11-09 00:00:00+07:00,0.23935806700112494,0.23935111807634235,0.23810163620784627,0.23495689992966617,0.8722662689900014,0.0,0.0
2016-11-10 00:00:00+07:00,0.23614781151976122,0.23695417836548233,0.23769557265742927,0.2337583845613747,0.8443860857091514,0.0,0.0
2016-11-11 00:00:00+07:00,0.2313325900702405,0.23016313672513974,0.22592247237419594,0.22496997135594143,0.898540011105916,0.0,0.0
2016-11-14 00:00:00+07:00,0.22170210850941585,0.22057575721083994,0.2169911417800424,0.22017628294697333,0.8821330288775514,0.0,0.0
2016-11-15 00:00:00+07:00,0.22009701084350702,0.2281657506883231,0.21942694307733107,0.22297258564119649,0.8753320841189789,0.0,0.0
2016-11-16 00:00:00+07:00,0.22451101204703283,0.2289647292468113,0.22714039663816377,0.22576893496844436,0.873055626729732,0.0,0.0
2016-11-17 00:00:00+07:00,0.22731988760912797,0.22776629049028185,0.22917022923863267,0.22616839345818346,0.869855876058919,0.0,0.0
2016-11-18 00:00:00+07:00,0.22651736306714843,0.22616840925324028,0.22795233607733956,0.22576893496844436,0.8511151492247988,0.0,0.0
2016-11-21 00:00:00+07:00,0.22651736306714843,0.22656788353803609,0.22795233607733956,0.22576893496844436,0.8548294103486181,0.0,0.0
2016-11-22 00:00:00+07:00,0.2233072253642823,0.22576895916032066,0.22592251168896949,0.2245705361827147,0.8731575007137663,0.0,0.0
2016-11-23 00:00:00+07:00,0.2257147917878584,0.22616837831038125,0.22795230489784243,0.22536942984568054,0.8297921556555525,0.0,0.0
2016-11-24 00:00:00+07:00,0.22330717207066725,0.22536943104756266,0.22429857909773349,0.22297258564119649,0.85260396813737,0.0,0.0
2016-11-25 00:00:00+07:00,0.2233072112399092,0.22297262476959503,0.22511055792579546,0.22257315046796974,0.8453002511784565,0.0,0.0
2016-11-28 00:00:00+07:00,0.22250464887541535,0.22257312853017294,0.22308068725481728,0.22017628294697333,0.8481773079274209,0.0,0.0
2016-11-29 00:00:00+07:00,0.22049833715838815,0.22097527076965287,0.21983296877163716,0.2197768477737466,0.8620501622518296,0.0,0.0
2016-11-30 00:00:00+07:00,0.22089954533506506,0.22057573442545347,0.22226872490331062,0.21897783752821898,0.8840015058576676,0.0,0.0
2016-12-01 00:00:00+07:00,0.221226109240827,0.22451772114655205,0.22340905563410637,0.223313403102352,0.8643572397864175,14.0,0.0
2016-12-02 00:00:00+07:00,0.2268715106193133,0.2333493703134384,0.22830464030123943,0.22612346253886714,0.8759957554346887,0.0,0.0
2016-12-05 00:00:00+07:00,0.2272747770757403,0.22853212097347014,0.22708076255449133,0.22572204546208985,0.840913082899713,0.0,0.0
2016-12-06 00:00:00+07:00,0.22767799876783804,0.2273277805012957,0.22871260700824253,0.22612346253886714,0.8364801337124885,0.0,0.0
2016-12-07 00:00:00+07:00,0.22767802118813243,0.22692636353839568,0.22871262953680913,0.22572204546208985,0.8441459831521813,0.0,0.0
2016-12-08 00:00:00+07:00,0.22445204723638346,0.229334978190591,0.2270807412553198,0.22652490293215677,0.8703561760533157,0.0,0.0
2016-12-09 00:00:00+07:00,0.22929097614951788,0.22813066022269063,0.22952854150846014,0.22652490293215677,0.8544107509099182,0.0,0.0
2016-12-13 00:00:00+07:00,0.2272747557690452,0.22772922090005718,0.2270807412553198,0.22652490293215677,0.8701887195902124,0.0,0.0
2016-12-14 00:00:00+07:00,0.2276780720146141,0.23134224811648663,0.2303445479408679,0.22732785366827313,0.8728087991656759,0.0,0.0
2016-12-15 00:00:00+07:00,0.22808129382087747,0.2285321495589975,0.23034452532450997,0.22772927074505042,0.8717259424907773,0.0,0.0
2016-12-16 00:00:00+07:00,0.22767802738103549,0.23134220277585676,0.2295285692720888,0.2281306878218277,0.8636984840804696,0.0,0.0
2016-12-19 00:00:00+07:00,0.2244520482954197,0.22853210062325138,0.22708074232675904,0.22692634332544642,0.8320358561360971,0.0,0.0
2016-12-20 00:00:00+07:00,0.22525858469518095,0.228130710152024,0.2278967245571009,0.22772927074505042,0.8148417040463534,0.0,0.0
2016-12-21 00:00:00+07:00,0.22929097506488758,0.2281306591429147,0.22912057371524566,0.22612346253886714,0.8597941614943105,0.0,0.0
2016-12-22 00:00:00+07:00,0.22445206414659175,0.2245177232405898,0.2254488914101588,0.2241162838889313,0.8481692882110712,0.0,0.0
2016-12-23 00:00:00+07:00,0.2228390835548173,0.22491915838247262,0.22340905353539822,0.22251052231577273,0.8468449211835862,0.0,0.0
2016-12-27 00:00:00+07:00,0.22122612141424675,0.22893356656033495,0.22096126739115526,0.2281306878218277,0.8203040908126406,0.0,0.0
2016-12-28 00:00:00+07:00,0.23090395354214704,0.231743615218861,0.23075244272309534,0.22692634332544642,0.8445300243714869,0.0,0.0
2016-12-29 00:00:00+07:00,0.22929102569195817,0.2381666946920362,0.23075249150369187,0.2369623764741998,0.8705557237143654,0.0,0.0
2016-12-30 00:00:00+07:00,0.2381624031002526,0.2401738976649384,0.240543700500671,0.23937101883393763,0.9011806967093131,0.0,0.0
2017-01-02 00:00:00+07:00,0.24058186811652654,0.23937101883393763,0.24339946812330684,0.23937101883393763,0.0,0.0,0.0
2017-01-03 00:00:00+07:00,0.2405818096930974,0.24378679321058658,0.23891177522875978,0.24378679321058658,0.8255911544219866,0.0,0.0
2017-01-04 00:00:00+07:00,0.2462272471301699,0.2453925708231294,0.24584722962654834,0.24258249534723,0.8536600383763656,0.0,0.0
2017-01-05 00:00:00+07:00,0.24380775798174587,0.24378678889684588,0.24543923821294292,0.24218103163742802,0.8601507546793493,0.0,0.0
2017-01-06 00:00:00+07:00,0.23977531408033842,0.24258246769623779,0.2425834680499874,0.2409767104575591,0.8141545497938425,0.0,0.0
2017-01-09 00:00:00+07:00,0.24138835048539076,0.2409767705336545,0.23768792699358943,0.2369623764741998,0.8552090751444094,0.0,0.0
2017-01-10 00:00:00+07:00,0.23977537583627256,0.2393710148973836,0.24054369654527638,0.23776525726077907,0.8305726141464275,0.0,0.0
2017-01-11 00:00:00+07:00,0.24138837227345178,0.2405753528531279,0.24013574944357086,0.23615951900413287,0.8225167083163085,0.0,0.0
2017-01-12 00:00:00+07:00,0.23735588451428605,0.23856810959588812,0.23972773634275427,0.23656091276439778,0.8060561917152654,0.0,0.0
2017-01-13 00:00:00+07:00,0.2357428360623628,0.2405752330097138,0.23850376326805045,0.23575796202828142,0.8441379136221192,0.0,0.0
2017-01-16 00:00:00+07:00,0.23574287837469343,0.23535656504134922,0.23524007244490627,0.23415224708814758,0.8388209618825482,0.0,0.0
2017-01-17 00:00:00+07:00,0.2353396343035205,0.23535656504134922,0.23768787266817115,0.23415224708814758,0.7911320287336356,0.0,0.0
2017-01-18 00:00:00+07:00,0.23695268613054038,0.23615951900413287,0.23768794846979485,0.23615951900413287,0.8579519536648865,0.0,0.0
2017-01-19 00:00:00+07:00,0.23816237481405936,0.23776523292061497,0.2393197716599332,0.23736379355097706,0.8111989921811839,0.0,0.0
2017-01-20 00:00:00+07:00,0.23654941660088583,0.23575805430051228,0.23605605585853975,0.23535661490104123,0.8230159865972484,0.0,0.0
2017-01-23 00:00:00+07:00,0.23574294388321304,0.2361595093211958,0.23605607147435356,0.23214511507123647,0.7902746603489097,0.0,0.0
2017-01-24 00:00:00+07:00,0.23574294388321304,0.23535663047120398,0.23605607147435356,0.23214511507123647,0.8137028082611795,0.0,0.0
2017-01-25 00:00:00+07:00,0.2369526245838071,0.23575801829203952,0.23442415289539092,0.2305393068650532,0.8095385761526175,0.0,0.0
2017-01-26 00:00:00+07:00,0.23251699998762904,0.23816671620822152,0.23524014749601885,0.23615951900413287,0.8319905302009892,0.0,0.0
2017-01-27 00:00:00+07:00,0.23493644588025867,0.2401738937156859,0.23768792896780824,0.23776525726077907,0.8153555008570984,0.0,0.0
2017-01-30 00:00:00+07:00,0.24179152781191166,0.24057526459356673,0.24054362801759724,0.23856806809782127,0.8102541439576241,0.0,0.0
2017-01-31 00:00:00+07:00,0.23735593032535052,0.24017391341231017,0.23931981578564554,0.23615951900413287,0.8145912139599323,0.0,0.0
2017-02-01 00:00:00+07:00,0.24058184162042778,0.23937099245642446,0.24217554103690384,0.23816667433755634,0.8220729965299632,0.0,0.0
2017-02-02 00:00:00+07:00,0.23775908728686573,0.23896950739697034,0.23972769464761629,0.23856806809782127,0.8384764638896673,0.0,0.0
2017-02-03 00:00:00+07:00,0.23977530864667262,0.23937094779202758,0.2421754958658979,0.2389695084911109,0.8235533584003191,0.0,0.0
2017-02-06 00:00:00+07:00,0.24179153439570067,0.24218102838656816,0.2433994014413516,0.2409767104575591,0.8397427962193674,0.0,0.0
2017-02-07 00:00:00+07:00,0.23937209421336822,0.2413781741673611,0.24217552583378257,0.2413781741673611,0.8267033304664557,0.0,0.0
2017-02-08 00:00:00+07:00,0.2425980225218456,0.24177958907689848,0.24380736813703377,0.2409767104575591,0.8470422078076911,0.0,0.0
2017-02-09 00:00:00+07:00,0.24219480292938556,0.241779613516071,0.24503129298128265,0.2413781741673611,0.87510100579025,0.0,0.0
2017-02-10 00:00:00+07:00,0.24259809289845785,0.24258253809416938,0.2352401358805101,0.2313422342846572,0.8523834905727874,0.0,0.0
2017-02-13 00:00:00+07:00,0.24058189248075101,0.24177967981684798,0.240951691714929,0.23977248254373962,0.8605626611626367,0.0,0.0
2017-02-14 00:00:00+07:00,0.23977537977776855,0.2401738976649384,0.24135963410713837,0.23937101883393763,0.8434465204882023,0.0,0.0
2017-02-15 00:00:00+07:00,0.24058186811652654,0.23937101883393763,0.24339946812330684,0.23937101883393763,0.0,0.0,0.0
2017-02-16 00:00:00+07:00,0.24219484479404246,0.24097677649593927,0.24135963410713837,0.23937101883393763,0.8655663898713485,0.0,0.0
2017-02-17 00:00:00+07:00,0.23977530864667262,0.2405752656947777,0.2409515958055374,0.2389695084911109,0.8324292987260458,0.0,0.0
2017-02-20 00:00:00+07:00,0.24219477186441618,0.24097670389271578,0.24176752807256882,0.23856806809782127,0.8280047848781085,0.0,0.0
2017-02-21 00:00:00+07:00,0.23896889143901057,0.23977245824943805,0.2417676009103721,0.23937101883393763,0.8258588889710641,0.0,0.0
2017-02-22 00:00:00+07:00,0.23896889143901057,0.24057533708043885,0.2417676009103721,0.23937101883393763,0.8265997067135201,0.0,0.0
2017-02-23 00:00:00+07:00,0.23896889143901057,0.24057533708043885,0.2417676009103721,0.23937101883393763,0.8516645379484434,0.0,0.0
2017-02-24 00:00:00+07:00,0.24098511228590552,0.24097677649593927,0.24339946812330684,0.23937101883393763,0.8097060326901852,0.0,0.0
2017-02-27 00:00:00+07:00,0.24058186811652654,0.23977245824943805,0.2417676009103721,0.23937101883393763,0.8026500176635165,0.0,0.0
2017-02-28 00:00:00+07:00,0.24058179565439786,0.2401738252944176,0.24176752807256882,0.23856806809782127,0.8656725789986696,0.0,0.0
2017-03-01 00:00:00+07:00,0.23896889143901057,0.23977245824943805,0.2417676009103721,0.23937101883393763,0.8621600628062794,0.0,0.0
2017-03-02 00:00:00+07:00,0.24300133313280042,0.2421810947424405,0.24299150132007316,0.23937101883393763,0.8497085701421869,0.0,0.0
2017-03-03 00:00:00+07:00,0.23977530864667262,0.24017382639386098,0.2421754958658979,0.2389695084911109,0.8554031749842669,0.0,0.0
2017-03-06 00:00:00+07:00,0.23896882053811236,0.2389695084911109,0.2409515958055374,0.2389695084911109,0.8234566361349079,0.0,0.0
2017-03-07 00:00:00+07:00,0.2389688194443795,0.23937094669611947,0.24176752807256882,0.23856806809782127,0.8310888856522484,0.0,0.0
2017-03-08 00:00:00+07:00,0.24058186811652654,0.23977245824943805,0.24258353451683948,0.23937101883393763,0.8548382375522053,0.0,0.0
2017-03-09 00:00:00+07:00,0.24259804703167376,0.24258249221349074,0.243399426039854,0.2413781741673611,0.8261616647626959,0.0,0.0
2017-03-10 00:00:00+07:00,0.2438077793385383,0.24258249221349074,0.24299145930449687,0.2413781741673611,0.8112336728118663,0.0,0.0
2017-03-13 00:00:00+07:00,0.24219482326808267,0.24177963382863685,0.2429914797165136,0.24017387630400455,0.7962060376375665,0.0,0.0
2017-03-14 00:00:00+07:00,0.24380775798174587,0.24579398547111822,0.2458472049138942,0.24218103163742802,0.8389605326749746,0.0,0.0
2017-03-15 00:00:00+07:00,0.2450175363114675,0.24378683481528993,0.2438074173346724,0.24177963787716308,0.8446552340444977,0.0,0.0
2017-03-16 00:00:00+07:00,0.24703374266612665,0.24739977492605733,0.24829503742963302,0.24539257810025752,0.8901550338860622,0.0,0.0
2017-03-17 00:00:00+07:00,0.24864672224934353,0.25061129298007073,0.24951894080565898,0.24659689928012643,0.8988001589570144,0.0,0.0
2017-03-20 00:00:00+07:00,0.25025970389148844,0.25101273751428443,0.25074284623585913,0.24860410124657464,0.8914573418353041,0.0,0.0
2017-03-21 00:00:00+07:00,0.25227588490752306,0.25181557668372034,0.25400654043529974,0.2514141373665774,0.8745516084203296,0.0,0.0
2017-03-22 00:00:00+07:00,0.24945317960179358,0.25301989786853324,0.25237467684785814,0.2526184585464463,0.8883095467720942,0.0,0.0
2017-03-23 00:00:00+07:00,0.2550985852138783,0.25944291538442515,0.2576782324938284,0.25703427955612,0.8925438186827399,0.0,0.0
2017-03-24 00:00:00+07:00,0.2615505830240127,0.26024588645873076,0.2589022245764484,0.25623149203559015,0.8543064444315591,0.0,0.0
2017-03-27 00:00:00+07:00,0.2575181410608809,0.2574358103625323,0.259718158237415,0.25623149203559015,0.8473922909109223,0.0,0.0
2017-03-29 00:00:00+07:00,0.25953427422027336,0.26064723768545817,0.26175790380553904,0.2586400411292786,0.8667052286429076,0.0,0.0
2017-03-30 00:00:00+07:00,0.2619537440427394,0.2614501217342767,0.26298180935475124,0.2606472430957268,0.8594673001251389,0.0,0.0
2017-03-31 00:00:00+07:00,0.2619538272203259,0.26345740199724327,0.26053409189838167,0.25623149203559015,0.8516570947452751,0.0,0.0
2017-04-03 00:00:00+07:00,0.2579212925270987,0.26265442870896494,0.260941964912752,0.25663283916283036,0.8903725357805151,0.0,0.0
2017-04-04 00:00:00+07:00,0.26074410227339345,0.26185165190392123,0.26216596690566396,0.2594430151819073,0.847123350549395,0.0,0.0
2017-04-05 00:00:00+07:00,0.26074410227339345,0.2594430151819073,0.2637978342737555,0.2594430151819073,0.0,0.0,0.0
2017-04-06 00:00:00+07:00,0.26800242655473894,0.26947892966206166,0.2711411651356854,0.2686760509615196,0.8684920974184273,0.0,0.0
2017-04-07 00:00:00+07:00,0.27243813634249325,0.27108471159817776,0.2711411896772758,0.26907751467132157,0.874588611770221,0.0,0.0
2017-04-10 00:00:00+07:00,0.27485760117717944,0.2755005448372614,0.2719571232225051,0.26907751467132157,0.8505932148154115,0.0,0.0
2017-04-11 00:00:00+07:00,0.27284131407767126,0.27309184204054127,0.27195705700061,0.2706832062949431,0.8555340610715932,0.0,0.0
2017-04-12 00:00:00+07:00,0.2720348810591662,0.27469765481323843,0.27481287937223103,0.2738947760742849,0.8347170956635876,0.0,0.0
2017-04-13 00:00:00+07:00,0.27606733359452257,0.27469766606651896,0.2711411896772758,0.26907751467132157,0.8312699026495085,0.0,0.0
2017-04-17 00:00:00+07:00,0.27253463485507184,0.2711807782233837,0.26503923890562964,0.2643047878069645,0.8582380915247741,26.0,0.0
2017-04-18 00:00:00+07:00,0.26644030880852604,0.2663271379294407,0.2675055190444369,0.2643047878069645,0.8621648650615802,0.0,0.0
2017-04-19 00:00:00+07:00,0.2656277320023199,0.2643047878069645,0.26873865911384054,0.2643047878069645,0.0,0.0,0.0
2017-04-20 00:00:00+07:00,0.27009685885909696,0.2760343719568615,0.27202698672217607,0.2707762624957689,0.879100216078645,0.0,0.0
2017-04-21 00:00:00+07:00,0.2680654036021894,0.2736075383573971,0.27038278653968856,0.2732030684186346,0.854442860692564,0.0,0.0
2017-04-25 00:00:00+07:00,0.27741007751421937,0.2760344004205952,0.274904341434569,0.27198970043197035,0.8660932578707894,0.0,0.0
2017-04-26 00:00:00+07:00,0.27741009097700103,0.2816969940729703,0.27490435478492736,0.2816969940729703,0.8519558937297655,0.0,0.0
2017-04-27 00:00:00+07:00,0.27334720142527286,0.2756299381708687,0.2765485358641786,0.2740120581314521,0.843326581145943,0.0,0.0
2017-04-28 00:00:00+07:00,0.2753785876508628,0.2780567019717107,0.2786037128698702,0.2776522320409821,0.843772318806718,0.0,0.0
2017-05-02 00:00:00+07:00,0.27903519204823746,0.28088800116878665,0.28230314195023254,0.28007906128036014,0.8763554983324924,0.0,0.0
2017-05-03 00:00:00+07:00,0.27984775904892617,0.27927011176389643,0.28230313222045944,0.2776522320409821,0.8222478720188081,0.0,0.0
2017-05-04 00:00:00+07:00,0.2798477638913313,0.2816969362231661,0.2827141837072061,0.27886564666067115,0.8708354147778149,0.0,0.0
2017-05-05 00:00:00+07:00,0.2790352074336203,0.2788656668289624,0.27942583110484265,0.2780567268973908,0.8101297250433835,0.0,0.0
2017-05-08 00:00:00+07:00,0.2810666368528573,0.28412376394941713,0.28353628499554634,0.2808880043601529,0.8403064246961001,0.0,0.0
2017-05-09 00:00:00+07:00,0.28797358928402883,0.28735957432281756,0.2839473818118973,0.2816969940729703,0.828873697686624,0.0,0.0
2017-05-10 00:00:00+07:00,0.2790352400207985,0.28291039952214814,0.28230319048462893,0.28048357945328123,0.8500727920946274,0.0,0.0
2017-05-12 00:00:00+07:00,0.2916301848518461,0.2905953344655874,0.2839473818118973,0.2816969940729703,0.877530149387303,0.0,0.0
2017-05-15 00:00:00+07:00,0.2830981205059334,0.28574168615542134,0.2864136537952174,0.28574168615542134,0.819787845158303,0.0,0.0
2017-05-16 00:00:00+07:00,0.2814729612877699,0.280888040406945,0.27367120144331397,0.27198970043197035,0.9016299358914006,0.0,0.0
2017-05-17 00:00:00+07:00,0.2733471891807626,0.2723941658848125,0.26873863699092204,0.26470923603034846,0.8850524055324801,0.0,0.0
2017-05-18 00:00:00+07:00,0.26359627268414765,0.2727986404296953,0.2666834081595357,0.27198970043197035,0.8942696428633544,0.0,0.0
2017-05-19 00:00:00+07:00,0.2733471555337958,0.28291035088985284,0.2716159301366731,0.28007906128036014,0.889376190414207,0.0,0.0
2017-05-22 00:00:00+07:00,0.285535788724964,0.2857416240000726,0.2769595200338876,0.2760343458813967,0.8517194664829582,0.0,0.0
2017-05-23 00:00:00+07:00,0.2774100259717651,0.2776522288135552,0.2753153369124191,0.27684328896118937,0.8549547074178063,0.0,0.0
2017-05-24 00:00:00+07:00,0.27415972835696173,0.2732030684186346,0.2761374389771303,0.2732030684186346,0.8600333889440019,0.0,0.0
2017-05-26 00:00:00+07:00,0.274972334718194,0.27724779778097175,0.27737060877464,0.27482097789473237,0.8719674151767869,0.0,0.0
2017-05-29 00:00:00+07:00,0.27781634240123126,0.2808880166578914,0.2786037378445683,0.2780567268973908,0.8626747459056116,0.0,0.0
2017-05-30 00:00:00+07:00,0.27822266672298657,0.278461232882135,0.279836913928317,0.27522547275114106,0.8347471133728372,0.0,0.0
2017-05-31 00:00:00+07:00,0.27659746083782893,0.27603436056468145,0.27243802209551105,0.2679449617164945,0.9716309690621542,0.0,0.0
2017-06-01 00:00:00+07:00,0.2692842710661628,0.2679449617164945,0.27243802209551105,0.2679449617164945,0.0,0.0,0.0
2017-06-02 00:00:00+07:00,0.27375349133964305,0.27603440971948323,0.27531539737439814,0.2744165296713484,0.9023870063499924,0.0,0.0
2017-06-05 00:00:00+07:00,0.27984780446656365,0.27886568711103815,0.27778166479143446,0.27724780713411046,0.8623271652931503,0.0,0.0
2017-06-06 00:00:00+07:00,0.27497235651139956,0.276438879731517,0.2781927241143575,0.2744165296713484,0.8546302220032442,0.0,0.0
2017-06-07 00:00:00+07:00,0.27741003240099854,0.2792701149912722,0.27983685588731644,0.2784611751207748,0.8472666634335957,0.0,0.0
2017-06-08 00:00:00+07:00,0.2806603935809069,0.28250592951067033,0.28394737719091745,0.28048357945328123,0.8576166955397282,0.0,0.0
2017-06-09 00:00:00+07:00,0.2847232154500424,0.2833148077801161,0.27860370963154174,0.27684328896118937,0.8616345623094122,0.0,0.0
2017-06-12 00:00:00+07:00,0.27822260581326674,0.2800790516253536,0.2798368526533999,0.2776522320409821,0.816503906800709,0.0,0.0
2017-06-13 00:00:00+07:00,0.2790352137141404,0.28088802298075216,0.2818921172307913,0.27967461305697616,0.8285448753904974,0.0,0.0
2017-06-14 00:00:00+07:00,0.27822264320133416,0.2812924992165616,0.28148107685738105,0.2812924992165616,0.8501908143413183,0.0,0.0
2017-06-15 00:00:00+07:00,0.28309813157625435,0.2833148771968878,0.2843584315585452,0.28250593715276295,0.8681410715375663,0.0,0.0
2017-06-16 00:00:00+07:00,0.28553579867010465,0.284123754214257,0.2831252286801448,0.2784611751207748,0.9454676763205758,0.0,0.0
2017-06-19 00:00:00+07:00,0.28309812392106953,0.28250592951067033,0.2843584238674896,0.28048357945328123,0.8344580618674486,0.0,0.0
2017-06-20 00:00:00+07:00,0.28187922300433504,0.2845282434850663,0.2851804810553302,0.2833148335995309,0.8550692909743488,0.0,0.0
2017-06-21 00:00:00+07:00,0.28472324769127816,0.285337189729632,0.28723572054796365,0.2849327197591163,0.8436623862270118,0.0,0.0
2017-06-22 00:00:00+07:00,0.28716099816469953,0.28695508998399727,0.2860026009512576,0.284123799995836,0.8519225982129631,0.0,0.0
2017-06-23 00:00:00+07:00,0.2855358446575042,0.284123799995836,0.28887992759358005,0.284123799995836,0.0,0.0,0.0
2017-06-26 00:00:00+07:00,0.2855358446575042,0.284123799995836,0.28887992759358005,0.284123799995836,0.0,0.0,0.0
2017-06-27 00:00:00+07:00,0.2855358446575042,0.284123799995836,0.28887992759358005,0.284123799995836,0.0,0.0,0.0
2017-06-28 00:00:00+07:00,0.2855358446575042,0.284123799995836,0.28887992759358005,0.284123799995836,0.0,0.0,0.0
2017-06-29 00:00:00+07:00,0.2855358446575042,0.284123799995836,0.28887992759358005,0.284123799995836,0.0,0.0,0.0
2017-06-30 00:00:00+07:00,0.2855358446575042,0.284123799995836,0.28887992759358005,0.284123799995836,0.0,0.0,0.0
2017-07-03 00:00:00+07:00,0.2895986801033568,0.28978633160484774,0.28764673957946013,0.28978633160484774,0.89649462380185,0.0,0.0
2017-07-04 00:00:00+07:00,0.2912238599257827,0.2934265877820723,0.29340141871427916,0.2905952980011528,0.8407108926956225,0.0,0.0
2017-07-05 00:00:00+07:00,0.29203642385623113,0.2926176350524969,0.29134617280964886,0.28735952568198203,0.8348448456845647,0.0,0.0
2017-07-06 00:00:00+07:00,0.2863483792718667,0.28735951768592155,0.28805779186869507,0.2853371679825003,0.8558515690337511,0.0,0.0
2017-07-07 00:00:00+07:00,0.2887861034810693,0.2905952714707428,0.29175720554710943,0.28978633160484774,0.8520093446018285,0.0,0.0
2017-07-10 00:00:00+07:00,0.29122386764803126,0.29221318562598353,0.2905240999896797,0.2865506059187017,0.8188911002397259,0.0,0.0
2017-07-11 00:00:00+07:00,0.2883798507133863,0.2889774273647025,0.2905241015693712,0.28695507745859805,0.8384912640137919,0.0,0.0
2017-07-12 00:00:00+07:00,0.2863484382367913,0.28938192697733084,0.28805785119641575,0.2885729869346958,0.8557939528343297,0.0,0.0
2017-07-13 00:00:00+07:00,0.29122383334793184,0.29019080153779525,0.29093511235357955,0.28978633160484774,0.8406072929319485,0.0,0.0
2017-07-14 00:00:00+07:00,0.2920364034608905,0.29059526499054705,0.2913461524535351,0.2881684454452624,0.8202491908088805,0.0,0.0
2017-07-17 00:00:00+07:00,0.2871609840730789,0.28816848583506793,0.2905240999896797,0.2865506059187017,0.8385659520875033,0.0,0.0
2017-07-18 00:00:00+07:00,0.28634838723821837,0.28735952568198203,0.2892909397311569,0.28735952568198203,0.8171875488666046,0.0,0.0
2017-07-19 00:00:00+07:00,0.2887861251406876,0.28938188338146376,0.2913461808039222,0.28938188338146376,0.8238693137989592,0.0,0.0
2017-07-20 00:00:00+07:00,0.29081756525714003,0.28978635176194106,0.2921682724626278,0.2889774118415674,0.8370944074207843,0.0,0.0
2017-07-21 00:00:00+07:00,0.2904112624610193,0.2893818673893428,0.2901130248918323,0.2853371679825003,0.7971443517109705,0.0,0.0
2017-07-24 00:00:00+07:00,0.28878617767782905,0.2918087562412351,0.2897020470153909,0.29099981617407383,0.8571292528820458,0.0,0.0
2017-07-25 00:00:00+07:00,0.2936616386245801,0.2926176963083963,0.29299042060766534,0.29099981617407383,0.8406243338403877,0.0,0.0
2017-07-26 00:00:00+07:00,0.2936616041178866,0.2962578917978799,0.2954566660782385,0.2942355418602199,0.8689082553990278,0.0,0.0
2017-07-27 00:00:00+07:00,0.29569302411483345,0.29544893000078454,0.2979229239912772,0.2946399900836039,0.8398420612658697,0.0,0.0
2017-07-28 00:00:00+07:00,0.2993496191469499,0.29787574975232645,0.2979229239912772,0.2946399900836039,0.8533951457692719,0.0,0.0
2017-07-31 00:00:00+07:00,0.29284904602901435,0.295044500619432,0.29586773156653934,0.2930221505570432,0.841223328119375,0.0,0.0
2017-08-01 00:00:00+07:00,0.2973181853835332,0.29747128772115533,0.29833397856427674,0.29666234778308564,0.8555909455104672,0.0,0.0
2017-08-02 00:00:00+07:00,0.29813076207831996,0.29747128772115533,0.29997816509803304,0.29666234778308564,0.8393022406075029,0.0,0.0
2017-08-03 00:00:00+07:00,0.30016221638917207,0.29868471014586984,0.29545666451746055,0.2938310703203236,0.8226713105304788,0.0,0.0
2017-08-04 00:00:00+07:00,0.29528679227349713,0.2938311064091381,0.2954567008018711,0.29099981617407383,0.8444692968992477,0.0,0.0
2017-08-07 00:00:00+07:00,0.2952867010058755,0.2938310155499925,0.29586765602620146,0.29180866598781713,0.8353572522151724,0.0,0.0
2017-08-08 00:00:00+07:00,0.2944741485592809,0.2986846789753744,0.29792291332293325,0.2978757390862623,0.8356839453731515,0.0,0.0
2017-08-09 00:00:00+07:00,0.2997559186320563,0.2982802308092266,0.29874502835266364,0.2974712908628783,0.8390434756165359,0.0,0.0
2017-08-10 00:00:00+07:00,0.3001621974281538,0.29868469126971325,0.29833397221258323,0.29504446162350023,0.8164759631757985,0.0,0.0
2017-08-11 00:00:00+07:00,0.29488048644577886,0.295044499079745,0.2958677300225969,0.29261767901714686,0.8436814054086961,0.0,0.0
2017-08-14 00:00:00+07:00,0.29406789093075436,0.29504448027671015,0.2971008511179945,0.2938310703203236,0.8082414231365384,0.0,0.0
2017-08-15 00:00:00+07:00,0.2944741980568012,0.29464002906931197,0.29463458999606595,0.29261767901714686,0.8214816685057583,0.0,0.0
2017-08-16 00:00:00+07:00,0.29488047694033226,0.2966623695575006,0.29710086047087586,0.2962578995597016,0.8324957739371373,0.0,0.0
2017-08-17 00:00:00+07:00,0.29772449557433955,0.2962578995597016,0.30121132709758447,0.2962578995597016,0.0,0.0,0.0
2017-08-18 00:00:00+07:00,0.29528677637520356,0.29625791065686524,0.29668982492171597,0.2930221505570432,0.8327152466774368,0.0,0.0
2017-08-21 00:00:00+07:00,0.2960993124517352,0.2950444600421942,0.2979229239912772,0.2946399900836039,0.7875848086050002,0.0,0.0
2017-08-22 00:00:00+07:00,0.2960993124517352,0.2958533999593749,0.2995671104825759,0.2946399900836039,0.8131397544673857,0.0,0.0
2017-08-23 00:00:00+07:00,0.29772444151569327,0.300302545009128,0.3003891792251705,0.300302545009128,0.8273848183933591,0.0,0.0
2017-08-24 00:00:00+07:00,0.30178735879943724,0.30030257909184005,0.30080025995499654,0.29706681932298196,0.8353832123198479,0.0,0.0
2017-08-25 00:00:00+07:00,0.3009747447128655,0.30111148161889373,0.3024444089192356,0.29949360192933533,0.8226052673163654,0.0,0.0
2017-08-28 00:00:00+07:00,0.2977244831116101,0.29949364700385134,0.3008002678429037,0.2990891770224637,0.8030120732710044,0.0,0.0
2017-08-29 00:00:00+07:00,0.30016221327042003,0.2990891770224637,0.3012113144888965,0.2990891770224637,0.8080977133454416,0.0,0.0
2017-08-30 00:00:00+07:00,0.30259989791501896,0.30111148161889373,0.3016223157471649,0.29949360192933533,0.820866172187601,0.0,0.0
2017-08-31 00:00:00+07:00,0.2985370520036369,0.30111151903405453,0.30203339986163197,0.29706681932298196,0.8414372149260901,0.0,0.0
2017-09-01 00:00:00+07:00,0.2985370520036369,0.29706681932298196,0.30203339986163197,0.29706681932298196,0.0,0.0,0.0
2017-09-04 00:00:00+07:00,0.2989433120551166,0.29787573105673487,0.29792290529168947,0.2958533813867806,0.8149278346426059,0.0,0.0
2017-09-05 00:00:00+07:00,0.29934960843293423,0.2978757390862623,0.297511866714371,0.2978757390862623,0.8468734731611909,0.0,0.0
2017-09-06 00:00:00+07:00,0.2993496490794866,0.2982802495486964,0.299567140446901,0.2962578995597016,0.8370795493832903,0.0,0.0
2017-09-07 00:00:00+07:00,0.30097478210048717,0.2994936391496255,0.29874502677727083,0.29706681932298196,0.8237722040338565,0.0,0.0
2017-09-08 00:00:00+07:00,0.2948804738628161,0.2982802464358686,0.2979229506868157,0.29544895647990893,0.8301921707878446,0.0,0.0
2017-09-11 00:00:00+07:00,0.2989433607031998,0.2982802495486964,0.30121132709758447,0.2962578995597016,0.8140183322992497,0.0,0.0
2017-09-12 00:00:00+07:00,0.29853705671252584,0.2994936438745462,0.3016223579838394,0.298280233942671,0.8307704094476288,0.0,0.0
2017-09-13 00:00:00+07:00,0.2969119280183705,0.2998981388289041,0.3003892430765542,0.2986847287990797,0.8045969188666606,0.0,0.0
2017-09-14 00:00:00+07:00,0.30138103301340385,0.3003025417741145,0.3036775486773416,0.29949360192933533,0.8156019396838262,0.0,0.0
2017-09-15 00:00:00+07:00,0.2993496003673084,0.2982802009907257,0.2999781382808156,0.2958533813867806,0.8841146005824844,0.0,0.0
2017-09-18 00:00:00+07:00,0.2993496302805051,0.2978757608360525,0.29997816826560064,0.2974712908628783,0.806241868662928,0.0,0.0
2017-09-19 00:00:00+07:00,0.2969119063920067,0.3007070569480143,0.2999781745509183,0.2990891770224637,0.836929531755974,0.0,0.0
2017-09-20 00:00:00+07:00,0.3009748119032089,0.2994936688189626,0.3024444764516081,0.2986847287990797,0.8485435114636062,0.0,0.0
2017-09-21 00:00:00+07:00,0.30016223512624124,0.2986847287990797,0.3036776164766405,0.2986847287990797,0.0,0.0,0.0
2017-09-22 00:00:00+07:00,0.3009747706089093,0.3136500761741427,0.30326652818775723,0.3120321963496097,0.871894862837248,0.0,0.0
2017-09-25 00:00:00+07:00,0.31153830154983986,0.31081882065990446,0.31313168150306303,0.30879647066346366,0.859978788829686,0.0,0.0
2017-09-26 00:00:00+07:00,0.31031941141585395,0.3104143256453715,0.3127206096418606,0.3083919758070549,0.8611079994934798,0.0,0.0
2017-09-27 00:00:00+07:00,0.3123508125178682,0.31081875516680535,0.3135426621134606,0.3100098153336156,0.8705010381908203,0.0,0.0
2017-09-28 00:00:00+07:00,0.312757152547057,0.3116277465678711,0.3135427139918042,0.31122327658632937,0.8619282830042836,0.0,0.0
2017-09-29 00:00:00+07:00,0.31519491197248195,0.3201216458983772,0.31642006990094246,0.3189082358443599,0.890799198210182,0.0,0.0
2017-10-02 00:00:00+07:00,0.324539499278352,0.32376183033893513,0.3229967712131604,0.31931266075123155,0.8313402566708906,0.0,0.0
2017-10-03 00:00:00+07:00,0.32088295257837246,0.32214399905462293,0.32258577321950804,0.31971717892415263,0.8270302883966997,0.0,0.0
2017-10-04 00:00:00+07:00,0.324539499278352,0.32295289041389813,0.3238188644667939,0.31931266075123155,0.8618855155813742,0.0,0.0
2017-10-05 00:00:00+07:00,0.32088290103396944,0.319312657588696,0.3205304882778338,0.31850371767143887,0.869883025186301,0.0,0.0
2017-10-06 00:00:00+07:00,0.31966404703304596,0.32254842836719383,0.32094154595702823,0.3213350184507133,0.861274237200682,0.0,0.0
2017-10-09 00:00:00+07:00,0.32047666417803194,0.3205261189676427,0.3234078665935206,0.31971717892415263,0.8411126087175127,0.0,0.0
2017-10-10 00:00:00+07:00,0.3188514656482051,0.3205260737974136,0.32258572776485894,0.3201216038310242,0.8337029316039489,0.0,0.0
2017-10-11 00:00:00+07:00,0.3188514656482051,0.320930543763803,0.32258572776485894,0.3201216038310242,0.8426243817415656,0.0,0.0
2017-10-12 00:00:00+07:00,0.32169546449665853,0.3274020433187284,0.32546303438628066,0.3269975733762374,0.862826496721682,0.0,0.0
2017-10-13 00:00:00+07:00,0.32860235787763176,0.3294243849379211,0.32834035256370525,0.3249752156767557,0.8337734978794864,0.0,0.0
2017-10-16 00:00:00+07:00,0.32860233761179725,0.3310422442516314,0.3303955651669856,0.325784135440036,0.83261596607285,0.0,0.0
2017-10-17 00:00:00+07:00,0.32778981723167794,0.32618866129034524,0.32011945580030626,0.32214396153050595,0.8680506335498281,0.0,0.0
2017-10-18 00:00:00+07:00,0.3269772212049942,0.3253797021069,0.32053048348672897,0.3172903030517498,0.871411408798002,0.0,0.0
2017-10-19 00:00:00+07:00,0.3188514625064844,0.31971713071375,0.3217636313327103,0.31931266075123155,0.8435467462216629,0.0,0.0
2017-10-20 00:00:00+07:00,0.3237269713807559,0.3294244594460339,0.3250520533415458,0.31971717892415263,0.8378452036225489,0.0,0.0
2017-10-23 00:00:00+07:00,0.32616469470940174,0.33630044252673186,0.32998460642938354,0.3302333923284329,0.8394229059111467,0.0,0.0
2017-10-24 00:00:00+07:00,0.33185270718120263,0.3342780672630606,0.3291624882486968,0.32376184769009136,0.8412726910385663,0.0,0.0
2017-10-25 00:00:00+07:00,0.3253520980067175,0.3310423120917132,0.32587411968919733,0.3310423120917132,0.8440766743105229,0.0,0.0
2017-10-26 00:00:00+07:00,0.32860236434255413,0.33023333130146015,0.32916245223474905,0.32659310183634105,0.819839331195332,0.0,0.0
2017-10-27 00:00:00+07:00,0.32778985226659807,0.3261886961684636,0.3225857701490357,0.3189082358443599,0.8619271338539722,0.0,0.0
2017-10-30 00:00:00+07:00,0.3208829105175699,0.3217394868512995,0.3242299174664727,0.32093054691081696,0.8333692430684125,0.0,0.0
2017-10-31 00:00:00+07:00,0.32900868400240546,0.3290199528303598,0.3279293436725451,0.32861548285233516,0.8495288354061605,0.0,0.0
2017-11-01 00:00:00+07:00,0.3318526826333046,0.33630039230651404,0.33573920978476535,0.3354914523975483,0.8628715656987782,0.0,0.0
2017-11-02 00:00:00+07:00,0.33997850575239724,0.340345148389017,0.3423160125423285,0.3379183282699511,0.8591517971384769,0.0,0.0
2017-11-03 00:00:00+07:00,0.33997850159800747,0.338322794153999,0.330806701313586,0.3306378638683292,0.8445113473961324,0.0,0.0
2017-11-06 00:00:00+07:00,0.33510303932849694,0.3334691524341924,0.3357392599261796,0.3302333923284329,0.8161925477578341,0.0,0.0
2017-11-07 00:00:00+07:00,0.329414981682751,0.3314467820808677,0.331628772843598,0.3310423120917132,0.8280138060584162,0.0,0.0
2017-11-08 00:00:00+07:00,0.33022751923199256,0.3322556826286211,0.3324508266961625,0.3269975733762374,0.8384263363657749,0.0,0.0
2017-11-09 00:00:00+07:00,0.33104009587345296,0.3310422728011479,0.33203978008969887,0.3269975733762374,0.8301540916640032,0.0,0.0
2017-11-10 00:00:00+07:00,0.3286024034345523,0.32861549064332474,0.3291624914042902,0.32457079076988404,0.8502244803278614,0.0,0.0
2017-11-13 00:00:00+07:00,0.32413322046753557,0.32537971975727914,0.3258741071838019,0.32173948999060964,0.834830075754763,0.0,0.0
2017-11-14 00:00:00+07:00,0.3237269321150801,0.32295289991283277,0.3262851538223624,0.32173948999060964,0.8331787643199928,0.0,0.0
2017-11-15 00:00:00+07:00,0.3253521194283885,0.3326602139435055,0.3275183278720868,0.3306378638683292,0.8583719513663698,0.0,0.0
2017-11-16 00:00:00+07:00,0.3351030408748012,0.333469153973576,0.33491716811546,0.3306378638683292,0.8384221566448526,0.0,0.0
2017-11-17 00:00:00+07:00,0.3342904264796794,0.333469116445463,0.332861897250821,0.3330646464746826,0.8722686639241094,0.0,0.0
2017-11-20 00:00:00+07:00,0.3346967524812006,0.33468256401868174,0.33615030815602226,0.3306378638683292,0.8566796354129511,0.0,0.0
2017-11-21 00:00:00+07:00,0.3355092648276499,0.3338735598362696,0.33368396395451416,0.3322556800783775,0.8400520728742369,0.0,0.0
2017-11-22 00:00:00+07:00,0.331852696384799,0.3338735864162434,0.3357392236973118,0.3330646464746826,0.8544771048046186,0.0,0.0
2017-11-23 00:00:00+07:00,0.33591561611205106,0.3342780924606323,0.3332729798561241,0.3302333923284329,0.8417163980339974,0.0,0.0
2017-11-24 00:00:00+07:00,0.3298212902353952,0.33104233235487274,0.33203983982109636,0.3302333923284329,0.8379451214699114,0.0,0.0
2017-11-27 00:00:00+07:00,0.32900868564587643,0.3350870041741643,0.3328619050461646,0.3350870041741643,0.8496111625238812,0.0,0.0
2017-11-28 00:00:00+07:00,0.33672816445541076,0.3350870041741643,0.3365613248473046,0.3350870041741643,0.8491817713707377,0.0,0.0
2017-11-29 00:00:00+07:00,0.3380331933371085,0.336792187135796,0.335803159535937,0.33435621804379995,0.862688315131023,16.0,0.0
2017-11-30 00:00:00+07:00,0.3380331920636168,0.3363861910193379,0.32631344323139505,0.3209583868265739,0.8949007614678566,0.0,0.0
2017-12-01 00:00:00+07:00,0.32253602898784406,0.3209583868265739,0.32631344323139505,0.3209583868265739,0.0,0.0,0.0
2017-12-04 00:00:00+07:00,0.3302845643181414,0.3339501752175875,0.33126455254791515,0.32826624813021793,0.8728257318384557,0.0,0.0
2017-12-05 00:00:00+07:00,0.33395500007974727,0.33354423590644094,0.3353905708294574,0.3315142616183773,0.8392940359812338,0.0,0.0
2017-12-06 00:00:00+07:00,0.3355862342648785,0.3376041380196087,0.33704090970596584,0.3363861536097984,0.8639945122358984,0.0,0.0
2017-12-07 00:00:00+07:00,0.33803320889374355,0.33638620777413997,0.3349779823456318,0.3311082745051776,0.8442396893644795,0.0,0.0
2017-12-08 00:00:00+07:00,0.33477062480609504,0.33516819985841345,0.33745353683072243,0.33354422050088817,0.8188610836883456,0.0,0.0
2017-12-11 00:00:00+07:00,0.33721753727965403,0.3355741867683443,0.3370409325690318,0.3327322229579764,0.80927279447433,0.0,0.0
2017-12-12 00:00:00+07:00,0.33599411637381915,0.3355742260164237,0.3345653939726933,0.3355742260164237,0.8430090197078646,0.0,0.0
2017-12-13 00:00:00+07:00,0.3359941478545381,0.3343562727275678,0.33580321445274586,0.3302963235952906,0.8381313202239691,0.0,0.0
2017-12-14 00:00:00+07:00,0.3319158455367085,0.3339501763412301,0.3349779199242123,0.3331381867546637,0.8480315045816749,0.0,0.0
2017-12-15 00:00:00+07:00,0.3315080255099043,0.3331381867546637,0.3353905161754768,0.3331381867546637,0.8407336827983644,0.0,0.0
2017-12-18 00:00:00+07:00,0.3315080255099043,0.3331381867546637,0.3345653236729479,0.3331381867546637,0.8485997848142625,0.0,0.0
2017-12-19 00:00:00+07:00,0.3323236655635127,0.33557415551436265,0.3362157086780056,0.3331381867546637,0.84864835783022,0.0,0.0
2017-12-20 00:00:00+07:00,0.33395504711809787,0.33232629816142917,0.3349780217064272,0.3302963235952906,0.8625038893793685,0.0,0.0
2017-12-21 00:00:00+07:00,0.3323236655635127,0.3339501763412301,0.3362157086780056,0.3331381867546637,0.8381076077032918,0.0,0.0
2017-12-22 00:00:00+07:00,0.3359940857078883,0.34247610766272957,0.3366283449184338,0.33963414378144546,0.8585301510899834,0.0,0.0
2017-12-25 00:00:00+07:00,0.34129574666878837,0.33963414378144546,0.34529286719590735,0.33963414378144546,0.0,0.0,0.0
2017-12-26 00:00:00+07:00,0.34129574666878837,0.33963414378144546,0.34529286719590735,0.33963414378144546,0.0,0.0,0.0
2017-12-27 00:00:00+07:00,0.34129576231021524,0.34288211821918574,0.34364249775120825,0.3400401542111575,0.85446092960995,0.0,0.0
2017-12-28 00:00:00+07:00,0.34129580101590334,0.347754095947224,0.34488032581665223,0.3465361112379392,0.8640830441641819,0.0,0.0
2017-12-29 00:00:00+07:00,0.3502677811655586,0.35993387846784136,0.34776843790745227,0.34613005417520243,0.8514875845908014,0.0,0.0
2018-01-01 00:00:00+07:00,0.3478208607705654,0.34613005417520243,0.3518944008149469,0.34613005417520243,0.0,0.0,0.0
2018-01-02 00:00:00+07:00,0.3478208607705654,0.3562799249786134,0.3506566119426985,0.34613005417520243,0.8520340591763205,0.0,0.0
2018-01-03 00:00:00+07:00,0.34822868083639763,0.34694204383947524,0.34240468612770925,0.34613005417520243,0.8432563884939099,0.0,0.0
2018-01-04 00:00:00+07:00,0.34782089992029114,0.35140802654587266,0.35189444042317847,0.35140802654587266,0.8486566010677972,0.0,0.0
2018-01-05 00:00:00+07:00,0.35434591997694004,0.3542498889716926,0.35643289779265963,0.3518139203930229,0.8411925393367338,0.0,0.0
2018-01-08 00:00:00+07:00,0.3535303426504303,0.35709191561074555,0.357258153563037,0.3534379621118712,0.8356153998105159,0.0,0.0
2018-01-09 00:00:00+07:00,0.35760853588744157,0.35668591336228117,0.3609715126871758,0.35627991853729374,0.8381939857408506,0.0,0.0
2018-01-10 00:00:00+07:00,0.358016402762684,0.35952792415807766,0.3589085782140898,0.355061980514207,0.8261320189576759,0.0,0.0
2018-01-11 00:00:00+07:00,0.3567929347956996,0.3591219215957411,0.358495974205079,0.3591219215957411,0.8353247817986517,0.0,0.0
2018-01-12 00:00:00+07:00,0.3608711277224622,0.3595279083970142,0.35890856247868547,0.35465597008449495,0.8421303161656357,0.0,0.0
2018-01-15 00:00:00+07:00,0.35679286445525354,0.3558738924681413,0.35849590351631877,0.3554678976778696,0.8204449669117447,0.0,0.0
2018-01-16 00:00:00+07:00,0.35679296574855135,0.3587159578506389,0.36097158348514663,0.3574979731429423,0.8287864555630201,0.0,0.0
2018-01-17 00:00:00+07:00,0.36087107142133446,0.3591218574884904,0.35602033266925404,0.3501899719402241,0.8893902423819293,0.0,0.0
2018-01-18 00:00:00+07:00,0.35353022769445036,0.357497794202266,0.3576706335525774,0.3570917994976437,0.853530392780853,0.0,0.0
2018-01-19 00:00:00+07:00,0.3596476832051307,0.35830993952793105,0.3601463672222499,0.355061980514207,0.8291543780090261,0.0,0.0
2018-01-22 00:00:00+07:00,0.3584241445503702,0.35709187683895616,0.3605588847573384,0.3554678976778696,0.851499364040268,0.0,0.0
2018-01-23 00:00:00+07:00,0.3600554409283961,0.3591218670361315,0.36220928613284825,0.35830987741980463,0.843623644681557,0.0,0.0
2018-01-24 00:00:00+07:00,0.35964752676062284,0.3579037889068884,0.36179659516419715,0.3570917994976437,0.8583724473502947,0.0,0.0
2018-01-25 00:00:00+07:00,0.3584240669473883,0.3583097836115107,0.3609714028418732,0.3570917994976437,0.832031935435924,0.0,0.0
2018-01-26 00:00:00+07:00,0.3596476755104647,0.36155789080524803,0.36220934115214176,0.3591219215957411,0.8357708938302637,0.0,0.0
2018-01-29 00:00:00+07:00,0.3625024319082393,0.36115191156693516,0.362621953172299,0.3607459166815646,0.8675968183965515,0.0,0.0
2018-01-30 00:00:00+07:00,0.36087115143101706,0.37130178370119726,0.3642723385516954,0.3607459166815646,0.8672865490727621,0.0,0.0
2018-01-31 00:00:00+07:00,0.3625024319082393,0.36236989622304655,0.36509753124139366,0.35952793202545313,0.8642154190567959,0.0,0.0
2018-02-01 00:00:00+07:00,0.36331805688331986,0.37089577323823525,0.3675730938681972,0.37008378350074417,0.8762659486483553,0.0,0.0
2018-02-02 00:00:00+07:00,0.3759605266178822,0.39160155999852114,0.37995103075597075,0.37982770738266053,0.8604197490199419,0.0,0.0
2018-02-05 00:00:00+07:00,0.3779995419068763,0.3806396111451881,0.3783005596836734,0.3769856576911885,0.8282666393004084,0.0,0.0
2018-02-06 00:00:00+07:00,0.3731057394457395,0.37495572202607624,0.3749998278717679,0.3725197528129671,0.868713263613405,0.0,0.0
2018-02-07 00:00:00+07:00,0.3763682609660151,0.3798276207891024,0.37788796270071273,0.3721137190667427,0.870414289791885,0.0,0.0
2018-02-08 00:00:00+07:00,0.37473701221430616,0.37698568868148974,0.37830059078088984,0.3753617092383897,0.8434253569860712,0.0,0.0
2018-02-09 00:00:00+07:00,0.3722900837749368,0.3757676961537823,0.37582500491482135,0.3733317270393665,0.8451780749635388,0.0,0.0
2018-02-12 00:00:00+07:00,0.3788151813330201,0.3769856569966541,0.37830055898674286,0.3721137190667427,0.816406639507232,0.0,0.0
2018-02-13 00:00:00+07:00,0.378815182030677,0.3790156318322993,0.38242652255138887,0.3769856576911885,0.8367931980842953,0.0,0.0
2018-02-14 00:00:00+07:00,0.37759175287650293,0.37820367326381477,0.3791257834205971,0.3753617092383897,0.8480333608705141,0.0,0.0
2018-02-15 00:00:00+07:00,0.3804465251146134,0.37901569445283917,0.3774754294854123,0.371301791473368,0.831422423451344,0.0,0.0
2018-02-16 00:00:00+07:00,0.3731057628172964,0.371301791473368,0.3774754294854123,0.371301791473368,0.0,0.0,0.0
2018-02-19 00:00:00+07:00,0.37677615132792464,0.3842936355773943,0.3807762077518951,0.3842936355773943,0.8289081763959382,0.0,0.0
2018-02-20 00:00:00+07:00,0.38370899979728895,0.38348155197447287,0.3844894809569869,0.3806395883430105,0.8118334360024146,0.0,0.0
2018-02-21 00:00:00+07:00,0.38126207956889224,0.3830755571699782,0.3820139033810377,0.3806395883430105,0.8391659318123473,0.0,0.0
2018-02-22 00:00:00+07:00,0.3837089915152488,0.3830755488993465,0.38242649138634704,0.3786096061439873,0.8260578220904223,0.0,0.0
2018-02-23 00:00:00+07:00,0.3824856332235626,0.3879475896899546,0.3857273640855121,0.3842936355773943,0.8519939979467288,0.0,0.0
2018-02-26 00:00:00+07:00,0.38452470232168534,0.38388760914080977,0.37830059849626013,0.3725197528129671,0.8536660724187211,0.0,0.0
2018-02-27 00:00:00+07:00,0.3775918235133065,0.37657976428957673,0.3749998904059554,0.3729258098757039,0.8548585605322049,0.0,0.0
2018-02-28 00:00:00+07:00,0.3722900674741167,0.37130173651481396,0.3712864292273473,0.36683579332909716,0.8744242405236318,0.0,0.0
2018-03-01 00:00:00+07:00,0.36739622664882743,0.3676477829992275,0.3716990255210731,0.36683579332909716,0.8717473703750517,0.0,0.0
2018-03-02 00:00:00+07:00,0.3669883823422607,0.3660237794773679,0.36592265323263123,0.361963831388139,0.8805620596882396,0.0,0.0
2018-03-05 00:00:00+07:00,0.3682118424698037,0.36886574313982834,0.36798563456842365,0.361963831388139,0.8550264216440971,0.0,0.0
2018-03-06 00:00:00+07:00,0.36861971780936403,0.3672418190130808,0.36551011182383153,0.3603399062518525,0.8482518870565485,0.0,0.0
2018-03-07 00:00:00+07:00,0.3673962892995779,0.36642986099938446,0.36220937257211777,0.3574979731429423,0.8639295995356044,0.0,0.0
2018-03-08 00:00:00+07:00,0.3657649543297267,0.3704897549028175,0.3659226853705938,0.3688657755281204,0.8625179621762199,0.0,0.0
2018-03-09 00:00:00+07:00,0.3706587952587898,0.3688657755281204,0.3696360520928681,0.3688657755281204,0.8422750608604501,0.0,0.0
2018-03-12 00:00:00+07:00,0.3722900219784682,0.3745496494194175,0.37582494252820753,0.3741436546327412,0.8660932578707894,0.0,0.0
2018-03-13 00:00:00+07:00,0.3755526835830688,0.3753617404099318,0.37458725501252427,0.371301791473368,0.8510812492710556,0.0,0.0
2018-03-14 00:00:00+07:00,0.37351352813667993,0.37373770598182254,0.3737620074463708,0.3704897472974315,0.8327684533220108,0.0,0.0
2018-03-15 00:00:00+07:00,0.372290099140649,0.37089577323823525,0.3741746351154581,0.37008378350074417,0.8378578973421127,0.0,0.0
2018-03-16 00:00:00+07:00,0.37636816572369264,0.3749555879429053,0.3700485395566884,0.36967765648847034,0.8919062247660365,0.0,0.0
2018-03-19 00:00:00+07:00,0.3706586862768534,0.3700836512157346,0.3733493090300647,0.36967765648847034,0.8471886045142407,0.0,0.0
2018-03-20 00:00:00+07:00,0.370251006367933,0.3688658066084553,0.37004867957436,0.36845981173143305,0.8560484984578894,0.0,0.0
2018-03-21 00:00:00+07:00,0.37147445893543724,0.3725197527132173,0.37458723144341194,0.37008378350074417,0.842845796829672,0.0,0.0
2018-03-22 00:00:00+07:00,0.37351358294492515,0.37211378126068073,0.37582504407233336,0.371301791473368,0.8378709721158353,0.0,0.0
2018-03-23 00:00:00+07:00,0.36576494004986615,0.3769856576911885,0.37004863394824244,0.3769856576911885,0.839522851809481,0.0,0.0
2018-03-26 00:00:00+07:00,0.37229010692253217,0.37130177587058905,0.37334945026528127,0.36845981173143305,0.8613285098970296,0.0,0.0
2018-03-27 00:00:00+07:00,0.3763683238383262,0.37657972509090093,0.3770628331321425,0.371301791473368,0.8417762087885086,0.0,0.0
2018-03-28 00:00:00+07:00,0.3731057079164785,0.37130173681826345,0.372524218412963,0.36927176264132006,0.813653133150539,0.0,0.0
2018-03-29 00:00:00+07:00,0.3682118747942583,0.36927177037179465,0.36716047427801857,0.3688657755281204,0.8493135018649173,0.0,0.0
2018-03-30 00:00:00+07:00,0.3706587952587898,0.3688657755281204,0.374999804025042,0.3688657755281204,0.0,0.0,0.0
2018-04-02 00:00:00+07:00,0.37310570806741994,0.3717077318040782,0.37169902597528376,0.3704897472974315,0.814863723309735,0.0,0.0
2018-04-03 00:00:00+07:00,0.37188224785963997,0.372113726639627,0.3754123926232403,0.3704897472974315,0.8342503780681756,0.0,0.0
2018-04-04 00:00:00+07:00,0.3739213558781653,0.3721137342775147,0.3704612446978179,0.3688657755281204,0.8286199175936124,0.0,0.0
2018-04-05 00:00:00+07:00,0.37392131565350845,0.3721136942328868,0.37087380108382134,0.3648057878135616,0.7914506985126291,0.0,0.0
2018-04-06 00:00:00+07:00,0.3678040934592118,0.36602385019138095,0.3634471458619972,0.35952793202545313,0.8267696853458312,0.0,0.0
2018-04-09 00:00:00+07:00,0.3633180564812071,0.36236988059339026,0.36303453385877926,0.3603399062518525,0.8296727177646642,0.0,0.0
2018-04-10 00:00:00+07:00,0.3637258539426171,0.3713017445901661,0.36674787797554365,0.3688657755281204,0.8504336105018803,0.0,0.0
2018-04-11 00:00:00+07:00,0.37392134805467664,0.37454969550137285,0.37499979617729057,0.36927176264132006,0.820463383575589,0.0,0.0
2018-04-12 00:00:00+07:00,0.37106659148462245,0.3692717466269552,0.3708738171538652,0.3664297828993851,0.8247933779079132,0.0,0.0
2018-04-13 00:00:00+07:00,0.37026643305115325,0.36929334380442874,0.371276934970621,0.3652024716383299,0.844584345280072,35.0,0.0
2018-04-16 00:00:00+07:00,0.36697902222907886,0.3652024716383299,0.371276934970621,0.3652024716383299,0.0,0.0,0.0
2018-04-17 00:00:00+07:00,0.36697902222907886,0.3652024716383299,0.371276934970621,0.3652024716383299,0.0,0.0,0.0
2018-04-18 00:00:00+07:00,0.36574638575339424,0.36642987616543454,0.3683669058902555,0.36642987616543454,0.8224563280646066,0.0,0.0
2018-04-19 00:00:00+07:00,0.36821194480696606,0.36642987616543454,0.372524297042861,0.36642987616543454,0.0,0.0,0.0
2018-04-20 00:00:00+07:00,0.36821194480696606,0.36642987616543454,0.372524297042861,0.36642987616543454,0.0,0.0,0.0
2018-04-23 00:00:00+07:00,0.37191026061066396,0.3701116398394359,0.37169279604207295,0.36683894105826564,0.8250763248232871,0.0,0.0
2018-04-24 00:00:00+07:00,0.3702665284564637,0.3688843516689251,0.37086129159586206,0.36561165311372285,0.845926457918883,0.0,0.0
2018-04-25 00:00:00+07:00,0.367390043264381,0.36561165311372285,0.37169276971931003,0.36561165311372285,0.0,0.0,0.0
2018-04-26 00:00:00+07:00,0.367390043264381,0.36561165311372285,0.37169276971931003,0.36561165311372285,0.0,0.0,0.0
2018-04-27 00:00:00+07:00,0.367390043264381,0.36561165311372285,0.37169276971931003,0.36561165311372285,0.0,0.0,0.0
2018-04-30 00:00:00+07:00,0.3439671610015342,0.35702074237347653,0.3471640901123429,0.3521116955723632,0.8564277368567388,0.0,0.0
2018-05-01 00:00:00+07:00,0.35382939387316154,0.3521116955723632,0.35797330344549216,0.3521116955723632,0.0,0.0,0.0
2018-05-02 00:00:00+07:00,0.35382937894078104,0.3652024716383299,0.35797328833822956,0.3652024716383299,0.8520581929874488,0.0,0.0
2018-05-03 00:00:00+07:00,0.36533541208110726,0.3647934795703906,0.3612992942615068,0.3553844711966482,0.8764335874493552,0.0,0.0
2018-05-04 00:00:00+07:00,0.3571169678491332,0.35579364314429485,0.3563105102572954,0.3508845941599193,0.8471466885157827,0.0,0.0
2018-05-07 00:00:00+07:00,0.35300761836467454,0.3553844711966481,0.3529845130026931,0.3553844711966482,0.8278425817358527,0.0,0.0
2018-05-08 00:00:00+07:00,0.35218584922024193,0.3508845941599193,0.3513216403463109,0.3508845941599193,0.844955565604938,0.0,0.0
2018-05-09 00:00:00+07:00,0.34437807282731697,0.3652024716383299,0.34841129232119833,0.3652024716383299,0.8458425605630836,0.0,0.0
2018-05-10 00:00:00+07:00,0.36697902222907886,0.3652024716383299,0.371276934970621,0.3652024716383299,0.0,0.0,0.0
2018-05-11 00:00:00+07:00,0.3645135283933528,0.3676570597749901,0.36545665403088634,0.36274801233180615,0.8507073025960341,0.0,0.0
2018-05-14 00:00:00+07:00,0.3595824881194647,0.36642987616543454,0.36171508004608677,0.36642987616543454,0.8351633128479163,0.0,0.0
2018-05-15 00:00:00+07:00,0.36328072830272573,0.3619298170078389,0.3563103749616512,0.3537480717262495,0.8736129376499245,0.0,0.0
2018-05-16 00:00:00+07:00,0.3505420163945088,0.3570207764631266,0.35464742552132084,0.35661168919165387,0.8547276434766675,0.0,0.0
2018-05-17 00:00:00+07:00,0.3554731899319306,0.3549753966857557,0.356310438363493,0.35047543600103875,0.8530048469513599,0.0,0.0
2018-05-18 00:00:00+07:00,0.3521857912185076,0.35088453635216055,0.3513215824654792,0.3455664008054293,0.8555229921658917,0.0,0.0
2018-05-21 00:00:00+07:00,0.3447891360557825,0.3459755098273179,0.3475799524034688,0.3447482477032547,0.8519962718431865,0.0,0.0
2018-05-22 00:00:00+07:00,0.35136392521537235,0.3521117853409358,0.35132156943287834,0.35047543600103875,0.8393614949073176,0.0,0.0
2018-05-23 00:00:00+07:00,0.3538294840453073,0.35620265869067846,0.356310438363493,0.35047543600103875,0.8504230292037716,0.0,0.0
2018-05-24 00:00:00+07:00,0.35711691152232533,0.36070263523672563,0.36088358408643284,0.3578390237692214,0.849341488203443,0.0,0.0
2018-05-25 00:00:00+07:00,0.3591714775178064,0.36152074305081316,0.3625464733887114,0.35947530665705824,0.8402121648802885,0.0,0.0
2018-05-28 00:00:00+07:00,0.3604042447462558,0.36683886544541816,0.3629622003053308,0.3643843418526677,0.8403516603283208,0.0,0.0
2018-05-29 00:00:00+07:00,0.36615721437184007,0.3643843418526677,0.3704455024296214,0.3643843418526677,0.0,0.0,0.0
2018-05-30 00:00:00+07:00,0.3661572322215811,0.366429796047022,0.36379369606180323,0.36192983591311917,0.8654927655286487,0.0,0.0
2018-05-31 00:00:00+07:00,0.3665681586429378,0.3660207087621218,0.36379369606180323,0.36192983591311917,0.8881004619029341,0.0,0.0
2018-06-01 00:00:00+07:00,0.3636916736934409,0.36192983591311917,0.3679510863284334,0.36192983591311917,0.0,0.0,0.0
2018-06-04 00:00:00+07:00,0.36780096972039283,0.3664298277525234,0.36961407441069016,0.36561165311372285,0.8559971260790974,0.0,0.0
2018-06-05 00:00:00+07:00,0.36533545080643576,0.3656116929749552,0.3629622890047851,0.3623389940719997,0.8490614733018085,0.0,0.0
2018-06-06 00:00:00+07:00,0.36410263514547325,0.3692934425674237,0.36670390453342944,0.3672480059510968,0.8356036967024325,0.0,0.0
2018-06-07 00:00:00+07:00,0.3710884303694665,0.3692934877699963,0.37127707969707935,0.36642987616543454,0.8190932094055274,0.0,0.0
2018-06-08 00:00:00+07:00,0.3661572150560589,0.36683886613104616,0.35797333289198147,0.3545662481449365,0.886176479911412,0.0,0.0
2018-06-11 00:00:00+07:00,0.3562949813942338,0.3545662481449365,0.36046776693795585,0.3545662481449365,0.0,0.0,0.0
2018-06-12 00:00:00+07:00,0.3562949813942338,0.3545662481449365,0.36046776693795585,0.3545662481449365,0.0,0.0,0.0
2018-06-13 00:00:00+07:00,0.3562949813942338,0.3545662481449365,0.36046776693795585,0.3545662481449365,0.0,0.0,0.0
2018-06-14 00:00:00+07:00,0.3562949813942338,0.3545662481449365,0.36046776693795585,0.3545662481449365,0.0,0.0,0.0
2018-06-15 00:00:00+07:00,0.3562949813942338,0.3545662481449365,0.36046776693795585,0.3545662481449365,0.0,0.0,0.0
2018-06-18 00:00:00+07:00,0.3562949813942338,0.3545662481449365,0.36046776693795585,0.3545662481449365,0.0,0.0,0.0
2018-06-19 00:00:00+07:00,0.3562949813942338,0.3545662481449365,0.36046776693795585,0.3545662481449365,0.0,0.0,0.0
2018-06-20 00:00:00+07:00,0.352185736218151,0.35088448153574214,0.34217526893443534,0.3422936484976567,0.9046125077358281,0.0,0.0
2018-06-21 00:00:00+07:00,0.34602182660363057,0.3496572062795919,0.34217525581917535,0.33656641356684797,0.8565204551463975,0.0,0.0
2018-06-22 00:00:00+07:00,0.3423235859881499,0.349248218006033,0.3413438746142213,0.349248218006033,0.8594777157220761,0.0,0.0
2018-06-25 00:00:00+07:00,0.35095293628945656,0.3582480316311236,0.3534002019231253,0.3537480717262495,0.8391764024641772,0.0,0.0
2018-06-26 00:00:00+07:00,0.35382941291155795,0.35538441256448255,0.3459168918187763,0.340248184134427,0.832989213597792,0.0,0.0
2018-06-27 00:00:00+07:00,0.3423234964734738,0.34556634117631574,0.3455011755482765,0.3398391192415958,0.8426323695192294,0.0,0.0
2018-06-28 00:00:00+07:00,0.3419126026268174,0.34024823894770784,0.3384336444200577,0.33329375452512483,0.8689151831654794,0.0,0.0
2018-06-29 00:00:00+07:00,0.33492682550699066,0.34188456028831327,0.3367706606446524,0.34188456028831327,0.8693444769926203,0.0,0.0
2018-07-02 00:00:00+07:00,0.34643276441301823,0.3447481703620027,0.34674839638567734,0.3414754720789698,0.8368211258183013,0.0,0.0
2018-07-03 00:00:00+07:00,0.3456108784814773,0.344339050098721,0.3330289765641472,0.3275664729612914,0.846450712822169,0.0,0.0
2018-07-04 00:00:00+07:00,0.3353377659141897,0.34065731263272647,0.3346919794660047,0.33779370151139076,0.8387870408418743,0.0,0.0
2018-07-05 00:00:00+07:00,0.3365705452329477,0.3390209634205346,0.3396808480072741,0.33779370151139076,0.8109035056944012,0.0,0.0
2018-07-06 00:00:00+07:00,0.33533780191824936,0.33493012636113845,0.3384336672108501,0.33288468963229373,0.8154220493864293,0.0,0.0
2018-07-09 00:00:00+07:00,0.33903610499208164,0.3504754090646112,0.34092806627065475,0.34883905984715247,0.8507359270888984,0.0,0.0
2018-07-10 00:00:00+07:00,0.34972019245570635,0.3504754090646112,0.34633267387442596,0.34883905984715247,0.8683340510561768,0.0,0.0
2018-07-11 00:00:00+07:00,0.34396723716570843,0.35783899601395525,0.34799564511722514,0.35579355940599167,0.8590203994883682,0.0,0.0
2018-07-12 00:00:00+07:00,0.35547310422215245,0.36520249204347055,0.3592205252904252,0.36397523032681184,0.8501237053943328,0.0,0.0
2018-07-13 00:00:00+07:00,0.3686228262043106,0.3680661805976275,0.36961407799299323,0.3672480059510968,0.8470219791320291,0.0,0.0
2018-07-16 00:00:00+07:00,0.3694446593274235,0.36888433547195837,0.371277014357412,0.36888433547195837,0.845502191549881,0.0,0.0
2018-07-17 00:00:00+07:00,0.3673900833048178,0.3668389550635635,0.3650409845342849,0.3623389940719997,0.8053538383004134,0.0,0.0
2018-07-18 00:00:00+07:00,0.3678009562788637,0.3701116000999888,0.3721084951820831,0.3701116000999888,0.8507598647342289,0.0,0.0
2018-07-19 00:00:00+07:00,0.37026651492708146,0.3701116000999888,0.37377145136972434,0.3701116000999888,0.8488749746889335,0.0,0.0
2018-07-20 00:00:00+07:00,0.37108834069557667,0.3692933984974497,0.3716927289699934,0.3684752239461025,0.8349456488376195,0.0,0.0
2018-07-23 00:00:00+07:00,0.3719101562964226,0.3750205828209634,0.3746028645940463,0.3725660594065126,0.8445696881857969,0.0,0.0
2018-07-24 00:00:00+07:00,0.3768413497880654,0.37542974682145414,0.3779288536744899,0.3754297468214541,0.8553169490363829,0.0,0.0
2018-07-25 00:00:00+07:00,0.37725223128692986,0.37624787660711634,0.38000750368431735,0.37624787660711634,0.8288578475874847,0.0,0.0
2018-07-26 00:00:00+07:00,0.37232115165738455,0.37706608886275794,0.3766816292745284,0.3721570411467062,0.8326069300995103,0.0,0.0
2018-07-27 00:00:00+07:00,0.37355390387258824,0.37256610139631363,0.37501864583211336,0.37052066499281994,0.8254855341392046,0.0,0.0
2018-07-30 00:00:00+07:00,0.3751976585110372,0.37338432470844596,0.37293999941667094,0.37133888804453163,0.818416086128848,0.0,0.0
2018-07-31 00:00:00+07:00,0.37191024675540063,0.37174797537731447,0.3671196523621323,0.37133888804453163,0.8422792598247035,0.0,0.0
2018-08-01 00:00:00+07:00,0.37519761883952735,0.37461154708625477,0.37709735029106894,0.37461154708625477,0.8345262592466703,0.0,0.0
2018-08-02 00:00:00+07:00,0.3784851000407621,0.3815661013817252,0.3804233327038383,0.37420252882644833,0.8503156111380782,0.0,0.0
2018-08-03 00:00:00+07:00,0.37601954103479257,0.3774752277399047,0.37876037627490267,0.37420252882644833,0.8199161718178894,0.0,0.0
2018-08-06 00:00:00+07:00,0.37519758457999836,0.3799296471746953,0.3795917498249684,0.3799296471746953,0.8395395505406937,0.0,0.0
2018-08-07 00:00:00+07:00,0.3801287012656194,0.381156908937146,0.38458061776992414,0.3799296471746953,0.8674191608039068,0.0,0.0
2018-08-08 00:00:00+07:00,0.38341616397551714,0.3823842221623066,0.3820862352234597,0.3819751348544374,0.8407857327792573,0.0,0.0
2018-08-09 00:00:00+07:00,0.3850598527414681,0.38483872900332944,0.3879065647842478,0.38483872900332944,0.8416767179345436,0.0,0.0
2018-08-10 00:00:00+07:00,0.3850598208447735,0.3844296098599324,0.3845806206607523,0.38115691180272576,0.8509099252377332,0.0,0.0
2018-08-13 00:00:00+07:00,0.37725226901225,0.37583882693374504,0.3737714559116729,0.3721570411467062,0.8508144084367674,0.0,0.0
2018-08-14 00:00:00+07:00,0.37601949598609413,0.3815660556740413,0.37335572313058046,0.3750206586121106,0.85383033765339,0.0,0.0
2018-08-15 00:00:00+07:00,0.3784851000407621,0.3766570530115406,0.3779288980604348,0.37420252882644833,0.8351307073986612,0.0,0.0
2018-08-16 00:00:00+07:00,0.37601949148676717,0.3746115668117748,0.37626589203760413,0.3729752175653932,0.8313738476451541,0.0,0.0
2018-08-17 00:00:00+07:00,0.37478671214225157,0.3729752175653932,0.3791760654141497,0.3729752175653932,0.0,0.0,0.0
2018-08-20 00:00:00+07:00,0.3768412939155886,0.38156600001206925,0.3800074926261094,0.38156600001206925,0.8596336718431822,0.0,0.0
2018-08-21 00:00:00+07:00,0.38259426248387846,0.38279326083132903,0.38707505465152664,0.38115691180272576,0.8430668562795195,0.0,0.0
2018-08-22 00:00:00+07:00,0.3830051888773609,0.38115691180272576,0.387490793649989,0.38115691180272576,0.0,0.0,0.0
2018-08-23 00:00:00+07:00,0.3817724356335927,0.3938386435171632,0.38582786386901524,0.39261138166434323,0.8787876688878259,0.0,0.0
2018-08-24 00:00:00+07:00,0.3949221452847083,0.40733859007164425,0.39913157757544365,0.4007931924842376,0.8629608990985564,0.0,0.0
2018-08-27 00:00:00+07:00,0.40314066449990094,0.4052931427644609,0.4007945234964729,0.3958841339721158,0.8568759311588797,0.0,0.0
2018-08-28 00:00:00+07:00,0.4031405773763492,0.40120218264286195,0.3987157418768216,0.3991567463808143,0.8398007571879759,0.0,0.0
2018-08-29 00:00:00+07:00,0.39327836053782794,0.39629315223192224,0.397468541562755,0.39629315223192224,0.855000574548138,0.0,0.0
2018-08-30 00:00:00+07:00,0.40108604257408564,0.40202045453187635,0.4049519248637432,0.4007931924842376,0.8593632591137119,0.0,0.0
2018-08-31 00:00:00+07:00,0.40149688864877225,0.4003840249235375,0.40287314870144386,0.39629315223192224,0.8662538130110757,0.0,0.0
2018-09-03 00:00:00+07:00,0.4023188115489082,0.4007931820376872,0.39954730625216267,0.3958841339721158,0.816503906800709,0.0,0.0
2018-09-04 00:00:00+07:00,0.3986204019154006,0.39792949941680833,0.3978842786817873,0.39547497581323526,0.8208855296171598,0.0,0.0
2018-09-05 00:00:00+07:00,0.3932783775057049,0.3913841218939196,0.38374917078172077,0.38320237616595554,0.8590392281335953,0.0,0.0
2018-09-06 00:00:00+07:00,0.3854708007205904,0.402838592278664,0.38291771781842304,0.394656846027573,0.858870968879256,0.0,0.0
2018-09-07 00:00:00+07:00,0.3986203589013113,0.3971112820175845,0.3958055409090868,0.3971112820175845,0.8461382834961239,0.0,0.0
2018-09-10 00:00:00+07:00,0.3949220642826467,0.39547497581323526,0.3920639325594534,0.39547497581323526,0.8422046720851514,0.0,0.0
2018-09-11 00:00:00+07:00,0.39738762270448263,0.39547497581323526,0.4020416687691686,0.39547497581323526,0.0,0.0,0.0
2018-09-12 00:00:00+07:00,0.39738761363973935,0.3967022285635026,0.38665931661770286,0.38156600001206925,0.8551097278370862,0.0,0.0
2018-09-13 00:00:00+07:00,0.38834726043136825,0.3893386854619285,0.3879065610635738,0.38320237616595554,0.85827140604118,0.0,0.0
2018-09-14 00:00:00+07:00,0.3834161657809059,0.38647509706086686,0.3845806713347398,0.3827933112731244,0.8460879972570451,0.0,0.0
2018-09-17 00:00:00+07:00,0.3809506053089441,0.38279330947017565,0.3854121476235025,0.3819751348544374,0.8176893580978162,0.0,0.0
2018-09-18 00:00:00+07:00,0.3801287319741407,0.38729324902993756,0.38458064883809134,0.38320237616595554,0.8477643599962335,0.0,0.0
2018-09-19 00:00:00+07:00,0.3862926283170614,0.38688416174353935,0.38665934397901786,0.38320237616595554,0.8662519273289675,0.0,0.0
2018-09-20 00:00:00+07:00,0.38834725855782426,0.38688415987645375,0.3879065591915854,0.38238419974726856,0.8378667424421307,0.0,0.0
2018-09-21 00:00:00+07:00,0.3834161321380139,0.38565688859871006,0.38458063758266336,0.3782933176538337,0.8807286870343364,0.0,0.0
2018-09-24 00:00:00+07:00,0.38341616397551714,0.38442965870165224,0.38624362572351323,0.3819751348544374,0.8371818958077898,0.0,0.0
2018-09-25 00:00:00+07:00,0.3850598697532324,0.3832023967780448,0.3866593647735185,0.3819751348544374,0.8214346933511273,0.0,0.0
2018-09-26 00:00:00+07:00,0.38177235282292366,0.3881113373653604,0.3862435191145268,0.38647498857465395,0.8455964803491457,0.0,0.0
2018-09-27 00:00:00+07:00,0.3834161433570317,0.3852478125979466,0.3870750830072032,0.38320237616595554,0.8451283906754701,0.0,0.0
2018-09-28 00:00:00+07:00,0.38341614886201564,0.3856569054220164,0.38790656663302986,0.3856569054220164,0.8597026583324453,0.0,0.0
2018-10-01 00:00:00+07:00,0.38505984719041714,0.3864750725919824,0.38873803724403977,0.38238419974726856,0.8138791473550445,0.0,0.0
2018-10-02 00:00:00+07:00,0.3862926264531948,0.3864750725919824,0.38541212503422245,0.38238419974726856,0.8293291820614259,0.0,0.0
2018-10-03 00:00:00+07:00,0.3809506053089441,0.38279330947017565,0.38499640857349715,0.3819751348544374,0.8100475244020131,0.0,0.0
2018-10-04 00:00:00+07:00,0.38382707848598097,0.3819751229738839,0.3812547452641941,0.37665698813297216,0.8430196973173798,0.0,0.0
2018-10-05 00:00:00+07:00,0.37766318530196247,0.3758388168226751,0.37252422873157537,0.3676570708439279,0.8603130506761235,0.0,0.0
2018-10-08 00:00:00+07:00,0.36985564351986866,0.3823842761100894,0.37418724609532944,0.37420252882644833,0.8350650199154197,0.0,0.0
2018-10-09 00:00:00+07:00,0.37684131141789284,0.3791114940725207,0.37959177125856886,0.3791114940725207,0.8145829887755378,0.0,0.0
2018-10-10 00:00:00+07:00,0.38341616755386093,0.38524783691325554,0.3770973701451885,0.3729752175653932,0.8367841474929218,0.0,0.0
2018-10-11 00:00:00+07:00,0.368622862803847,0.37174800341799674,0.36420950632248494,0.3623389940719997,0.8622181141525679,0.0,0.0
2018-10-12 00:00:00+07:00,0.3686228109592361,0.37461156227959513,0.37293997509459004,0.37092977651867576,0.8521877345781419,0.0,0.0
2018-10-15 00:00:00+07:00,0.3768413151103132,0.3807478469098946,0.38083899204519567,0.3807478469098946,0.8416784900859737,0.0,0.0
2018-10-16 00:00:00+07:00,0.3825942941812186,0.38483872900332944,0.3812547402710122,0.38483872900332944,0.8262869575007075,0.0,0.0
2018-10-17 00:00:00+07:00,0.38752543206075946,0.38606601156153963,0.3858278902999046,0.38361148769181136,0.8163451351667385,0.0,0.0
2018-10-18 00:00:00+07:00,0.38177244632618773,0.38115694838297454,0.38291770141375064,0.37665698813297216,0.8038474489552424,0.0,0.0
2018-10-19 00:00:00+07:00,0.37355393279773597,0.37747517799294283,0.37668163109139635,0.3729752175653932,0.824037092081294,0.0,0.0
2018-10-22 00:00:00+07:00,0.37478668029833945,0.37665697136321274,0.3754343820232731,0.36929340036478947,0.8398969539327504,0.0,0.0
2018-10-23 00:00:00+07:00,0.3751976229594994,0.3737933766109925,0.370861268879119,0.366020718006554,0.8389135540069611,0.0,0.0
2018-10-24 00:00:00+07:00,0.3686227650805688,0.3692933813203975,0.36711958270052025,0.3611116361779198,0.8368620039537638,0.0,0.0
2018-10-25 00:00:00+07:00,0.35506215799905894,0.3697024310210387,0.35922050521001625,0.3652024716383299,0.8550202942436503,0.0,0.0
2018-10-26 00:00:00+07:00,0.3702665062313456,0.37665698813297216,0.3729399645164116,0.37665698813297216,0.8529845365902151,0.0,0.0
2018-10-29 00:00:00+07:00,0.3735539237116521,0.3758388196040888,0.3750186657527733,0.36888433547195837,0.8114601631707988,0.0,0.0
2018-10-30 00:00:00+07:00,0.37067745209750247,0.3774751825103346,0.3746029403065159,0.3750206586121106,0.8437122950852091,0.0,0.0
2018-10-31 00:00:00+07:00,0.38095061882639797,0.38115697376648056,0.3812547706552584,0.37747518786817147,0.8730095930476759,0.0,0.0
2018-11-01 00:00:00+07:00,0.38259425960842997,0.3840205197161975,0.38499635676533717,0.3799296471746953,0.8688391194547884,0.0,0.0
2018-11-02 00:00:00+07:00,0.38505984904847723,0.3860659871707429,0.38624360495083254,0.38320237616595554,0.8672863441340423,0.0,0.0
2018-11-05 00:00:00+07:00,0.38505983223936907,0.38729323212174877,0.38873802214940384,0.3860659703148475,0.8487709404430295,0.0,0.0
2018-11-06 00:00:00+07:00,0.38999098089553386,0.3950659224353211,0.3937269223731479,0.38974778751545125,0.8584497564728614,0.0,0.0
2018-11-07 00:00:00+07:00,0.39492208698246595,0.3930204748078865,0.3879065647842478,0.38483872900332944,0.8529185365786225,0.0,0.0
2018-11-08 00:00:00+07:00,0.3916346718142593,0.3913841218939196,0.3879065610635738,0.38320237616595554,0.861016456764091,0.0,0.0
2018-11-09 00:00:00+07:00,0.38505984904847723,0.38402055073875196,0.38832230009175916,0.38320237616595554,0.8394935218238022,0.0,0.0
2018-11-12 00:00:00+07:00,0.38752539624927396,0.3860659758734254,0.38458063758266336,0.3782933176538337,0.8410900026408118,0.0,0.0
2018-11-13 00:00:00+07:00,0.3801287116555839,0.3848387047425346,0.3787602821905548,0.3844296174774736,0.8382081120866737,0.0,0.0
2018-11-14 00:00:00+07:00,0.3862927708472763,0.3872933919536547,0.3879067042148666,0.3840206924837166,0.8434598281065524,0.0,0.0
2018-11-15 00:00:00+07:00,0.3895800226982399,0.3889295811976171,0.38873802214940384,0.3860659703148475,0.8546742612558884,0.0,0.0
2018-11-16 00:00:00+07:00,0.39081282600407724,0.3979295256385458,0.3945583926178611,0.39670226375777806,0.8748712190607839,0.0,0.0
2018-11-19 00:00:00+07:00,0.401496946592575,0.4061113052992208,0.404536163132045,0.4012022573770687,0.862892282846789,0.0,0.0
2018-11-20 00:00:00+07:00,0.40314065244653907,0.4012022573770687,0.4078620756863713,0.4012022573770687,0.0,0.0,0.0
2018-11-21 00:00:00+07:00,0.40149688864877225,0.4003840249235375,0.4024574096907755,0.39629315223192224,0.8646883688664958,0.0,0.0
2018-11-22 00:00:00+07:00,0.3965658290306827,0.4028386066844527,0.4012102505777186,0.4012022573770687,0.8547731981488097,0.0,0.0
2018-11-23 00:00:00+07:00,0.4064280641544672,0.40692947995291273,0.4041204240627541,0.4012022573770687,0.8352361852778346,0.0,0.0
2018-11-26 00:00:00+07:00,0.39820942410866744,0.40611119235095955,0.4028730947815386,0.40324758184122433,0.8405205418617445,0.0,0.0
2018-11-27 00:00:00+07:00,0.40478432602549524,0.40774762209353976,0.40619908701535906,0.40774762209353976,0.8470554781206853,0.0,0.0
2018-11-28 00:00:00+07:00,0.411770120675697,0.40979310368075506,0.41285095704904895,0.4069294923078775,0.8565689363050958,0.0,0.0
2018-11-29 00:00:00+07:00,0.40971542264244587,0.4192020453221325,0.41451384695178367,0.4192020453221325,0.867201422231354,0.0,0.0
2018-11-30 00:00:00+07:00,0.4212214036073781,0.41920208658475133,0.4190870173866474,0.41674756269909635,0.8881034816814518,0.0,0.0
2018-12-03 00:00:00+07:00,0.4205698360883373,0.4333287897121245,0.4159020822075518,0.4140387435592452,0.8615681389912198,17.0,0.0
2018-12-04 00:00:00+07:00,0.4160348394816402,0.4251202510326187,0.4204901742410681,0.4206055594670867,0.8693619277310687,0.0,0.0
2018-12-05 00:00:00+07:00,0.4127365926644184,0.41978463169994135,0.41715329975362697,0.41978463169994135,0.847686193353085,0.0,0.0
2018-12-06 00:00:00+07:00,0.4168593922973622,0.4222472751023033,0.4175704835849783,0.4222472751023033,0.8479695860709824,0.0,0.0
2018-12-07 00:00:00+07:00,0.4185084687454389,0.4181429997166439,0.42090727354511676,0.41650129369555766,0.8451737995850137,0.0,0.0
2018-12-10 00:00:00+07:00,0.41273663754806583,0.41773254495206324,0.41757044511370117,0.41568041256143706,0.851415118813452,0.0,0.0
2018-12-11 00:00:00+07:00,0.4135612176791567,0.41732215567037356,0.4179875823648515,0.4140387435592452,0.8577546056361496,0.0,0.0
2018-12-12 00:00:00+07:00,0.41850842131326454,0.4165012464756701,0.418404625976005,0.41444911417676844,0.8702899188686903,0.0,0.0
2018-12-13 00:00:00+07:00,0.4193329645468131,0.4177325258550111,0.4196559259054131,0.41444911417676844,0.8531437223165524,0.0,0.0
2018-12-14 00:00:00+07:00,0.4160347916126188,0.4156803935561094,0.41923882592894374,0.41444911417676844,0.8897546257428585,0.0,0.0
2018-12-17 00:00:00+07:00,0.4180961496964902,0.4173220993952308,0.4200730258818825,0.41444911417676844,0.8618063155993644,0.0,0.0
2018-12-18 00:00:00+07:00,0.41108757700339227,0.41034489430171095,0.40589167093230083,0.40624062926673504,0.8741312983985057,0.0,0.0
2018-12-19 00:00:00+07:00,0.40614024720249864,0.41978463169994135,0.4108968004921136,0.41978463169994135,0.8621653223935005,0.0,0.0
2018-12-20 00:00:00+07:00,0.4127366174982696,0.4148595394502024,0.4133994250760559,0.4103448484052394,0.8584717859796043,0.0,0.0
2018-12-21 00:00:00+07:00,0.4061403094568203,0.4152700045563147,0.41089686347553284,0.4148595780603411,0.8562025375120724,0.0,0.0
2018-12-24 00:00:00+07:00,0.41685937243820614,0.4148595780603411,0.4217414638200616,0.4148595780603411,0.0,0.0,0.0
2018-12-25 00:00:00+07:00,0.41685937243820614,0.4148595780603411,0.4217414638200616,0.4148595780603411,0.0,0.0,0.0
2018-12-26 00:00:00+07:00,0.416859364055833,0.41937426108241815,0.41923885530922106,0.41937426108241815,0.842074822943033,0.0,0.0
2018-12-27 00:00:00+07:00,0.42263112874485,0.42183678173086037,0.42257561700343094,0.4169116643130809,0.8289826381387748,0.0,0.0
2018-12-28 00:00:00+07:00,0.4189206750354941,0.42060549310470535,0.42257560768885405,0.4173220815636289,0.8327358499821927,0.0,0.0
2018-12-31 00:00:00+07:00,0.41933294663504556,0.4173220815636289,0.42424400752503333,0.4173220815636289,0.0,0.0,0.0
2019-01-01 00:00:00+07:00,0.41933294663504556,0.4173220815636289,0.42424400752503333,0.4173220815636289,0.0,0.0,0.0
2019-01-02 00:00:00+07:00,0.4193330127869122,0.4210159859730442,0.4242440744516441,0.4206055594670867,0.813320826602691,0.0,0.0
2019-01-03 00:00:00+07:00,0.41933298371129263,0.418963824386439,0.4171533451185886,0.41568041256143706,0.8460134354485865,0.0,0.0
2019-01-04 00:00:00+07:00,0.41727167260246845,0.4177325920802263,0.4179875922671486,0.4177325920802263,0.8300851076388611,0.0,0.0
2019-01-07 00:00:00+07:00,0.42469253507550914,0.42758280067178456,0.427997965256318,0.4210159767176347,0.8467060370250531,0.0,0.0
2019-01-08 00:00:00+07:00,0.4218066427658662,0.42717238356240594,0.4246611744750414,0.4206055594670867,0.8418888978909856,0.0,0.0
2019-01-09 00:00:00+07:00,0.4275784651639959,0.42717240266256884,0.42632959363274125,0.42183685785175534,0.8534701170924598,0.0,0.0
2019-01-10 00:00:00+07:00,0.4275784651639959,0.4255306965669339,0.4234098933412577,0.42183685785175534,0.8673927912190506,0.0,0.0
2019-01-11 00:00:00+07:00,0.42592934069716637,0.4255306588514636,0.4271637558573694,0.42142639396818266,0.8534455992662151,0.0,0.0
2019-01-14 00:00:00+07:00,0.42098203303325127,0.42019506666207085,0.42007300793458513,0.4173220815636289,0.8549216124779737,0.0,0.0
2019-01-15 00:00:00+07:00,0.42180665236539866,0.4222472751023033,0.42340988404252894,0.4222472751023033,0.8550365434160052,0.0,0.0
2019-01-16 00:00:00+07:00,0.4242802360885433,0.4242993613550431,0.42799793768239697,0.4242993613550431,0.858727212386254,0.0,0.0
2019-01-17 00:00:00+07:00,0.42675392259784645,0.4279932565090489,0.4313347949372236,0.4279932565090489,0.8570645208898707,0.0,0.0
2019-01-18 00:00:00+07:00,0.43087651129902127,0.4357912309024849,0.4338372661797338,0.4357912309024849,0.8615452045076516,0.0,0.0
2019-01-21 00:00:00+07:00,0.43788523273131724,0.45015626286290855,0.4400938704176008,0.445641571346809,0.8546917043641419,0.0,0.0
2019-01-22 00:00:00+07:00,0.45231473225168106,0.45179796034440456,0.4450990622426487,0.45015625436888596,0.8571933867176666,0.0,0.0
2019-01-23 00:00:00+07:00,0.45231473054831123,0.4501562526731397,0.4471845606134123,0.4419477228258279,0.860438022516602,0.0,0.0
2019-01-24 00:00:00+07:00,0.4382974751533834,0.4407164239287084,0.4371741411153516,0.43866429155539477,0.86420578850095,0.0,0.0
2019-01-25 00:00:00+07:00,0.4358238645680699,0.44358942879529023,0.4409280604696452,0.4419477228258279,0.8437540146531383,0.0,0.0
2019-01-28 00:00:00+07:00,0.44530612182386314,0.44317901157837947,0.4471845699713173,0.4415373055752799,0.8442665239147178,0.0,0.0
2019-01-29 00:00:00+07:00,0.4395343745384683,0.44605205383308644,0.44426492637337833,0.44523120072928574,0.8493306567694845,0.0,0.0
2019-01-30 00:00:00+07:00,0.4490164727676025,0.4468727565281204,0.4488528760768986,0.443589345194995,0.8484841063259079,0.0,0.0
2019-01-31 00:00:00+07:00,0.4457184139408546,0.45343969490799485,0.4509384908331382,0.45302926838877117,0.8754802301324766,0.0,0.0
2019-02-01 00:00:00+07:00,0.4589111075883705,0.4624690783309158,0.4542752911281724,0.45302926838877117,0.8354468347096152,0.0,0.0
2019-02-04 00:00:00+07:00,0.4552006320948534,0.45302923811969875,0.44927006066133457,0.4419477228258279,0.8672010116059626,0.0,0.0
2019-02-05 00:00:00+07:00,0.44406929755819047,0.4419477228258279,0.44927006066133457,0.4419477228258279,0.0,0.0,0.0
2019-02-06 00:00:00+07:00,0.4440693260784811,0.4452311633638901,0.44885298947982777,0.44482073684571305,0.8704332618017642,0.0,0.0
2019-02-07 00:00:00+07:00,0.4469551902392005,0.44482069944653324,0.44968715175017165,0.44441027296214036,0.8400539076945218,0.0,0.0
2019-02-08 00:00:00+07:00,0.4465428433269583,0.4448206244449171,0.44926997600952695,0.443589345194995,0.8411928974623817,0.0,0.0
2019-02-11 00:00:00+07:00,0.44571839348181636,0.4444102910807041,0.4459332699169258,0.4415373055752799,0.8154593249051875,0.0,0.0
2019-02-12 00:00:00+07:00,0.4465429077878553,0.4444102622006731,0.4450990409556333,0.43866429155539477,0.8591734983670971,0.0,0.0
2019-02-13 00:00:00+07:00,0.4407710380503136,0.4411267834434457,0.4417621739657942,0.4353808136519369,0.8625728509772215,0.0,0.0
2019-02-14 00:00:00+07:00,0.4362361247519649,0.4341496080565861,0.43925964888506924,0.43209747564755324,0.8650550169413926,0.0,0.0
2019-02-15 00:00:00+07:00,0.4325257639355806,0.4345601188759113,0.4355058334160282,0.4304558532783861,0.8514835616598766,0.0,0.0
2019-02-18 00:00:00+07:00,0.43664839828189606,0.4419477131247972,0.44176225079137044,0.4403060071906113,0.8395325006928438,0.0,0.0
2019-02-19 00:00:00+07:00,0.4374729396686636,0.4403060052836847,0.43925964888506924,0.43209747564755324,0.8406167205851466,0.0,0.0
2019-02-20 00:00:00+07:00,0.4399465810631302,0.449745826180774,0.444264860546321,0.4419477228258279,0.8559960824001182,0.0,0.0
2019-02-21 00:00:00+07:00,0.44736741427135823,0.44687278430113164,0.4467674041814834,0.44235809344335114,0.832816458941787,0.0,0.0
2019-02-22 00:00:00+07:00,0.4420079111119761,0.44399982695880763,0.44593323213388447,0.44112684169170724,0.8270903708054447,0.0,0.0
2019-02-25 00:00:00+07:00,0.44324472598323755,0.44194769462516453,0.44551613215035385,0.44112684169170724,0.8267165113568505,0.0,0.0
2019-02-26 00:00:00+07:00,0.44406924283110705,0.4464623592148802,0.44885290533405964,0.4464623592148802,0.8604064547162904,0.0,0.0
2019-02-27 00:00:00+07:00,0.4494288020033555,0.4476936668172177,0.45302393353115256,0.4472832403490008,0.8498337661749026,0.0,0.0
2019-02-28 00:00:00+07:00,0.44984111983325886,0.44851456583409444,0.45010427987809104,0.4431790212104965,0.8608413009488753,0.0,0.0
2019-03-01 00:00:00+07:00,0.4494288955618714,0.4501563193520901,0.4521898277050367,0.44523120072928574,0.84616276233879,0.0,0.0
2019-03-04 00:00:00+07:00,0.4457184127802154,0.4452311633638901,0.4505213896230904,0.44482073684571305,0.8402099705285875,0.0,0.0
2019-03-05 00:00:00+07:00,0.44406930685000373,0.4423581585768297,0.4442648698444038,0.4415373055752799,0.8253419890955708,0.0,0.0
2019-03-06 00:00:00+07:00,0.4486042570920371,0.44646238575917935,0.4484358320350683,0.44112684169170724,0.8156304105050782,0.0,0.0
2019-03-07 00:00:00+07:00,0.44324472598323755,0.44112684169170724,0.4484358320350683,0.44112684169170724,0.0,0.0,0.0
2019-03-08 00:00:00+07:00,0.4477797604607185,0.447693711776151,0.4442648784688398,0.4370226225532029,0.8381274964373049,0.0,0.0
2019-03-11 00:00:00+07:00,0.4465428710743008,0.4444102256514332,0.4459332042654631,0.44235809344335114,0.8085520069342952,0.0,0.0
2019-03-12 00:00:00+07:00,0.4473674707542389,0.4452311347647527,0.4450990605654899,0.4419477228258279,0.8185115922197883,0.0,0.0
2019-03-13 00:00:00+07:00,0.4399465810631302,0.4423581493181935,0.4450990605654899,0.4419477228258279,0.7802467924790168,0.0,0.0
2019-03-14 00:00:00+07:00,0.4399465714070741,0.4415372866412508,0.44509905079634604,0.4403060071906113,0.8195671149667826,0.0,0.0
2019-03-15 00:00:00+07:00,0.44571845017809525,0.4456416272811861,0.4480188270041639,0.44523120072928574,0.8203158467157904,0.0,0.0
2019-03-18 00:00:00+07:00,0.4486043334400828,0.446872888300664,0.4521898088509478,0.44605203523038167,0.8214565481320424,0.0,0.0
2019-03-19 00:00:00+07:00,0.4473674422207757,0.44564153282572205,0.4480187320515377,0.44112684169170724,0.8301413917268292,0.0,0.0
2019-03-20 00:00:00+07:00,0.4473674797251128,0.4464624231967541,0.44635036954731144,0.4394851726895154,0.8210147423331482,0.0,0.0
2019-03-21 00:00:00+07:00,0.44324480080317846,0.4435894753841792,0.4463504074689168,0.43989563657308806,0.8181465709995417,0.0,0.0
2019-03-22 00:00:00+07:00,0.44118337708832633,0.4419477038665489,0.446350341449299,0.44071642444115927,0.8042288187932666,0.0,0.0
2019-03-25 00:00:00+07:00,0.43912207437080253,0.4419477596706192,0.4442648975817282,0.4382539209378715,0.7925441717927404,0.0,0.0
2019-03-26 00:00:00+07:00,0.44242021983388297,0.4427685846929219,0.44551616951176,0.4394851726895154,0.7856549716076917,0.0,0.0
2019-03-27 00:00:00+07:00,0.44489382177806186,0.4427685568168087,0.44593324145723046,0.44071642444115927,0.7804639124000684,0.0,0.0
2019-03-28 00:00:00+07:00,0.440771133203473,0.44071645219079286,0.4430135694051055,0.4394851726895154,0.8081449395283257,0.0,0.0
2019-03-29 00:00:00+07:00,0.44530609392312814,0.4444102632292949,0.44593324197093587,0.44276855732692383,0.8136808803044512,0.0,0.0
2019-04-01 00:00:00+07:00,0.4481920140532508,0.4460519877494838,0.4476016606229967,0.4419477228258279,0.7898985163140075,0.0,0.0
2019-04-02 00:00:00+07:00,0.4465429274552267,0.44769369371894613,0.4476016606229967,0.4419477228258279,0.814472758303588,0.0,0.0
2019-04-03 00:00:00+07:00,0.44406929755819047,0.4419477228258279,0.44927006066133457,0.4419477228258279,0.0,0.0,0.0
2019-04-04 00:00:00+07:00,0.4473675370153291,0.44687290693688714,0.4484359270742512,0.44523120072928574,0.8269356474863222,0.0,0.0
2019-04-05 00:00:00+07:00,0.4490165484466876,0.44687283186849736,0.45135555175609987,0.44441027296214036,0.790171308747949,0.0,0.0
2019-04-08 00:00:00+07:00,0.44448155945419404,0.44523112499316897,0.44509905079634604,0.4403060071906113,0.8181981387093478,0.0,0.0
2019-04-09 00:00:00+07:00,0.4469552278065161,0.44605201640024433,0.4505213896230904,0.44482073684571305,0.8039849737736141,0.0,0.0
2019-04-10 00:00:00+07:00,0.4481919674263892,0.44646236778185217,0.45052131381463834,0.4439998090785677,0.7847366770966849,0.0,0.0
2019-04-11 00:00:00+07:00,0.449016547501314,0.4468728309273548,0.44760165080007774,0.4403060071906113,0.796992494641346,0.0,0.0
2019-04-12 00:00:00+07:00,0.4407711243621423,0.44276857581055906,0.4459332605846589,0.4419477228258279,0.7824494610618028,0.0,0.0
2019-04-15 00:00:00+07:00,0.449016500665473,0.44769363718436456,0.4484358040135238,0.44235809344335114,0.8432138792869611,0.0,0.0
2019-04-16 00:00:00+07:00,0.4436570351920506,0.4423581585768297,0.4471845699713173,0.4415373055752799,0.8451389242064641,0.0,0.0
2019-04-17 00:00:00+07:00,0.4436570351920506,0.4415373055752799,0.4488529700438393,0.4415373055752799,0.0,0.0,0.0
2019-04-18 00:00:00+07:00,0.45231468603357694,0.46698369292235997,0.45594361593945626,0.4522083406216258,0.8731631036727537,0.0,0.0
2019-04-19 00:00:00+07:00,0.4543760440823806,0.4522083406216258,0.4596975156638195,0.4522083406216258,0.0,0.0,0.0
2019-04-22 00:00:00+07:00,0.4543760440823806,0.4567230316024057,0.45636071590883,0.4522083406216258,0.8394184423754985,0.0,0.0
2019-04-23 00:00:00+07:00,0.45891111698140064,0.4591856755775062,0.4571950007471538,0.4526188511382232,0.8274593424792779,0.0,0.0
2019-04-24 00:00:00+07:00,0.459864099299722,0.4576718335769645,0.4618825412727856,0.4568434767465508,0.8258176073325515,51.0,0.0
2019-04-25 00:00:00+07:00,0.4511271843377262,0.45601505348122945,0.45556878082095886,0.4539441617007244,0.8383993515863425,0.0,0.0
2019-04-26 00:00:00+07:00,0.4552875291950367,0.4580858859472201,0.4593569372490394,0.456014994429401,0.8418585444916765,0.0,0.0
2019-04-29 00:00:00+07:00,0.4573677549742495,0.46222769337942043,0.4614615257322996,0.4613993367294543,0.8413444960832105,0.0,0.0
2019-04-30 00:00:00+07:00,0.4623603092033925,0.46761208243546937,0.4677752892931466,0.4667837256625323,0.864566235082539,0.0,0.0
2019-05-01 00:00:00+07:00,0.46901695577978525,0.4667837256625323,0.4745098958423491,0.4667837256625323,0.0,0.0,0.0
2019-05-02 00:00:00+07:00,0.4731772882462302,0.4717537948540315,0.4681961312817384,0.4613993367294543,0.8512181468644812,0.0,0.0
2019-05-03 00:00:00+07:00,0.46319242794028337,0.4667837638728521,0.4631452852104889,0.46057108757742815,0.835870123207255,0.0,0.0
2019-05-06 00:00:00+07:00,0.456535650178278,0.4593284208579115,0.4614615013744013,0.456014994429401,0.8142139007800278,0.0,0.0
2019-05-07 00:00:00+07:00,0.46277633883247005,0.46347028777089333,0.466091626795679,0.4593285040007776,0.8366126424800313,0.0,0.0
2019-05-08 00:00:00+07:00,0.45653572223942956,0.4626419203061048,0.4614615742144104,0.4626419203061048,0.8365217067383491,0.0,0.0
2019-05-09 00:00:00+07:00,0.4648565845784259,0.46264197455944617,0.46398710596543896,0.4568434767465508,0.8721783083795894,0.0,0.0
2019-05-10 00:00:00+07:00,0.45736783877196013,0.46098524286806264,0.4618825232071339,0.45518674527737485,0.8483893306515857,0.0,0.0
2019-05-13 00:00:00+07:00,0.4631924047072415,0.4622277780660672,0.4618825232071339,0.45518674527737485,0.8400707846630824,0.0,0.0
2019-05-14 00:00:00+07:00,0.4532073893323433,0.45684341331036155,0.4530433066418319,0.44566059762089416,0.8675911177361754,0.0,0.0
2019-05-15 00:00:00+07:00,0.45279132861104227,0.4506307176803487,0.44883415766032086,0.4427613292080924,0.8458237520861817,0.0,0.0
2019-05-16 00:00:00+07:00,0.4448865861620793,0.4444180670363172,0.4349440571453836,0.42785093251760786,0.8551301989607935,0.0,0.0
2019-05-17 00:00:00+07:00,0.42990913547050436,0.4303360059547337,0.4265258026677629,0.41956736843777764,0.8471930145391227,0.0,0.0
2019-05-20 00:00:00+07:00,0.4215883213915784,0.43696285331746365,0.42315849326592236,0.43613449659743814,0.8329900672328169,0.0,0.0
2019-05-21 00:00:00+07:00,0.4457186424061266,0.44566057759260785,0.4450459418955118,0.4427613292080924,0.8598931682404986,0.0,0.0
2019-05-22 00:00:00+07:00,0.450711126786067,0.4485598259771233,0.4450459418955118,0.4427613292080924,0.8165397231035245,0.0,0.0
2019-05-23 00:00:00+07:00,0.44322240317213074,0.4547725041188,0.4399949904780524,0.4547725041188,0.8331277251543141,0.0,0.0
2019-05-24 00:00:00+07:00,0.45736783877196013,0.4568434588747142,0.4623034361295345,0.45518674527737485,0.8151640350295059,0.0,0.0
2019-05-27 00:00:00+07:00,0.45112714973530965,0.4626418717044036,0.45598965872338043,0.4613993367294543,0.8434956374922629,0.0,0.0
2019-05-28 00:00:00+07:00,0.46111214001383377,0.46844039049567726,0.4665125020470389,0.46554114208588177,0.8958059205049622,0.0,0.0
2019-05-29 00:00:00+07:00,0.4731774217924707,0.4787949615048923,0.4728263060766168,0.4659554298774814,0.8744859474885043,0.0,0.0
2019-05-30 00:00:00+07:00,0.46818493621980606,0.4659554298774814,0.4736681320032454,0.4659554298774814,0.0,0.0,0.0
2019-05-31 00:00:00+07:00,0.4681848678069673,0.47672399965778645,0.4732471498861596,0.47258221585511095,0.8596544267378907,0.0,0.0
2019-06-03 00:00:00+07:00,0.4748415142836978,0.47258221585511095,0.480402669237556,0.47258221585511095,0.0,0.0,0.0
2019-06-04 00:00:00+07:00,0.4748415142836978,0.47258221585511095,0.480402669237556,0.47258221585511095,0.0,0.0,0.0
2019-06-05 00:00:00+07:00,0.4748415142836978,0.47258221585511095,0.480402669237556,0.47258221585511095,0.0,0.0,0.0
2019-06-06 00:00:00+07:00,0.4748415142836978,0.47258221585511095,0.480402669237556,0.47258221585511095,0.0,0.0,0.0
2019-06-07 00:00:00+07:00,0.4748415142836978,0.47258221585511095,0.480402669237556,0.47258221585511095,0.0,0.0,0.0
2019-06-10 00:00:00+07:00,0.48981892844923863,0.5032313744948209,0.47956080384571875,0.47755231699658934,0.8884184345276133,0.0,0.0
2019-06-11 00:00:00+07:00,0.4814981248441987,0.48417917438350383,0.48250719775453993,0.4800373908838409,0.8463629426977257,0.0,0.0
2019-06-12 00:00:00+07:00,0.4765055697124397,0.4792089631381007,0.4804025621713805,0.47465300195076293,0.843964755974996,0.0,0.0
2019-06-13 00:00:00+07:00,0.48024999022193393,0.47796648569523603,0.4778771427231957,0.4713396322784605,0.8500019541070435,0.0,0.0
2019-06-14 00:00:00+07:00,0.47692174534511,0.4746531366639231,0.47787722092048973,0.47092553101895973,0.8350409249765056,0.0,0.0
2019-06-17 00:00:00+07:00,0.47400939913879886,0.47423889501804695,0.47787715720156526,0.4705112898603849,0.8527781510999959,0.0,0.0
2019-06-18 00:00:00+07:00,0.47276129107342973,0.4792090484657653,0.4782980832880243,0.4792090484657653,0.8499933513955984,0.0,0.0
2019-06-19 00:00:00+07:00,0.4814981751502945,0.48417922497374827,0.4862954644136018,0.4825225114041171,0.8423781762273755,0.0,0.0
2019-06-20 00:00:00+07:00,0.4814981248441987,0.4825224609836387,0.47913989477670504,0.4800373908838409,0.8368706466730657,0.0,0.0
2019-06-21 00:00:00+07:00,0.4823302017690233,0.4821082788107917,0.48208628105945694,0.47755231699658934,0.8782334837237002,0.0,0.0
2019-06-24 00:00:00+07:00,0.48108211135092765,0.4792090609673847,0.4841908763009635,0.47713816910406387,0.8049854579106506,0.0,0.0
2019-06-25 00:00:00+07:00,0.4839943670903477,0.48417917438350383,0.48503267498791613,0.4800373908838409,0.8189551096242682,0.0,0.0
2019-06-26 00:00:00+07:00,0.4848265369427351,0.4825225496885186,0.4837700253043415,0.476309873319013,0.8367368985755893,0.0,0.0
2019-06-27 00:00:00+07:00,0.4773377550068124,0.482108316878567,0.4791399288161249,0.482108316878567,0.8492378851070149,0.0,0.0
2019-06-28 00:00:00+07:00,0.4881547192856965,0.48707837138702065,0.4921881418382913,0.48707837138702065,0.8512409723486913,0.0,0.0
2019-07-01 00:00:00+07:00,0.48940291773801325,0.489563518727125,0.49260913264046724,0.4866642701275199,0.8345415383459364,0.0,0.0
2019-07-02 00:00:00+07:00,0.48898686297706656,0.4874926125455955,0.49134637952224347,0.4874926125455955,0.8273723059352005,0.0,0.0
2019-07-03 00:00:00+07:00,0.4856585399061116,0.4874926125455955,0.4905045537585395,0.4874926125455955,0.8223749854095802,0.0,0.0
2019-07-04 00:00:00+07:00,0.48981895813387344,0.48832098361300846,0.49260913264046724,0.4866642701275199,0.8020027619689558,0.0,0.0
2019-07-05 00:00:00+07:00,0.4914831959714642,0.48914941626862046,0.4930301220409006,0.4850076319243934,0.8089155756924892,0.0,0.0
2019-07-08 00:00:00+07:00,0.48441040362463866,0.48417917054452003,0.4841908454042388,0.47755231699658934,0.8163475725216994,0.0,0.0
2019-07-09 00:00:00+07:00,0.47900189376420155,0.4874926125455955,0.4846117734126122,0.4874926125455955,0.8265732752380448,0.0,0.0
2019-07-10 00:00:00+07:00,0.4898189437448053,0.4908060394210749,0.49513459545891103,0.4874926125455955,0.830733246543395,0.0,0.0
2019-07-11 00:00:00+07:00,0.49148309279926955,0.48956349190729687,0.493871844270071,0.48956349190729687,0.8110886592072517,0.0,0.0
2019-07-12 00:00:00+07:00,0.48981897616835274,0.48997771514203037,0.495134628234854,0.48832100159669584,0.8046016193309742,0.0,0.0
2019-07-15 00:00:00+07:00,0.494811487867904,0.49701877460064336,0.4985019584790218,0.49619041778400064,0.8383772961165946,0.0,0.0
2019-07-16 00:00:00+07:00,0.4964755848942692,0.4961903531031907,0.5014482836440821,0.4945336396818,0.8159977341135733,0.0,0.0
2019-07-17 00:00:00+07:00,0.4964755157915081,0.4999178887158038,0.49934364974598033,0.4999178887158038,0.8243128220792624,0.0,0.0
2019-07-18 00:00:00+07:00,0.49813975390217374,0.5015746792635961,0.5001855525316508,0.4995037874563031,0.8223594499964698,0.0,0.0
2019-07-19 00:00:00+07:00,0.5060446060848516,0.5048881908305758,0.5081829825466192,0.5040598339713054,0.8227308823769414,0.0,0.0
2019-07-22 00:00:00+07:00,0.5114530486787338,0.5115149623670107,0.5123920285975805,0.5115149623670107,0.8150545413345581,0.0,0.0
2019-07-23 00:00:00+07:00,0.5097888490418343,0.5115149241481244,0.5128129031679962,0.506958962485033,0.8172748442690412,0.0,0.0
2019-07-24 00:00:00+07:00,0.5114530124275987,0.5094440344323506,0.5094456022773746,0.5082014994286588,0.8299746120755409,0.0,0.0
2019-07-25 00:00:00+07:00,0.512285093145372,0.5102723911014787,0.5123919922734109,0.5082014994286588,0.8318783339973967,0.0,0.0
2019-07-26 00:00:00+07:00,0.510620940254171,0.5082015079347634,0.5115501751216847,0.5036455461797058,0.8303861640626483,0.0,0.0
2019-07-29 00:00:00+07:00,0.5081246817241081,0.5065447782805238,0.509024681573109,0.5032313516541557,0.8434584633969479,0.0,0.0
2019-07-30 00:00:00+07:00,0.5068766113216427,0.5082015423880207,0.5115502097990213,0.5057164721744319,0.816182153706584,0.0,0.0
2019-07-31 00:00:00+07:00,0.5056284396085652,0.5073731349371159,0.5107083329739358,0.5032313516541557,0.8403695236400971,0.0,0.0
2019-08-01 00:00:00+07:00,0.5056285044792559,0.5098582703218895,0.5111293114015595,0.5048881297563563,0.8496598917034967,0.0,0.0
2019-08-02 00:00:00+07:00,0.5031323034273679,0.5044739928696786,0.5090247887481151,0.5011605655585037,0.8395313874617815,0.0,0.0
2019-08-05 00:00:00+07:00,0.5077086802511885,0.5053022820012975,0.495555508340763,0.4874926125455955,0.8566906909200948,0.0,0.0
2019-08-06 00:00:00+07:00,0.47983395954228486,0.48376499219777447,0.4757725880251114,0.47755231699658934,0.889465029942738,0.0,0.0
2019-08-07 00:00:00+07:00,0.48773877411390776,0.49163442868736484,0.4875581958694696,0.48832100159669584,0.8572924683369152,0.0,0.0
2019-08-08 00:00:00+07:00,0.4906509938831823,0.4941194354491256,0.49387182597995727,0.487906760438121,0.8359110391511115,0.0,0.0
2019-08-09 00:00:00+07:00,0.4943954584272961,0.49743296406960913,0.5001856213262605,0.4928770014786735,0.826941962844654,0.0,0.0
2019-08-12 00:00:00+07:00,0.4956434984485672,0.49411945565640103,0.4955554976698797,0.4908060288509226,0.8311981121329651,0.0,0.0
2019-08-13 00:00:00+07:00,0.4898189456138396,0.49080604129414873,0.49555551023168665,0.4887351494892213,0.853213282523413,0.0,0.0
2019-08-14 00:00:00+07:00,0.4931472994554648,0.4924627854600321,0.4938718895072899,0.48832100159669584,0.8518282745581012,0.0,0.0
2019-08-15 00:00:00+07:00,0.4831622976028953,0.4874926125455955,0.4837699476489083,0.4874926125455955,0.8310706564014484,0.0,0.0
2019-08-16 00:00:00+07:00,0.49314732504738584,0.4908060973920798,0.4921882634192456,0.48417924287329306,0.8285678698644026,0.0,0.0
2019-08-19 00:00:00+07:00,0.4923151879264011,0.4899776845721778,0.49260912004769264,0.4887351494892213,0.8058095054168072,0.0,0.0
2019-08-20 00:00:00+07:00,0.4927311773085235,0.49039181215812844,0.49429272040828043,0.48625002896894504,0.8359895615653176,0.0,0.0
2019-08-21 00:00:00+07:00,0.48981890924978244,0.48790675653577587,0.493450909177901,0.4854216865508694,0.8339724411998372,0.0,0.0
2019-08-22 00:00:00+07:00,0.4835783379867647,0.4874926125455955,0.4888209022311317,0.4874926125455955,0.8416345208924199,0.0,0.0
2019-08-23 00:00:00+07:00,0.4831622353106048,0.48707837138702065,0.48755810072342676,0.48707837138702065,0.8094284883819207,0.0,0.0
2019-08-26 00:00:00+07:00,0.48482647338355034,0.4874926268702641,0.48376996186681837,0.4866642701275199,0.8198986677863406,0.0,0.0
2019-08-27 00:00:00+07:00,0.4931472360335066,0.49080600877658986,0.4913463488435281,0.487906760438121,0.8711117429253891,0.0,0.0
2019-08-28 00:00:00+07:00,0.48981888061072704,0.489149262922314,0.4942927059814116,0.48707837138702065,0.8337718189673664,0.0,0.0
2019-08-29 00:00:00+07:00,0.4889868324496328,0.48956347377438886,0.49429273883602876,0.487906760438121,0.8301400308146207,0.0,0.0
2019-08-30 00:00:00+07:00,0.49647563346319984,0.4957762232584505,0.4959764647656155,0.4957762232584505,0.8468407955673113,0.0,0.0
2019-09-02 00:00:00+07:00,0.49813975142219286,0.4957761797342941,0.495555508340763,0.4874926125455955,0.8210593867310196,0.0,0.0
2019-09-03 00:00:00+07:00,0.48981893508026464,0.4920485657945485,0.49555549957474665,0.4920485657945485,0.8214046263350872,0.0,0.0
2019-09-04 00:00:00+07:00,0.4948114937380071,0.4924628179529398,0.49597648677477324,0.48914939064779617,0.8205609266319751,0.0,0.0
2019-09-05 00:00:00+07:00,0.49689161957380706,0.49453363400708594,0.49681823628875843,0.4908060288509226,0.8320293214531183,0.0,0.0
2019-09-06 00:00:00+07:00,0.4948114157872943,0.49246274035110205,0.4976600601123492,0.48956349190729687,0.8326340327815496,0.0,0.0
2019-09-09 00:00:00+07:00,0.49397936761938194,0.4920485944620747,0.4938718768493552,0.4903918809583972,0.798006505994591,0.0,0.0
2019-09-10 00:00:00+07:00,0.49148309658686035,0.4920485657945485,0.49429276095110597,0.4920485657945485,0.8186423052501526,0.0,0.0
2019-09-11 00:00:00+07:00,0.49397939094496807,0.4957762232584505,0.49639737768372305,0.4957762232584505,0.8240618969908395,0.0,0.0
2019-09-12 00:00:00+07:00,0.49813981724055784,0.49619042367122634,0.49639739971120656,0.48914939064779617,0.8183431605922687,0.0,0.0
2019-09-13 00:00:00+07:00,0.4964755936652023,0.49494782678318705,0.49639733788319407,0.48997768643284706,0.8023246314419699,0.0,0.0
2019-09-16 00:00:00+07:00,0.4898189131664076,0.4887351171062549,0.49429273883602876,0.487906760438121,0.8490953573359882,0.0,0.0
2019-09-17 00:00:00+07:00,0.4889868666996219,0.49039186479537533,0.4942927734582159,0.48997768643284706,0.857259718423245,0.0,0.0
2019-09-18 00:00:00+07:00,0.4889868524472887,0.4908060288509226,0.49471367192396065,0.4908060288509226,0.8027299923681415,0.0,0.0
2019-09-19 00:00:00+07:00,0.4910670686345053,0.491220221520432,0.4955555121132028,0.48997768643284706,0.8387825161762049,0.0,0.0
2019-09-20 00:00:00+07:00,0.4939793620924761,0.4916344105839856,0.4947136971103836,0.4866642701275199,0.8746222576315876,0.0,0.0
2019-09-23 00:00:00+07:00,0.4923151735462758,0.4899776702564119,0.49555549575552793,0.48956349190729687,0.82607217600386,0.0,0.0
2019-09-24 00:00:00+07:00,0.4881548381232218,0.4874926683954081,0.49050460994888845,0.4829367059296673,0.8505422241533624,0.0,0.0
2019-09-25 00:00:00+07:00,0.48149815904019067,0.482108316878567,0.4770353643083828,0.482108316878567,0.8554908247589266,0.0,0.0
2019-09-26 00:00:00+07:00,0.48981895116542684,0.4924627603200986,0.49303003851964244,0.4924627603200986,0.8655342732751505,0.0,0.0
2019-09-27 00:00:00+07:00,0.4902350236730484,0.4937053277634127,0.49555554831495274,0.4932911493711989,0.8268364330387442,0.0,0.0
2019-09-30 00:00:00+07:00,0.495643549091391,0.4932911493711989,0.4959764612301165,0.4932911493711989,0.8466761086307315,0.0,0.0
2019-10-01 00:00:00+07:00,0.4906510139476083,0.49287692060434674,0.4963973234157988,0.4908060288509226,0.8183700104205374,0.0,0.0
2019-10-02 00:00:00+07:00,0.49065099969496023,0.49329108462452,0.4963973089962296,0.4916343712689982,0.8309058262040727,0.0,0.0
2019-10-03 00:00:00+07:00,0.4906510139476083,0.4912202072016074,0.4913463689402843,0.4908060288509226,0.8289858931336186,0.0,0.0
2019-10-04 00:00:00+07:00,0.4881546950920295,0.4928768432581049,0.4938717686757741,0.4912201301104234,0.8347705384647016,0.0,0.0
2019-10-07 00:00:00+07:00,0.495643549091391,0.4941195061556264,0.4997646774665905,0.4932911493711989,0.8346182712312615,0.0,0.0
2019-10-08 00:00:00+07:00,0.49647563346319984,0.4957762232584505,0.4968182906018307,0.4957762232584505,0.8258399934680328,0.0,0.0
2019-10-09 00:00:00+07:00,0.4981397915921644,0.4957762197244815,0.4997646774665905,0.4932911493711989,0.8200204953166818,0.0,0.0
2019-10-10 00:00:00+07:00,0.49148304189726505,0.49660447241047667,0.49723909574283665,0.49660447241047667,0.841576659695769,0.0,0.0
2019-10-11 00:00:00+07:00,0.49647562088573055,0.5003321729290325,0.5022901458124576,0.49784710262015186,0.8193018852370799,0.0,0.0
2019-10-14 00:00:00+07:00,0.5006360801778437,0.5040598339713054,0.5064993307338446,0.5040598339713054,0.815304436853284,0.0,0.0
2019-10-15 00:00:00+07:00,0.5056284376362421,0.5032313496906599,0.5077619410415729,0.5019888147105299,0.8193836108513303,0.0,0.0
2019-10-16 00:00:00+07:00,0.5064605547381494,0.5053022776488818,0.5102874548108635,0.5053022776488818,0.8415553430502493,0.0,0.0
2019-10-17 00:00:00+07:00,0.5052123893056417,0.5048880550215007,0.5043946302841777,0.4970186669360268,0.8244969370262953,0.0,0.0
2019-10-18 00:00:00+07:00,0.5031323340859545,0.5015747745433197,0.5073411679162583,0.5007464176659783,0.8194674738382758,0.0,0.0
2019-10-21 00:00:00+07:00,0.5064605709282339,0.5086157207569523,0.5111292969075184,0.5057164721744319,0.8372361032669897,0.0,0.0
2019-10-22 00:00:00+07:00,0.5122851617694418,0.5123433514181109,0.514496625485776,0.5123433514181109,0.8425976301135608,0.0,0.0
2019-10-23 00:00:00+07:00,0.5147813228829572,0.5127574487388861,0.5174429340709408,0.5102723787903601,0.8389560247708272,0.0,0.0
2019-10-24 00:00:00+07:00,0.5139493234238849,0.5140000649742836,0.5182848416932508,0.5123433514181109,0.8464910190198529,0.0,0.0
2019-10-25 00:00:00+07:00,0.5164456174444824,0.5144142947121849,0.5102875473125874,0.5040598339713054,0.8387380002889891,0.0,0.0
2019-10-28 00:00:00+07:00,0.5064606158895588,0.5082015875090858,0.512392081069921,0.5044739818638309,0.8219547873471702,0.0,0.0
2019-10-29 00:00:00+07:00,0.5068766113216427,0.5073731856501579,0.5081829066669981,0.5057164721744319,0.8506260069936146,0.0,0.0
2019-10-30 00:00:00+07:00,0.5131172227712922,0.5111007964986265,0.5123920411240201,0.5094440830053093,0.8378298126733783,0.0,0.0
2019-10-31 00:00:00+07:00,0.5122851294544162,0.5123433190937885,0.5166011574562833,0.5115149623670107,0.8360111721372273,0.0,0.0
2019-11-01 00:00:00+07:00,0.5147813450034566,0.5144141841467876,0.5187056949015213,0.5144141841467876,0.8206738221841249,0.0,0.0
2019-11-04 00:00:00+07:00,0.5189417263732856,0.518970123610201,0.5174429340709408,0.5102723787903601,0.8225401981315132,0.0,0.0
2019-11-05 00:00:00+07:00,0.5189418155139219,0.517313499192614,0.5182848488125872,0.517313499192614,0.8418281713713478,0.0,0.0
2019-11-06 00:00:00+07:00,0.5214380344409594,0.5189701892884075,0.5203893898540732,0.5119291568925608,0.8398298951061081,0.0,0.0
2019-11-07 00:00:00+07:00,0.5176936381323749,0.5152425513467729,0.5166011411227938,0.5111007678414604,0.8387700710870594,0.0,0.0
2019-11-08 00:00:00+07:00,0.5160295073981215,0.5135858685724037,0.5166011719281794,0.510686619948935,0.856234219066436,0.0,0.0
2019-11-11 00:00:00+07:00,0.5176936708343334,0.5156567622785972,0.5178639124605753,0.5119291568925608,0.8446026601879223,0.0,0.0
2019-11-12 00:00:00+07:00,0.5081247379973776,0.5106866181252971,0.5140756927079092,0.5094440830053093,0.8264703438682519,0.0,0.0
2019-11-13 00:00:00+07:00,0.5118691034052746,0.5111007983237162,0.517863910620523,0.510686619948935,0.8184009269846271,0.0,0.0
2019-11-14 00:00:00+07:00,0.5118691177897117,0.5106866343032793,0.51323388317374,0.5098582775308594,0.8157354785642278,0.0,0.0
2019-11-15 00:00:00+07:00,0.5131171614868256,0.5115149137646231,0.5170220212243334,0.5102723787903601,0.8259795404972063,0.0,0.0
2019-11-18 00:00:00+07:00,0.5102049418081358,0.5111007983237162,0.513233868748597,0.510686619948935,0.8414290202848363,0.0,0.0
2019-11-19 00:00:00+07:00,0.5172776015675541,0.5164850902034034,0.520810273687287,0.513585841728712,0.8373478295382059,0.0,0.0
2019-11-20 00:00:00+07:00,0.5110370156266442,0.5164851101415138,0.5170220777638187,0.5164851101415138,0.8219331643084625,0.0,0.0
2019-11-21 00:00:00+07:00,0.5189418083872139,0.5164851353085429,0.5208103191649008,0.5123433514181109,0.8352878192610471,0.0,0.0
2019-11-22 00:00:00+07:00,0.5131172120845079,0.5131716776754952,0.5182848108729045,0.5127574993106364,0.8340622116481651,0.0,0.0
2019-11-25 00:00:00+07:00,0.5172775649771542,0.515242518687412,0.5187056726107632,0.5102723787903601,0.833303999237129,0.0,0.0
2019-11-26 00:00:00+07:00,0.5172775977574493,0.5148283729962417,0.5182847926140077,0.5111007678414604,0.8918242131810553,0.0,0.0
2019-11-27 00:00:00+07:00,0.5122851617694418,0.5123433514181109,0.515759364221601,0.5123433514181109,0.8363404947592228,0.0,0.0
2019-11-28 00:00:00+07:00,0.5143652949398051,0.5119291044397346,0.5161802079826003,0.5082014994286588,0.8230217977651362,0.0,0.0
2019-11-29 00:00:00+07:00,0.5089568206102817,0.5119291550732787,0.5144966074409404,0.510686619948935,0.831418892366888,0.0,0.0
2019-12-02 00:00:00+07:00,0.5131171808225448,0.5226977482266179,0.5182847792951769,0.5226977482266179,0.8286499007784428,0.0,0.0
2019-12-03 00:00:00+07:00,0.5247662888165057,0.5222835477759304,0.5245984500202898,0.5185559428701904,0.8214914945439413,0.0,0.0
2019-12-04 00:00:00+07:00,0.5197738657372024,0.5206268956798216,0.5254403374627431,0.5177276470851395,0.8153511439116932,0.0,0.0
2019-12-05 00:00:00+07:00,0.5197738313341453,0.5193843261841047,0.5233357383546076,0.5156567210904134,0.8324780852222825,0.0,0.0
2019-12-06 00:00:00+07:00,0.5197791258845087,0.5218890849449734,0.5241775925434157,0.5218890849449734,0.8444114992103483,20.0,0.0
2019-12-09 00:00:00+07:00,0.5222832677273302,0.5218890849449734,0.5275555516726879,0.5218890849449734,0.8302686885086523,0.0,0.0
2019-12-10 00:00:00+07:00,0.524370078943052,0.5223046002511257,0.5275555781820688,0.5193961767095692,0.8353937544958951,0.0,0.0
2019-12-11 00:00:00+07:00,0.5218658771017122,0.5210580732247878,0.5267110279246728,0.5206425841942466,0.827281249193182,0.0,0.0
2019-12-12 00:00:00+07:00,0.5247873792908578,0.5227200328913632,0.5258665417613319,0.5173186754583579,0.850236287211188,0.0,0.0
2019-12-13 00:00:00+07:00,0.5243701147586376,0.5239665923552637,0.5267111243381358,0.5189807230923517,0.8450107147463205,0.0,0.0
2019-12-16 00:00:00+07:00,0.5197791875121734,0.5218891468290503,0.525866634457475,0.5189807230923517,0.8499316027487492,0.0,0.0
2019-12-17 00:00:00+07:00,0.5243700083840713,0.5306143104019131,0.5279777520436097,0.5306143104019131,0.8624816366372638,0.0,0.0
2019-12-18 00:00:00+07:00,0.533134561768544,0.5555437118004023,0.5343114826837392,0.5518043102009976,0.8890829477506316,0.0,0.0
2019-12-19 00:00:00+07:00,0.5498287728985451,0.5488958186237798,0.5469787618360921,0.5389240822416351,0.8471703299779719,0.0,0.0
2019-12-20 00:00:00+07:00,0.5481594340090361,0.5505578639254859,0.5486678301741515,0.5439100386115179,0.8608822137092532,0.0,0.0
2019-12-23 00:00:00+07:00,0.5481594340090361,0.5497268857612398,0.5520457895088308,0.5439100386115179,0.8254012673951773,0.0,0.0
2019-12-26 00:00:00+07:00,0.5464899106439906,0.5493113008110233,0.5528901828572687,0.5455718997134128,0.816136882069027,0.0,0.0
2019-12-27 00:00:00+07:00,0.5473247049102188,0.5472339361680184,0.5537347538988672,0.5468184470971644,0.8047689609295949,0.0,0.0
2019-12-30 00:00:00+07:00,0.5481593496358096,0.5488958230984193,0.5537346839425851,0.5459873999636551,0.8381596065286929,0.0,0.0
2020-01-02 00:00:00+07:00,0.5494114786114912,0.5538817499718984,0.5545792323654501,0.5464029468469221,0.8282132510804635,0.0,0.0
2020-01-03 00:00:00+07:00,0.5540024183134202,0.5555437191871287,0.5583794494681992,0.5555437191871287,0.8265879612360225,0.0,0.0
2020-01-06 00:00:00+07:00,0.5514982709492491,0.5513888230370829,0.5554237296531764,0.5501423558330533,0.8004458653581984,0.0,0.0
2020-01-07 00:00:00+07:00,0.552750353128438,0.5530507905411276,0.5588017002203096,0.5505578560832955,0.8238329861685523,0.0,0.0
2020-01-08 00:00:00+07:00,0.5473246244991593,0.5509732568544058,0.5537346725460657,0.5455718997134128,0.8320659039182372,0.0,0.0
2020-01-09 00:00:00+07:00,0.5531677101217765,0.5518043233122115,0.5588017002203096,0.5505578560832955,0.8187263492863128,0.0,0.0
2020-01-10 00:00:00+07:00,0.5552545083369622,0.5576211836866627,0.5571127338713008,0.5493114019655934,0.8466576326116989,0.0,0.0
2020-01-13 00:00:00+07:00,0.5531677213376277,0.5522198235873031,0.5592239564700212,0.5509733563335378,0.8430097086594989,0.0,0.0
2020-01-14 00:00:00+07:00,0.5535850776915349,0.5626070500437779,0.5596462007345097,0.5613605827914465,0.8580377043196674,0.0,0.0
2020-01-15 00:00:00+07:00,0.5640189708871726,0.5771491354198194,0.5647131078822734,0.5584521276727753,0.8480769624525724,0.0,0.0
2020-01-16 00:00:00+07:00,0.5585933636700359,0.5630225411078806,0.5642908968263536,0.5596986284235022,0.8556548578758715,0.0,0.0
2020-01-17 00:00:00+07:00,0.5615148252689578,0.5630225035836132,0.5647131041103853,0.5617760364086641,0.8162114956685866,0.0,0.0
2020-01-20 00:00:00+07:00,0.5706966825353311,0.5700858213820472,0.5672465772547609,0.5584521276727753,0.8580239647990198,0.0,0.0
2020-01-21 00:00:00+07:00,0.5652710304911936,0.5634379851096377,0.566824320996538,0.558036627422533,0.8629651702230295,0.0,0.0
2020-01-22 00:00:00+07:00,0.5627668173264945,0.5634379136684932,0.56766873879973,0.5588675346569681,0.8584007097391272,0.0,0.0
2020-01-23 00:00:00+07:00,0.5652709588329494,0.5634379136684932,0.5672464939652887,0.5588675346569681,0.8550178963465764,0.0,0.0
2020-01-24 00:00:00+07:00,0.5598454386499668,0.5621915669258623,0.5655576355999903,0.5563747196876133,0.8442326427418779,0.0,0.0
2020-01-27 00:00:00+07:00,0.5636015311619794,0.5671773146779225,0.5659797594619647,0.5588675346569681,0.8179267713979438,0.0,0.0
2020-01-28 00:00:00+07:00,0.5610975116745578,0.5592831453086644,0.5609129434518465,0.5547127653196688,0.8522106575002889,0.0,0.0
2020-01-29 00:00:00+07:00,0.5581760013902464,0.5592831340496395,0.5621796669093618,0.5542972650694267,0.8225684770193237,0.0,0.0
2020-01-30 00:00:00+07:00,0.5619322069818838,0.5592831266857079,0.5588017002203096,0.5505578560832955,0.8457750743524003,0.0,0.0
2020-01-31 00:00:00+07:00,0.5581758731212618,0.5559590936073653,0.5376893380944512,0.528952309400944,0.8840181293190944,0.0,0.0
2020-02-03 00:00:00+07:00,0.5314650344384125,0.537677581382291,0.5283999552160783,0.5256284006650551,0.8800301936889998,0.0,0.0
2020-02-04 00:00:00+07:00,0.5389774926487528,0.5405860383053259,0.5410673339422777,0.5389240822416351,0.8669828710329055,0.0,0.0
2020-02-05 00:00:00+07:00,0.5565065906440495,0.5538817931593137,0.5520458060322002,0.5497269022158356,0.8708171754022382,0.0,0.0
2020-02-06 00:00:00+07:00,0.5531677101217765,0.5538817686937383,0.5545792511110831,0.5505578560832955,0.8815338439708837,0.0,0.0
2020-02-07 00:00:00+07:00,0.5506635197339491,0.5538817199797375,0.5566904267072417,0.5522197638182152,0.8522072622209969,0.0,0.0
2020-02-10 00:00:00+07:00,0.5548371454003128,0.5542972650694267,0.550356809250465,0.5542972650694267,0.8421218910573088,0.0,0.0
2020-02-11 00:00:00+07:00,0.5569238254125438,0.5542971605578028,0.5600683367425892,0.553881671553135,0.8492387896155572,0.0,0.0
2020-02-12 00:00:00+07:00,0.5581759882038785,0.5555437191871287,0.5613351638142575,0.5555437191871287,0.8444455851053071,0.0,0.0
2020-02-13 00:00:00+07:00,0.559845440653549,0.557205699859121,0.5596462086776051,0.5547127653196688,0.8284885145802247,0.0,0.0
2020-02-14 00:00:00+07:00,0.5565064769060163,0.5551281469628618,0.5541569173904641,0.5455718997134128,0.8791581197618636,0.0,0.0
2020-02-17 00:00:00+07:00,0.5481593815722706,0.5513887893406239,0.5545792059589564,0.5488958550823264,0.8678017832570933,0.0,0.0
2020-02-18 00:00:00+07:00,0.5485767758738065,0.5488958924514343,0.5537347538988672,0.5468184470971644,0.860401943289884,0.0,0.0
2020-02-19 00:00:00+07:00,0.5469073479223563,0.5522198050182662,0.5533125089934846,0.5468184470971644,0.8474361808913607,0.0,0.0
2020-02-20 00:00:00+07:00,0.5489941901380991,0.5468185041598649,0.5448676677503392,0.5385087218904671,0.875761446438804,0.0,0.0
2020-02-21 00:00:00+07:00,0.5414816680225686,0.5439099843649381,0.5474010408330622,0.540170582992362,0.8603185222147206,0.0,0.0
2020-02-24 00:00:00+07:00,0.5385601539253215,0.5389241004660357,0.5402228625113343,0.5326917650200998,0.8534915940576743,0.0,0.0
2020-02-25 00:00:00+07:00,0.5373080474049988,0.5356001526530002,0.5402228266332415,0.5331072186373174,0.8543299742472251,0.0,0.0
2020-02-26 00:00:00+07:00,0.5331345585389162,0.5335227880380885,0.5326224998522618,0.5239665395631602,0.8576577587696208,0.0,0.0
2020-02-27 00:00:00+07:00,0.5306304052444306,0.5285369079029892,0.5140437132563925,0.5131638128550091,0.8731349013215738,0.0,0.0
2020-02-28 00:00:00+07:00,0.5080931287407866,0.5131638128550091,0.5001096318986884,0.5131638128550091,0.8859299737820256,0.0,0.0
2020-03-02 00:00:00+07:00,0.5156055017751257,0.5131637606229534,0.5001095809692881,0.4957132220420557,0.878467209976569,0.0,0.0
2020-03-03 00:00:00+07:00,0.508093194931008,0.5181497490074095,0.5140437802218073,0.5156568143564628,0.8675352959862961,0.0,0.0
2020-03-04 00:00:00+07:00,0.5176922565108536,0.5306142685480493,0.5191105690997921,0.5256284006650551,0.8524420860362649,0.0,0.0
2020-03-05 00:00:00+07:00,0.536473401040003,0.5339382638141963,0.5258665683844028,0.5252129936808623,0.8492728466991204,0.0,0.0
2020-03-06 00:00:00+07:00,0.5206138225022525,0.5181496661809502,0.5140436980369367,0.5056849948827469,0.849424746231626,0.0,0.0
2020-03-09 00:00:00+07:00,0.4913988864606757,0.49238939677807203,0.47899742313029886,0.4711994534061565,0.8771642718297367,0.0,0.0
2020-03-10 00:00:00+07:00,0.4780434025128426,0.4898964009387224,0.4836420566964435,0.4828330873487427,0.8747041681111565,0.0,0.0
2020-03-11 00:00:00+07:00,0.48722527414247185,0.4874034854361746,0.4794196264158303,0.4766007701272073,0.8578487445070369,0.0,0.0
2020-03-12 00:00:00+07:00,0.45801033692046267,0.4591502806320486,0.4515515138368013,0.45250245510852566,0.8733481656449433,0.0,0.0
2020-03-13 00:00:00+07:00,0.4546714808217562,0.45250245510852566,0.45999641243970213,0.45250245510852566,0.0,0.0,0.0
2020-03-16 00:00:00+07:00,0.4546714808217562,0.45250245510852566,0.45999641243970213,0.45250245510852566,0.0,0.0,0.0
2020-03-17 00:00:00+07:00,0.44924578685606453,0.4479320223964778,0.4228388088090519,0.41593936574769913,0.8963102630622874,0.0,0.0
2020-03-18 00:00:00+07:00,0.4179440257765697,0.4375448079720753,0.39285943280543617,0.4059676395400327,0.8886306490777286,0.0,0.0
2020-03-19 00:00:00+07:00,0.407510035981329,0.4055520853609538,0.3831477386660313,0.376883344834956,0.9065951946152068,0.0,0.0
2020-03-20 00:00:00+07:00,0.37453886758349936,0.4379602588454786,0.3557018510858696,0.3839466858734883,0.9176740917913754,0.0,0.0
2020-03-23 00:00:00+07:00,0.38789430543768305,0.4059676205920768,0.3624577835706943,0.3586018701040798,0.8975373023365784,0.0,0.0
2020-03-24 00:00:00+07:00,0.36201821425168085,0.405552176363045,0.3662580280013967,0.36441875702491,0.9047105357396643,0.0,0.0
2020-03-26 00:00:00+07:00,0.3787124469993694,0.43879124846374895,0.3831477769021742,0.4292350006912545,0.917183440976348,0.0,0.0
2020-03-27 00:00:00+07:00,0.4379771824618438,0.4803402049265372,0.4426843522449933,0.4483475458721523,0.9075167111426453,0.0,0.0
2020-03-30 00:00:00+07:00,0.44799371678435373,0.45208691369901677,0.4257945237612939,0.44710104512142546,0.8831002063901614,0.0,0.0
2020-03-31 00:00:00+07:00,0.463018540715779,0.4649670472653604,0.4536626597072251,0.4495939533568297,0.8892970373019141,0.0,0.0
2020-04-01 00:00:00+07:00,0.45467144150126415,0.4682910002447107,0.44859576051069366,0.4458545910037233,0.8809677325125382,0.0,0.0
2020-04-02 00:00:00+07:00,0.4471590462516555,0.4450236430839135,0.44310660695796283,0.4400377740324302,0.8757269000321324,0.0,0.0
2020-04-03 00:00:00+07:00,0.44632428892419745,0.4500094684583537,0.44352880881755075,0.44710104512142546,0.8658087846205197,0.0,0.0
2020-04-06 00:00:00+07:00,0.45133259642229867,0.4674600332394833,0.45450719984529336,0.46704454416978314,0.8496335902345598,0.0,0.0
2020-04-07 00:00:00+07:00,0.46927890713161013,0.49737520420014936,0.4616853241188074,0.46039668006498075,0.8798289383889283,0.0,0.0
2020-04-08 00:00:00+07:00,0.4626011976856634,0.4608121708810352,0.4532404284875169,0.4587347256970363,0.863911760264942,0.0,0.0
2020-04-09 00:00:00+07:00,0.45801036854222593,0.46372069269374766,0.45492950469877874,0.45541091022719693,0.8562116286790553,0.0,0.0
2020-04-13 00:00:00+07:00,0.4530020588824767,0.4570728413210226,0.45324049967206487,0.44751659200469246,0.8357081139484566,0.0,0.0
2020-04-14 00:00:00+07:00,0.4500805465378197,0.4549953824537461,0.45028477189325633,0.4487630461223946,0.8591308178372519,0.0,0.0
2020-04-15 00:00:00+07:00,0.450915192911595,0.4583192264245148,0.4502847043317511,0.4462700446209409,0.8589087390797059,0.0,0.0
2020-04-16 00:00:00+07:00,0.4484111104682501,0.4491785271498633,0.4283280281720941,0.42591113858839036,0.8878285402411908,0.0,0.0
2020-04-17 00:00:00+07:00,0.43296880366488,0.442946090842278,0.4363505829481207,0.4412841348840829,0.8833831163434223,0.0,0.0
2020-04-20 00:00:00+07:00,0.44382016014317033,0.4475165472874969,0.44057310756068757,0.43546736454581453,0.8565980524020796,0.0,0.0
2020-04-21 00:00:00+07:00,0.4452869528289042,0.4431599283759022,0.4337497496062973,0.4266757336616757,0.8467015808187565,91.0,0.0
2020-04-22 00:00:00+07:00,0.4287286195551351,0.4330157777928265,0.4238702009854059,0.4254076884535289,0.8644165500431553,0.0,0.0
2020-04-23 00:00:00+07:00,0.43042695033652617,0.43386116483170795,0.4303134082047994,0.4232943730393336,0.8636058944023198,0.0,0.0
2020-04-24 00:00:00+07:00,0.4253321544277606,0.42498512633308405,0.41313170119730985,0.4063875699276232,0.873815304945114,0.0,0.0
2020-04-27 00:00:00+07:00,0.4100475511447295,0.4148409912272994,0.4075476113063802,0.40976893054996527,0.8804361568471533,0.0,0.0
2020-04-28 00:00:00+07:00,0.411745810841583,0.4110369177323402,0.4032521403636585,0.39877943857781645,0.8887433252587322,0.0,0.0
2020-04-29 00:00:00+07:00,0.40028240959842726,0.4004701655220122,0.40282263644151833,0.4004701655220122,0.8701120008944019,0.0,0.0
2020-04-30 00:00:00+07:00,0.40495264455727237,0.43428384399505154,0.40969528912139497,0.42752109713377356,0.8870536679722181,0.0,0.0
2020-05-04 00:00:00+07:00,0.42787957989617953,0.43851061554917015,0.42000440488151913,0.43174786786123825,0.8674675685178089,0.0,0.0
2020-05-05 00:00:00+07:00,0.4338235772874197,0.44189197946398706,0.43718616924599407,0.43724259053080033,0.8691304213622703,0.0,0.0
2020-05-06 00:00:00+07:00,0.44189049074473286,0.44442805686452225,0.44577710336745013,0.44316004156943606,0.8543023863695235,0.0,0.0
2020-05-08 00:00:00+07:00,0.44443788897798364,0.4469640536541475,0.43289073891186475,0.4338612299084582,0.8708268659565653,0.0,0.0
2020-05-11 00:00:00+07:00,0.4359464104633197,0.44062393754633916,0.4410520415732319,0.43808790736987346,0.8190173050159549,0.0,0.0
2020-05-12 00:00:00+07:00,0.44401331356433077,0.4418919893931361,0.4225816710100978,0.43174786786123825,0.8691369223177062,0.0,0.0
2020-05-13 00:00:00+07:00,0.42872878430425304,0.42752121093295514,0.4273067192620946,0.4224491494663099,0.8587274585014232,0.0,0.0
2020-05-14 00:00:00+07:00,0.4210864349812156,0.4224490959141575,0.41184306811475235,0.4063875699276232,0.8738575254064264,0.0,0.0
2020-05-15 00:00:00+07:00,0.4083490941166819,0.4127274614970076,0.39251339622176085,0.3949752563203513,0.8948763475104461,0.0,0.0
2020-05-18 00:00:00+07:00,0.39815951942317,0.4000474631852251,0.39852716234579183,0.3932847159082544,0.8768673568813896,0.0,0.0
2020-05-19 00:00:00+07:00,0.40155606290420626,0.40976887993121197,0.3925135106144953,0.3860992662944966,0.8728628530075005,0.0,0.0
2020-05-20 00:00:00+07:00,0.3913663688178098,0.39624341784192907,0.3933726304018671,0.3932847159082544,0.869332708772668,0.0,0.0
2020-05-26 00:00:00+07:00,0.39603665173641106,0.41315027756709893,0.40067487577138144,0.41061424738903846,0.8875865000833735,0.0,0.0
2020-05-27 00:00:00+07:00,0.4125949459102721,0.4131502674566201,0.40754757491536536,0.41019156565298953,0.8806368228481921,0.0,0.0
2020-05-28 00:00:00+07:00,0.41514238716424773,0.44020126585026154,0.42000436990375056,0.43808790736987346,0.8999196996192528,0.0,0.0
2020-05-29 00:00:00+07:00,0.4401921523837494,0.43808793014727576,0.4363270767443343,0.4292118240779693,0.9258772321611373,0.0,0.0
2020-06-02 00:00:00+07:00,0.43722011692967006,0.45541743728462314,0.4406224879348923,0.44358263003943554,0.8889710881600199,0.0,0.0
2020-06-03 00:00:00+07:00,0.44995732204910877,0.4790871031061263,0.45436795461967333,0.4790871031061263,0.9092172173852633,0.0,0.0
2020-06-04 00:00:00+07:00,0.481375618902154,0.49683928829482005,0.4715497026910486,0.4799324199451994,0.9013111320987053,0.0,0.0
2020-06-05 00:00:00+07:00,0.4822248198060501,0.48542720961155245,0.4702611253875124,0.47443774390866206,0.8552462097353478,0.0,0.0
2020-06-08 00:00:00+07:00,0.47925279269904525,0.4913445902942386,0.4848656107750732,0.4892312316061772,0.8869128731979534,0.0,0.0
2020-06-09 00:00:00+07:00,0.49496190322704675,0.4972619429107369,0.4883019148733156,0.4812004185203215,0.8611900248267941,0.0,0.0
2020-06-10 00:00:00+07:00,0.4830739267140607,0.48627251585567416,0.471120178018746,0.4807777834172973,0.8678275180516521,0.0,0.0
2020-06-11 00:00:00+07:00,0.4788282001778211,0.48162311963206383,0.4719792596237367,0.47063365491724635,0.8536441267122199,0.0,0.0
2020-06-12 00:00:00+07:00,0.4728841730292811,0.4706336348494191,0.46124063135035737,0.46978829144514844,0.8592516855054982,0.0,0.0
2020-06-15 00:00:00+07:00,0.4728841577572328,0.473169649778233,0.46295879369285664,0.45541743885065755,0.8615317629148611,0.0,0.0
2020-06-16 00:00:00+07:00,0.4643927290639359,0.4803550780408955,0.4698315120393093,0.4773963761619305,0.8569953574654022,0.0,0.0
2020-06-17 00:00:00+07:00,0.4830738585792635,0.48077771558744326,0.4784223644659796,0.4740149689065637,0.850589992914182,0.0,0.0
2020-06-18 00:00:00+07:00,0.47628076472517145,0.4757057116734241,0.4702610784101343,0.4626028884644154,0.8431314934311716,0.0,0.0
2020-06-19 00:00:00+07:00,0.46609097126491816,0.4680975532086508,0.4668246562947059,0.46175747835929276,0.8656243990286476,0.0,0.0
2020-06-22 00:00:00+07:00,0.46566642243913287,0.46894291972388735,0.46553604649331487,0.4587987994729996,0.8301989673686333,0.0,0.0
2020-06-23 00:00:00+07:00,0.46354358396435846,0.4689429409174489,0.46467697889769705,0.4655615673507085,0.8444338917655466,0.0,0.0
2020-06-24 00:00:00+07:00,0.47033676505029914,0.47739640591551685,0.474986073495354,0.4727470169644663,0.8351327459056207,0.0,0.0
2020-06-25 00:00:00+07:00,0.474582524416861,0.47612843093987595,0.47498611359517584,0.47443774390866206,0.8300396678331364,0.0,0.0
2020-06-26 00:00:00+07:00,0.4762807921758509,0.4773964260580278,0.47498609353892235,0.4676749760309532,0.8352422867507558,0.0,0.0
2020-06-29 00:00:00+07:00,0.4694876543187373,0.4719017068224707,0.47026111887017497,0.47021101981422214,0.8275960613569622,0.0,0.0
2020-06-30 00:00:00+07:00,0.47458241734163387,0.4757056518380276,0.4767041835561912,0.47190160685934374,0.8473609156773723,0.0,0.0
2020-07-01 00:00:00+07:00,0.4745824880310864,0.4807777834172973,0.47799288762232534,0.4807777834172973,0.8402454332595298,0.0,0.0
2020-07-02 00:00:00+07:00,0.4809510211971137,0.4866951411898836,0.48529509531346826,0.4866951411898836,0.848053465943112,0.0,0.0
2020-07-03 00:00:00+07:00,0.4890178871917592,0.4896538429954742,0.4921678042745107,0.4866951411898836,0.8307650383241352,0.0,0.0
2020-07-06 00:00:00+07:00,0.48816873422361634,0.49218986385944563,0.49302688362375235,0.49218986385944563,0.8429718012337845,0.0,0.0
2020-07-07 00:00:00+07:00,0.4949618552549992,0.49726189471119464,0.49732229734776123,0.49683922305690986,0.8471684391009107,0.0,0.0
2020-07-08 00:00:00+07:00,0.49920766801448185,0.5200862620624611,0.5041951008669456,0.5145915295397923,0.8640582369852944,0.0,0.0
2020-07-09 00:00:00+07:00,0.5178887718715051,0.5179728418472629,0.5084904839867657,0.5061380347178877,0.8580184678598965,0.0,0.0
2020-07-10 00:00:00+07:00,0.5085482507090432,0.5179729033998962,0.5127859880032086,0.5145915295397923,0.8425729494549512,0.0,0.0
2020-07-13 00:00:00+07:00,0.5195870704762029,0.5179728528557146,0.5179404697421122,0.5124781208595476,0.8540911520173395,0.0,0.0
2020-07-14 00:00:00+07:00,0.5149168298189714,0.5145915295397923,0.5153632541440875,0.5145915295397923,0.8244457243437491,0.0,0.0
2020-07-15 00:00:00+07:00,0.5170396354437475,0.5179728492160639,0.5187995547279383,0.5103647588123276,0.8383883251521628,0.0,0.0
2020-07-16 00:00:00+07:00,0.512793930116743,0.5145914893961528,0.5179404798833968,0.5129008025955965,0.842081148281576,0.0,0.0
2020-07-17 00:00:00+07:00,0.5115201870384417,0.5129007751644055,0.5093495661594415,0.5078287150290587,0.8466487105400737,0.0,0.0
2020-07-20 00:00:00+07:00,0.5102465583526328,0.5112101756010107,0.5110678304925417,0.5095194886062792,0.8370979257381029,0.0,0.0
2020-07-21 00:00:00+07:00,0.5085482507090432,0.5175502316673832,0.5145041654304612,0.5145915295397923,0.8530765581548555,0.0,0.0
2020-07-22 00:00:00+07:00,0.5178887930144522,0.5188182063975437,0.5170813912355711,0.5129008025955965,0.8235235788107601,0.0,0.0
2020-07-23 00:00:00+07:00,0.5153414017596332,0.5158595447373312,0.5179405202849664,0.5145915295397923,0.8530026215888313,0.0,0.0
2020-07-24 00:00:00+07:00,0.5170396280892668,0.5145914683817271,0.514504104280428,0.5061380347178877,0.835967940998796,0.0,0.0
2020-07-27 00:00:00+07:00,0.5085481902668844,0.5095194081834235,0.5059132181466246,0.5061380347178877,0.8205536875702742,0.0,0.0
2020-07-28 00:00:00+07:00,0.5102464622925826,0.5145914527102818,0.5110677342602696,0.5133234376986208,0.8412004174673114,0.0,0.0
2020-07-29 00:00:00+07:00,0.515765983678362,0.5133235242756625,0.5145041753866535,0.5090968068702302,0.8289798479627974,0.0,0.0
2020-07-30 00:00:00+07:00,0.5115201951656986,0.5179728435291097,0.5106382071787368,0.5179728435291097,0.8510177293643854,0.0,0.0
2020-08-03 00:00:00+07:00,0.5187380246620165,0.5175502789461733,0.4908792706937777,0.508674171767206,0.8758824992487672,0.0,0.0
2020-08-04 00:00:00+07:00,0.5132185619753487,0.5162822365091336,0.5170814516417952,0.5154368930118901,0.8503297514526412,0.0,0.0
2020-08-05 00:00:00+07:00,0.5170397463676197,0.5162822732433184,0.5145042220139517,0.5150142579088659,0.8281640610810362,0.0,0.0
2020-08-06 00:00:00+07:00,0.5183134320476797,0.5226223193836292,0.52180644638203,0.5196636171063301,0.8334098685222459,0.0,0.0
2020-08-07 00:00:00+07:00,0.522559084004019,0.5217769082985174,0.5196586571790482,0.5129008025955965,0.8223546276114464,0.0,0.0
2020-08-10 00:00:00+07:00,0.515341334011084,0.5145914618761878,0.5149336420771016,0.5078287150290587,0.8156273166903865,0.0,0.0
2020-08-11 00:00:00+07:00,0.5119447762765692,0.5145914793196118,0.5170813811108032,0.5124781208595476,0.8168740978081608,0.0,0.0
2020-08-12 00:00:00+07:00,0.5149168563505204,0.5196636171063301,0.519658724489291,0.5196636171063301,0.8128714191340507,0.0,0.0
2020-08-13 00:00:00+07:00,0.5221345663233631,0.5230449777286722,0.5213768886361575,0.5230449777286722,0.8273891488487111,0.0,0.0
2020-08-14 00:00:00+07:00,0.5255311188976237,0.5319210610205763,0.5265313979637396,0.5319210610205763,0.8351188823050478,0.0,0.0
2020-08-18 00:00:00+07:00,0.5344470383498727,0.5336116569010431,0.5316858394544305,0.5281169253961359,0.8516118374713705,0.0,0.0
2020-08-19 00:00:00+07:00,0.5306260187995159,0.5323437695724562,0.5325450556947933,0.5255810215119411,0.8363087003784327,0.0,0.0
2020-08-24 00:00:00+07:00,0.5289277007508896,0.5298077087947218,0.5299677591591648,0.5243129763037943,0.842334860524801,0.0,0.0
2020-08-25 00:00:00+07:00,0.5272293267510756,0.529807622118615,0.5321153938808545,0.5285396071321848,0.8279914873332649,0.0,0.0
2020-08-26 00:00:00+07:00,0.5327488044559733,0.5306530086777238,0.5321154372342107,0.5264262917179895,0.8216658358159256,0.0,0.0
2020-08-27 00:00:00+07:00,0.531050525675589,0.5484052290292625,0.5351222563757823,0.5484052290292625,0.8433330814727537,0.0,0.0
2020-08-28 00:00:00+07:00,0.5476088529961599,0.548405251861136,0.5424245325175906,0.5395291457373583,0.830830792102399,0.0,0.0
2020-08-31 00:00:00+07:00,0.5425140165273308,0.5433332179334536,0.5295382282379896,0.5209316156814522,0.8597301280918105,0.0,0.0
2020-09-01 00:00:00+07:00,0.523832828347239,0.5416425077845783,0.5265313951311983,0.5416425077845783,0.8427270768692833,0.0,0.0
2020-09-02 00:00:00+07:00,0.5442122501673067,0.5450238506523112,0.537269973321714,0.5344570581708206,0.8417599365163724,0.0,0.0
2020-09-03 00:00:00+07:00,0.5395419963656901,0.5399518274734073,0.5316859337761378,0.5399518274734073,0.8432526190778995,0.0,0.0
2020-09-04 00:00:00+07:00,0.5382682260611104,0.535725055941925,0.5286790697579741,0.5298076523403317,0.8510641450942399,0.0,0.0
2020-09-07 00:00:00+07:00,0.5285030680271516,0.5281169611221525,0.523094989302953,0.5217768858875006,0.8404572827605755,0.0,0.0
2020-09-08 00:00:00+07:00,0.5242574493171186,0.5281170620562944,0.5303973438671626,0.5260037032479901,0.8178914130348883,0.0,0.0
2020-09-09 00:00:00+07:00,0.5255310305477028,0.5247355534608983,0.5239540437606129,0.5183954786321339,0.8280617315525854,0.0,0.0
2020-09-10 00:00:00+07:00,0.5187379405634559,0.516282179912722,0.48959055803265467,0.48162310025637045,0.8874957434866787,0.0,0.0
2020-09-11 00:00:00+07:00,0.48307385805642544,0.4955712234156644,0.4732678324638474,0.48965382007617675,0.9262988440256807,0.0,0.0
2020-09-14 00:00:00+07:00,0.5000567452096221,0.5074060424269162,0.5046245779252414,0.5019113106234476,0.8762344810703184,0.0,0.0
2020-09-15 00:00:00+07:00,0.5034533590751722,0.5061380663901467,0.49388600848016484,0.4858498243508104,0.8859686062125356,0.0,0.0
2020-09-16 00:00:00+07:00,0.4881687829276427,0.4866951806049271,0.48400650158622344,0.47655105932285735,0.8826895604305525,0.0,0.0
2020-09-17 00:00:00+07:00,0.47882816375797377,0.4854271281913412,0.4771337554487699,0.47697369442588156,0.8764644161150363,0.0,0.0
2020-09-18 00:00:00+07:00,0.47458242646024146,0.47528298930726665,0.4689723953963828,0.46640688418978166,0.9150608359418313,0.0,0.0
2020-09-21 00:00:00+07:00,0.46948765444332363,0.4752830809650858,0.47112020774857505,0.46429361540861114,0.866621114461021,0.0,0.0
2020-09-22 00:00:00+07:00,0.4592978971747245,0.4609122110624605,0.4569452132402251,0.4511907613892423,0.8841057346808733,0.0,0.0
2020-09-23 00:00:00+07:00,0.45335386050048526,0.46260286775274495,0.4565156390700325,0.4558401205867065,0.8613796967347582,0.0,0.0
2020-09-24 00:00:00+07:00,0.4516555456379926,0.4583761231325073,0.45350880146371475,0.45076803302016866,0.8554900334782145,0.0,0.0
2020-09-25 00:00:00+07:00,0.4559013615065897,0.46598431242787125,0.45952251945011846,0.46471629714466006,0.8614670501524672,0.0,0.0
2020-09-28 00:00:00+07:00,0.4703367094062403,0.4719016176826024,0.46295877697916094,0.45668543742577966,0.8580077219758627,0.0,0.0
2020-09-29 00:00:00+07:00,0.46396815814724973,0.46682958473151903,0.45952244932133324,0.4558401205867065,0.8687883414704847,0.0,0.0
2020-09-30 00:00:00+07:00,0.4631189826210827,0.4609121493887501,0.4560860634985851,0.44865467097294864,0.8644659904024277,0.0,0.0
2020-10-01 00:00:00+07:00,0.456325900668437,0.4613348898892933,0.4612406638319862,0.4613348898892933,0.8347725927374452,0.0,0.0
2020-10-02 00:00:00+07:00,0.46269444242963803,0.4609121809612353,0.45780427203487567,0.4558401205867065,0.8423107400406258,0.0,0.0
2020-10-05 00:00:00+07:00,0.45887318509857367,0.46048939868325806,0.4595223389643951,0.45710802589577915,0.8359074303609239,0.0,0.0
2020-10-06 00:00:00+07:00,0.4686384673918664,0.47359235037053504,0.47154970872211716,0.4723243352284174,0.8775166493081102,0.0,0.0
2020-10-07 00:00:00+07:00,0.4660910068712845,0.47697369442588156,0.46983150214725533,0.47697369442588156,0.8561807114953329,0.0,0.0
2020-10-08 00:00:00+07:00,0.48222478947980585,0.4807777900330551,0.48099970469289355,0.4790871031061263,0.8491530851217206,0.0,0.0
2020-10-09 00:00:00+07:00,0.47882815731510436,0.4786643747370526,0.48185873639484467,0.4786643747370526,0.8325492308181957,0.0,0.0
2020-10-12 00:00:00+07:00,0.4864704723411334,0.4871178294171221,0.4913087323353025,0.4854271426147615,0.8523820811236272,0.0,0.0
2020-10-13 00:00:00+07:00,0.4864704723411334,0.4858498143153516,0.4861542004428474,0.4854271426147615,0.8270700289589917,0.0,0.0
2020-10-14 00:00:00+07:00,0.4864705157773748,0.4892312316061772,0.4895905987570221,0.4892312316061772,0.8524941405534453,0.0,0.0
2020-10-15 00:00:00+07:00,0.489442427520506,0.487540453111732,0.4852950640031934,0.4795096915761258,0.8518995335710811,0.0,0.0
2020-10-16 00:00:00+07:00,0.4818001771682885,0.4799324063439005,0.48271784166083853,0.4773963761619305,0.8557178955492436,0.0,0.0
2020-10-19 00:00:00+07:00,0.47882822075326115,0.4892312316061772,0.48099971151711496,0.4892312316061772,0.8347549230410902,0.0,0.0
2020-10-20 00:00:00+07:00,0.4898670403974964,0.4875404939375908,0.48744282623698265,0.4812004185203215,0.8476871283879122,0.0,0.0
2020-10-21 00:00:00+07:00,0.48816879663809215,0.48627252254557396,0.48271788211697225,0.4790871031061263,0.8494898666060062,0.0,0.0
2020-10-22 00:00:00+07:00,0.4779790635042761,0.4807777834172973,0.48057015372366757,0.4807777834172973,0.8596532203102237,0.0,0.0
2020-10-23 00:00:00+07:00,0.48647053594712014,0.48415919083430364,0.48443608650456754,0.4782417862670531,0.841945669348593,0.0,0.0
2020-10-26 00:00:00+07:00,0.47670533128234593,0.4837364688394314,0.48228831451278,0.4820457819924194,0.8447658451945205,0.0,0.0
2020-10-27 00:00:00+07:00,0.48434762231963174,0.48331379361512355,0.4848655770033268,0.4799324199451994,0.855943346289174,0.0,0.0
2020-11-02 00:00:00+07:00,0.4796773446865602,0.4828911354488332,0.4818587801893156,0.48246846372846836,0.8804061373068964,0.0,0.0
2020-11-03 00:00:00+07:00,0.48647049586111735,0.48880853985471634,0.4917383004347414,0.48838586813407936,0.8496144525948452,0.0,0.0
2020-11-04 00:00:00+07:00,0.49156535868341794,0.4926125850172268,0.487442856667394,0.48246846372846836,0.8498971305434078,0.0,0.0
2020-11-05 00:00:00+07:00,0.491565321620738,0.5129007889469064,0.49732233909340484,0.5103647588123276,0.8834279739029949,0.0,0.0
2020-11-06 00:00:00+07:00,0.5136431272942606,0.5230449777286722,0.5110678238105703,0.5230449777286722,0.8759589985418071,0.0,0.0
2020-11-09 00:00:00+07:00,0.5255310647955184,0.5314983345806334,0.5243836222203347,0.5217768858875006,0.8522810539571674,0.0,0.0
2020-11-10 00:00:00+07:00,0.5335979033481382,0.5484051737604925,0.5385585566942035,0.5382610538961868,0.8914077017666673,0.0,0.0
2020-11-11 00:00:00+07:00,0.5459105153031244,0.5454464998734243,0.5471494702032796,0.5433331414627247,0.8738986403326137,0.0,0.0
2020-11-12 00:00:00+07:00,0.5348717315484037,0.5395291824554176,0.5407063919384976,0.5331891062287232,0.8524744510656954,0.0,0.0
2020-11-13 00:00:00+07:00,0.5357207679215159,0.5357250291602097,0.5334040304924135,0.5306529691794047,0.8520743698612904,0.0,0.0
2020-11-16 00:00:00+07:00,0.5412401969872613,0.5386837255571996,0.5389881009783538,0.5382610538961868,0.833109848273459,0.0,0.0
2020-11-17 00:00:00+07:00,0.542514006711753,0.5454465667671087,0.5480086260192605,0.5441785515678472,0.8695776603385574,0.0,0.0
2020-11-18 00:00:00+07:00,0.5467597661935184,0.5462919502755806,0.5523041100699917,0.545869278512043,0.8610398862927123,0.0,0.0
2020-11-19 00:00:00+07:00,0.5442122847140535,0.551786632865579,0.5501563379368278,0.5496732742374093,0.8792591203151536,0.0,0.0
2020-11-20 00:00:00+07:00,0.5544019807750171,0.5526319460580926,0.5531631180972408,0.5484052290292625,0.8434304780668523,0.0,0.0
2020-11-23 00:00:00+07:00,0.5510054054878276,0.5492505724350286,0.5531631180972408,0.5484052290292625,0.8478551307324078,0.0,0.0
2020-11-24 00:00:00+07:00,0.5510054287486218,0.548405252185951,0.5527335971076446,0.5454465501429694,0.8460079435150724,0.0,0.0
2020-11-25 00:00:00+07:00,0.5493071093929315,0.5471372055007434,0.5385586026990007,0.5323436961236006,0.8859833083933795,0.0,0.0
2020-11-26 00:00:00+07:00,0.5297767565285766,0.5391063972182123,0.5316858481477986,0.5382610538961868,0.8405223583873704,0.0,0.0
2020-11-27 00:00:00+07:00,0.5408156201296948,0.5391063922441492,0.5385585517249394,0.5302302874433559,0.8548221868511764,0.0,0.0
2020-11-30 00:00:00+07:00,0.5327489098683007,0.5314984572567484,0.5175110328363032,0.5150142579088659,0.9251313106057851,0.0,0.0
2020-12-01 00:00:00+07:00,0.5187379939660661,0.5344571181484011,0.5248132468704776,0.5310757441815032,0.8674945080582462,0.0,0.0
2020-12-02 00:00:00+07:00,0.5391174644881239,0.5386838523232464,0.5351223283677724,0.5357251500119921,0.8581950458513884,0.0,0.0
2020-12-03 00:00:00+07:00,0.5425139661272423,0.5420651523441448,0.5424245087870512,0.5365704202180405,0.8602942522515555,0.0,0.0
2020-12-04 00:00:00+07:00,0.5391173429048179,0.5369930441554109,0.536840384798578,0.5306529691794047,0.8409969515276122,0.0,0.0
2020-12-07 00:00:00+07:00,0.542513993308075,0.5467145684584517,0.5471495237855359,0.5416425077845783,0.8595389512378718,0.0,0.0
2020-12-08 00:00:00+07:00,0.5442123145217725,0.5416425411246761,0.5424245693574408,0.5391065106343341,0.8448381158074039,19.6,0.0
2020-12-10 00:00:00+07:00,0.5518514181475985,0.5500953594962903,0.5540060267062181,0.5479755989725305,0.8805341277196276,0.0,0.0
2020-12-11 00:00:00+07:00,0.5527031003903002,0.5653576006033231,0.5587452934661211,0.5615420318906265,0.8967400765765366,0.0,0.0
2020-12-14 00:00:00+07:00,0.569737323965434,0.5695970232425225,0.5759790151034694,0.5687491192278537,0.8885610146465818,0.0,0.0
2020-12-15 00:00:00+07:00,0.5722925395689773,0.5755324195095918,0.5596069543583048,0.5662054742615557,0.884271904937095,0.0,0.0
2020-12-16 00:00:00+07:00,0.5748477013128912,0.5797719538126762,0.5798567065516738,0.5797719538126762,0.8764233067079794,0.0,0.0
2020-12-17 00:00:00+07:00,0.5837906598831388,0.5840114143712769,0.5781332650012199,0.5785000380634778,0.8571999986962776,0.0,0.0
2020-12-18 00:00:00+07:00,0.5812355827724028,0.5785001085616387,0.5725323437351887,0.567053402550013,0.8792248427050747,0.0,0.0
2020-12-21 00:00:00+07:00,0.5774027920445707,0.574684471817564,0.5764098851124437,0.569597047516311,0.8580928715357949,0.0,0.0
2020-12-22 00:00:00+07:00,0.5646271709820487,0.5687492629464608,0.5686547861727779,0.559846268579761,0.8386329559975287,0.0,0.0
2020-12-23 00:00:00+07:00,0.5786804642468629,0.57595642568829,0.5608995435872569,0.5606941502351938,0.8488886461860318,0.0,0.0
2020-12-28 00:00:00+07:00,0.5688856041709949,0.5687491153761585,0.564346184162069,0.5653574993400735,0.8374402784920671,0.0,0.0
2020-12-29 00:00:00+07:00,0.5676081109086629,0.5679012920637825,0.5712397924635295,0.5640857234899492,0.8109971989387661,0.0,0.0
2020-12-30 00:00:00+07:00,0.5697374838120968,0.5670534703297712,0.5677931109158549,0.564509757583715,0.8311719387924342,0.0,0.0
2021-01-04 00:00:00+07:00,0.5697373836539249,0.5717168431811586,0.5695163930478395,0.5700210349770521,0.8267652971230727,0.0,0.0
2021-01-05 00:00:00+07:00,0.574847667402087,0.5916425767868821,0.5807183633119086,0.5916425767868821,0.8633441918541398,0.0,0.0
2021-01-06 00:00:00+07:00,0.5910303179421136,0.5903707669272157,0.5833034819391232,0.57934801298496,0.8560849724625214,0.0,0.0
2021-01-07 00:00:00+07:00,0.5867717392139546,0.5882510082188628,0.5858885567016213,0.58104382292885,0.8453641678312777,0.0,0.0
2021-01-08 00:00:00+07:00,0.5897526940537191,0.5907946691360186,0.5914894968428879,0.5882509568991019,0.847710809700857,0.0,0.0
2021-01-11 00:00:00+07:00,0.5995474196939938,0.614535974697542,0.6061382346811074,0.6132641185967121,0.8856784274908117,0.0,0.0
2021-01-12 00:00:00+07:00,0.6161559244202357,0.6162318256626427,0.6074308133372912,0.5975779349070097,0.8588562449519321,0.0,0.0
2021-01-13 00:00:00+07:00,0.6076387127581644,0.6073287812387598,0.5996755437704251,0.5941862683862049,0.8486654532968279,0.0,0.0
2021-01-14 00:00:00+07:00,0.5910302888832438,0.5916425940583728,0.5932128996674491,0.5857072652997792,0.8558583735313708,0.0,0.0
2021-01-15 00:00:00+07:00,0.594863017242236,0.5924905043377935,0.5798566953188906,0.5801958946403926,0.8561370288675253,0.0,0.0
2021-01-18 00:00:00+07:00,0.5829389492522407,0.5946102204137067,0.5802874976499581,0.5941862683862049,0.8542739700675592,0.0,0.0
2021-01-19 00:00:00+07:00,0.5969923194200155,0.5941863245824502,0.5940746088565282,0.5920665642476232,0.8469213378966876,0.0,0.0
2021-01-20 00:00:00+07:00,0.6008250417001182,0.6090246469262403,0.5996756004793657,0.5920665642476232,0.8643958436137756,0.0,0.0
2021-01-21 00:00:00+07:00,0.610619822883543,0.6094486453799298,0.5988139550515977,0.5903708009367578,0.8420160970166383,0.0,0.0
2021-01-22 00:00:00+07:00,0.5931596309853262,0.5975779752169125,0.600106480230612,0.5907947417644741,0.8511889486745269,0.0,0.0
2021-01-25 00:00:00+07:00,0.6038060427488262,0.6009695525078825,0.5936437582626596,0.586979134415953,0.84882085710223,0.0,0.0
2021-01-26 00:00:00+07:00,0.5829389210733606,0.5840113914918934,0.5781332423477117,0.5687491192278537,0.860507017659965,0.0,0.0
2021-01-27 00:00:00+07:00,0.5714408235272973,0.5780761318499653,0.5682238643392267,0.5662054742615557,0.8601560065384531,0.0,0.0
2021-01-28 00:00:00+07:00,0.5688857077848011,0.5776522126718032,0.5755482705848052,0.5755324522694634,0.863253131205482,0.0,0.0
2021-01-29 00:00:00+07:00,0.5782546209393008,0.5840115304102248,0.5729632332983087,0.5636618292952575,0.8743867546666015,0.0,0.0
2021-02-01 00:00:00+07:00,0.5663304601956465,0.5772281593745424,0.5587451971495311,0.5687491192278537,0.8669054542599484,0.0,0.0
2021-02-02 00:00:00+07:00,0.5837907310045767,0.5823156772321806,0.5764099533891864,0.567053402550013,0.8544889630580433,0.0,0.0
2021-02-03 00:00:00+07:00,0.5867717273840823,0.584011475683105,0.5785641712177133,0.5691731533216194,0.8426195189477126,0.0,0.0
2021-02-04 00:00:00+07:00,0.5799580250676315,0.5840115020569415,0.5794258884085358,0.5717168915539669,0.8512591669657767,0.0,0.0
2021-02-05 00:00:00+07:00,0.5756994028104235,0.579771939145022,0.5811492283765431,0.5768042747526124,0.8302093868737218,0.0,0.0
2021-02-08 00:00:00+07:00,0.5910302323230477,0.5886748733320857,0.583303397406074,0.5772281689473041,0.824432912402183,0.0,0.0
2021-02-09 00:00:00+07:00,0.5867717521975181,0.5865552128961795,0.5897661794194051,0.5823156920450238,0.8480463528289309,0.0,0.0
2021-02-10 00:00:00+07:00,0.5910302323230477,0.5882509213178345,0.5850267792295845,0.5772281689473041,0.8237935127520032,0.0,0.0
2021-02-11 00:00:00+07:00,0.5854941698733689,0.5827396359906458,0.5798567241777078,0.5738366423255733,0.814565268076945,0.0,0.0
2021-02-15 00:00:00+07:00,0.5722925639597944,0.5746845398910968,0.5695164251154127,0.567053402550013,0.8529444464265626,0.0,0.0
2021-02-16 00:00:00+07:00,0.5765512022572858,0.5793480709066707,0.5789950846548212,0.5789241187902683,0.8260617822309078,0.0,0.0
2021-02-17 00:00:00+07:00,0.577402868678516,0.5806198772350789,0.5807184168628586,0.5755324522694634,0.8417220638712075,0.0,0.0
2021-02-18 00:00:00+07:00,0.5739960025603286,0.5755324505038478,0.5708089680785061,0.5615420318906265,0.8568344313838233,0.0,0.0
2021-02-19 00:00:00+07:00,0.5680339739923458,0.5712929136589746,0.5729631795881963,0.5691731533216194,0.8447890635347779,0.0,0.0
2021-02-22 00:00:00+07:00,0.5782545518607372,0.5789240359634232,0.5755482378230102,0.5662054742615557,0.843732989931093,0.0,0.0
2021-02-23 00:00:00+07:00,0.5714408382453888,0.5708689615915035,0.5742557161180848,0.5691731533216194,0.8359627345538853,0.0,0.0
2021-02-24 00:00:00+07:00,0.5718667352835574,0.5700210963454192,0.5699472999036056,0.5606941502351938,0.845696433932996,0.0,0.0
2021-02-25 00:00:00+07:00,0.5646270995974462,0.5645096704380327,0.5660696412594977,0.5589982936582789,0.84993397920549,0.0,0.0
2021-02-26 00:00:00+07:00,0.5616461289621126,0.5679013228462233,0.5630537583709104,0.55942228111902,0.886932801172428,0.0,0.0
2021-03-01 00:00:00+07:00,0.5722925722410113,0.5878270627044103,0.5764099617305891,0.5878270627044103,0.8948192940704593,0.0,0.0
2021-03-02 00:00:00+07:00,0.5969923125849645,0.5975779342754863,0.5936437565485253,0.5852833244720629,0.8515447302781066,0.0,0.0
2021-03-03 00:00:00+07:00,0.5923079084647156,0.5912186874553488,0.5936437907999534,0.5840115019889138,0.853248715647678,0.0,0.0
2021-03-04 00:00:00+07:00,0.5786804277450892,0.5840114786724014,0.5695164184248797,0.5602701627744527,0.8699734730719024,0.0,0.0
2021-03-05 00:00:00+07:00,0.5629236871084905,0.5776522044126294,0.5695164251154127,0.567053402550013,0.8663829059831306,0.0,0.0
2021-03-08 00:00:00+07:00,0.5825131500490659,0.5797719579763392,0.5695164184248797,0.5602701627744527,0.8566696060635702,0.0,0.0
2021-03-09 00:00:00+07:00,0.5612201792069549,0.5598461417068686,0.5591760572146726,0.5505191973058038,0.8753691646588835,0.0,0.0
2021-03-10 00:00:00+07:00,0.5629236675010192,0.5602701498382221,0.5608994952312844,0.5589982936582789,0.829016571947859,0.0,0.0
2021-03-12 00:00:00+07:00,0.5761252714667013,0.573836620956412,0.5690855649325759,0.5640857234899492,0.8472691792944648,0.0,0.0
2021-03-15 00:00:00+07:00,0.5710150143556489,0.568749235268171,0.5647771486803755,0.5556067204035235,0.8352003739209539,0.0,0.0
2021-03-16 00:00:00+07:00,0.5620719919621316,0.559422286046283,0.5608995356653317,0.5522151005157433,0.8449664684985062,0.0,0.0
2021-03-17 00:00:00+07:00,0.5569616823287038,0.5556067042830302,0.5596069860215803,0.5509432313995696,0.8454391175221865,0.0,0.0
2021-03-18 00:00:00+07:00,0.5544065070188843,0.5602701498382221,0.5600378042265821,0.5589982936582789,0.8445096794461299,0.0,0.0
2021-03-19 00:00:00+07:00,0.5671823110959809,0.5645097335083812,0.5613304034566985,0.5636618292952575,0.8718881771621183,0.0,0.0
2021-03-22 00:00:00+07:00,0.5561099905491618,0.5568785848704835,0.5600378560277018,0.551791159688027,0.8427807631720363,0.0,0.0
2021-03-23 00:00:00+07:00,0.5629236552367533,0.560270137628846,0.5552984915974782,0.5471276240510484,0.8725921395646747,0.0,0.0
2021-03-24 00:00:00+07:00,0.5454635721929262,0.5458558635521683,0.5436657585630593,0.536528916826041,0.8807280721292182,0.0,0.0
2021-03-25 00:00:00+07:00,0.5356687133876027,0.536528793837844,0.5359104154981266,0.530593465439864,0.8693105372450183,0.0,0.0
2021-03-26 00:00:00+07:00,0.5331136509401831,0.5369528319928724,0.5333254282342498,0.5344091194214099,0.8749832986267878,0.0,0.0
2021-03-29 00:00:00+07:00,0.5365204520514599,0.5428880972116193,0.5384955110854991,0.5297455837844313,0.8670051433058704,0.0,0.0
2021-03-30 00:00:00+07:00,0.533113649376379,0.5378007346057809,0.5393572641867513,0.5327133094775198,0.8524930156632299,0.0,0.0
2021-03-31 00:00:00+07:00,0.5348170188751665,0.5327132469750104,0.5199691539885575,0.5174509733494843,0.898712766696321,0.0,0.0
2021-04-01 00:00:00+07:00,0.5199119660531951,0.5221144232491187,0.5208308224198398,0.518298855004917,0.8665557956920336,0.0,0.0
2021-04-05 00:00:00+07:00,0.5228930367872638,0.5238102962767797,0.5208308869785575,0.5123635901508388,0.8466254414147388,0.0,0.0
2021-04-06 00:00:00+07:00,0.5130983259209593,0.5136354705376057,0.5143682283425867,0.5132115184392962,0.8508324784066555,0.0,0.0
2021-04-07 00:00:00+07:00,0.5148017070273355,0.5225384126942916,0.519107477722018,0.5204186524095481,0.8646966008707577,0.0,0.0
2021-04-08 00:00:00+07:00,0.526036754571476,0.5248380123223161,0.5256442121766938,0.517959693016139,0.8710805744447498,86.4,0.0
2021-04-09 00:00:00+07:00,0.5359687498507613,0.5338657661594423,0.5273917125236718,0.5235482879644595,0.8684627292247532,0.0,0.0
2021-04-12 00:00:00+07:00,0.5342414080976561,0.5317162603477689,0.51996463704794,0.5119410949468888,0.8657687902281899,0.0,0.0
2021-04-13 00:00:00+07:00,0.5130818958590606,0.5115112391863171,0.5129745167352736,0.5063524999985682,0.8693536933628244,0.0,0.0
2021-04-14 00:00:00+07:00,0.517832023196929,0.5325761151187978,0.5199647005096598,0.5325761151187978,0.8753476097846755,0.0,0.0
2021-04-15 00:00:00+07:00,0.5351051474321856,0.5330060289092677,0.5304499598622796,0.5304266591104456,0.8623779537244468,0.0,0.0
2021-04-16 00:00:00+07:00,0.5407188441246701,0.5381647060540772,0.5335080932200477,0.5299967026225406,0.8502923292204352,0.0,0.0
2021-04-19 00:00:00+07:00,0.5325141516086814,0.5304266292861348,0.5348187801968008,0.529566839400685,0.8259368763714916,0.0,0.0
2021-04-20 00:00:00+07:00,0.5260366795580018,0.5278472017387837,0.5308867568313215,0.5265575170495476,0.8462473732280797,0.0,0.0
2021-04-21 00:00:00+07:00,0.526036750655357,0.5256977983212759,0.52913928847909,0.5205390588793715,0.8433816342630551,0.0,0.0
2021-04-22 00:00:00+07:00,0.5260367130594278,0.5299967099757771,0.5304499056467195,0.5248379708960758,0.8400982884009516,0.0,0.0
2021-04-23 00:00:00+07:00,0.5329459642546707,0.5403141977844678,0.5343818801596631,0.5398843028536149,0.8649517229619393,0.0,0.0
2021-04-26 00:00:00+07:00,0.542877964991144,0.5407440584939772,0.5391875810785067,0.5308564756992765,0.8650565216247206,0.0,0.0
2021-04-27 00:00:00+07:00,0.5407188594184719,0.5437533553616317,0.5457408883885045,0.541173985785231,0.8743471242567445,0.0,0.0
2021-04-28 00:00:00+07:00,0.5433098990332184,0.541174059460983,0.5422458821895485,0.5338658446834388,0.8549816464772655,0.0,0.0
2021-04-29 00:00:00+07:00,0.5484917243165672,0.5459027980537591,0.5461777414193197,0.5416038490070867,0.8351506809349271,0.0,0.0
2021-04-30 00:00:00+07:00,0.5476281011932527,0.5450430401498321,0.5479253134013686,0.541173985785231,0.841592995877206,0.0,0.0
2021-05-03 00:00:00+07:00,0.5502190687499928,0.547622411608966,0.5448671202568438,0.5398843028536149,0.8206571552711136,0.0,0.0
2021-05-04 00:00:00+07:00,0.5389915805760402,0.5433234922884053,0.5444302653018022,0.5407441225633755,0.8288503868573825,0.0,0.0
2021-05-05 00:00:00+07:00,0.5450371486451437,0.5433234735112981,0.5496728666413773,0.5428935785717276,0.8302845197310369,0.0,0.0
2021-05-06 00:00:00+07:00,0.5433098381605843,0.5450430532695799,0.5496728666413773,0.5428935785717276,0.8160474335679045,0.0,0.0
2021-05-07 00:00:00+07:00,0.5484917885637872,0.5459028620134351,0.5483622305515266,0.5407441225633755,0.8276606836376078,0.0,0.0
2021-05-10 00:00:00+07:00,0.5433098232248936,0.5424636687168473,0.5492359665296624,0.5424636687168473,0.8432334246099995,0.0,0.0
2021-05-11 00:00:00+07:00,0.54330981587448,0.5476224004433122,0.5413720291836881,0.5476224004433122,0.8449165586848901,0.0,0.0
2021-05-17 00:00:00+07:00,0.5519463342628136,0.549341946596784,0.5474883856924351,0.549341946596784,0.8730639586924257,0.0,0.0
2021-05-18 00:00:00+07:00,0.5433098269518639,0.5454729369547018,0.5466146602730406,0.5398843028536149,0.8467855407018803,0.0,0.0
2021-05-19 00:00:00+07:00,0.541582475040127,0.5407440513092896,0.5439933085968219,0.5360152074257415,0.8409372150460265,0.0,0.0
2021-05-20 00:00:00+07:00,0.5424461886139549,0.5437533741609583,0.5453040222385761,0.539024529776879,0.8409642138735963,0.0,0.0
2021-05-21 00:00:00+07:00,0.5476280593616755,0.5450429985054757,0.5374400322648081,0.5373048903573576,0.8575546544364562,0.0,0.0
2021-05-24 00:00:00+07:00,0.5394233708908902,0.5390245054466052,0.5400613776524814,0.5342956612722696,0.8366387044547869,0.0,0.0
2021-05-25 00:00:00+07:00,0.5346732635490845,0.5441832408101684,0.5409351439346384,0.5368750271355021,0.85488021082876,0.0,0.0
2021-05-27 00:00:00+07:00,0.5467644632108608,0.5476224269951301,0.538313860325715,0.529566839400685,0.939799258773084,0.0,0.0
2021-05-28 00:00:00+07:00,0.5372642310101053,0.5381647137448016,0.5435564557665814,0.5355853442038858,0.8621140733878168,0.0,0.0
2021-05-31 00:00:00+07:00,0.5398551611852547,0.5398842579761863,0.5431195350974358,0.5385945732889739,0.861807928565038,0.0,0.0
2021-06-02 00:00:00+07:00,0.5519464168986506,0.5506317137419445,0.5514204329888011,0.5463327641447207,0.8774431537020889,0.0,0.0
2021-06-03 00:00:00+07:00,0.551514571930617,0.5579399105292667,0.552294185701434,0.5579399105292667,0.8747543286364066,0.0,0.0
2021-06-04 00:00:00+07:00,0.5623102494931588,0.5596594772352875,0.5584105629284631,0.5562203177427701,0.838872926387266,0.0,0.0
2021-06-07 00:00:00+07:00,0.5571283087070467,0.5553605185286882,0.5522941634999551,0.5519213590930412,0.8392234913972003,0.0,0.0
2021-06-08 00:00:00+07:00,0.5584237723217039,0.5557903943258748,0.552294144485385,0.5433234417935832,0.8405288972952379,0.0,0.0
2021-06-09 00:00:00+07:00,0.5398552042678549,0.552351254022497,0.5461777734631421,0.5519213590930412,0.8490402833019465,0.0,0.0
2021-06-10 00:00:00+07:00,0.5566965163980893,0.5596595033157633,0.5575368188928166,0.5596595033157633,0.8465941851884969,0.0,0.0
2021-06-11 00:00:00+07:00,0.5579919715047089,0.5562203159408758,0.5549154810518346,0.5467626273665763,0.8462856069788465,0.0,0.0
2021-06-14 00:00:00+07:00,0.5536736553495241,0.551061536909766,0.5496728212388223,0.5416038490070867,0.8383963100711554,0.0,0.0
2021-06-15 00:00:00+07:00,0.5471962810860797,0.5467626273665763,0.5501097459587483,0.5467626273665763,0.8550557155022346,0.0,0.0
2021-06-16 00:00:00+07:00,0.5450371223280994,0.5437533421903951,0.546177760161684,0.5394543929987345,0.8277753475861956,0.0,0.0
2021-06-17 00:00:00+07:00,0.5424461319885269,0.5398842632928972,0.5387506907197276,0.5347255244941252,0.8434168206045921,0.0,0.0
2021-06-18 00:00:00+07:00,0.5346732672200147,0.5360152409720279,0.5391876076564018,0.5342956612722696,0.8688932087130841,0.0,0.0
2021-06-21 00:00:00+07:00,0.5346732765515196,0.5321461959373126,0.5330712269897679,0.5278472466141885,0.8378955735388403,0.0,0.0
2021-06-22 00:00:00+07:00,0.5303549893303764,0.5398842934387454,0.5356925258284558,0.5355853442038858,0.8415890899183411,0.0,0.0
2021-06-23 00:00:00+07:00,0.5342414356848781,0.5355853421080196,0.5348187537423407,0.526127653827692,0.8309722736818255,0.0,0.0
2021-06-24 00:00:00+07:00,0.5355369051249073,0.5330059592669203,0.5321974304823246,0.5244080610411954,0.8340413501776403,0.0,0.0
2021-06-25 00:00:00+07:00,0.5286276975008907,0.5287070440244737,0.5313236945502421,0.5226885148877236,0.8437509632639707,0.0,0.0
2021-06-28 00:00:00+07:00,0.5174001493459675,0.5192493252328968,0.5195277690704485,0.5110813218701529,0.8532213126940239,0.0,0.0
2021-06-29 00:00:00+07:00,0.5130819371147086,0.51409065012274,0.5182171784714911,0.5102215954264416,0.8320759155552954,0.0,0.0
2021-06-30 00:00:00+07:00,0.508763647709552,0.5123710572397346,0.5147220850741823,0.508502002639945,0.8415684894638064,0.0,0.0
2021-07-01 00:00:00+07:00,0.5139455793556319,0.5128009521952668,0.5147220850741823,0.508502002639945,0.8357966253098977,0.0,0.0
2021-07-02 00:00:00+07:00,0.5148091783470777,0.5183895299400265,0.5182171086465842,0.5149503706650015,0.8426899799985114,0.0,0.0
2021-07-05 00:00:00+07:00,0.5174002206342002,0.5175298168957871,0.520838495799121,0.5158102370077868,0.8179638689190252,0.0,0.0
2021-07-06 00:00:00+07:00,0.5182638045365321,0.5158101659222678,0.5195277690704485,0.5110813218701529,0.8110886592072517,0.0,0.0
2021-07-07 00:00:00+07:00,0.5243093737252095,0.5218286776473288,0.5173433272116553,0.5119410949468888,0.8128490976215068,0.0,0.0
2021-07-08 00:00:00+07:00,0.5087636178515345,0.5097916575839937,0.5129745148506528,0.5076421829301845,0.8261369612309226,0.0,0.0
2021-07-09 00:00:00+07:00,0.5096272880424283,0.5080720927850648,0.5138482999497684,0.5080720927850648,0.8191230773290743,0.0,0.0
2021-07-12 00:00:00+07:00,0.5148092007844406,0.5218287119567822,0.5164695912308369,0.520968922101227,0.8417008134399935,0.0,0.0
2021-07-13 00:00:00+07:00,0.5234458006653827,0.5213988645490817,0.5160327532713542,0.5102215954264416,0.8416760090551608,0.0,0.0
2021-07-14 00:00:00+07:00,0.5104909471237854,0.5089318864924376,0.5129745337676505,0.5054927269218323,0.8367262609847753,0.0,0.0
2021-07-15 00:00:00+07:00,0.5087636362667951,0.5162401002296425,0.5142851884779301,0.5162401002296425,0.8284762941100325,0.0,0.0
2021-07-16 00:00:00+07:00,0.5234458077862142,0.5209689766717879,0.5195278406615246,0.5158102370077868,0.8268252338763995,0.0,0.0
2021-07-19 00:00:00+07:00,0.5182638424770067,0.5158102036929365,0.5151589569281442,0.5067824098534486,0.8259606937078754,0.0,0.0
2021-07-21 00:00:00+07:00,0.5130819260379009,0.5166700087654522,0.5155958570988849,0.5072123197083289,0.8331987394830976,0.0,0.0
2021-07-22 00:00:00+07:00,0.5186956511160397,0.5196792391696108,0.5190909030861033,0.5196792391696108,0.837871356612651,0.0,0.0
2021-07-23 00:00:00+07:00,0.5243094253314927,0.5226885189058136,0.5169064931401255,0.509361775716681,0.8506707663093109,0.0,0.0
2021-07-26 00:00:00+07:00,0.5122182557083845,0.5115112542455613,0.5151589569281442,0.5067824098534486,0.8269934254903015,0.0,0.0
2021-07-27 00:00:00+07:00,0.5091954623240734,0.5115112542455613,0.5147220719099845,0.5067824098534486,0.8315537666977174,0.0,0.0
2021-07-28 00:00:00+07:00,0.5091954812021406,0.5072123236074112,0.5121007807888673,0.5046329538450964,0.8471463732155041,0.0,0.0
2021-07-29 00:00:00+07:00,0.5135137028109479,0.5136606931764783,0.5129744960902528,0.5097916389385366,0.8533233694359946,0.0,0.0
2021-07-30 00:00:00+07:00,0.5122182444227158,0.5149504024566952,0.511226980498095,0.5037731341353358,0.8637234828482403,0.0,0.0
2021-08-02 00:00:00+07:00,0.5139455244147295,0.5119411075440649,0.5064212153580797,0.5029133144255752,0.8696546757949876,0.0,0.0
2021-08-03 00:00:00+07:00,0.5109227247217079,0.5218286837947999,0.5134113685075293,0.5188194194598502,0.8656246113841399,0.0,0.0
2021-08-04 00:00:00+07:00,0.5212866054713073,0.5192493329722226,0.5199646618072636,0.5166699634514981,0.8195853121130694,0.0,0.0
2021-08-05 00:00:00+07:00,0.5234457677666565,0.5330059951433465,0.5269548461498508,0.5321462052639175,0.8581305275709564,0.0,0.0
2021-08-06 00:00:00+07:00,0.5398552195249591,0.5373049466803616,0.5265179632345265,0.5201091490244911,0.8426153504360588,0.0,0.0
2021-08-09 00:00:00+07:00,0.5204229560241806,0.5235482879644595,0.5238966325405618,0.5235482879644595,0.831334066226341,0.0,0.0
2021-08-10 00:00:00+07:00,0.5303550097072091,0.5321462052639175,0.5247704210845762,0.5321462052639175,0.8376045258492845,0.0,0.0
2021-08-12 00:00:00+07:00,0.5191274915538114,0.5338657850227754,0.5252073060976311,0.5321462052639175,0.8690049532879318,0.0,0.0
2021-08-13 00:00:00+07:00,0.5389915174228131,0.5437533235304229,0.543119546577255,0.5416038490070867,0.8545901747304221,0.0,0.0
2021-08-16 00:00:00+07:00,0.5450371336627791,0.5424636687168473,0.5413720365098013,0.5424636687168473,0.8439826404385558,0.0,0.0
2021-08-18 00:00:00+07:00,0.5536737100708368,0.5716965488154627,0.5549154958207948,0.5579399105292667,0.8902386442388355,0.0,0.0
2021-08-19 00:00:00+07:00,0.5605829521195396,0.5579399105292667,0.5610318860993037,0.5579399105292667,0.8615695285983688,0.0,0.0
2021-08-20 00:00:00+07:00,0.5605829521195396,0.5579399105292667,0.5592843460197297,0.5579399105292667,0.8697255348424896,0.0,0.0
2021-08-23 00:00:00+07:00,0.5532418528327393,0.5570800908195062,0.5597212010827887,0.5570800908195062,0.8432831083650563,0.0,0.0
2021-08-24 00:00:00+07:00,0.557991986351276,0.5579399105292667,0.5584105759799427,0.5579399105292667,0.8369154060991352,0.0,0.0
2021-08-25 00:00:00+07:00,0.5605829521195396,0.5583698054757104,0.5658376213181319,0.5579399105292667,0.8511441040725086,0.0,0.0
2021-08-26 00:00:00+07:00,0.5571282581341761,0.5562202578875769,0.5557891930577923,0.5545006783232489,0.8472748394864275,0.0,0.0
2021-08-27 00:00:00+07:00,0.5510826623674704,0.5519212992079281,0.557536723045462,0.5502017196735199,0.8455031713038071,0.0,0.0
2021-08-30 00:00:00+07:00,0.5545373076505117,0.5562202728855652,0.5601580577969806,0.5549305881781292,0.8474176894229491,0.0,0.0
2021-08-31 00:00:00+07:00,0.5536737008865088,0.5553605316372656,0.5597212217548577,0.5536409518795378,0.8678238714620008,0.0,0.0
2021-09-01 00:00:00+07:00,0.5562646179860368,0.5579398524954797,0.5614687127226213,0.5549305881781292,0.842669165125845,0.0,0.0
2021-09-02 00:00:00+07:00,0.5541055453464646,0.5557904434687452,0.5544786184550469,0.5527811788028019,0.8316851808563864,0.0,0.0
2021-09-03 00:00:00+07:00,0.5571283310951882,0.5579399105292667,0.5597212310396231,0.5579399105292667,0.8130711810227731,0.0,0.0
2021-09-06 00:00:00+07:00,0.560582970999096,0.5583698242850085,0.5627794451348417,0.5557904545209146,0.8143800651011249,0.0,0.0
2021-09-07 00:00:00+07:00,0.5601511753595794,0.5583698561929157,0.5645270175271951,0.555360591299059,0.8322479544231511,0.0,0.0
2021-09-08 00:00:00+07:00,0.5562647125096044,0.5575100523400124,0.5514204520252859,0.5441833081363685,0.8494562674176094,0.0,0.0
2021-09-09 00:00:00+07:00,0.5441735516950252,0.555360591299059,0.5505466956420499,0.555360591299059,0.8656256731471316,0.0,0.0
2021-09-10 00:00:00+07:00,0.5515145665572948,0.554930640497236,0.5579736855237968,0.5510615860163053,0.8200058476885309,0.0,0.0
2021-09-13 00:00:00+07:00,0.5571282899700432,0.5545007100166318,0.5605949596946114,0.5540708151013933,0.8047439759443746,0.0,0.0
2021-09-14 00:00:00+07:00,0.5597192724950033,0.5575099913050315,0.5579736666616117,0.5532110420246574,0.8305600274150968,0.0,0.0
2021-09-15 00:00:00+07:00,0.5558328145250802,0.5536409275039997,0.5570998871521956,0.5489120833749285,0.8233019881572933,0.0,0.0
2021-09-16 00:00:00+07:00,0.5588555755078752,0.5562202649398376,0.556662970043066,0.549341946596784,0.8362123905237234,0.0,0.0
2021-09-17 00:00:00+07:00,0.5510827389333874,0.5523512708432822,0.5566630304766712,0.5510615860163053,0.8686935804239481,0.0,0.0
2021-09-20 00:00:00+07:00,0.557992034999172,0.557080169213976,0.5592843947878942,0.5566502742306753,0.8465271371068561,0.0,0.0
2021-09-21 00:00:00+07:00,0.5528100062614881,0.5523512277039212,0.555789217040509,0.5484821735200481,0.8349550624209398,0.0,0.0
2021-09-22 00:00:00+07:00,0.5519463588096606,0.556220289677586,0.5584105347537064,0.5540708151013933,0.843603241491389,0.0,0.0
2021-09-23 00:00:00+07:00,0.5566964904575916,0.5570801076158995,0.562342528017148,0.5562203177427701,0.8380298840514028,0.0,0.0
2021-09-24 00:00:00+07:00,0.5519464476882385,0.5566502742306753,0.5584106246731945,0.5566502742306753,0.8376767821557489,0.0,0.0
2021-09-27 00:00:00+07:00,0.5592874561663149,0.5575100025524642,0.5632162980368557,0.5562203177427701,0.8332352676989782,0.0,0.0
2021-09-28 00:00:00+07:00,0.5554010151724617,0.5545007455549104,0.5584105705395054,0.5510615860163053,0.8508155744520763,0.0,0.0
2021-09-29 00:00:00+07:00,0.5536736971307479,0.5562203177427701,0.5597212179580248,0.5562203177427701,0.8471123082622892,0.0,0.0
2021-09-30 00:00:00+07:00,0.5605829333824703,0.5923314864610493,0.5667113724157695,0.5923314864610493,0.8821804427854324,0.0,0.0
2021-10-01 00:00:00+07:00,0.5864926208136051,0.5837336182780315,0.5767597576490958,0.5716965595551896,0.8629516811317386,0.0,0.0
2021-10-04 00:00:00+07:00,0.5726740811675195,0.5888923008880562,0.5793810118759773,0.5888923008880562,0.8475144535127211,0.0,0.0
2021-10-05 00:00:00+07:00,0.5873562678122898,0.5876026645894646,0.5898663001783928,0.5876026645894646,0.8331791894123433,0.0,0.0
2021-10-06 00:00:00+07:00,0.5934018557146968,0.6078077282734687,0.5994777717533997,0.6078077282734687,0.8871156605951591,0.0,0.0
2021-10-07 00:00:00+07:00,0.6102430733001124,0.6073777735766366,0.60908918233748,0.6060880888539474,0.8644165500431553,0.0,0.0
2021-10-08 00:00:00+07:00,0.6124022266880497,0.6181251618531165,0.6173900125343205,0.6172653720166379,0.8585649870287878,0.0,0.0
2021-10-11 00:00:00+07:00,0.6158568361680049,0.6172653606717324,0.6221957360033759,0.6142560962985251,0.826041978172927,0.0,0.0
2021-10-12 00:00:00+07:00,0.6171522802280978,0.6198446912468456,0.6235063518383148,0.6198446912468456,0.8567641564477358,0.0,0.0
2021-10-13 00:00:00+07:00,0.6296753331725167,0.6998051990887875,0.637049839664882,0.6374704357006419,0.8960215020781482,0.0,5.0
2021-10-14 00:00:00+07:00,0.6469484561523062,0.6697125742772821,0.6545252585277997,0.65681572630791,0.8764697711547037,0.0,0.0
2021-10-15 00:00:00+07:00,0.6642214938406537,0.6675630324093021,0.6414186437486217,0.6482177623754273,0.877655645089588,0.0,0.0
2021-10-18 00:00:00+07:00,0.6512667132424816,0.6503672832981893,0.643603114558934,0.6374704357006419,0.8683359748301467,0.0,0.0
2021-10-19 00:00:00+07:00,0.6361528124926075,0.6374705011423198,0.6326810546946254,0.6353210263253145,0.8750297571767497,0.0,0.0
2021-10-21 00:00:00+07:00,0.6383118848850498,0.6396199099840983,0.6326809894227495,0.6267230623928318,0.8639155489263187,0.0,0.0
2021-10-22 00:00:00+07:00,0.6339936091865097,0.6396199103002331,0.639234264629566,0.6374704357006419,0.8595847407182355,0.0,0.0
2021-10-25 00:00:00+07:00,0.6296753331725167,0.6374704357006419,0.637049839664882,0.6374704357006419,0.8375145711774791,0.0,0.0
2021-10-26 00:00:00+07:00,0.6469484372284887,0.6439188594994155,0.645787539523618,0.6374704357006419,0.8445333587605934,0.0,0.0
2021-10-27 00:00:00+07:00,0.6447893085573354,0.6417693941938842,0.6392342738877136,0.6310220210425608,0.8349153487895077,0.0,0.0
2021-10-28 00:00:00+07:00,0.6253570754598472,0.6288725557076037,0.6326810082511753,0.6245736063844797,0.847859105694113,0.0,0.0
2021-10-29 00:00:00+07:00,0.6339936464112342,0.6331715236839376,0.6348654519817492,0.6331715236839376,0.8377537069514382,0.0,0.0
2021-11-01 00:00:00+07:00,0.6426301608969397,0.6396199099840983,0.6370498393499898,0.6267230623928318,0.8166299313478339,0.0,0.0
2021-11-02 00:00:00+07:00,0.6275162229938798,0.6288725651939108,0.6239433175538611,0.6181251917263985,0.8564904645029072,0.0,0.0
2021-11-03 00:00:00+07:00,0.6210387714069462,0.6267230528758879,0.6239432800926277,0.6224241037431028,0.83850492150928,0.0,0.0
2021-11-04 00:00:00+07:00,0.6318344896675849,0.6331715050307278,0.6348654332788377,0.6245736063844797,0.8380933744153686,0.0,0.0
2021-11-05 00:00:00+07:00,0.636152756406104,0.6331714956728255,0.6348654238960012,0.6310220210425608,0.8218150342213932,0.0,0.0
2021-11-08 00:00:00+07:00,0.6383118482206614,0.6439188221942229,0.6414186524307354,0.6417693477173462,0.8537834166996663,0.0,0.0
2021-11-09 00:00:00+07:00,0.6469484654292916,0.6503673116498289,0.6523408428548972,0.6503673116498289,0.861966097269703,0.0,0.0
2021-11-10 00:00:00+07:00,0.6534258045659886,0.6503672368236356,0.6523407678028198,0.6482177623754273,0.8263410156958687,0.0,0.0
2021-11-11 00:00:00+07:00,0.6555850178283408,0.6568157357256544,0.6545252679134335,0.6503673116498289,0.8338573667009032,0.0,0.0
2021-11-12 00:00:00+07:00,0.6599032652704676,0.6568157070969629,0.6479719644883021,0.6374704357006419,0.8310960864706278,0.0,0.0
2021-11-15 00:00:00+07:00,0.6491076418449364,0.6460684004103417,0.6457876058084256,0.6353210263253145,0.842656463501029,0.0,0.0
2021-11-16 00:00:00+07:00,0.6296753701474109,0.6331715236839376,0.6304966017996249,0.6331715236839376,0.8604875386274178,0.0,0.0
2021-11-17 00:00:00+07:00,0.6404854873901391,0.6439548976868305,0.6414113325901311,0.6439548976868305,0.8387671290363815,25.0,0.0
2021-11-18 00:00:00+07:00,0.6339863612355124,0.6374848591691521,0.6392196015169486,0.6288581087965459,0.850023957978131,0.0,0.0
2021-11-19 00:00:00+07:00,0.6339863109112892,0.6331714337151728,0.6370277957049897,0.6310147462907046,0.843249329157354,0.0,0.0
2021-11-22 00:00:00+07:00,0.6339863973900703,0.6396415832397997,0.6392196379717762,0.6353282078111211,0.8419458807903503,0.0,0.0
2021-11-23 00:00:00+07:00,0.6318200138402774,0.6374848955254604,0.6392196379717762,0.6353282078111211,0.8222005856642562,0.0,0.0
2021-11-24 00:00:00+07:00,0.6469846986888284,0.6439549586684782,0.6414113933361455,0.6353282078111211,0.8123027181368268,0.0,0.0
2021-11-25 00:00:00+07:00,0.6361526941699079,0.639641495988577,0.6414113058445596,0.6310147462907046,0.818555320095349,0.0,0.0
2021-11-26 00:00:00+07:00,0.6318199478667742,0.6331714539747769,0.6260690403923637,0.6180746415276036,0.8669712770030845,0.0,0.0
2021-11-29 00:00:00+07:00,0.6209880606671496,0.6310147963896975,0.6194938043460474,0.6288581087965459,0.8551136632425561,0.0,0.0
2021-11-30 00:00:00+07:00,0.6253207978860457,0.6310147664823236,0.6282607955312394,0.6180746415276036,0.8784840513190758,0.0,0.0
2021-12-01 00:00:00+07:00,0.6209880745456572,0.6331714981315952,0.6282608393519394,0.6202313722878118,0.8486389526581382,0.0,0.0
2021-12-02 00:00:00+07:00,0.6296536267472566,0.6374848919383046,0.6304526129660284,0.6374848919383046,0.8422988500059685,0.0,0.0
2021-12-03 00:00:00+07:00,0.6426518985001155,0.6396415502987661,0.6348360945449105,0.6267014246693624,0.8397492234610762,0.0,0.0
2021-12-06 00:00:00+07:00,0.636152751721409,0.6353281786258268,0.6348360980791752,0.6245447405421789,0.834814562304531,0.0,0.0
2021-12-07 00:00:00+07:00,0.636152751721409,0.6353281786258268,0.6348360980791752,0.6245447405421789,0.829896881486726,0.0,0.0
2021-12-08 00:00:00+07:00,0.6361526941699079,0.6353281211396409,0.6392195507747745,0.6310147462907046,0.8475494771841923,0.0,0.0
2021-12-09 00:00:00+07:00,0.6318199848179199,0.6331714910090972,0.6348360980791752,0.6245447405421789,0.8330940087537421,0.0,0.0
2021-12-10 00:00:00+07:00,0.6253208309812168,0.6267014246693624,0.6282608287854565,0.6267014246693624,0.8567771935033733,0.0,0.0
2021-12-13 00:00:00+07:00,0.6296536084486689,0.6288581228503342,0.6304525946414018,0.6202313722878118,0.8372404683270942,0.0,0.0
2021-12-14 00:00:00+07:00,0.6231544580214101,0.6267014352097035,0.6282608393519394,0.6202313722878118,0.8285135095910997,0.0,0.0
2021-12-15 00:00:00+07:00,0.6231544580214101,0.6267014352097035,0.6282608393519394,0.6202313722878118,0.8309959756903884,0.0,0.0
2021-12-16 00:00:00+07:00,0.6296535645398647,0.6288580789898702,0.6282607955312394,0.6180746415276036,0.8588250148805636,0.0,0.0
2021-12-17 00:00:00+07:00,0.6253208596716925,0.6374848919383046,0.6304526129660284,0.6374848919383046,0.8643438409515916,0.0,0.0
2021-12-20 00:00:00+07:00,0.6274872144210791,0.628858112274263,0.6326443392917592,0.6267014246693624,0.8475357210138492,0.0,0.0
2021-12-21 00:00:00+07:00,0.6253208309812168,0.628858112274263,0.6326443392917592,0.6267014246693624,0.8309143938665501,0.0,0.0
2021-12-22 00:00:00+07:00,0.6339863718227515,0.6310148069295525,0.6326443463602885,0.6223880564149953,0.8096378559986604,0.0,0.0
2021-12-23 00:00:00+07:00,0.625320841497163,0.624544747569073,0.6304525946414018,0.6202313722878118,0.8148308793492569,0.0,0.0
2021-12-24 00:00:00+07:00,0.6231544580214101,0.624544747569073,0.6304525946414018,0.6202313722878118,0.8060882262412965,0.0,0.0
2021-12-27 00:00:00+07:00,0.623154451010942,0.6245447405421789,0.6304525875488298,0.6245447405421789,0.7875579702495449,0.0,0.0
2021-12-28 00:00:00+07:00,0.6296536013661755,0.628858115775638,0.6326443428140025,0.6245447405421789,0.8175301724286091,0.0,0.0
2021-12-29 00:00:00+07:00,0.627487224972916,0.6267014352097035,0.6304525946414018,0.6202313722878118,0.8206727112414385,0.0,0.0
2021-12-30 00:00:00+07:00,0.627487224972916,0.624544747569073,0.6304525946414018,0.6202313722878118,0.8286926871994544,0.0,0.0
2022-01-03 00:00:00+07:00,0.6253208379679206,0.6288581193009133,0.6304525910830125,0.6223880564149953,0.8325810172919338,0.0,0.0
2022-01-04 00:00:00+07:00,0.6253208275232706,0.6331714839828491,0.6326443357933149,0.6288581087965459,0.8448795050362456,0.0,0.0
2022-01-05 00:00:00+07:00,0.6361527845431459,0.6396415868630677,0.6370278862161899,0.6331715236839376,0.8484104494424636,0.0,0.0
2022-01-06 00:00:00+07:00,0.6404855480394492,0.6396415832397997,0.6414113933361455,0.6353282078111211,0.840024248173849,0.0,0.0
2022-01-07 00:00:00+07:00,0.6448182440154189,0.6547383250281502,0.6479865879492,0.650424950068381,0.8780007993870016,0.0,0.0
2022-01-10 00:00:00+07:00,0.6469847274202654,0.6504250506975395,0.6523701991299872,0.6461116750800634,0.8241737688162272,0.0,0.0
2022-01-11 00:00:00+07:00,0.6534837705807458,0.654738318322748,0.6589453568316556,0.654738318322748,0.8657362192572287,0.0,0.0
2022-01-12 00:00:00+07:00,0.6578165371655772,0.654738318322748,0.6611371119356334,0.654738318322748,0.8392458980384933,0.0,0.0
2022-01-13 00:00:00+07:00,0.6578165371655772,0.6590516932389757,0.6611371119356334,0.654738318322748,0.8287586158025042,0.0,0.0
2022-01-14 00:00:00+07:00,0.657816563421343,0.6676784697188738,0.6611371383264075,0.6676784697188738,0.8416421120775036,0.0,0.0
2022-01-17 00:00:00+07:00,0.6751476921821841,0.6719919062680577,0.6655207095881365,0.6590517798431645,0.840204191576311,0.0,0.0
2022-01-18 00:00:00+07:00,0.6643157378853253,0.6612084313120408,0.6523701414691123,0.6525816808285893,0.8454402948117667,0.0,0.0
2022-01-19 00:00:00+07:00,0.6534838206058435,0.6568950560703151,0.6545618967384854,0.6525816808285893,0.8375609635746966,0.0,0.0
2022-01-20 00:00:00+07:00,0.6599830035676966,0.661208463970348,0.6589454398262531,0.661208463970348,0.8372002319831362,0.0,0.0
2022-01-21 00:00:00+07:00,0.6643157001318369,0.6763052062276079,0.665520635258156,0.6763052062276079,0.8398132997840319,0.0,0.0
2022-01-24 00:00:00+07:00,0.6686484871939482,0.6676784765942556,0.6720959211979373,0.6633651014645068,0.81862756748897,0.0,0.0
2022-01-25 00:00:00+07:00,0.6556502364449384,0.661208463970348,0.6589454398262531,0.661208463970348,0.8642127489650918,0.0,0.0
2022-01-26 00:00:00+07:00,0.6578165371655772,0.6590516932389757,0.6611371119356334,0.654738318322748,0.8317669193951042,0.0,0.0
2022-01-27 00:00:00+07:00,0.6513174199966985,0.6633651014645068,0.6589453899230913,0.6633651014645068,0.8457459083419822,0.0,0.0
2022-01-28 00:00:00+07:00,0.6664821542518339,0.6655218394220951,0.6655207059545268,0.661208463970348,0.8448603049907669,0.0,0.0
2022-01-31 00:00:00+07:00,0.6643157928063398,0.6612084859872515,0.6589454617694804,0.6482683592072469,0.843193296430616,0.0,0.0
2022-02-02 00:00:00+07:00,0.6643157203946357,0.6633651014645068,0.6633289003480399,0.6633651014645068,0.8412212523041367,0.0,0.0
2022-02-03 00:00:00+07:00,0.6664821142543064,0.6655217994759566,0.6655206660073588,0.6568950490829563,0.8121952289395712,0.0,0.0
2022-02-04 00:00:00+07:00,0.6621493473879426,0.6633651118777065,0.6655206660073588,0.6568950490829563,0.8175074722179893,0.0,0.0
2022-02-07 00:00:00+07:00,0.6643157203946357,0.6633651014645068,0.6655206555605142,0.6633651014645068,0.8347069757631448,0.0,0.0
2022-02-08 00:00:00+07:00,0.6621493473879426,0.6676784870742066,0.6677124212537515,0.6568950490829563,0.8387029613826953,0.0,0.0
2022-02-09 00:00:00+07:00,0.6708148501353446,0.6763052062276079,0.6742876558443863,0.6763052062276079,0.8651339259569482,0.0,0.0
2022-02-10 00:00:00+07:00,0.6794804593282641,0.6763052817430221,0.669904220363914,0.6590517798431645,0.8578850941091458,0.0,0.0
2022-02-11 00:00:00+07:00,0.6556502293537902,0.6655218322247151,0.6611371880515162,0.6655218322247151,0.8457613055860065,0.0,0.0
2022-02-14 00:00:00+07:00,0.6621493037504085,0.6612083806970896,0.6655206221435891,0.654738318322748,0.8354397068258549,0.0,0.0
2022-02-15 00:00:00+07:00,0.6621493728991165,0.6698352004790821,0.667712446980444,0.6698352004790821,0.8337121784891321,0.0,0.0
2022-02-16 00:00:00+07:00,0.6708148929089177,0.6784619369878161,0.6764794541276471,0.6784619369878161,0.8489536677578097,0.0,0.0
2022-02-17 00:00:00+07:00,0.6708149034146432,0.6741485722751978,0.6742877094043378,0.6719918846062656,0.8275079354687803,0.0,0.0
2022-02-18 00:00:00+07:00,0.6794804338624761,0.6763052563912086,0.6786712164755118,0.6741485687334491,0.8347071403318937,0.0,0.0
2022-02-21 00:00:00+07:00,0.6773140001388521,0.6784618937276202,0.6830546764306167,0.6763052062276079,0.8225692237769613,0.0,0.0
2022-02-22 00:00:00+07:00,0.6751476704230069,0.6763052599441299,0.678671220040786,0.6719918846062656,0.8507627831209037,0.0,0.0
2022-02-23 00:00:00+07:00,0.6751477414143873,0.6892454584205822,0.6808630469545257,0.684932082635416,0.8607821257532878,0.0,0.0
2022-02-24 00:00:00+07:00,0.6946451075076032,0.6935587468629618,0.6852464717330838,0.6806186211149996,0.8715506854981621,0.0,0.0
2022-02-25 00:00:00+07:00,0.6794805088720635,0.6957155220983312,0.6852465580455486,0.684932082635416,0.875478647796374,0.0,0.0
2022-03-01 00:00:00+07:00,0.6838132763297396,0.6957155220983312,0.691821824682083,0.684932082635416,0.8757246074366224,0.0,0.0
2022-03-02 00:00:00+07:00,0.7033106449697791,0.7000288133440586,0.6896299858338943,0.6784619369878161,0.8612791313155753,0.0,0.0
2022-03-04 00:00:00+07:00,0.6816468209355523,0.6827753229509266,0.6830547306772342,0.6719918846062656,0.8744644735641038,0.0,0.0
2022-03-07 00:00:00+07:00,0.6664820703352398,0.6676784430714311,0.6655206221435891,0.654738318322748,0.8737587374866969,0.0,0.0
2022-03-08 00:00:00+07:00,0.6578165439011249,0.6676784499074581,0.6611371187058157,0.650424950068381,0.8693713366619541,0.0,0.0
2022-03-09 00:00:00+07:00,0.657816563421343,0.6763052198907872,0.6611371383264075,0.6676784697188738,0.8744050613755361,0.0,0.0
2022-03-10 00:00:00+07:00,0.6773140503695173,0.6784619440489682,0.6742877058617722,0.6741485687334491,0.8543502490698631,0.0,0.0
2022-03-11 00:00:00+07:00,0.659982933462832,0.6763052062276079,0.6677123904047135,0.6763052062276079,0.8380723226325014,0.0,0.0
2022-03-14 00:00:00+07:00,0.6881459933191487,0.6892454078661256,0.6874382631660063,0.6870887201295749,0.8497817015053851,0.0,0.0
2022-03-15 00:00:00+07:00,0.6968114698881113,0.69787210099868,0.6983969822426562,0.6935587258781007,0.8661075517888742,0.0,0.0
2022-03-16 00:00:00+07:00,0.7076434744454259,0.7043422508696285,0.698397068708865,0.6978721873985172,0.8800190511477793,0.0,0.0
2022-03-17 00:00:00+07:00,0.7098097917255797,0.706498872610924,0.691821737552781,0.6806186211149996,0.8742728456952955,0.0,0.0
2022-03-18 00:00:00+07:00,0.683813204439734,0.6892453859577233,0.6830547306772342,0.6719918846062656,0.8781791957235101,0.0,0.0
2022-03-21 00:00:00+07:00,0.6664821364062796,0.6763052599441299,0.6742877094043378,0.6719918846062656,0.8538073752384913,0.0,0.0
2022-03-22 00:00:00+07:00,0.6751476668765585,0.6763052563912086,0.6808629717823814,0.6741485687334491,0.8372668059321837,0.0,0.0
2022-03-23 00:00:00+07:00,0.6773140539271887,0.6763052599441299,0.6764794647225618,0.6719918846062656,0.85197978358743,0.0,0.0
2022-03-24 00:00:00+07:00,0.6708148998906408,0.6763052563912086,0.6742877058617722,0.6741485687334491,0.8588612025253058,0.0,0.0
2022-03-25 00:00:00+07:00,0.6751476168043496,0.6763052062276079,0.6830546764306167,0.6763052062276079,0.8535967437302184,0.0,0.0
2022-03-28 00:00:00+07:00,0.6790405039419747,0.6824365163176028,0.6847678101152372,0.6824365163176028,0.8529385970708256,120.0,0.0
2022-03-29 00:00:00+07:00,0.6834397070123116,0.6824365498814996,0.686993189285661,0.6780570690672096,0.8389271638862024,0.0,0.0
2022-03-30 00:00:00+07:00,0.685639298434903,0.6824365564368083,0.6869931958843128,0.6802468160089187,0.8454103955543822,0.0,0.0
2022-03-31 00:00:00+07:00,0.6878388162038993,0.6911954507269026,0.6914438194644261,0.689005710509705,0.8667244809196232,0.0,0.0
2022-04-01 00:00:00+07:00,0.7010363580500623,0.6977647051905856,0.6892185075693369,0.6846262632593119,0.8636749774714374,0.0,0.0
2022-04-04 00:00:00+07:00,0.6878388428664529,0.684626256618533,0.6869931554998424,0.6824365163176028,0.8351231233722859,0.0,0.0
2022-04-05 00:00:00+07:00,0.6856392581353333,0.6824365163176028,0.6892185008844476,0.6824365163176028,0.8273384092279691,0.0,0.0
2022-04-06 00:00:00+07:00,0.6790404162348552,0.6780569481222037,0.6803170314622055,0.6692979880343244,0.8693738845882104,0.0,0.0
2022-04-07 00:00:00+07:00,0.6702420784312348,0.6758672081002338,0.6758663412599875,0.6692979880343244,0.8435333951991786,0.0,0.0
2022-04-08 00:00:00+07:00,0.6768409524988759,0.6802468094743546,0.6825424983005668,0.6780570690672096,0.8443252378296418,0.0,0.0
2022-04-11 00:00:00+07:00,0.6790405515411807,0.6802468237056314,0.6780918215026698,0.6671083809916896,0.8393728154836311,0.0,0.0
2022-04-12 00:00:00+07:00,0.6702422313760495,0.6736776218168165,0.6758664954952666,0.6736776218168165,0.8467272300201198,0.0,0.0
2022-04-13 00:00:00+07:00,0.6768409862136661,0.6780571028462596,0.6803171866990123,0.6736776218168165,0.8353678813758867,0.0,0.0
2022-04-14 00:00:00+07:00,0.6768409600547708,0.6736775957749975,0.6758664693693069,0.6649186340499806,0.8579181101404018,0.0,0.0
2022-04-18 00:00:00+07:00,0.6680426206066525,0.6671083744812348,0.669190432818162,0.6649186340499806,0.8434278834560347,0.0,0.0
2022-04-19 00:00:00+07:00,0.6680425534910849,0.6649185672347944,0.6691903655779429,0.658349346591829,0.8604946961008588,0.0,0.0
2022-04-20 00:00:00+07:00,0.6702421922610045,0.6671083613326693,0.6691904196287769,0.6605391401665627,0.8713411071726904,0.0,0.0
2022-04-21 00:00:00+07:00,0.6768409257762741,0.6846262632593119,0.6803171259457583,0.6846262632593119,0.8731598142750014,0.0,0.0
2022-04-22 00:00:00+07:00,0.6812401287176033,0.6846262968646979,0.6847678503706838,0.6802468160089187,0.854064021054653,0.0,0.0
2022-04-25 00:00:00+07:00,0.6834396996698345,0.6911955040844387,0.6869931819043567,0.6911955040844387,0.8568731656530605,0.0,0.0
2022-04-26 00:00:00+07:00,0.6878389014243554,0.7021442387929836,0.6958945962819724,0.7021442387929836,0.8728105837579493,0.0,0.0
2022-04-27 00:00:00+07:00,0.7010363378233224,0.708713386352061,0.7092465957587615,0.708713386352061,0.8559334712373926,0.0,0.0
2022-04-28 00:00:00+07:00,0.7164335053303379,0.7130929412171266,0.7092466697109355,0.7021442387929836,0.8747264061767559,0.0,0.0
2022-05-09 00:00:00+07:00,0.6834396389977867,0.6824364819564268,0.66696501344458,0.65615959965012,0.9321527346252481,0.0,0.0
2022-05-10 00:00:00+07:00,0.6284500941158211,0.6561596733953684,0.6358102511001498,0.6495904520910426,0.9073017366101558,0.0,0.0
2022-05-11 00:00:00+07:00,0.6526455137067145,0.6649186209439671,0.6536130013121457,0.6605391401665627,0.8820871198122933,0.0,0.0
2022-05-12 00:00:00+07:00,0.6526455569338441,0.6517802217883856,0.6380356252759664,0.6276930759400023,0.9021684975799846,0.0,0.0
2022-05-13 00:00:00+07:00,0.6284500423617129,0.6452109181000402,0.6358101987399182,0.6320724765573709,0.8964792826583712,0.0,0.0
2022-05-17 00:00:00+07:00,0.6306496468524957,0.6452109383570803,0.6380355641156038,0.6386417173824978,0.883010430936178,0.0,0.0
2022-05-18 00:00:00+07:00,0.65044595571443,0.6539699459744605,0.646936991579568,0.6539699459744605,0.8811761238632679,0.0,0.0
2022-05-19 00:00:00+07:00,0.6416475373039673,0.6452109048456736,0.6469369121506059,0.6430211646328909,0.877170708490133,0.0,0.0
2022-05-20 00:00:00+07:00,0.643847155383443,0.6452109383570803,0.6491622911602289,0.6386417173824978,0.8543698126942825,0.0,0.0
2022-05-23 00:00:00+07:00,0.646046780743452,0.6452109789158491,0.6447116408713631,0.6364520170738135,0.8455234149557109,0.0,0.0
2022-05-24 00:00:00+07:00,0.6350488031148354,0.6452109248983212,0.6424862415303229,0.6342622234990798,0.8650431067389104,0.0,0.0
2022-05-25 00:00:00+07:00,0.6416476109606205,0.6430212384553402,0.6447116408713631,0.6364520170738135,0.8487666158825081,0.0,0.0
2022-05-27 00:00:00+07:00,0.6526455406231396,0.6539699459744605,0.6558383738366683,0.6539699459744605,0.8531749956458626,0.0,0.0
2022-05-30 00:00:00+07:00,0.6570447104405587,0.6561596864521858,0.6558383738366683,0.6539699459744605,0.8636023023045923,0.0,0.0
2022-05-31 00:00:00+07:00,0.6592441561767093,0.6692979880343244,0.6602889255522245,0.6692979880343244,0.9103107511579978,0.0,0.0
2022-06-02 00:00:00+07:00,0.661443880257978,0.6627289078853619,0.6602890649652186,0.6539699459744605,0.8798517501785599,0.0,0.0
2022-06-03 00:00:00+07:00,0.6592442081569658,0.6627288202266968,0.6647396681704808,0.65615959965012,0.8510349085561423,0.0,0.0
2022-06-06 00:00:00+07:00,0.6548450451594217,0.6539698656968038,0.6513876027406545,0.6430211646328909,0.8513686471266477,0.0,0.0
2022-06-07 00:00:00+07:00,0.6328492713949575,0.6452109789158491,0.6402609497778058,0.6364520170738135,0.8731305609878109,0.0,0.0
2022-06-08 00:00:00+07:00,0.6504458696693947,0.65615959965012,0.6513875965258855,0.65615959965012,0.8651289041481289,0.0,0.0
2022-06-09 00:00:00+07:00,0.6504458893926255,0.6539698792892351,0.6580636523024045,0.6474006585163089,0.8646620600619762,0.0,0.0
2022-06-10 00:00:00+07:00,0.6416475572446642,0.643021184618473,0.6447115868935034,0.6342622234990798,0.8663398867053415,0.0,0.0
2022-06-13 00:00:00+07:00,0.6328492184048924,0.6386417040587764,0.6380355508039617,0.6342622234990798,0.8538368962722545,0.0,0.0
2022-06-14 00:00:00+07:00,0.6328492316076536,0.6386417173824978,0.6358102187066789,0.6386417173824978,0.8512098229024792,0.0,0.0
2022-06-15 00:00:00+07:00,0.6328492117359209,0.636451957071594,0.6402608894200664,0.6320724765573709,0.873535581889111,0.0,0.0
2022-06-16 00:00:00+07:00,0.6416476160795916,0.6561596864521858,0.646936991579568,0.6539699459744605,0.8743528683444297,0.0,0.0
2022-06-17 00:00:00+07:00,0.6438471353297147,0.6517801390315932,0.6513876162805646,0.6474006585163089,0.8688125075616273,0.0,0.0
2022-06-20 00:00:00+07:00,0.6592442149145974,0.6605390868061508,0.6580636390949998,0.658349346591829,0.8552362393421427,0.0,0.0
2022-06-21 00:00:00+07:00,0.6592442681645733,0.6605391401665627,0.6625143832073636,0.6605391401665627,0.8230721661629715,0.0,0.0
2022-06-22 00:00:00+07:00,0.66144381283081,0.6605391000621613,0.6580636523024045,0.6474006585163089,0.8314958977382212,0.0,0.0
2022-06-23 00:00:00+07:00,0.6460467730403526,0.653969932960593,0.653613015265163,0.6495904520910426,0.8376022056149245,0.0,0.0
2022-06-24 00:00:00+07:00,0.6592442213167804,0.6561596127510366,0.6558383001690417,0.6452109115745999,0.8356384745974625,0.0,0.0
2022-06-27 00:00:00+07:00,0.648246311374493,0.6474006651781696,0.6447115868935034,0.6342622234990798,0.8485264325635621,0.0,0.0
2022-06-28 00:00:00+07:00,0.6328492518639446,0.6386417378243716,0.6402609300180535,0.6298827762486866,0.8788549542877018,0.0,0.0
2022-06-29 00:00:00+07:00,0.6350488772306603,0.6386417785983584,0.6380356252759664,0.6276930759400023,0.8604405375296242,0.0,0.0
2022-06-30 00:00:00+07:00,0.632849238618775,0.6386417244578532,0.6358102257513278,0.6255032823652686,0.8617626983477841,0.0,0.0
2022-07-01 00:00:00+07:00,0.632849238618775,0.632072503411561,0.6358102257513278,0.6255032823652686,0.8436146683749469,0.0,0.0
2022-07-04 00:00:00+07:00,0.6284500145767613,0.6276929682871687,0.6135567181981416,0.6079853068315969,0.8621735993280005,0.0,0.0
2022-07-05 00:00:00+07:00,0.6152525603854264,0.632072503411561,0.6224581531520263,0.6255032823652686,0.8439089664986829,0.0,0.0
2022-07-06 00:00:00+07:00,0.6328492518639446,0.6320725166426078,0.6291342026225117,0.6298827762486866,0.8422779301934953,0.0,0.0
2022-07-07 00:00:00+07:00,0.6262505391809277,0.625503337208333,0.6224582077337024,0.6123648939810643,0.8541567666585917,0.0,0.0
2022-07-08 00:00:00+07:00,0.6174521187668793,0.6189340348549879,0.6202327811993509,0.6167442945984328,0.8405030269337945,0.0,0.0
2022-07-11 00:00:00+07:00,0.6240509133763733,0.6211238154799176,0.6246835124757896,0.6145545942897486,0.8144445888545919,0.0,0.0
2022-07-12 00:00:00+07:00,0.6218512948551776,0.6255032623796866,0.6269088239880589,0.6189340415401418,0.8110743377000628,0.0,0.0
2022-07-13 00:00:00+07:00,0.6152524932134946,0.6145545135146878,0.6135567044176998,0.6036058129481789,0.8457739054637259,0.0,0.0
2022-07-14 00:00:00+07:00,0.6086537932873305,0.6123648274335806,0.6135567585550646,0.6057956065229126,0.8526058197918757,0.0,0.0
2022-07-15 00:00:00+07:00,0.6152524932134946,0.6123647734013861,0.6135567044176998,0.6036058129481789,0.835203549217658,0.0,0.0
2022-07-18 00:00:00+07:00,0.6086537800206993,0.6167442945984328,0.6157820905203336,0.6167442945984328,0.8373188141664903,0.0,0.0
2022-07-19 00:00:00+07:00,0.6152525407253489,0.6189340415401418,0.6224581332616977,0.6189340415401418,0.8369777622376827,0.0,0.0
2022-07-20 00:00:00+07:00,0.6240508925870221,0.6386417173824978,0.6291341824799037,0.6386417173824978,0.8637711867476423,0.0,0.0
2022-07-21 00:00:00+07:00,0.641647570628285,0.6386417173824978,0.6358102187066789,0.6386417173824978,0.8405209778343322,0.0,0.0
2022-07-22 00:00:00+07:00,0.6416475504843369,0.6386416973287056,0.6402608894200664,0.6320724765573709,0.8170677009085373,0.0,0.0
2022-07-25 00:00:00+07:00,0.6372484215130021,0.6364519974304503,0.6402609300180535,0.6298827762486866,0.8067595203908537,0.0,0.0
2022-07-26 00:00:00+07:00,0.6284500822148871,0.6364519974304503,0.6358102390598368,0.6298827762486866,0.8231609441856544,0.0,0.0
2022-07-27 00:00:00+07:00,0.6350487964230249,0.6342622168144824,0.6380355440799923,0.6320724765573709,0.8360471675719077,0.0,0.0
2022-07-28 00:00:00+07:00,0.6394479725347212,0.643021184618473,0.6424862415303229,0.6342622234990798,0.8545797944704232,0.0,0.0
2022-07-29 00:00:00+07:00,0.6416475572446642,0.6452109248983212,0.6447115868935034,0.6342622234990798,0.8739589124256357,0.0,0.0
2022-08-01 00:00:00+07:00,0.6372483812668039,0.6474006585163089,0.6447115802587248,0.6474006585163089,0.8633489185925967,0.0,0.0
2022-08-02 00:00:00+07:00,0.6592442081569658,0.6583493398423121,0.6580636323481832,0.65615959965012,0.8640680736188203,0.0,0.0
2022-08-03 00:00:00+07:00,0.6614437995587192,0.658349346591829,0.6647396749847656,0.658349346591829,0.8373910469314464,0.0,0.0
2022-08-04 00:00:00+07:00,0.6658430614843053,0.6736776218168165,0.6714158042915208,0.6736776218168165,0.8843278756984314,0.0,0.0
2022-08-05 00:00:00+07:00,0.6790405438589534,0.6802468160089187,0.6780918138297966,0.6802468160089187,0.869166145748692,0.0,0.0
2022-08-08 00:00:00+07:00,0.6834397135762531,0.6846262968646979,0.6803171593434257,0.6802468160089187,0.8531705609857158,0.0,0.0
2022-08-09 00:00:00+07:00,0.6834396734042139,0.6890057372203933,0.6914438462690529,0.6824365163176028,0.8576835874463998,0.0,0.0
2022-08-10 00:00:00+07:00,0.6768409192108552,0.6824365163176028,0.6780917739614216,0.6824365163176028,0.8631409813324734,0.0,0.0
2022-08-11 00:00:00+07:00,0.6812400555930901,0.6868159635679961,0.6869931221390027,0.6868159635679961,0.8465572887143069,0.0,0.0
2022-08-12 00:00:00+07:00,0.6878388495370867,0.6890057439030698,0.6892185075693369,0.6846262632593119,0.8367736781017149,0.0,0.0
2022-08-15 00:00:00+07:00,0.6900383940961671,0.6890057037640474,0.6936691579730658,0.6868159635679961,0.8515243496303856,0.0,0.0
2022-08-16 00:00:00+07:00,0.6900384008509098,0.689005710509705,0.689218474164915,0.689005710509705,0.8527405131176201,0.0,0.0
2022-08-18 00:00:00+07:00,0.685639284484337,0.6933852444683786,0.6914438728422859,0.6911955040844387,0.8541622484813505,0.0,0.0
2022-08-19 00:00:00+07:00,0.6988367665220507,0.6955749581231837,0.693669191653658,0.6824365163176028,0.835830296066604,0.0,0.0
2022-08-22 00:00:00+07:00,0.6812401148553321,0.6911955040844387,0.6869931819043567,0.6911955040844387,0.8598558490584537,0.0,0.0
2022-08-23 00:00:00+07:00,0.6944375970598116,0.6911954775213234,0.693669191653658,0.6824365163176028,0.8455679853827757,0.0,0.0
2022-08-24 00:00:00+07:00,0.6900383940961671,0.6933851841561499,0.6936691579730658,0.6868159635679961,0.8651211343040218,0.0,0.0
2022-08-25 00:00:00+07:00,0.694437596912952,0.6999544385770142,0.6936691915069358,0.6977646982765409,0.8609059455072045,0.0,0.0
2022-08-26 00:00:00+07:00,0.6966372085568494,0.7021442060041381,0.7025706001871093,0.6911955040844387,0.8509822482847555,0.0,0.0
2022-08-29 00:00:00+07:00,0.6944376165578879,0.7043339391016679,0.6981199020260082,0.7043339391016679,0.8354813247902945,0.0,0.0
2022-08-30 00:00:00+07:00,0.7032359158622311,0.7152826003667639,0.7092465890510066,0.706523639410352,0.8713704874836553,0.0,0.0
2022-08-31 00:00:00+07:00,0.7010363378233224,0.7109031266115988,0.7070212504162218,0.708713386352061,0.8760801867704112,0.0,0.0
2022-09-01 00:00:00+07:00,0.7076351253101941,0.7130929005480234,0.7136973201497601,0.7043339391016679,0.8476654931262524,0.0,0.0
2022-09-02 00:00:00+07:00,0.7076350985429524,0.71090313329377,0.7159226385152815,0.71090313329377,0.8454103955543822,0.0,0.0
2022-09-05 00:00:00+07:00,0.7142337728562627,0.7174722739494691,0.7203732487357897,0.7152825339111385,0.8394693757504537,0.0,0.0
2022-09-06 00:00:00+07:00,0.7208325262582812,0.7218517540261306,0.7248239389712614,0.7152825339111385,0.8424726328309495,0.0,0.0
2022-09-07 00:00:00+07:00,0.7164334307907914,0.7240415683109991,0.7248240132988689,0.7240415683109991,0.8688491098755287,0.0,0.0
2022-09-08 00:00:00+07:00,0.7296309793017876,0.7349903102797752,0.7337254352716371,0.7218518680023148,0.8743920009756414,0.0,0.0
2022-09-09 00:00:00+07:00,0.7384292776904653,0.7349902696108097,0.7270493586418401,0.7240415683109991,0.8568501134068172,0.0,0.0
2022-09-12 00:00:00+07:00,0.7230321848606935,0.7284210488309233,0.7315000493277821,0.7240415683109991,0.8309226030699198,0.0,0.0
2022-09-13 00:00:00+07:00,0.7274313938027687,0.741559530716312,0.7359507800392004,0.7371800499612529,0.8713773227085458,0.0,0.0
2022-09-14 00:00:00+07:00,0.7274313411522344,0.7481286977129221,0.7359507267720442,0.7349902563865192,0.8683352133457498,0.0,0.0
2022-09-15 00:00:00+07:00,0.7384293299864645,0.7678364278690364,0.7470775196370486,0.7568877258036089,0.8912438091766349,0.0,0.0
2022-09-16 00:00:00+07:00,0.756025927712732,0.7546979044974018,0.7426267490225369,0.7306107625031012,0.9214247122949886,0.0,0.0
2022-09-19 00:00:00+07:00,0.7362296735465026,0.7568876522150785,0.7426267564188632,0.7481286914037483,0.8623069256502379,0.0,0.0
2022-09-20 00:00:00+07:00,0.7428284472102289,0.7481287113114138,0.7515281575559882,0.7393697502699371,0.8558159077420315,0.0,0.0
2022-09-21 00:00:00+07:00,0.7406288893859669,0.743749257771849,0.7404014577009881,0.7328005560778349,0.8566956778978053,0.0,0.0
2022-09-22 00:00:00+07:00,0.7274313807709919,0.7371800367554406,0.7359507668548008,0.7328005560778349,0.8387221454164935,0.0,0.0
2022-09-23 00:00:00+07:00,0.7274313542406283,0.7328005293508477,0.7359507400137242,0.7240415683109991,0.8376984758795823,0.0,0.0
2022-09-26 00:00:00+07:00,0.7120343200676175,0.7349903301414217,0.720373381956652,0.7284211088274417,0.8639631453509334,0.0,0.0
2022-09-27 00:00:00+07:00,0.7274313339233244,0.7306107686833817,0.7292746836136358,0.7174723274858722,0.8559877843231822,0.0,0.0
2022-09-28 00:00:00+07:00,0.7164334174881525,0.7284210353069072,0.7248239998404348,0.7196620744275811,0.8557713583832429,0.0,0.0
2022-09-29 00:00:00+07:00,0.7230321848606935,0.7306107890908854,0.7315000493277821,0.7240415683109991,0.8392740404982336,0.0,0.0
2022-09-30 00:00:00+07:00,0.7274313543775952,0.7415594905303063,0.7270493587787564,0.7393697502699371,0.8877053728724786,0.0,0.0
2022-10-03 00:00:00+07:00,0.7340300951049271,0.7371799966075864,0.7426267626823753,0.7349902563865192,0.8677046334697701,0.0,0.0
2022-10-04 00:00:00+07:00,0.7406288625198527,0.7459389710510447,0.7493028122126035,0.7393697502699371,0.8510125047096718,0.0,0.0
2022-10-05 00:00:00+07:00,0.7406288354360703,0.7393697232283014,0.7404014037595069,0.7306107625031012,0.8401202797465773,0.0,0.0
2022-10-06 00:00:00+07:00,0.736229753624406,0.7349903301414217,0.7404014916717255,0.7284211088274417,0.8227243969837498,0.0,0.0
2022-10-07 00:00:00+07:00,0.7230321847187332,0.7240415681688253,0.7203733224714602,0.708713386352061,0.8664546838182772,0.0,0.0
2022-10-10 00:00:00+07:00,0.707635072259456,0.724041548084627,0.7136972666423511,0.7174723274858722,0.8508459971707955,0.0,0.0
2022-10-11 00:00:00+07:00,0.7120342746140921,0.7174723608355504,0.7159226452034008,0.7130928802354789,0.8403191972525462,0.0,0.0
2022-10-12 00:00:00+07:00,0.7120342481888398,0.7196620744275811,0.7181479639338709,0.7196620744275811,0.8264057245048371,0.0,0.0
2022-10-13 00:00:00+07:00,0.7186329417909417,0.7240414940644613,0.7270492840889973,0.7152825339111385,0.839003936569021,0.0,0.0
2022-10-14 00:00:00+07:00,0.7208326135349769,0.7218518414356219,0.7248240267381858,0.7130928802354789,0.8448920139263483,0.0,0.0
2022-10-17 00:00:00+07:00,0.7164334440745345,0.7174723608355504,0.718147990587097,0.7130928802354789,0.8343553716323074,0.0,0.0
2022-10-18 00:00:00+07:00,0.7186329954060495,0.7328005088829666,0.7248239930504117,0.7174723274858722,0.8539055971315167,0.0,0.0
2022-10-19 00:00:00+07:00,0.7164333573236021,0.7218517540261306,0.7225985938535255,0.7152825339111385,0.8422446070851589,0.0,0.0
2022-10-20 00:00:00+07:00,0.7164334178977466,0.7349902563865192,0.724824000254826,0.7349902563865192,0.8571451927566396,0.0,0.0
2022-10-21 00:00:00+07:00,0.7340300889139216,0.7546979120122459,0.7426267564188632,0.7481286914037483,0.8707316975677187,0.0,0.0
2022-10-24 00:00:00+07:00,0.760425078949366,0.7700260675547884,0.7671055287719488,0.7700260675547884,0.8559091143101971,0.0,0.0
2022-10-25 00:00:00+07:00,0.7670238246197973,0.767836319407053,0.7648801755736135,0.7525081386541415,0.8533737900247991,0.0,0.0
2022-10-26 00:00:00+07:00,0.7494272012813576,0.7481287113114138,0.7515281575559882,0.7393697502699371,0.8606508918975434,0.0,0.0
2022-10-27 00:00:00+07:00,0.7428283947141296,0.7525081386541413,0.7515281044450757,0.7525081386541415,0.8489222914179758,0.0,0.0
2022-10-28 00:00:00+07:00,0.7516268390491394,0.7568877258036089,0.7604295926285538,0.7568877258036089,0.8535304477916393,0.0,0.0
2022-10-31 00:00:00+07:00,0.7692236252074929,0.7656467943833569,0.7715564278666173,0.7612673129530761,0.8765071046639121,0.0,0.0
2022-11-01 00:00:00+07:00,0.7824211360906445,0.7787852386741989,0.7671057362555164,0.7612673129530761,0.8689230597783257,0.0,0.0
2022-11-02 00:00:00+07:00,0.7648243481118143,0.7634569470428654,0.7671056291243065,0.7568877258036089,0.8433314393702547,0.0,0.0
2022-11-03 00:00:00+07:00,0.7560261143243414,0.7634570536682166,0.764880390449966,0.7612673129530761,0.8517793565395309,0.0,0.0
2022-11-04 00:00:00+07:00,0.7626247698260094,0.7612672131770033,0.7626549446863066,0.7590774727453178,0.8532422400354107,0.0,0.0
2022-11-07 00:00:00+07:00,0.7582255732608133,0.76564666693742,0.7626549176873075,0.76564666693742,0.8586392663667675,0.0,0.0
2022-11-08 00:00:00+07:00,0.7692235177993726,0.7678364278690364,0.7671056291243065,0.7568877258036089,0.8211655901487798,0.0,0.0
2022-11-09 00:00:00+07:00,0.7538264101567994,0.7678364138791289,0.762654924230147,0.7678364138791289,0.8595212907237927,0.0,0.0
2022-11-10 00:00:00+07:00,0.7582256994715333,0.7612673129530761,0.7671057362555164,0.7612673129530761,0.8559334189828934,0.0,0.0
2022-11-11 00:00:00+07:00,0.7736226667597096,0.7722158880027906,0.7760069903253863,0.76564666693742,0.8369439669060709,0.0,0.0
2022-11-14 00:00:00+07:00,0.7714231026431518,0.7700261682821219,0.7693309746228907,0.7568877258036089,0.8279888273703394,0.0,0.0
2022-11-15 00:00:00+07:00,0.7626248697659171,0.7656467943833569,0.7693310820610668,0.7612673129530761,0.8365461581612124,0.0,0.0
2022-11-16 00:00:00+07:00,0.7494271677642879,0.7503184180112895,0.7515281239412461,0.7437491975203303,0.8779980289441458,0.0,0.0
2022-11-17 00:00:00+07:00,0.749427247722549,0.7634569404394153,0.7559788950916609,0.7546979788618998,0.8462208804307555,0.0,0.0
2022-11-18 00:00:00+07:00,0.7582256593433435,0.7700262350637838,0.7671056956573614,0.7634570132617604,0.8527406250138843,0.0,0.0
2022-11-21 00:00:00+07:00,0.771423095972433,0.7700261616225518,0.7671056224895278,0.7546979788618998,0.8132492631852032,0.0,0.0
2022-11-22 00:00:00+07:00,0.773622586306757,0.7744055478150756,0.7782322548271572,0.7700260675547884,0.8533671109032531,0.0,0.0
2022-11-23 00:00:00+07:00,0.7736226733945436,0.7765953753738382,0.780457687898429,0.7678364138791289,0.8533438645371862,0.0,0.0
2022-11-24 00:00:00+07:00,0.7802213672781811,0.7787850553216243,0.787133663206779,0.7787850553216243,0.831916170276961,0.0,0.0
2022-11-25 00:00:00+07:00,0.7824210860482216,0.7787851888557452,0.7826831068284088,0.7765954482789895,0.8477200297040756,0.0,0.0
2022-11-28 00:00:00+07:00,0.786820080997425,0.7875439759162361,0.7893589681734968,0.7809747556303086,0.859332268851463,0.0,0.0
2022-11-29 00:00:00+07:00,0.7802215010400365,0.7853544105860124,0.7849084524933245,0.7765954482789895,0.8570176234321978,0.0,0.0
2022-11-30 00:00:00+07:00,0.7714231062193129,0.8138209803145884,0.7782323602250794,0.8050620186221319,0.9482350841267314,0.0,0.0
2022-12-01 00:00:00+07:00,0.806616382905255,0.809441418203211,0.7915843537826915,0.7787850553216243,0.881859656787555,0.0,0.0
2022-12-02 00:00:00+07:00,0.7766797265253406,0.7796643927861128,0.785775889466967,0.7730695252800199,0.8737555968078685,35.0,0.0
2022-12-05 00:00:00+07:00,0.7678470336465885,0.7730695204971457,0.7746057183916055,0.7620780747208329,0.8675323604440833,0.0,0.0
2022-12-06 00:00:00+07:00,0.7612225043026208,0.7598797722989521,0.7567334392353708,0.7532849049468784,0.8887603651100776,0.0,0.0
2022-12-07 00:00:00+07:00,0.7413489851300786,0.7444917772530202,0.7455633020304313,0.7335003312467615,0.8999351348965552,0.0,0.0
2022-12-08 00:00:00+07:00,0.730308108147062,0.7444917602724636,0.7366271520678482,0.7378968928172264,0.8866515708706189,0.0,0.0
2022-12-09 00:00:00+07:00,0.741349082529416,0.7466901645584363,0.7455633999908233,0.744491875071998,0.8566532973482935,0.0,0.0
2022-12-12 00:00:00+07:00,0.7435572120581107,0.7554832789981603,0.7477973905003432,0.7554832789981603,0.8624531467524678,0.0,0.0
2022-12-13 00:00:00+07:00,0.7523899009608269,0.7554832789981603,0.7544994908577054,0.7554832789981603,0.8632322157840095,0.0,0.0
2022-12-14 00:00:00+07:00,0.7501817077975732,0.755483257911923,0.7522654364071979,0.7488883900094382,0.8689412223839871,0.0,0.0
2022-12-15 00:00:00+07:00,0.7479734842675517,0.7466900494242092,0.7500313515040655,0.7378968928172264,0.8669577813971949,0.0,0.0
2022-12-16 00:00:00+07:00,0.7347244651342139,0.7510866409712246,0.7410952316164658,0.746690062591181,0.8890090139617118,0.0,0.0
2022-12-19 00:00:00+07:00,0.7545979498879756,0.7554831555419446,0.7589674337411155,0.7510865775286212,0.8427526461659532,0.0,0.0
2022-12-20 00:00:00+07:00,0.7457654272319328,0.7510867435313127,0.75449953430884,0.744491875071998,0.8197348288681492,0.0,0.0
2022-12-21 00:00:00+07:00,0.7501816444000268,0.7554831940642363,0.7567334392353708,0.7532849049468784,0.8101773074598427,0.0,0.0
2022-12-22 00:00:00+07:00,0.7545981166369664,0.7532850330177508,0.7567335678883441,0.744491875071998,0.8369389464898399,0.0,0.0
2022-12-23 00:00:00+07:00,0.7435571402374294,0.7444917602724636,0.7500313515040655,0.7378968928172264,0.8262317516945655,0.0,0.0
2022-12-26 00:00:00+07:00,0.741349082529416,0.7488884540448745,0.7500314671498316,0.744491875071998,0.7870448638681162,0.0,0.0
2022-12-27 00:00:00+07:00,0.7501816695087795,0.7510866409712246,0.7567334645643419,0.746690062591181,0.8002636540406219,0.0,0.0
2022-12-28 00:00:00+07:00,0.7545979498879756,0.7510865775286212,0.7544993675572627,0.7510865775286212,0.8187919723905335,0.0,0.0
2022-12-29 00:00:00+07:00,0.7435572548806745,0.7466901645584363,0.7500314671498316,0.744491875071998,0.8258632636828478,0.0,0.0
2022-12-30 00:00:00+07:00,0.7479735613694315,0.7510867051558467,0.7544994957602512,0.7422935476537408,0.8234774613943247,0.0,0.0
2023-01-02 00:00:00+07:00,0.7479735613694315,0.7466901264047937,0.7500314288266733,0.7422935476537408,0.7564573965233112,0.0,0.0
2023-01-03 00:00:00+07:00,0.7457653891295836,0.7466901264047937,0.7522654622934623,0.7422935476537408,0.8006152567453613,0.0,0.0
2023-01-04 00:00:00+07:00,0.7435571917189956,0.744491811824213,0.7366272030831627,0.7247072081058317,0.8566880172696884,0.0,0.0
2023-01-05 00:00:00+07:00,0.7280999737814862,0.7269054846516981,0.7187549233309674,0.7159140383318771,0.8729842007605875,0.0,0.0
2023-01-06 00:00:00+07:00,0.7060182358803953,0.7225088891152296,0.7142868398062084,0.720310599902342,0.8439857442146785,0.0,0.0
2023-01-09 00:00:00+07:00,0.7258917806765501,0.7335003312467615,0.7343931355820287,0.7335003312467615,0.8545836671685683,0.0,0.0
2023-01-10 00:00:00+07:00,0.7325162961589088,0.7313020413345761,0.7187549018553546,0.709319149343155,0.8619538328098542,0.0,0.0
2023-01-11 00:00:00+07:00,0.7016019504392385,0.707120923800121,0.705350765630654,0.7049226344057148,0.8592639010865841,0.0,0.0
2023-01-12 00:00:00+07:00,0.7104345755322018,0.7181123061397235,0.716520868567818,0.709319149343155,0.8628842222651449,0.0,0.0
2023-01-13 00:00:00+07:00,0.710434618315835,0.7093191920659572,0.7075847780384937,0.6983277454169927,0.8695636864744885,0.0,0.0
2023-01-16 00:00:00+07:00,0.7016018493616364,0.7115174000887089,0.7098187303412231,0.7071208219248978,0.8637348495473457,0.0,0.0
2023-01-17 00:00:00+07:00,0.7126427437968179,0.726905459062733,0.7187548980245697,0.7225088806875745,0.8555308460881016,0.0,0.0
2023-01-18 00:00:00+07:00,0.7148509241863069,0.7225088891152296,0.7209889397107251,0.720310599902342,0.85962527073146,0.0,0.0
2023-01-19 00:00:00+07:00,0.7280999481542089,0.7247071698751537,0.7276910311277126,0.7225088806875745,0.841990614451431,0.0,0.0
2023-01-20 00:00:00+07:00,0.7214754404157406,0.7225088891152296,0.7276910396152416,0.720310599902342,0.8596469463844264,0.0,0.0
2023-01-24 00:00:00+07:00,0.7236836853902386,0.7247072513370552,0.7254570793990769,0.7137158041796694,0.8211094919801387,0.0,0.0
2023-01-25 00:00:00+07:00,0.7236835993534199,0.7203105868223473,0.7232229598797084,0.7115174301283874,0.8418020205559147,0.0,0.0
2023-01-26 00:00:00+07:00,0.7170590842129121,0.7356986120319939,0.7254569941227402,0.7356986120319939,0.8492724249047098,0.0,0.0
2023-01-27 00:00:00+07:00,0.759014417637864,0.7686730151666857,0.7544994908577054,0.7554832789981603,0.8927892917959402,0.0,0.0
2023-01-30 00:00:00+07:00,0.7612225898635431,0.7620781470824229,0.7567335243101595,0.7554832789981603,0.843482203661645,0.0,0.0
2023-01-31 00:00:00+07:00,0.7523898368505465,0.7532849254433995,0.7477973267672484,0.7356986120319939,0.893679671183508,0.0,0.0
2023-02-01 00:00:00+07:00,0.7479734842675517,0.7444917602724636,0.7455632850253264,0.7378968928172264,0.8491601526318877,0.0,0.0
2023-02-02 00:00:00+07:00,0.7347244689357092,0.7400951988505167,0.7410952354510703,0.7335003312467615,0.8607204700257127,0.0,0.0
2023-02-03 00:00:00+07:00,0.7457653842837897,0.7554832789981603,0.7500314239527973,0.7554832789981603,0.8455972625746494,0.0,0.0
2023-02-06 00:00:00+07:00,0.7634307064729008,0.7598798023535963,0.7634355690429034,0.757681513150368,0.8687800848359895,0.0,0.0
2023-02-07 00:00:00+07:00,0.7656389295101735,0.7686730103425797,0.7723717536301882,0.7686730103425797,0.8680829615540598,0.0,0.0
2023-02-08 00:00:00+07:00,0.7700552356925369,0.7686729721642677,0.7768397819275124,0.7664746829243225,0.8327598757000382,0.0,0.0
2023-02-09 00:00:00+07:00,0.7700552104290728,0.7730695252800199,0.7768397564405787,0.7730695252800199,0.8460287448449494,0.0,0.0
2023-02-10 00:00:00+07:00,0.7744715798998512,0.773069550644158,0.7679036486115,0.7664746829243225,0.8388370845902599,0.0,0.0
2023-02-13 00:00:00+07:00,0.7744716097570792,0.7730695804514858,0.7746057784650536,0.7708712911278122,0.840110751433599,0.0,0.0
2023-02-14 00:00:00+07:00,0.7722634584456174,0.7774661801165342,0.7790738663543715,0.7774661801165342,0.8516775320855781,0.0,0.0
2023-02-15 00:00:00+07:00,0.7744716097570792,0.7730695804514858,0.7723717450509606,0.7708712911278122,0.8159510544326685,0.0,0.0
2023-02-16 00:00:00+07:00,0.7700552787662592,0.7686730151666857,0.7679036915724299,0.7554832789981603,0.8417425259889892,0.0,0.0
2023-02-17 00:00:00+07:00,0.765638878539676,0.7686729591665097,0.7701376689179713,0.757681513150368,0.8223202134933306,0.0,0.0
2023-02-20 00:00:00+07:00,0.7612225259744443,0.7664746614731311,0.7679036271202948,0.7598797939356005,0.818393345568745,0.0,0.0
2023-02-21 00:00:00+07:00,0.7656389343149012,0.7642764364438439,0.7679036915724299,0.7554832789981603,0.7970560585276341,0.0,0.0
2023-02-22 00:00:00+07:00,0.759014332322102,0.7598797722989521,0.7612015056442161,0.7532849049468784,0.8167249223984671,0.0,0.0
2023-02-23 00:00:00+07:00,0.7523898461390244,0.7598798023535963,0.7612015357512143,0.757681513150368,0.8318213032887021,0.0,0.0
2023-02-24 00:00:00+07:00,0.7656388482636585,0.7686729287683837,0.7656695720530613,0.7532849049468784,0.8228899708842664,0.0,0.0
2023-02-27 00:00:00+07:00,0.7568061735536191,0.7620780747208329,0.7634355521768879,0.7620780747208329,0.8372457682093338,0.0,0.0
2023-02-28 00:00:00+07:00,0.7656388700596758,0.7620780831147773,0.765669593853048,0.7598797939356005,0.8640164521438106,0.0,0.0
2023-03-01 00:00:00+07:00,0.7612225297763264,0.7598797977313118,0.7589674978426099,0.746690062591181,0.8424411220056783,0.0,0.0
2023-03-02 00:00:00+07:00,0.7501817077975732,0.755483257911923,0.7589675365798265,0.7488883900094382,0.8345906454017727,0.0,0.0
2023-03-03 00:00:00+07:00,0.7545980088903986,0.7532849254433995,0.7477973267672484,0.7356986120319939,0.8589258482553741,0.0,0.0
2023-03-06 00:00:00+07:00,0.7457653941484413,0.7422935526501362,0.7410952999480727,0.7291038163093213,0.8575708031369418,0.0,0.0
2023-03-07 00:00:00+07:00,0.7280999611199382,0.7356986289139792,0.7366271773484343,0.7313020504615291,0.8639135665255242,0.0,0.0
2023-03-08 00:00:00+07:00,0.7325163931243823,0.744491875071998,0.7410953328318151,0.744491875071998,0.8503261578614006,0.0,0.0
2023-03-09 00:00:00+07:00,0.7545981166369664,0.7510867435313127,0.75449953430884,0.744491875071998,0.8325069014544877,0.0,0.0
2023-03-10 00:00:00+07:00,0.7413489851300786,0.7422934880517683,0.7455633020304313,0.7335003312467615,0.836930002537701,0.0,0.0
2023-03-13 00:00:00+07:00,0.7369327001701914,0.7488884157803203,0.7455633618930954,0.7422935476537408,0.8519056282986811,0.0,0.0
2023-03-14 00:00:00+07:00,0.7347244643073765,0.73569861581305,0.7343931309550699,0.7225088806875745,0.8564697540528985,0.0,0.0
2023-03-15 00:00:00+07:00,0.7369326363584323,0.73569861581305,0.7343931309550699,0.7225088806875745,0.8544924121670393,0.0,0.0
2023-03-16 00:00:00+07:00,0.7236836124922185,0.724707178328117,0.7276910396152416,0.720310599902342,0.8638158401538452,0.0,0.0
2023-03-17 00:00:00+07:00,0.7303081501676952,0.7335003567209213,0.7343931610874331,0.7269054888910641,0.8932040631106086,0.0,0.0
2023-03-20 00:00:00+07:00,0.732516360621303,0.7356986844797289,0.7388612664664367,0.7291038163093213,0.8150086655061916,0.0,0.0
2023-03-21 00:00:00+07:00,0.7325162801621232,0.7378968928172264,0.7388611853072178,0.7378968928172264,0.8570458491933314,0.0,0.0
2023-03-24 00:00:00+07:00,0.759014375174251,0.7664746829243225,0.7612015486244906,0.7664746829243225,0.8787028558315717,0.0,0.0
2023-03-27 00:00:00+07:00,0.7700552787662592,0.7664747258052648,0.7679036915724299,0.7554832789981603,0.8658877417945458,0.0,0.0
2023-03-28 00:00:00+07:00,0.7678470202441774,0.7642763505336679,0.7656695720530613,0.7532849049468784,0.8603354561364861,0.0,0.0
2023-03-29 00:00:00+07:00,0.7721219269784019,0.7797432707135411,0.7766073352352821,0.7797432707135411,0.8616353486404789,170.0,0.0
2023-03-30 00:00:00+07:00,0.792392693307773,0.7887121673314382,0.7925581293094726,0.7819854798080584,0.869236136774702,0.0,0.0
2023-03-31 00:00:00+07:00,0.785635731111028,0.7842276755788545,0.7857220326672174,0.775258759258457,0.859785452328386,0.0,0.0
2023-04-03 00:00:00+07:00,0.7856357847975981,0.7819854999450463,0.7880007741500195,0.7797432707135411,0.8374828677610385,0.0,0.0
2023-04-04 00:00:00+07:00,0.7856357109212068,0.7819854263992951,0.7788859497587557,0.7775009683529743,0.8380124838244818,0.0,0.0
2023-04-05 00:00:00+07:00,0.7811311323326126,0.7797432375760335,0.7857220529777641,0.7730165501639397,0.8145603304001267,0.0,0.0
2023-04-06 00:00:00+07:00,0.7743741836887975,0.7775009883385564,0.7834433450381377,0.775258759258457,0.8243152885721994,0.0,0.0
2023-04-10 00:00:00+07:00,0.7766265462514673,0.7797432707135411,0.7834433985841245,0.7797432707135411,0.8093046831674214,0.0,0.0
2023-04-11 00:00:00+07:00,0.7856357645700802,0.7819854798080584,0.7880007538595234,0.7819854798080584,0.8233442919489088,0.0,0.0
2023-04-12 00:00:00+07:00,0.7923926327971245,0.7887121070916104,0.7948367563310155,0.7887121070916104,0.8571916572766648,0.0,0.0
2023-04-13 00:00:00+07:00,0.7968973255071435,0.7931966386629012,0.7993942055674736,0.7909544094521772,0.8303220409263579,0.0,0.0
2023-04-14 00:00:00+07:00,0.801401977803876,0.7976811300017786,0.8062303021197758,0.7976811300017786,0.8657445229862218,0.0,0.0
2023-04-17 00:00:00+07:00,0.8036542672128908,0.8021655683424804,0.8016729061584866,0.799923339096296,0.8529583148307956,0.0,0.0
2023-04-18 00:00:00+07:00,0.8059065894759448,0.8133767273021503,0.8130663578720463,0.8088922687404148,0.8568214615542357,0.0,0.0
2023-04-26 00:00:00+07:00,0.8126634581988965,0.8156188960239668,0.8107876098331023,0.8156188960239668,0.8903823402517687,0.0,0.0
2023-04-27 00:00:00+07:00,0.810411095508476,0.8133766135397711,0.8176236191861989,0.8111343845688826,0.8330565175440598,0.0,0.0
2023-04-28 00:00:00+07:00,0.8104111758126258,0.808892235762364,0.8153450124663464,0.8021655481908133,0.8787579505076973,0.0,0.0
2023-05-02 00:00:00+07:00,0.8104111758126258,0.8066500065718473,0.8016728860185905,0.8021655481908133,0.8527903922918965,0.0,0.0
2023-05-03 00:00:00+07:00,0.8059065639697758,0.8021655555057975,0.7993942055674736,0.7909544094521772,0.8528367009440444,0.0,0.0
2023-05-04 00:00:00+07:00,0.7946450486813567,0.79992335930394,0.7993942385555186,0.7976811300017786,0.84280948599464,0.0,0.0
2023-05-05 00:00:00+07:00,0.801401977803876,0.8021655886061014,0.8062303021197758,0.7976811300017786,0.840867017159057,0.0,0.0
2023-05-08 00:00:00+07:00,0.801401977803876,0.8044078179082628,0.8062303021197758,0.7976811300017786,0.8534059027205373,0.0,0.0
2023-05-09 00:00:00+07:00,0.7968973255071435,0.7954388678736254,0.801672893329302,0.7909544094521772,0.819377443552431,0.0,0.0
2023-05-10 00:00:00+07:00,0.7946450158914855,0.7931966386629012,0.801672893329302,0.7909544094521772,0.8241435567903622,0.0,0.0
2023-05-11 00:00:00+07:00,0.792392693307773,0.7887121673314382,0.7925581293094726,0.7819854798080584,0.8518578744884534,0.0,0.0
2023-05-12 00:00:00+07:00,0.7788788558880001,0.786469958408057,0.785722086367072,0.7797432707135411,0.8594855137893769,0.0,0.0
2023-05-15 00:00:00+07:00,0.7901403297757089,0.7864698844456157,0.7857220124724003,0.7775009683529743,0.8408779790092504,0.0,0.0
2023-05-16 00:00:00+07:00,0.7833834148578541,0.781985439741178,0.7834433382679555,0.7707742944363976,0.828262389375248,0.0,0.0
2023-05-17 00:00:00+07:00,0.7811310920667044,0.7842276554224553,0.7880007000436151,0.7775009683529743,0.844462017656006,0.0,0.0
2023-05-19 00:00:00+07:00,0.7923927389738502,0.7976811300017786,0.7948368628460138,0.7976811300017786,0.8710408753907012,0.0,0.0
2023-05-22 00:00:00+07:00,0.801401977803876,0.8044078179082628,0.8039516142650233,0.7976811300017786,0.8567297499099894,0.0,0.0
2023-05-23 00:00:00+07:00,0.8059065894759448,0.8111344980212826,0.8130663578720463,0.8088922687404148,0.8625116072441588,0.0,0.0
2023-05-24 00:00:00+07:00,0.8194204347718365,0.8156189438195877,0.8130663451478134,0.799923339096296,0.8491581593397644,0.0,0.0
2023-05-25 00:00:00+07:00,0.8104111758126258,0.811134464952881,0.8153450124663464,0.8021655481908133,0.8485090411794015,0.0,0.0
2023-05-26 00:00:00+07:00,0.8171680236327089,0.8156188425106597,0.8199023067042919,0.8111343845688826,0.8337616602629516,0.0,0.0
2023-05-29 00:00:00+07:00,0.8239249517569417,0.8201033004524366,0.8176236191861989,0.8111343845688826,0.8502065872167065,0.0,0.0
2023-05-30 00:00:00+07:00,0.8194203467551656,0.8268300012372392,0.8244596955736072,0.8201033142130014,0.8598059475604272,0.0,0.0
2023-05-31 00:00:00+07:00,0.8284296525755065,0.8268300692864997,0.8153450124663464,0.8021655481908133,0.9536071471933656,0.0,0.0
2023-06-05 00:00:00+07:00,0.8149157677197111,0.8268300416054923,0.8199023604965988,0.8156188960239668,0.8841323559291354,0.0,0.0
2023-06-06 00:00:00+07:00,0.8059064767589874,0.8156188425106597,0.8153449316681057,0.8111343845688826,0.8476102060424648,0.0,0.0
2023-06-07 00:00:00+07:00,0.8126635388671047,0.8133767476548718,0.8176237539964923,0.8066500596458974,0.8548920741456758,0.0,0.0
2023-06-08 00:00:00+07:00,0.808158899162062,0.8088922687404148,0.8176237335382716,0.8088922687404148,0.8316249256385628,0.0,0.0
2023-06-09 00:00:00+07:00,0.8171681583507516,0.8133767476548718,0.8199024418859636,0.8066500596458974,0.8234261664057103,0.0,0.0
2023-06-12 00:00:00+07:00,0.8149157142579646,0.8111343845688826,0.8199023067042919,0.8111343845688826,0.8160066961912309,0.0,0.0
2023-06-13 00:00:00+07:00,0.8171680236327089,0.8133766135397711,0.8199023067042919,0.8111343845688826,0.8243801927630802,0.0,0.0
2023-06-14 00:00:00+07:00,0.8104111555706707,0.8088922155556428,0.8153449920998477,0.8044077572853306,0.8459265873737113,0.0,0.0
2023-06-15 00:00:00+07:00,0.8104111758126258,0.8066500065718473,0.8153450124663464,0.8021655481908133,0.8365304125944582,0.0,0.0
2023-06-16 00:00:00+07:00,0.8104111758126258,0.8066500065718473,0.8085089492424685,0.8021655481908133,0.8667566195304249,0.0,0.0
2023-06-19 00:00:00+07:00,0.801401977803876,0.8021655886061014,0.8107876778292805,0.7976811300017786,0.808352314411579,0.0,0.0
2023-06-20 00:00:00+07:00,0.8036542470265454,0.8021655481908133,0.8062302615011759,0.8021655481908133,0.8331822499631638,0.0,0.0
2023-06-21 00:00:00+07:00,0.8059065894759448,0.8088922687404148,0.8107876700389339,0.8088922687404148,0.8213310720135979,0.0,0.0
2023-06-22 00:00:00+07:00,0.8126634854079857,0.811134464952881,0.8153450124663464,0.8021655481908133,0.8271093485461645,0.0,0.0
2023-06-23 00:00:00+07:00,0.8036542470265454,0.811134464952881,0.8130663247250537,0.8021655481908133,0.8266447037257187,0.0,0.0
2023-06-26 00:00:00+07:00,0.8036542269514196,0.8088922155556428,0.8130663044148161,0.8044077572853306,0.8138815882633246,0.0,0.0
2023-06-27 00:00:00+07:00,0.8059064767589874,0.8111343845688826,0.8153449316681057,0.8111343845688826,0.8136693962708959,0.0,0.0
2023-07-03 00:00:00+07:00,0.8036542269514196,0.8044077572853306,0.8130663044148161,0.8044077572853306,0.865105461904909,0.0,0.0
2023-07-04 00:00:00+07:00,0.8149157950033459,0.811134464952881,0.8153450124663464,0.8021655481908133,0.8121268554468881,0.0,0.0
2023-07-05 00:00:00+07:00,0.8059065566219056,0.8044077773813303,0.8130663247250537,0.8021655481908133,0.823401860151918,0.0,0.0
2023-07-06 00:00:00+07:00,0.80590653649117,0.8066499864204867,0.8130663044148161,0.8044077572853306,0.8310447675445843,0.0,0.0
2023-07-07 00:00:00+07:00,0.8036542672128908,0.8066500268348497,0.8130663451478134,0.799923339096296,0.8154621814686365,0.0,0.0
2023-07-10 00:00:00+07:00,0.8104111758126258,0.8066500065718473,0.8153450124663464,0.8021655481908133,0.803240067702768,0.0,0.0
2023-07-11 00:00:00+07:00,0.8104111961667246,0.8066500268348497,0.8130663451478134,0.799923339096296,0.8224429590598059,0.0,0.0
2023-07-12 00:00:00+07:00,0.8081587663856125,0.8133765936634,0.815344911743744,0.8133765936634,0.8384631777364486,0.0,0.0
2023-07-13 00:00:00+07:00,0.8194204475926474,0.8178611858638859,0.8221811092044965,0.8088922687404148,0.8411659587566167,0.0,0.0
2023-07-14 00:00:00+07:00,0.8171680772405259,0.8156188960239668,0.8221810481624731,0.8156188960239668,0.833659615024753,0.0,0.0
2023-07-17 00:00:00+07:00,0.8194203129873212,0.8201032804135885,0.826738349059011,0.8133765936634,0.8392041383548805,0.0,0.0
2023-07-18 00:00:00+07:00,0.8194203330074532,0.8201033004524366,0.8199023067042919,0.8111343845688826,0.8313924890588784,0.0,0.0
2023-07-20 00:00:00+07:00,0.8194203330074532,0.8178610714815482,0.8221809942223849,0.8111343845688826,0.852695677116203,0.0,0.0
2023-07-21 00:00:00+07:00,0.8149157142579646,0.8133766135397711,0.8221809942223849,0.8111343845688826,0.8213217600170676,0.0,0.0
2023-07-24 00:00:00+07:00,0.8194204680925751,0.8156189769911966,0.8199024418859636,0.8066500596458974,0.8388373105700101,0.0,0.0
2023-07-25 00:00:00+07:00,0.8171680236327089,0.8245877583942137,0.824459681740478,0.8111343845688826,0.8707411774480962,0.0,0.0
2023-07-26 00:00:00+07:00,0.8171680507601481,0.8290722438571202,0.822181021517965,0.8290722438571202,0.8672101266410056,0.0,0.0
2023-07-27 00:00:00+07:00,0.837438842434533,0.8335567085528028,0.8312957784786282,0.8178611051184841,0.8494324934071317,0.0,0.0
2023-07-28 00:00:00+07:00,0.8194204475926474,0.8178611858638859,0.8221811092044965,0.8088922687404148,0.8473836334501471,0.0,0.0
2023-07-31 00:00:00+07:00,0.8171681379065302,0.8156189565830181,0.8199024213713839,0.8088922687404148,0.8512114993751305,0.0,0.0
2023-08-01 00:00:00+07:00,0.8171681379065302,0.8133767273021503,0.8199024213713839,0.8088922687404148,0.8285067453432462,0.0,0.0
2023-08-02 00:00:00+07:00,0.8126634581988965,0.8156188960239668,0.8221810481624731,0.8156188960239668,0.837746536769443,0.0,0.0
2023-08-03 00:00:00+07:00,0.8149157279309611,0.82458777222916,0.8244596955736072,0.8201033142130014,0.8407087940005628,0.0,0.0
2023-08-04 00:00:00+07:00,0.8239249517569417,0.8223455294233253,0.8221809942223849,0.8111343845688826,0.8311722937832059,0.0,0.0
2023-08-07 00:00:00+07:00,0.8149158006201975,0.8223456165735682,0.8244597691141508,0.8223456165735682,0.8336888896537928,0.0,0.0
2023-08-08 00:00:00+07:00,0.8261773153237842,0.8245878124891872,0.8290171111600954,0.8156188960239668,0.8220885196320431,0.0,0.0
2023-08-09 00:00:00+07:00,0.8261773414479995,0.8335567553122043,0.8335745128507747,0.8335567553122043,0.8489546991174499,0.0,0.0
2023-08-10 00:00:00+07:00,0.837438889404151,0.83579898449861,0.8426892637992325,0.8335567553122043,0.8487609507120536,0.0,0.0
2023-08-11 00:00:00+07:00,0.8396911989953814,0.8380412136850155,0.8449679515363471,0.8335567553122043,0.843723220391353,0.0,0.0
2023-08-14 00:00:00+07:00,0.8306819074521141,0.8290722438571202,0.8312957718894669,0.8290722438571202,0.8479977072398914,0.0,0.0
2023-08-15 00:00:00+07:00,0.8306819476391467,0.8313145131232823,0.8381318752167785,0.8245878256680855,0.8367126255696892,0.0,0.0
2023-08-16 00:00:00+07:00,0.8261773285263446,0.8268300548198178,0.8335744998130238,0.8245878256680855,0.8318455410937091,0.0,0.0
2023-08-18 00:00:00+07:00,0.8239249655793699,0.8290722302453184,0.8335744457971611,0.8201033142130014,0.8503131950732007,0.0,0.0
2023-08-21 00:00:00+07:00,0.8216726223076629,0.8201032804135885,0.826738349059011,0.8133765936634,0.8467918951588173,0.0,0.0
2023-08-22 00:00:00+07:00,0.8149157807443393,0.8268300548198178,0.8244597490055144,0.8245878256680855,0.8414757461067465,0.0,0.0
2023-08-23 00:00:00+07:00,0.8284296380827457,0.8268300548198178,0.8358531875149011,0.8245878256680855,0.8400922756324267,0.0,0.0
2023-08-24 00:00:00+07:00,0.8239250058029697,0.8268300416054923,0.8290171111600954,0.8156188960239668,0.8320949752672387,0.0,0.0
2023-08-25 00:00:00+07:00,0.8194204198416108,0.8223456165735682,0.8267384568709698,0.8223456165735682,0.8290880776494481,0.0,0.0
2023-08-28 00:00:00+07:00,0.8239250058029697,0.820103354256577,0.8290171111600954,0.8156188960239668,0.8232064276488273,0.0,0.0
2023-08-29 00:00:00+07:00,0.8261772749914722,0.82458777222916,0.8290170706853842,0.8201033142130014,0.8242526610335729,0.0,0.0
2023-08-30 00:00:00+07:00,0.8284296248445989,0.8245878124891872,0.8290171111600954,0.8156188960239668,0.834222118200842,0.0,0.0
2023-08-31 00:00:00+07:00,0.8194203129873212,0.817861051496859,0.8199022866698508,0.8133765936634,0.8755499029915713,0.0,0.0
2023-09-01 00:00:00+07:00,0.8194203667040441,0.8223455632425751,0.8267384032571636,0.8178611051184841,0.8207539625618875,0.0,0.0
2023-09-04 00:00:00+07:00,0.8216726761703551,0.8223455632425751,0.8267384032571636,0.8178611051184841,0.8190116647723759,0.0,0.0
2023-09-05 00:00:00+07:00,0.8239249856366663,0.8201033341805296,0.829017090867896,0.8178611051184841,0.8205923200478943,0.0,0.0
2023-09-06 00:00:00+07:00,0.8194203330074532,0.8201033004524366,0.824459681740478,0.8111343845688826,0.8280934018378817,0.0,0.0
2023-09-07 00:00:00+07:00,0.8126633850262959,0.8133765936634,0.8199022866698508,0.8133765936634,0.8383405392381718,0.0,0.0
2023-09-08 00:00:00+07:00,0.810411208848179,0.8111344980212826,0.8153450457051589,0.8088922687404148,0.8511329875319668,0.0,0.0
2023-09-11 00:00:00+07:00,0.808158899162062,0.8088922687404148,0.8176237335382716,0.8088922687404148,0.8315963519346059,0.0,0.0
2023-09-12 00:00:00+07:00,0.8104112291252813,0.8088922889822222,0.8176237539964923,0.8066500596458974,0.8420519743145743,0.0,0.0
2023-09-13 00:00:00+07:00,0.80590653649117,0.8044077572853306,0.8107876167297846,0.8044077572853306,0.8441229140449797,0.0,0.0
2023-09-14 00:00:00+07:00,0.8014019901579876,0.8088922889822222,0.8107876903280785,0.8066500596458974,0.8667518519710802,0.0,0.0
2023-09-15 00:00:00+07:00,0.805906597218889,0.8066500472104242,0.8107876778292805,0.7976811300017786,0.8700518873474564,0.0,0.0
2023-09-18 00:00:00+07:00,0.805906597218889,0.8044078179082628,0.8107876778292805,0.7976811300017786,0.8110787028147001,0.0,0.0
2023-09-19 00:00:00+07:00,0.8014019174116694,0.8044077572853306,0.808508929044753,0.8044077572853306,0.8097696214475499,0.0,0.0
2023-09-20 00:00:00+07:00,0.8126634048832202,0.8133766135397711,0.8176236191861989,0.8111343845688826,0.8325966011337433,0.0,0.0
2023-09-21 00:00:00+07:00,0.8126635185342961,0.8111344980212826,0.8176237335382716,0.8088922687404148,0.819007520486269,0.0,0.0
2023-09-22 00:00:00+07:00,0.812663465110421,0.8111344446907989,0.8176236797848793,0.8044077572853306,0.8210773426974769,0.0,0.0
2023-09-25 00:00:00+07:00,0.8081589069263955,0.8044078179082628,0.8107876778292805,0.7976811300017786,0.8341432327002719,0.0,0.0
2023-09-26 00:00:00+07:00,0.8014019244189302,0.7999233060102953,0.8062302484096633,0.7931966185466945,0.8467739098085684,0.0,0.0
2023-09-27 00:00:00+07:00,0.7923926528537055,0.7976810433037608,0.7993941516715131,0.7864698979970931,0.8531794853107004,0.0,0.0
2023-09-29 00:00:00+07:00,0.7856357645700802,0.7887121673314382,0.7948368170344472,0.7819854798080584,0.869254964133553,0.0,0.0
2023-10-02 00:00:00+07:00,0.7923926792526681,0.8066499864204867,0.7993941783046267,0.8044077572853306,0.8580781500054131,0.0,0.0
2023-10-03 00:00:00+07:00,0.8081588391572673,0.8156188960239668,0.8130662974989765,0.8156188960239668,0.8603751982131715,0.0,0.0
2023-10-04 00:00:00+07:00,0.8194203867613404,0.820103354256577,0.8221810481624731,0.8156188960239668,0.8666792005720264,0.0,0.0
2023-10-05 00:00:00+07:00,0.8194203937296719,0.815618902961111,0.8176236797848793,0.8044077572853306,0.8463338846070715,0.0,0.0
2023-10-06 00:00:00+07:00,0.8104111961667246,0.8066500268348497,0.8130663451478134,0.799923339096296,0.8317618368301485,0.0,0.0
2023-10-09 00:00:00+07:00,0.8036542470265454,0.808892235762364,0.8130663247250537,0.8021655481908133,0.8225188442418478,0.0,0.0
2023-10-10 00:00:00+07:00,0.8014019447384598,0.7976810970843495,0.8039515810911303,0.7909544094521772,0.8457595517255386,0.0,0.0
2023-10-11 00:00:00+07:00,0.7946450158914855,0.7999233262950736,0.8039515810911303,0.7909544094521772,0.8531577535429284,0.0,0.0
2023-10-12 00:00:00+07:00,0.8014019374311855,0.8066500065718473,0.8107876369837612,0.8021655481908133,0.845170181651606,0.0,0.0
2023-10-13 00:00:00+07:00,0.8104111555706707,0.8088922155556428,0.8130663044148161,0.8044077572853306,0.839495972881616,0.0,0.0
2023-10-16 00:00:00+07:00,0.8126635388671047,0.8088922889822222,0.8153450661070211,0.8066500596458974,0.8039567069102075,0.0,0.0
2023-10-17 00:00:00+07:00,0.80590654353736,0.8044077643193622,0.8062302484096633,0.7931966185466945,0.8369503200974686,0.0,0.0
2023-10-18 00:00:00+07:00,0.7946449825458537,0.7931966053735237,0.7971154843529802,0.7842276889025758,0.8295866800341442,0.0,0.0
2023-10-19 00:00:00+07:00,0.785635731111028,0.7842276755788545,0.7880007202962971,0.775258759258457,0.8559578154807297,0.0,0.0
2023-10-20 00:00:00+07:00,0.7766264996786526,0.799923285838524,0.7857220392488151,0.7954388276412119,0.8406786782076446,0.0,0.0
2023-10-23 00:00:00+07:00,0.790140363501348,0.7909543762557867,0.7971154843529802,0.7842276889025758,0.829323642760508,0.0,0.0
2023-10-24 00:00:00+07:00,0.7811310920667044,0.7864698844456157,0.79027938761483,0.7775009683529743,0.8488978797795235,0.0,0.0
2023-10-25 00:00:00+07:00,0.7856357244569179,0.7909543561197602,0.7948367764514956,0.7864698979970931,0.8329763218138145,0.0,0.0
2023-10-26 00:00:00+07:00,0.7946449895844255,0.7931966124002213,0.7857220529777641,0.7730165501639397,0.8396869084721479,0.0,0.0
2023-10-27 00:00:00+07:00,0.7766264864622039,0.779743210680222,0.7834433382679555,0.7707742944363976,0.8309720062973972,0.0,0.0
2023-10-30 00:00:00+07:00,0.7743741968455773,0.7842276889025758,0.7834433583490045,0.7842276889025758,0.8305309750925608,0.0,0.0
2023-10-31 00:00:00+07:00,0.7833834216265819,0.7819854464987551,0.7857220326672174,0.775258759258457,0.8409336860471052,0.0,0.0
2023-11-01 00:00:00+07:00,0.778878829891802,0.7775010155282436,0.7743286216025481,0.7618054114253036,0.8424361703656156,0.0,0.0
2023-11-02 00:00:00+07:00,0.7766265063678303,0.7887121471380496,0.7857220460163338,0.7842276889025758,0.8340754747018501,0.0,0.0
2023-11-03 00:00:00+07:00,0.7946449422063817,0.7931965651021043,0.7971154438840256,0.7887121070916104,0.8375798481238406,0.0,0.0
2023-11-06 00:00:00+07:00,0.7991496278358253,0.8021655481908133,0.8062302615011759,0.8021655481908133,0.8535379286555926,0.0,0.0
2023-11-07 00:00:00+07:00,0.8014019042126012,0.799923285838524,0.8016728527843818,0.7954388276412119,0.8377606447902914,0.0,0.0
2023-11-08 00:00:00+07:00,0.7968973583888631,0.7976811300017786,0.8016729264102709,0.7976811300017786,0.8076217807337225,0.0,0.0
2023-11-09 00:00:00+07:00,0.7923927389738502,0.8021655886061014,0.8016729264102709,0.7976811300017786,0.8249150825353545,0.0,0.0
2023-11-10 00:00:00+07:00,0.796897312466235,0.7976810840292784,0.7948368170344472,0.7819854798080584,0.8294353174485575,0.0,0.0
2023-11-13 00:00:00+07:00,0.7901403433881098,0.7909543561197602,0.7971154640615042,0.7864698979970931,0.7877955958821962,0.0,0.0
2023-11-14 00:00:00+07:00,0.7923927062758274,0.7931966386629012,0.7993942055674736,0.7909544094521772,0.8149054685172322,0.0,0.0
2023-11-15 00:00:00+07:00,0.7991496278358253,0.8021655481908133,0.8062302615011759,0.8021655481908133,0.8535289624776858,0.0,0.0
2023-11-16 00:00:00+07:00,0.80590653649117,0.8044077572853306,0.8062302413597214,0.8044077572853306,0.8275172449589299,0.0,0.0
2023-11-17 00:00:00+07:00,0.8036542269514196,0.8044077572853306,0.808508929044753,0.8044077572853306,0.8349018302715546,0.0,0.0
2023-11-20 00:00:00+07:00,0.7991495812504934,0.7999232723650944,0.7993941516715131,0.7864698979970931,0.8279962368906473,0.0,0.0
2023-11-21 00:00:00+07:00,0.7856357109212068,0.7887121134687761,0.79027938761483,0.7775009683529743,0.8645694063507884,0.0,0.0
2023-11-22 00:00:00+07:00,0.7811311055257261,0.7864698979970931,0.7902794012314782,0.7864698979970931,0.8187278549047555,0.0,0.0
2023-11-23 00:00:00+07:00,0.7878880870445112,0.7954388678736254,0.7971155178056453,0.7909544094521772,0.8336491794036447,0.0,0.0
2023-11-24 00:00:00+07:00,0.7946450158914855,0.7954388678736254,0.801672893329302,0.7909544094521772,0.8223663076428717,0.0,0.0
2023-11-27 00:00:00+07:00,0.7923926528537055,0.7931965851810936,0.7993941516715131,0.7864698979970931,0.8129592885223674,0.0,0.0
2023-11-28 00:00:00+07:00,0.7901403433881098,0.7931965851810936,0.7971154640615042,0.7864698979970931,0.8438397788809064,0.0,0.0
2023-11-29 00:00:00+07:00,0.7923926327971245,0.7931965651021043,0.8016728189900459,0.7887121070916104,0.8329483062139313,0.0,0.0
2023-11-30 00:00:00+07:00,0.7946449757033426,0.7954388276412119,0.8016728527843818,0.7954388276412119,0.8947676586788343,0.0,0.0
2023-12-01 00:00:00+07:00,0.7946449957412853,0.7954388477012281,0.8016728730002151,0.7931966185466945,0.8510368234127884,0.0,0.0
2023-12-04 00:00:00+07:00,0.8007444866960763,0.8037853636774998,0.8078329265715148,0.7947736541766265,0.8329754679277566,42.5,0.0
2023-12-05 00:00:00+07:00,0.8007444793069258,0.7970265741957652,0.7986746796881551,0.7925207194864239,0.8584266762385369,0.0,0.0
2023-12-06 00:00:00+07:00,0.7916922262441292,0.7970265443534874,0.7963850900117874,0.7835089807256135,0.8517773576324356,0.0,0.0
2023-12-07 00:00:00+07:00,0.7826400105466822,0.7857619154158161,0.7895164181486017,0.7857619154158161,0.8568951315488567,0.0,0.0
2023-12-08 00:00:00+07:00,0.7871661939319864,0.78801491459283,0.7918060501704478,0.7790032046112577,0.8226437328565499,0.0,0.0
2023-12-11 00:00:00+07:00,0.7758509139485995,0.7812561321066508,0.784937370170002,0.7790032046112577,0.8499071182113777,0.0,0.0
2023-12-12 00:00:00+07:00,0.77811386180562,0.7790030963368785,0.7872268207640055,0.7744972419648031,0.8549439274458609,0.0,0.0
2023-12-13 00:00:00+07:00,0.7781139012236621,0.7790031358040281,0.7849373008433357,0.7722443539076251,0.8301717751146934,0.0,0.0
2023-12-14 00:00:00+07:00,0.7849030403487481,0.8060382343615901,0.791805951722273,0.8060382343615901,0.8678073772205683,0.0,0.0
2023-12-15 00:00:00+07:00,0.8165858723766488,0.8218087771930083,0.8215702803548476,0.8218087771930083,0.9084317185659152,0.0,0.0
2023-12-18 00:00:00+07:00,0.8233750325969268,0.821808769843238,0.828438952535027,0.8195558425028057,0.8663162908196622,0.0,0.0
2023-12-19 00:00:00+07:00,0.8165857872206284,0.8240616186171614,0.8261493139273346,0.8240616186171614,0.8411255215692651,0.0,0.0
2023-12-20 00:00:00+07:00,0.8279011736514471,0.8285675812636161,0.8353076616991962,0.8285675812636161,0.8463867273786074,0.0,0.0
2023-12-21 00:00:00+07:00,0.8324272927761046,0.8308205159538187,0.8375972289517128,0.8308205159538187,0.855224569159901,0.0,0.0
2023-12-22 00:00:00+07:00,0.8301642368361193,0.8330734433927734,0.8398867888945057,0.8308205159538187,0.8406026509272646,0.0,0.0
2023-12-27 00:00:00+07:00,0.839216381478409,0.837579219297093,0.8444658291627479,0.8353262920681744,0.840613602417977,0.0,0.0
2023-12-28 00:00:00+07:00,0.8346903703932845,0.839832247521237,0.8444659307111602,0.8375793200244265,0.8445877424049839,0.0,0.0
2023-12-29 00:00:00+07:00,0.8437425943856891,0.8420851750180474,0.8467554907127494,0.8375793200244265,0.8506505275345654,0.0,0.0
2024-01-02 00:00:00+07:00,0.841479545594153,0.8398322547146291,0.846755497964933,0.8398322547146291,0.8056966930657903,0.0,0.0
2024-01-03 00:00:00+07:00,0.8437424853814722,0.8398321390048779,0.8444658216004182,0.8330733573779718,0.811528167050571,0.0,0.0
2024-01-04 00:00:00+07:00,0.8414794669494216,0.8443380308289848,0.8490449786317371,0.8443380308289848,0.8344500369686825,0.0,0.0
2024-01-05 00:00:00+07:00,0.8505317196124057,0.8556026969745631,0.8582032475660955,0.8533497695897952,0.8537003967849909,0.0,0.0
2024-01-08 00:00:00+07:00,0.859583943154625,0.8578556243593312,0.8582032475660955,0.8533497695897952,0.8295653754649528,0.0,0.0
2024-01-09 00:00:00+07:00,0.8595839577930596,0.8578556389702005,0.8673615018883012,0.8578556389702005,0.8371402030164806,0.0,0.0
2024-01-10 00:00:00+07:00,0.8641100475106165,0.8601085443621677,0.865071919805049,0.8510968348995926,0.8312600712062005,0.0,0.0
2024-01-11 00:00:00+07:00,0.86184699904018,0.860108551744099,0.8673614871169945,0.8533497695897952,0.8175749462785591,0.0,0.0
2024-01-12 00:00:00+07:00,0.8641099982255608,0.8646143497747588,0.8696509899377195,0.8646143497747588,0.8432833823359098,0.0,0.0
2024-01-15 00:00:00+07:00,0.8731622286846252,0.8691202117226511,0.8742301169303754,0.8668672844649614,0.8553743625306618,0.0,0.0
2024-01-16 00:00:00+07:00,0.8686361097028872,0.8691202042518261,0.8765196691550579,0.8646143497747588,0.8236735376957641,0.0,0.0
2024-01-17 00:00:00+07:00,0.8731622361505524,0.869120219155164,0.8742301244062703,0.869120219155164,0.8646090507649488,0.0,0.0
2024-01-18 00:00:00+07:00,0.8663731401644008,0.8691202907314344,0.8719406364358546,0.8623615083506057,0.8451599183532168,0.0,0.0
2024-01-19 00:00:00+07:00,0.8754253492587901,0.8713732035065097,0.8696510618145933,0.8578556389702005,0.8396699663187298,0.0,0.0
2024-01-22 00:00:00+07:00,0.8595839577930596,0.8601085663929187,0.8627823820357169,0.8578556389702005,0.8313427326192017,0.0,0.0
2024-01-23 00:00:00+07:00,0.846005615064913,0.8556027042799978,0.8559136949865881,0.8556027042799978,0.8574174685189385,0.0,0.0
2024-01-24 00:00:00+07:00,0.8595840227855323,0.8556027762490754,0.8582033270806038,0.8488439934754395,0.8534893917460515,0.0,0.0
2024-01-25 00:00:00+07:00,0.84600558594233,0.8533497475004678,0.855913665522933,0.8465909655191874,0.8396967454202708,0.0,0.0
2024-01-26 00:00:00+07:00,0.841479429672507,0.8420850662138465,0.8421762618913511,0.8330733573779718,0.8501055368937295,0.0,0.0
2024-01-29 00:00:00+07:00,0.8414794888471692,0.8510968348995926,0.8490450007270216,0.8510968348995926,0.8467154573201215,0.0,0.0
2024-01-30 00:00:00+07:00,0.8505317412850395,0.860108573660403,0.8582032694348494,0.860108573660403,0.8465136520237896,0.0,0.0
2024-01-31 00:00:00+07:00,0.868636159243306,0.8646143990934552,0.865071919805049,0.8510968348995926,0.8623299908524781,0.0,0.0
2024-02-01 00:00:00+07:00,0.8641099982255608,0.8668672770132924,0.8673614301986066,0.8646143497747588,0.8630658556515721,0.0,0.0
2024-02-02 00:00:00+07:00,0.8754252769188767,0.8736260587288935,0.8719405496768321,0.8646143497747588,0.8608215371386936,0.0,0.0
2024-02-05 00:00:00+07:00,0.8663731108112898,0.862361479128867,0.862782367341545,0.8533497695897952,0.8356600061691196,0.0,0.0
2024-02-06 00:00:00+07:00,0.8731622933351145,0.8691202760837916,0.8719406217408855,0.8578556389702005,0.8549768465934044,0.0,0.0
2024-02-07 00:00:00+07:00,0.8686361097028872,0.8668672770132924,0.8742301094159449,0.8646143497747588,0.8577226809181148,0.0,0.0
2024-02-12 00:00:00+07:00,0.8731622509681327,0.8736260885355692,0.8788092588764062,0.8736260885355692,0.8551357272853032,0.0,0.0
2024-02-13 00:00:00+07:00,0.8731622286846252,0.8736260662380303,0.8788092364475357,0.8668672844649614,0.8417651725611011,0.0,0.0
2024-02-15 00:00:00+07:00,0.8912667124564853,0.8893965946760288,0.8925466327658433,0.8781319579159744,0.8844779109327003,0.0,0.0
2024-02-16 00:00:00+07:00,0.8935297978679464,0.8916495515283079,0.8948362222254705,0.8871436966767848,0.8776224709740076,0.0,0.0
2024-02-19 00:00:00+07:00,0.8867406081410275,0.8893966020885312,0.8902570803311591,0.880384892606177,0.8317591200601908,0.0,0.0
2024-02-20 00:00:00+07:00,0.8822144476934983,0.8939024074813432,0.8925465909291561,0.8939024074813432,0.8402737110408579,0.0,0.0
2024-02-21 00:00:00+07:00,0.891266749220025,0.8916495588109556,0.8925466695861326,0.8893966313669874,0.8479209845407087,0.0,0.0
2024-02-22 00:00:00+07:00,0.8935297757549628,0.8893966020885312,0.8948362000777889,0.880384892606177,0.8423561740715018,0.0,0.0
2024-02-23 00:00:00+07:00,0.8867404989232323,0.8848906383438044,0.8879674110770642,0.8758789299597224,0.8333538300148559,0.0,0.0
2024-02-26 00:00:00+07:00,0.8731622509681327,0.8803848704792826,0.8810988186927927,0.8736260885355692,0.8198619444924532,0.0,0.0
2024-02-27 00:00:00+07:00,0.8731622729131566,0.8826378199767656,0.8833884007112145,0.880384892606177,0.8224774967469648,0.0,0.0
2024-02-28 00:00:00+07:00,0.8935298124256607,0.89164956605719,0.8971257967723253,0.89164956605719,0.8323701686350234,0.0,0.0
2024-02-29 00:00:00+07:00,0.8957928316262748,0.89164952945912,0.892546640204474,0.880384892606177,0.8721911162956856,0.0,0.0
2024-03-01 00:00:00+07:00,0.8867404989232323,0.8848906383438044,0.8879674110770642,0.8758789299597224,0.8301355848919594,0.0,0.0
2024-03-04 00:00:00+07:00,0.8776883477046501,0.875879000985406,0.8833883635180614,0.869120219155164,0.8225705039051598,0.0,0.0
2024-03-05 00:00:00+07:00,0.8867405858583878,0.8826377977938538,0.8856779383255657,0.8736260885355692,0.8387556608150739,0.0,0.0
2024-03-06 00:00:00+07:00,0.886740630087748,0.8916495515283079,0.8856779825079305,0.8871436966767848,0.8446260928045896,0.0,0.0
2024-03-07 00:00:00+07:00,0.9003189233580946,0.9074200008842201,0.9062839792999233,0.9029141462421536,0.869022254749256,0.0,0.0
2024-03-08 00:00:00+07:00,0.9184233774055923,0.9186846449674598,0.9177317858852382,0.9051670809323562,0.8615793473117414,0.0,0.0
2024-03-13 00:00:00+07:00,0.9320017638003719,0.9276964054505303,0.9062840366375162,0.89164956605719,0.8774068906737985,0.0,0.0
2024-03-14 00:00:00+07:00,0.9003188898091464,0.920937530497725,0.9085735052654493,0.920937530497725,0.8658828003169186,0.0,0.0
2024-03-15 00:00:00+07:00,0.9138972657260606,0.9186846449674598,0.9108631063610395,0.9051670809323562,0.881377435559371,0.0,0.0
2024-03-18 00:00:00+07:00,0.9116342098862945,0.9164317176282759,0.9200213457266377,0.9051670809323562,0.8391248492540978,0.0,0.0
2024-03-19 00:00:00+07:00,0.9093712548676139,0.914178891647809,0.9200214477284991,0.9074201088886082,0.8331947451332337,0.0,0.0
2024-03-20 00:00:00+07:00,0.9048450350011622,0.9051670735631868,0.9131526587687847,0.9029141462421536,0.8419045610051139,0.0,0.0
2024-03-21 00:00:00+07:00,0.9116342024657633,0.9119258555262865,0.9108630989458307,0.9029141462421536,0.8563580902058955,0.0,0.0
2024-03-22 00:00:00+07:00,0.8957928971437872,0.9029142323516498,0.9017049456511367,0.9006613048180004,0.8572245057201119,0.0,0.0
2024-03-25 00:00:00+07:00,0.9235982107269072,0.9193304631998742,0.9203611037778581,0.9193304631998742,0.842396677960717,227.5,0.0
2024-03-26 00:00:00+07:00,0.9212830584505637,0.9170256725861846,0.9227034769025692,0.9170256725861846,0.8415313146456506,0.0,0.0
2024-03-27 00:00:00+07:00,0.9189678001679724,0.9193304631998742,0.9273880638810779,0.9193304631998742,0.8177320869230676,0.0,0.0
2024-03-28 00:00:00+07:00,0.9189678001679724,0.9216353065794678,0.9250457438466715,0.9193304631998742,0.8502546999968461,0.0,0.0
2024-04-01 00:00:00+07:00,0.9235982195247694,0.9216353153596878,0.910991832320265,0.8985868813464204,0.8502659093592683,0.0,0.0
2024-04-02 00:00:00+07:00,0.9097069753211927,0.9078062425803349,0.9086494998807567,0.9031965558398491,0.848776178107397,0.0,0.0
2024-04-03 00:00:00+07:00,0.8935005849268572,0.8939772288843421,0.88288402556199,0.8686239505061092,0.887941424988979,0.0,0.0
2024-04-04 00:00:00+07:00,0.8772941134988036,0.8985868813464204,0.8875686317553324,0.8985868813464204,0.848305129053557,0.0,0.0
2024-04-05 00:00:00+07:00,0.9120221518405792,0.9078062139583228,0.9109917911836753,0.8962819974666814,0.8447499837565775,0.0,0.0
2024-04-16 00:00:00+07:00,0.8564573110732424,0.8732336501001633,0.8571185163474004,0.8640142760126804,0.9098138765655422,0.0,0.0
2024-04-17 00:00:00+07:00,0.874978941812492,0.8824530114396908,0.88288402556199,0.8686239505061092,0.859045193031435,0.0,0.0
2024-04-18 00:00:00+07:00,0.8726637490299316,0.8732336501001633,0.8758570777793784,0.8640142760126804,0.8723616030739465,0.0,0.0
2024-04-19 00:00:00+07:00,0.8564573110732424,0.8663191195345511,0.861803156705395,0.8640142760126804,0.8793978147161332,0.0,0.0
2024-04-22 00:00:00+07:00,0.8610877065102193,0.8594045735893119,0.8664877815580645,0.852490043146084,0.8730094117230943,0.0,0.0
2024-04-23 00:00:00+07:00,0.8610876609908584,0.8916723352009353,0.8711723757806774,0.887062648479824,0.8883126837795337,0.0,0.0
2024-04-24 00:00:00+07:00,0.9004461420933271,0.9078062303332778,0.90396484763493,0.9078062303332778,0.8744114670303837,0.0,0.0
2024-04-25 00:00:00+07:00,0.9166525746737362,0.9124159129367977,0.8992802036302275,0.8916723229732526,0.8633634079727603,0.0,0.0
2024-04-26 00:00:00+07:00,0.8888701488717122,0.8962820468855752,0.8922532807692185,0.8778432994929666,0.8615727245380622,0.0,0.0
2024-04-29 00:00:00+07:00,0.8726637149138057,0.8985868937184472,0.8828840038006899,0.8939772068529918,0.856246158998799,0.0,0.0
2024-04-30 00:00:00+07:00,0.9212830269034574,0.9170256411802701,0.908649524773144,0.8939772068529918,0.8654337398107226,0.0,0.0
2024-05-02 00:00:00+07:00,0.9073918593219716,0.9031966447111632,0.880541746249122,0.8709288343858482,0.8597529590792616,0.0,0.0
2024-05-03 00:00:00+07:00,0.8935005506078916,0.8985868813464204,0.8969379119813055,0.8985868813464204,0.8514032605427798,0.0,0.0
2024-05-06 00:00:00+07:00,0.9027613842407327,0.9008917371511752,0.906307204684739,0.8939772068529918,0.8315262064016322,0.0,0.0
2024-05-07 00:00:00+07:00,0.8888700834136393,0.8893674511123344,0.8922532150565731,0.8847577646000849,0.842239914740044,0.0,0.0
2024-05-08 00:00:00+07:00,0.8796092951818834,0.8847577971810248,0.8688300479685959,0.8547948337597736,0.8667729913582304,0.0,0.0
2024-05-13 00:00:00+07:00,0.8425660663623531,0.8686239505061092,0.8524338636702147,0.8686239505061092,0.8786599094915597,0.0,0.0
2024-05-14 00:00:00+07:00,0.8819245988714043,0.882453052359175,0.8828840665020973,0.8709288343858482,0.8589192798568194,0.0,0.0
2024-05-15 00:00:00+07:00,0.8703484904615068,0.8755384401569247,0.8735147042564033,0.8663190666263701,0.8329707712756275,0.0,0.0
2024-05-16 00:00:00+07:00,0.8772941751606239,0.8824530395640863,0.8828840537005599,0.875538508879277,0.8381274964373049,0.0,0.0
2024-05-17 00:00:00+07:00,0.8796092509047477,0.8985868119947426,0.8875685632436965,0.8893674390935136,0.8610677521393721,0.0,0.0
2024-05-20 00:00:00+07:00,0.8888701869866212,0.8939772417969998,0.8781993979583758,0.8640142760126804,0.8551041964369276,0.0,0.0
2024-05-21 00:00:00+07:00,0.8657180637431283,0.8732335804805438,0.8688300479685959,0.8547948337597736,0.8478836311834264,0.0,0.0
2024-05-22 00:00:00+07:00,0.8680332566764271,0.873233568099826,0.8641453957265465,0.8594045082532024,0.8703243843240828,0.0,0.0
2024-05-27 00:00:00+07:00,0.8518268038240279,0.8547948051782426,0.8594607392550884,0.8478802753866059,0.8728897656139437,0.0,0.0
2024-05-28 00:00:00+07:00,0.8518268038240279,0.8570996484421212,0.8618030591718988,0.8478802753866059,0.8470281118739073,0.0,0.0
2024-05-29 00:00:00+07:00,0.849511730386719,0.8501852504937922,0.8477492711436075,0.8340513451723692,0.8686185891220825,0.0,0.0
2024-05-30 00:00:00+07:00,0.8240444143958291,0.8432706630705434,0.8126144124644186,0.8202222284260338,0.895176400036365,0.0,0.0
2024-05-31 00:00:00+07:00,0.8333051744105714,0.8432706008931772,0.8360375520195041,0.8432706008931772,0.9557314422776044,0.0,0.0
2024-06-03 00:00:00+07:00,0.8564572674650386,0.8524900149902954,0.854776152639303,0.8455754847729162,0.845909755239421,0.0,0.0
2024-06-04 00:00:00+07:00,0.8726637334172493,0.8686239475136156,0.8664877815580645,0.852490043146084,0.84790950869533,0.0,0.0
2024-06-05 00:00:00+07:00,0.8703485028537483,0.8663190789631492,0.8618031163423266,0.8617093921329414,0.8519110957893263,0.0,0.0
2024-06-06 00:00:00+07:00,0.8726637490299316,0.8686239630564219,0.8758570777793784,0.8640142760126804,0.8238005788650065,0.0,0.0
2024-06-07 00:00:00+07:00,0.8703484866939994,0.8663190628757247,0.8641454203649817,0.850185159266345,0.8302073937567295,0.0,0.0
2024-06-10 00:00:00+07:00,0.8703485310339008,0.8686239505061092,0.8758570651254265,0.8686239505061092,0.824413123865834,0.0,0.0
2024-06-11 00:00:00+07:00,0.8749788554563525,0.8709287080253941,0.8618030591718988,0.8478802753866059,0.8435820807793935,0.0,0.0
2024-06-12 00:00:00+07:00,0.8518268159778025,0.8501851307823892,0.8571184315682846,0.8432706008931772,0.8285342659634504,0.0,0.0
2024-06-13 00:00:00+07:00,0.8680332648661967,0.8640142030218592,0.8524338039646704,0.8386609263997485,0.8533494425104022,0.0,0.0
2024-06-14 00:00:00+07:00,0.8425660073479616,0.8432706130583142,0.843064524031559,0.8386609263997485,0.831446957122717,0.0,0.0
2024-06-19 00:00:00+07:00,0.8471964552754602,0.8432706503602532,0.8383799211538276,0.8248319029194624,0.8611624654146767,0.0,0.0
2024-06-20 00:00:00+07:00,0.8379355889812466,0.8594045082532024,0.8430645160738034,0.8594045082532024,0.8515609710235448,0.0,0.0
2024-06-21 00:00:00+07:00,0.8680333533114432,0.8824530395640863,0.8711724526036815,0.875538508879277,0.885067874987708,0.0,0.0
2024-06-24 00:00:00+07:00,0.8796093806229193,0.8893675702488956,0.8875686941393113,0.875538508879277,0.8504681593945023,0.0,0.0
2024-06-25 00:00:00+07:00,0.8796093806229193,0.875538508879277,0.8758570930424329,0.875538508879277,0.8507239536681693,0.0,0.0
2024-06-26 00:00:00+07:00,0.8726636957440329,0.8801481269222019,0.8758570242939043,0.8663190666263701,0.8494713900408365,0.0,0.0
2024-06-27 00:00:00+07:00,0.87729404578026,0.8893674390935136,0.8852262433660847,0.8893674390935136,0.8557699425900464,0.0,0.0
2024-06-28 00:00:00+07:00,0.8981309891499455,0.910111126664152,0.9063072204018425,0.9055014397195882,0.8848800742347686,0.0,0.0
2024-07-01 00:00:00+07:00,0.9027614123705386,0.9031966087299632,0.9109918732485681,0.9008917652261594,0.8435437493852392,0.0,0.0
2024-07-02 00:00:00+07:00,0.9166525911314167,0.9124159293208205,0.9133341399305644,0.9031965558398491,0.8500292349948805,0.0,0.0
2024-07-03 00:00:00+07:00,0.914337454769753,0.912415998092756,0.9203611693712642,0.912415998092756,0.8339161528548477,0.0,0.0
2024-07-04 00:00:00+07:00,0.9143373570384157,0.9124159005549791,0.9109917911836753,0.8962819974666814,0.8424545794476757,0.0,0.0
2024-07-05 00:00:00+07:00,0.9097069630499864,0.9101110736727491,0.9156764476030905,0.9078062303332778,0.81459172007786,0.0,0.0
2024-07-08 00:00:00+07:00,0.9166526476279321,0.9170256725861846,0.9227034769025692,0.9170256725861846,0.8463646099430482,0.0,0.0
2024-07-09 00:00:00+07:00,0.9259134160063746,0.9262449933386551,0.934415023984298,0.9193304631998742,0.8386803685099746,0.0,0.0
2024-07-10 00:00:00+07:00,0.9328590728290947,0.9331595644788203,0.9320727449048117,0.9216353470796134,0.8390362755481986,0.0,0.0
2024-07-11 00:00:00+07:00,0.9166525948885048,0.9239401499590614,0.9273880638810779,0.9193304631998742,0.8339564732368226,0.0,0.0
2024-07-12 00:00:00+07:00,0.9212830054474398,0.9216353065794678,0.9297303839154847,0.9193304631998742,0.8392761299786898,0.0,0.0
2024-07-15 00:00:00+07:00,0.9212830584505637,0.9193305160970366,0.9227034769025692,0.9170256725861846,0.8142561026097483,0.0,0.0
2024-07-16 00:00:00+07:00,0.914337373528316,0.9147207603516918,0.9227034075839866,0.9078062303332778,0.814901697891587,0.0,0.0
2024-07-17 00:00:00+07:00,0.907391794906414,0.9078062674493588,0.908649524773144,0.8939772068529918,0.8565578519633563,0.0,0.0
2024-07-18 00:00:00+07:00,0.8981309921266054,0.9216353470796134,0.9086495435419659,0.9216353470796134,0.8412749790691391,0.0,0.0
2024-07-19 00:00:00+07:00,0.9212830862091849,0.9239402309593524,0.9250458249445074,0.9239402309593524,0.8322291305201552,0.0,0.0
2024-07-22 00:00:00+07:00,0.9282286620687629,0.926245034039296,0.9367573851773807,0.9216353470796134,0.8068158880773658,0.0,0.0
2024-07-23 00:00:00+07:00,0.9351743063374272,0.9308547490012554,0.9390997335620109,0.928549905452781,0.8175031924093911,0.0,0.0
2024-07-24 00:00:00+07:00,0.9282286212858419,0.9285498367182482,0.934415023984298,0.9193304631998742,0.7956875580612744,0.0,0.0
2024-07-25 00:00:00+07:00,0.9374894338649588,0.9400740450533281,0.9461266155386977,0.9400740450533281,0.8602361911792458,0.0,0.0
2024-07-26 00:00:00+07:00,0.951380706316709,0.9492934593038372,0.9554959366719266,0.9423789289330672,0.8480412802081647,0.0,0.0
2024-07-29 00:00:00+07:00,0.9536958831339326,0.9515982742802739,0.9437843078574688,0.9354643705598994,0.8438545989229103,0.0,0.0
2024-07-30 00:00:00+07:00,0.9444351281338572,0.9400741231951532,0.9437843739740778,0.928549905452781,0.8080510215292984,0.0,0.0
2024-07-31 00:00:00+07:00,0.9490654191577075,0.9446836909542453,0.9484688945725731,0.937769161173589,0.8521568132811256,0.0,0.0
2024-08-01 00:00:00+07:00,0.9351742565508805,0.9469886034264958,0.9461266438104846,0.9469886034264958,0.838165873069208,0.0,0.0
2024-08-02 00:00:00+07:00,0.9421198691210095,0.9446837565788647,0.9461266403846093,0.9308546960664708,0.833781807606662,0.0,0.0
2024-08-05 00:00:00+07:00,0.9166526447959545,0.9262450437680005,0.915676513569841,0.9008917652261594,0.8720643962046857,0.0,0.0
2024-08-06 00:00:00+07:00,0.923598276540863,0.919330528719274,0.9227034895708939,0.912415998092756,0.8498066092340949,0.0,0.0
2024-08-07 00:00:00+07:00,0.9166526351679328,0.9216353470796134,0.9273881046322423,0.9216353470796134,0.830861981610512,0.0,0.0
2024-08-08 00:00:00+07:00,0.9305437898737245,0.9331594866801604,0.9344149871372914,0.9331594866801604,0.8324729930832669,0.0,0.0
2024-08-09 00:00:00+07:00,0.9374894709745986,0.9354643953695875,0.9367573725708345,0.926245021573042,0.8259045050415784,0.0,0.0
2024-08-12 00:00:00+07:00,0.9259134318895349,0.9308546960664708,0.9344150400136999,0.9308546960664708,0.818727044193158,0.0,0.0
2024-08-13 00:00:00+07:00,0.939804639123549,0.9400740450533281,0.9437842955254128,0.9400740450533281,0.833366364092724,0.0,0.0
2024-08-14 00:00:00+07:00,0.9444350744397915,0.9400740697413997,0.9461266403846093,0.9308546960664708,0.8268258182468635,0.0,0.0
2024-08-15 00:00:00+07:00,0.9351742002519126,0.9400740165490343,0.9437842669091909,0.9331594866801604,0.8098688322904916,0.0,0.0
2024-08-16 00:00:00+07:00,0.9444350902452742,0.9423789289330672,0.9508112964459385,0.9423789289330672,0.8191505160204685,0.0,0.0
2024-08-19 00:00:00+07:00,0.9467502831862888,0.9515982902804854,0.9531536040582202,0.9469886034264958,0.8297106414640946,0.0,0.0
2024-08-20 00:00:00+07:00,0.9467502708892583,0.9539031213172776,0.9554959117298741,0.9515982779199246,0.8374948850334246,0.0,0.0
2024-08-21 00:00:00+07:00,0.9629567079704058,0.9585128081119838,0.9672075119921489,0.9515982779199246,0.8534578873347836,0.0,0.0
2024-08-22 00:00:00+07:00,0.9490655009595641,0.9492934593038372,0.9484689763329448,0.9423789289330672,0.8345407951539537,0.0,0.0
2024-08-23 00:00:00+07:00,0.9467502956024191,0.9469886158469141,0.9554959366719266,0.9423789289330672,0.8254946539241296,0.0,0.0
2024-08-26 00:00:00+07:00,0.9421198848881293,0.9469886158469141,0.9508112964459385,0.9423789289330672,0.8122551234633736,0.0,0.0
2024-08-27 00:00:00+07:00,0.9421198691210095,0.9400740697413997,0.9437843203104274,0.9308546960664708,0.8376063819538621,0.0,0.0
2024-08-28 00:00:00+07:00,0.9444350374209016,0.9446837195467568,0.9508112432623406,0.9446837195467568,0.816504392629054,0.0,0.0
2024-08-29 00:00:00+07:00,0.9629566625210406,0.9585127628660313,0.9484689067951406,0.9331594866801604,0.8314631881579669,0.0,0.0
2024-08-30 00:00:00+07:00,0.9467502956024191,0.9423789289330672,0.9461266562199507,0.9423789289330672,0.8826418340082293,0.0,0.0
2024-09-02 00:00:00+07:00,0.9513806243172636,0.9469885342144642,0.9461265746594824,0.937769161173589,0.8457871511576305,0.0,0.0
2024-09-03 00:00:00+07:00,0.9467503335829649,0.9423789667436278,0.9414420537680442,0.928549905452781,0.8296151322006705,0.0,0.0
2024-09-04 00:00:00+07:00,0.930543818089188,0.9400740450533281,0.9390996554988428,0.9400740450533281,0.8236191197290846,0.0,0.0
2024-09-05 00:00:00+07:00,0.9490654725568538,0.9446837441143991,0.9508112679882235,0.9354643705598994,0.8175172192084993,0.0,0.0
2024-09-06 00:00:00+07:00,0.9374894338649588,0.9400740450533281,0.9484689355519826,0.9400740450533281,0.8071976038856922,0.0,0.0
2024-09-09 00:00:00+07:00,0.9444350088385958,0.9446836909542453,0.9461265746594824,0.937769161173589,0.8136177477762676,0.0,0.0
2024-09-10 00:00:00+07:00,0.9490654478787626,0.9446837195467568,0.9531535632456184,0.9446837195467568,0.8332697309532057,0.0,0.0
2024-09-11 00:00:00+07:00,0.9560110920784854,0.9515982779199246,0.960180551834784,0.9515982779199246,0.84072702778989,0.0,0.0
2024-09-12 00:00:00+07:00,0.9583262850487023,0.9585127957813477,0.9625228595052874,0.9562079524133532,0.8449688469737637,0.0,0.0
2024-09-13 00:00:00+07:00,0.9536958867811787,0.9515982779199246,0.9578382317823291,0.9515982779199246,0.8445027401353269,0.0,0.0
2024-09-17 00:00:00+07:00,0.9583263255487956,0.9585128362930924,0.9601805800649827,0.9585128362930924,0.8560805449939307,0.0,0.0
2024-09-18 00:00:00+07:00,0.9629567517087358,0.9700370691596888,0.9695498760844629,0.9700370691596888,0.8413014262927726,0.0,0.0
2024-09-19 00:00:00+07:00,0.981478373064769,0.9953903255065714,0.9882884153388,0.9953903255065714,0.877163309572397,0.0,0.0
2024-09-20 00:00:00+07:00,1.0,0.9953903097097697,1.0,0.9838660926399748,0.8775953229498428,0.0,0.0
2024-09-23 00:00:00+07:00,0.983793566208504,1.0,0.9953153633076479,1.0,0.8461397654747705,0.0,0.0
2024-09-24 00:00:00+07:00,0.9884239205151921,0.9999999430040808,0.9999999464654108,0.9861708832536645,0.863504500127904,0.0,0.0
2024-09-25 00:00:00+07:00,0.979163087801813,0.9907805577470933,0.9765767350956102,0.9907805577470933,0.8826316216602247,0.0,0.0
2024-09-26 00:00:00+07:00,0.9976848611836752,0.9930855324958568,0.990630785761865,0.9769516275328566,0.8535191692266434,0.0,0.0
2024-09-27 00:00:00+07:00,0.9629567916977089,0.9815613274226744,0.9648652758408359,0.9723419530394278,0.8577598321742943,0.0,0.0
2024-09-30 00:00:00+07:00,0.9606415277452889,0.9631225200453781,0.9578382567849205,0.9423789289330672,0.8784092836597399,0.0,0.0
2024-10-01 00:00:00+07:00,0.953695902505606,0.963122510786521,0.9625228877575828,0.963122510786521,0.837100427491553,0.0,0.0
2024-10-02 00:00:00+07:00,0.946750298725264,0.9631225232219942,0.9578382599443389,0.9585128362930924,0.8544917654784863,0.0,0.0
2024-10-03 00:00:00+07:00,0.9583263380401751,0.9608176922822664,0.9648652328834767,0.9539031617996636,0.8379443536855782,0.0,0.0
2024-10-04 00:00:00+07:00,0.9536958745130701,0.9562079524133532,0.9601805394826683,0.9562079524133532,0.8360750649608237,0.0,0.0
2024-10-07 00:00:00+07:00,0.9490654601579099,0.9469885751297576,0.9508112555652677,0.9400740450533281,0.8571734942823062,0.0,0.0
2024-10-08 00:00:00+07:00,0.935174204520349,0.9585127672403442,0.9414419512634734,0.9492933940401855,0.8609620080670075,0.0,0.0
2024-10-09 00:00:00+07:00,0.9536958867811787,0.960817651509337,0.964865191939694,0.9515982779199246,0.834725074853332,0.0,0.0
2024-10-10 00:00:00+07:00,0.9560111201840892,0.9585128362930924,0.9648652203062704,0.9585128362930924,0.8297340764833865,0.0,0.0
2024-10-11 00:00:00+07:00,0.9699023364571058,0.9654273508424538,0.9625228843885347,0.9469886034264958,0.8234258521813436,0.0,0.0
2024-10-14 00:00:00+07:00,0.9513807094546766,0.9585128362930924,0.9625229001856266,0.9585128362930924,0.8074883772733381,0.0,0.0
2024-10-15 00:00:00+07:00,0.967587162511627,0.9700370691596888,0.9695498760844629,0.9700370691596888,0.8421616863386178,0.0,0.0
2024-10-16 00:00:00+07:00,0.981478337726864,0.9792563860932978,0.9718921395957633,0.9562079524133532,0.8397286827378796,0.0,0.0
2024-10-17 00:00:00+07:00,0.9675871377919527,0.9861709484746782,0.9742344915094353,0.9792564181465462,0.8424122416722543,0.0,0.0
2024-10-18 00:00:00+07:00,0.9976847535656624,0.993085425359498,0.9953153188332231,0.9815612087602358,0.8342824406363544,0.0,0.0
2024-10-21 00:00:00+07:00,0.9953696145581356,0.9907806479552391,0.9906307447927716,0.9746467436531174,0.8139875805204315,0.0,0.0
2024-10-22 00:00:00+07:00,0.9606415309135019,0.9677322101508962,0.9718921806682022,0.9585128362930924,0.8586419786599508,0.0,0.0
2024-10-23 00:00:00+07:00,0.9606415862010514,0.9723419530394278,0.9718922366032572,0.9723419530394278,0.8276979802788949,0.0,0.0
2024-10-24 00:00:00+07:00,0.9837936283825425,0.990780688929714,0.9929731059858544,0.9769516275328566,0.8537283968861166,0.0,0.0
2024-10-25 00:00:00+07:00,0.976847906590543,0.9815612087602358,0.9859460389384462,0.9815612087602358,0.811856918423784,0.0,0.0
2024-10-28 00:00:00+07:00,0.9930543805063369,0.9884757759320872,0.9836037559960745,0.9677321852799498,0.8171935332067342,0.0,0.0
2024-10-29 00:00:00+07:00,0.9652719416429145,0.9654273666864451,0.974234500788846,0.9585128362930924,0.82843500289776,0.0,0.0
2024-10-30 00:00:00+07:00,0.9421198321919713,0.9492934062053224,0.9531535632456184,0.9446837195467568,0.8674620970783166,0.0,0.0
2024-10-31 00:00:00+07:00,0.9467502672683143,0.9562079610575238,0.9508112679882235,0.9354643705598994,0.8599806577822096,0.0,0.0
2024-11-01 00:00:00+07:00,0.9421198602946446,0.9515982779199246,0.953153591677419,0.9515982779199246,0.8265433994734536,0.0,0.0
2024-11-04 00:00:00+07:00,0.9560111044946157,0.9585128205614696,0.955495924140799,0.9469886034264958,0.8280529093596121,0.0,0.0
2024-11-05 00:00:00+07:00,0.9444350933605579,0.9654273666864451,0.9554959398236952,0.9585128362930924,0.8290114602100775,0.0,0.0
2024-11-06 00:00:00+07:00,0.9606415434347652,0.9585128487880655,0.962522912732599,0.9539031617996636,0.8290378493586805,0.0,0.0
2024-11-07 00:00:00+07:00,0.9467503335829649,0.953903184486,0.9437843739740778,0.928549905452781,0.8739681863610086,0.0,0.0
2024-11-08 00:00:00+07:00,0.9351742371242441,0.9331595234774355,0.9320727039498913,0.9193304631998742,0.8573249924360314,0.0,0.0
2024-11-11 00:00:00+07:00,0.8981310043374041,0.9170256725861846,0.9086495558957726,0.9170256725861846,0.8729366801410299,0.0,0.0
2024-11-12 00:00:00+07:00,0.9259134442279843,0.9331595519204511,0.9273880921505135,0.926245021573042,0.8509276675305696,0.0,0.0
2024-11-13 00:00:00+07:00,0.9374894709745986,0.9354643953695875,0.941442012780995,0.926245021573042,0.8394895107247032,0.0,0.0
2024-11-14 00:00:00+07:00,0.9282286620687629,0.9285498775191375,0.9320727449048117,0.9216353470796134,0.8343503141092083,0.0,0.0
2024-11-15 00:00:00+07:00,0.9212830736427823,0.9377692796466788,0.9320727729439102,0.928549905452781,0.8399809731982917,0.0,0.0
2024-11-18 00:00:00+07:00,0.923598276540863,0.9239402158036194,0.9273881299701523,0.912415998092756,0.8415124671665386,0.0,0.0
2024-11-19 00:00:00+07:00,0.9073918106402352,0.9147208136087157,0.918018821044853,0.9055014397195882,0.8537032468769435,0.0,0.0
2024-11-20 00:00:00+07:00,0.9189678001679724,0.9262449933386551,0.9273880638810779,0.9193304631998742,0.8361421423616937,0.0,0.0
2024-11-21 00:00:00+07:00,0.9212715289706941,0.9170141947074915,0.917937077421054,0.9031161605052344,0.8578370564930956,50.0,0.0
2024-11-22 00:00:00+07:00,0.9142912711266756,0.9123815166400724,0.917937077421054,0.9031161605052344,0.8359916430180885,0.0,0.0
2024-11-25 00:00:00+07:00,0.9166179604953563,0.935544842432255,0.9226450189706252,0.9332285035567438,0.8846536507158138,0.0,0.0
2024-11-26 00:00:00+07:00,0.9445390614542615,0.9401775913530643,0.9320610993199426,0.9170142008621038,0.8390244230207111,0.0,0.0
2024-11-28 00:00:00+07:00,0.9189447825228474,0.923963218009392,0.9249990914509313,0.9170142008621038,0.8352227592336101,0.0,0.0
2024-11-29 00:00:00+07:00,0.9212715351529759,0.9262795570584882,0.9273530940739351,0.9170142008621038,0.8488509639412818,0.0,0.0
2024-12-02 00:00:00+07:00,0.9212714606851367,0.9216468044550711,0.9085209996334273,0.893850738089955,0.8550986111861905,0.0,0.0
2024-12-03 00:00:00+07:00,0.9235982343778647,0.9378611980770754,0.9226450354709265,0.9355448591605636,0.8719750535247088,0.0,0.0
2024-12-04 00:00:00+07:00,0.9375587493595549,0.9401775369935874,0.9367690504005098,0.9355448591605636,0.8601351388496972,0.0,0.0
2024-12-05 00:00:00+07:00,0.9445390403750585,0.949442926359857,0.9532471016529177,0.9401775703682033,0.8596686119917977,0.0,0.0
2024-12-06 00:00:00+07:00,0.9305785017669113,0.933228530171125,0.9367690603650598,0.923963174407514,0.8432791356072367,0.0,0.0
2024-12-09 00:00:00+07:00,0.9235982410501836,0.9494428995174332,0.9320610521576103,0.9494428995174332,0.8406090335648759,0.0,0.0
2024-12-10 00:00:00+07:00,0.9515192712132349,0.9494428995174332,0.9579550797136882,0.9494428995174332,0.8382072722611369,0.0,0.0
2024-12-11 00:00:00+07:00,0.9422123104321735,0.9563919663288927,0.9532471245538502,0.9563919663288927,0.8158246627399849,0.0,0.0
2024-12-12 00:00:00+07:00,0.9491924948760426,0.9517592145608332,0.9485390458831867,0.9332285035567438,0.8235806136038123,0.0,0.0
2024-12-13 00:00:00+07:00,0.9329052374256221,0.9378611910998634,0.9344150409602773,0.9216468188036941,0.8477686538163576,0.0,0.0
2024-12-16 00:00:00+07:00,0.921271508253223,0.9285958689934813,0.9320610721051507,0.9262795300113338,0.8354683737530251,0.0,0.0
2024-12-17 00:00:00+07:00,0.9166179630401804,0.9216468117380843,0.9226450215323159,0.9077487784468246,0.8610665348191157,0.0,0.0
2024-12-18 00:00:00+07:00,0.9119644848831077,0.9193304998401081,0.9132290385272406,0.8984834492975947,0.853468740027345,0.0,0.0
2024-12-19 00:00:00+07:00,0.8933504747087494,0.8961671204445023,0.8896890233367979,0.886901764544545,0.8630862178506986,0.0,0.0
2024-12-20 00:00:00+07:00,0.8886969528937833,0.8938507646683628,0.8967510141244401,0.8845854089407251,0.8570251791941104,0.0,0.0
2024-12-23 00:00:00+07:00,0.8933504480439298,0.9031161104134943,0.9038130116458435,0.8961670936937749,0.8220008111070605,0.0,0.0
2024-12-24 00:00:00+07:00,0.9073109460213826,0.9077487712725132,0.9085209996334273,0.893850738089955,0.8084752031916435,0.0,0.0
2024-12-27 00:00:00+07:00,0.9026574747641021,0.900799788246763,0.9061670309628873,0.8984834492975947,0.7944556438617678,0.0,0.0
2024-12-30 00:00:00+07:00,0.9026574849315041,0.9007997983944809,0.9014590360752586,0.886901764544545,0.8343243546018385,0.0,0.0
2025-01-02 00:00:00+07:00,0.8886969334942922,0.9077487784468246,0.8991049970016618,0.9077487784468246,0.8160588385795788,0.0,0.0
2025-01-03 00:00:00+07:00,0.9073110132826571,0.9100651776063629,0.9155830748136868,0.9031161605052344,0.8204907161533311,0.0,0.0
2025-01-06 00:00:00+07:00,0.9073109900428815,0.9054324763444594,0.8991050335275665,0.886901764544545,0.8201300940884145,0.0,0.0
2025-01-07 00:00:00+07:00,0.8910237155139418,0.8915344358509614,0.8873350141763698,0.8730037241876755,0.845337038511834,0.0,0.0
2025-01-08 00:00:00+07:00,0.8910237221530607,0.8961671204445023,0.8920430258844902,0.886901764544545,0.8339854790509555,0.0,0.0
2025-01-09 00:00:00+07:00,0.8980040028239658,0.9054324995389439,0.9061670643842186,0.9031161605052344,0.8213940162633113,0.0,0.0
2025-01-10 00:00:00+07:00,0.9026575185963208,0.9100651882360615,0.9061670749690719,0.8915344757521846,0.8461252658389776,0.0,0.0
2025-01-13 00:00:00+07:00,0.8863702170416835,0.8915344424945237,0.8967510309798744,0.886901764544545,0.8553058815588573,0.0,0.0
2025-01-14 00:00:00+07:00,0.8840434578983418,0.8915344358509614,0.8873350141763698,0.8730037241876755,0.845089923133065,0.0,0.0
2025-01-15 00:00:00+07:00,0.8817167019963396,0.8984834492975947,0.88968901331273,0.8984834492975947,0.8489796874662838,0.0,0.0
2025-01-16 00:00:00+07:00,0.9073109460213826,0.9100651101362728,0.9085209996334273,0.893850738089955,0.8489074759241654,0.0,0.0
2025-01-17 00:00:00+07:00,0.8980039433429218,0.9077487784468246,0.8991049970016618,0.9077487784468246,0.8451495211768186,0.0,0.0
2025-01-20 00:00:00+07:00,0.9073109558547565,0.905432442222963,0.8967509971814451,0.8822690533369053,0.8664829638204795,0.0,0.0
2025-01-21 00:00:00+07:00,0.8840434914271449,0.8869017915746531,0.8896890504515103,0.8776364353953151,0.8714008627846812,0.0,0.0
2025-01-22 00:00:00+07:00,0.8886969192256119,0.886901714268315,0.8920429753188716,0.8799526977330855,0.8562935252825794,0.0,0.0
2025-01-23 00:00:00+07:00,0.8840434143752282,0.893850730803545,0.8943969777345385,0.8799526977330855,0.8698622381260179,0.0,0.0
2025-01-24 00:00:00+07:00,0.8863701863899572,0.8845853949757548,0.8708569728305744,0.8567893282269861,0.8807302242617469,0.0,0.0
2025-01-30 00:00:00+07:00,0.842161942449618,0.8498403651294122,0.8520250068204237,0.8382586699285263,0.8815194267792005,0.0,0.0
2025-01-31 00:00:00+07:00,0.8514689649608651,0.8706874287873371,0.8590870267967777,0.8660547506422653,0.8668450007399455,0.0,0.0
2025-02-03 00:00:00+07:00,0.8654294141052932,0.8614220060184477,0.8590869604948504,0.8567893282269861,0.856441126508289,0.0,0.0
2025-02-04 00:00:00+07:00,0.8607759803744305,0.8614220773001336,0.8543790262673304,0.8405750255323461,0.8585473005337454,0.0,0.0
2025-02-05 00:00:00+07:00,0.8375084206147546,0.840574992314301,0.8473169848056947,0.8359423143247064,0.8603037237951057,0.0,0.0
2025-02-06 00:00:00+07:00,0.83518164461604,0.8336259519473747,0.8237769360175617,0.8197279183640171,0.8863493136515684,0.0,0.0
2025-02-07 00:00:00+07:00,0.8235478695359651,0.8567893282269861,0.8214229210205334,0.8567893282269861,0.8738198316631886,0.0,0.0
2025-02-10 00:00:00+07:00,0.8305281793437701,0.8475240260892349,0.8402549937507242,0.8382586699285263,0.8484375706360588,0.0,0.0
2025-02-11 00:00:00+07:00,0.8305281297044563,0.8336259420203543,0.8379009410552302,0.8313096031170668,0.845251550340113,0.0,0.0
2025-02-12 00:00:00+07:00,0.8235479214802613,0.8382586699285263,0.8331929859089046,0.8382586699285263,0.8701164763962761,0.0,0.0
2025-02-13 00:00:00+07:00,0.8375084309957185,0.8382586637107897,0.8379009849215351,0.8243606295716568,0.8564410231279879,0.0,0.0
2025-02-14 00:00:00+07:00,0.8282014038777331,0.8313096298758497,0.8331929629248896,0.822044273967837,0.8681875316959234,0.0,0.0
2025-02-17 00:00:00+07:00,0.8258746058587677,0.8544729726231662,0.8355469194809506,0.8544729726231662,0.8557414603097044,0.0,0.0
2025-02-18 00:00:00+07:00,0.8584492169576208,0.8776364399081885,0.8614410234580172,0.8521567102853959,0.864440427335196,0.0,0.0
2025-02-19 00:00:00+07:00,0.8491421596823951,0.8475239855307322,0.8331929460277216,0.8197279183640171,0.8814566284225386,0.0,0.0
2025-02-20 00:00:00+07:00,0.8258746679751943,0.8266769685948455,0.8331929797281843,0.8243606295716568,0.8693730222287165,0.0,0.0
2025-02-21 00:00:00+07:00,0.8235479153710893,0.8243606295716568,0.830838977131509,0.8243606295716568,0.8638867297643448,0.0,0.0
2025-02-24 00:00:00+07:00,0.8212211128014666,0.8220442405279087,0.8261309216706614,0.8174115627601972,0.8649654225384241,0.0,0.0
2025-02-25 00:00:00+07:00,0.8188943870673924,0.8243606063211968,0.8214229435757396,0.8081462336109674,0.8618773255258189,0.0,0.0
2025-02-26 00:00:00+07:00,0.8095873433751066,0.815095216722126,0.8120068998126184,0.8035135224033277,0.8688141340582698,0.0,0.0
2025-02-27 00:00:00+07:00,0.8095873632125331,0.8058298810157297,0.7908208972862919,0.7803501528972283,0.8935402357931809,0.0,0.0
2025-02-28 00:00:00+07:00,0.7839931126748769,0.7942482137338831,0.7837589167728869,0.7710848237479985,0.9114085021943212,0.0,0.0
2025-03-03 00:00:00+07:00,0.7909733402565873,0.8150952336524143,0.7955288992989917,0.8058298780071476,0.8918631896523865,0.0,0.0
2025-03-04 00:00:00+07:00,0.8188944038819035,0.817411606231661,0.8072989449708677,0.8104625892147872,0.8717265016038492,0.0,0.0
2025-03-05 00:00:00+07:00,0.8119141523505652,0.8405750027339784,0.8214229667448077,0.8243606295716568,0.8816890380717665,0.0,0.0
2025-03-06 00:00:00+07:00,0.846815424339426,0.8428913247608658,0.8355469654746284,0.822044273967837,0.8593616081131678,0.0,0.0
2025-03-07 00:00:00+07:00,0.8282013701939028,0.8243605794117647,0.8308389265808149,0.8174115627601972,0.8520294013362342,0.0,0.0
2025-03-10 00:00:00+07:00,0.8049338455524486,0.8220442405279087,0.8120069069402011,0.8174115627601972,0.8600279318013485,0.0,0.0
2025-03-11 00:00:00+07:00,0.823547865265612,0.8289932571794761,0.8261309216706614,0.8174115627601972,0.8652939119464964,0.0,0.0
2025-03-12 00:00:00+07:00,0.8305281628879976,0.8359423143247064,0.8355469719665839,0.8359423143247064,0.8551460911319962,0.0,0.0
2025-03-13 00:00:00+07:00,0.8421619192240029,0.8405749857838627,0.8355469654746284,0.822044273967837,0.8524452953964042,0.0,0.0
2025-03-14 00:00:00+07:00,0.8095874206843917,0.8174116336423948,0.814360980017571,0.8011972600655574,0.8661845376184341,0.0,0.0
2025-03-17 00:00:00+07:00,0.8049339093657119,0.8035135931662316,0.7955289528396109,0.7872992197086878,0.8805172061021177,0.0,0.0
2025-03-18 00:00:00+07:00,0.7816663226578526,0.7826664812516301,0.7508028447871565,0.759503092361924,0.9279257769074524,0.0,0.0
2025-03-19 00:00:00+07:00,0.7630523196431608,0.7687684647832399,0.7649268763313933,0.7618194479657439,0.8967287679119511,0.0,0.0
2025-03-20 00:00:00+07:00,0.7770128212781837,0.7757174681381698,0.7766968754081462,0.7664521125403587,0.8809939698599943,0.0,0.0
2025-03-21 00:00:00+07:00,0.7844226330215867,0.7807777777338974,0.7572129780333938,0.7449636147500508,0.923290851324763,250.0,0.0
2025-03-24 00:00:00+07:00,0.7412524254730652,0.764064501674769,0.7305222115553408,0.7497388364812303,0.9172121607110699,0.0,0.0
2025-03-25 00:00:00+07:00,0.7652358741111327,0.7688397234059485,0.7669187112981404,0.7592892799435894,0.8756303769350595,0.0,0.0
2025-03-26 00:00:00+07:00,0.7868209778853934,0.816591940717744,0.7936094777761933,0.8046538863897952,0.9097872490194936,0.0,0.0
2025-03-27 00:00:00+07:00,0.7988127022044271,0.8094291081209747,0.8033152110409398,0.8022662755242054,0.8707948985131768,0.0,0.0
2025-04-08 00:00:00+07:00,0.7004805627883506,0.7545140582124099,0.696552145128728,0.7330255604221019,0.9393716933535508,0.0,0.0
2025-04-09 00:00:00+07:00,0.7292607011540315,0.7497388364812303,0.7353750781877141,0.7473512256156406,0.8757714977261771,0.0,0.0
2025-04-10 00:00:00+07:00,0.8060077367958474,0.816591940717744,0.7839037445114467,0.7760025560027178,0.8782333540008886,0.0,0.0
2025-04-11 00:00:00+07:00,0.7772275984301664,0.785552999465077,0.7717715779305135,0.7807777777338974,0.8522038666950923,0.0,0.0
2025-04-14 00:00:00+07:00,0.7820242881577799,0.7927158320618463,0.7911830444600066,0.7927158320618463,0.8526075030505118,0.0,0.0
2025-04-15 00:00:00+07:00,0.8132027713872677,0.8118167189865645,0.8105945109894998,0.8094291081209747,0.8526705815374015,0.0,0.0
2025-04-16 00:00:00+07:00,0.8060077367958474,0.8070414972553849,0.8081680776733131,0.7998786646586156,0.8488442143969696,0.0,0.0
2025-04-17 00:00:00+07:00,0.8012110470682339,0.8022662755242054,0.8008887777247532,0.8022662755242054,0.8527315045896549,0.0,0.0
2025-04-21 00:00:00+07:00,0.8060077367958474,0.8022662755242054,0.7960359110923799,0.7831653885994871,0.8190958523375123,0.0,0.0
2025-04-22 00:00:00+07:00,0.7892193227492001,0.8022662755242054,0.7984623444085666,0.8022662755242054,0.8344792343687416,0.0,0.0
2025-04-23 00:00:00+07:00,0.810804426523461,0.8237547733145133,0.8203002442542463,0.8237547733145133,0.8574078493986383,0.0,0.0
2025-04-24 00:00:00+07:00,0.8395845648891419,0.8356928276424622,0.8130209443056864,0.7998786646586156,0.8780796067246077,0.0,0.0
2025-04-25 00:00:00+07:00,0.8203978059786879,0.816591940717744,0.8227266775704329,0.8118167189865645,0.8359122420192693,0.0,0.0
2025-04-28 00:00:00+07:00,0.8299911854339149,0.8285299950456929,0.8300059775189927,0.8285299950456929,0.8465768896024611,0.0,0.0
2025-04-29 00:00:00+07:00,0.8347878751615284,0.8333052167768724,0.834858844151366,0.8237547733145133,0.8375036440660657,0.0,0.0
2025-04-30 00:00:00+07:00,0.8347878751615284,0.8428556602392315,0.8324324108351794,0.8333052167768724,0.8844349305405278,0.0,0.0
2025-05-02 00:00:00+07:00,0.8539746340719824,0.8500184928360008,0.8494174440484858,0.8476308819704111,0.857351816664996,0.0,0.0
2025-05-05 00:00:00+07:00,0.8539746340719824,0.8547937145671805,0.861549610629419,0.8476308819704111,0.8542970291881907,0.0,0.0
2025-05-06 00:00:00+07:00,0.8587713237995959,0.8547937145671805,0.861549610629419,0.8524061037015906,0.8276573350476539,0.0,0.0
2025-05-07 00:00:00+07:00,0.8611696686634026,0.85956893629836,0.8639760439456057,0.8571813254327701,0.8491515748314201,0.0,0.0
2025-05-08 00:00:00+07:00,0.8611696686634026,0.8691193797607191,0.8566967439970458,0.8476308819704111,0.8609580661651468,0.0,0.0
2025-05-09 00:00:00+07:00,0.8587713237995959,0.8547937145671805,0.861549610629419,0.8500184928360008,0.826008787568942,0.0,0.0
2025-05-14 00:00:00+07:00,0.8779580827100498,0.8786698232230782,0.8785346438427254,0.8762822123574884,0.8797817127044434,0.0,0.0
2025-05-15 00:00:00+07:00,0.8803564275738566,0.8882202666854373,0.888240377107472,0.8762822123574884,0.8617891686384381,0.0,0.0
2025-05-16 00:00:00+07:00,0.8827547724376633,0.8810574340886679,0.8858139437912853,0.8786698232230782,0.8395447444852154,0.0,0.0
2025-05-19 00:00:00+07:00,0.8803564275738566,0.8977707101477963,0.888240377107472,0.8977707101477963,0.8662681417099226,0.0,0.0
2025-05-20 00:00:00+07:00,0.9019415313481173,0.9144839862069247,0.9100782769531517,0.8953830992822066,0.8832898666154588,0.0,0.0
2025-05-21 00:00:00+07:00,0.9211282902585712,0.9192592079381043,0.9173575769017116,0.9168715970725145,0.8858729153963246,0.0,0.0
2025-05-22 00:00:00+07:00,0.9307216697137982,0.9264220405348736,0.9270633101664582,0.912096375341335,0.8625717175628559,0.0,0.0
2025-05-23 00:00:00+07:00,0.9187299453947645,0.9168715970725145,0.9246368768502715,0.9144839862069247,0.8273321472036123,0.0,0.0
2025-05-26 00:00:00+07:00,0.9115349108033443,0.912096375341335,0.9125047102693383,0.9097087644757452,0.8345521069087266,0.0,0.0
2025-05-27 00:00:00+07:00,0.9067382210757308,0.9073211536101554,0.907651843636965,0.8929954884166168,0.8578525061216644,0.0,0.0
2025-05-28 00:00:00+07:00,0.8971448416205038,0.9025459318789759,0.9027989770045918,0.8882202666854373,0.9014677083771286,0.0,0.0
2025-06-02 00:00:00+07:00,0.8563729789357891,0.8667317688951293,0.8664024772617923,0.85956893629836,0.9065969095140372,0.0,0.0
2025-06-03 00:00:00+07:00,0.8587713237995959,0.8619565471639498,0.8591231773132324,0.8547937145671805,0.8727949935889721,0.0,0.0
2025-06-04 00:00:00+07:00,0.8635680135272094,0.8619565471639498,0.8591231773132324,0.8476308819704111,0.8579252713910489,0.0,0.0
2025-06-05 00:00:00+07:00,0.8539746340719824,0.8547937145671805,0.8542703106808591,0.8428556602392315,0.8590003398621744,0.0,0.0
2025-06-10 00:00:00+07:00,0.8515762892081756,0.85956893629836,0.8591231773132324,0.85956893629836,0.8509438914706529,0.0,0.0
2025-06-11 00:00:00+07:00,0.8635680135272094,0.8619565471639498,0.868828910577979,0.8547937145671805,0.8345581332224893,0.0,0.0
2025-06-12 00:00:00+07:00,0.8539746340719824,0.8619565471639498,0.8639760439456057,0.8619565471639498,0.8198408013920873,0.0,0.0
2025-06-13 00:00:00+07:00,0.8635680135272094,0.8619565471639498,0.861549610629419,0.8524061037015906,0.8526067736458774,0.0,0.0
2025-06-16 00:00:00+07:00,0.8467795994805621,0.8500184928360008,0.8542703106808591,0.8428556602392315,0.8355322038064126,0.0,0.0
2025-06-17 00:00:00+07:00,0.8515762892081756,0.85956893629836,0.861549610629419,0.8571813254327701,0.8331293422492042,0.0,0.0
2025-06-18 00:00:00+07:00,0.8491779443443689,0.8524061037015906,0.8542703106808591,0.8404680493736417,0.8542345375243748,0.0,0.0
2025-06-19 00:00:00+07:00,0.8443812546167554,0.8428556602392315,0.8397117107837393,0.8285299950456929,0.8500476109655437,0.0,0.0
2025-06-20 00:00:00+07:00,0.8251944957063014,0.838080438508052,0.8275795442028061,0.8213671624489236,0.9310256458573983,0.0,0.0
2025-06-23 00:00:00+07:00,0.8132027713872677,0.8213671624489236,0.815447377621873,0.8142043298521543,0.854802383393861,0.0,0.0
2025-06-24 00:00:00+07:00,0.8275928405701082,0.8356928276424622,0.834858844151366,0.8285299950456929,0.8656617163106101,0.0,0.0
2025-06-25 00:00:00+07:00,0.8275928405701082,0.8285299950456929,0.8130209443056864,0.8118167189865645,0.8687019318801373,0.0,0.0
2025-06-26 00:00:00+07:00,0.8084060816596541,0.816591940717744,0.8178738109380597,0.816591940717744,0.8685907352916423,0.0,0.0
